spi_rack.module1.dac5.voltage,spi_rack.module2.dac10.voltage,agilent_left.volt,agilent_right.volt
1.2,1.2,1.24978214,1.24999098
1.2,1.1918367346938774,1.24978017,1.24999341
1.2,1.183673469387755,1.24978083,1.24999203
1.2,1.1755102040816325,1.24978375,1.24999434
1.2,1.1673469387755102,1.24978103,1.2499953
1.2,1.1591836734693877,1.24977999,1.24999315
1.2,1.1510204081632653,1.24978032,1.24999397
1.2,1.1428571428571428,1.24978027,1.24999391
1.2,1.1346938775510205,1.24978209,1.24999438
1.2,1.126530612244898,1.24978067,1.2499913
1.2,1.1183673469387754,1.24977992,1.24999197
1.2,1.110204081632653,1.24977845,1.24999446
1.2,1.1020408163265305,1.2497779,1.24999207
1.2,1.0938775510204082,1.24978138,1.24999418
1.2,1.0857142857142856,1.24978075,1.24999378
1.2,1.0775510204081633,1.24977921,1.24999453
1.2,1.0693877551020408,1.24977916,1.24999363
1.2,1.0612244897959184,1.24978226,1.24999462
1.2,1.0530612244897959,1.24978194,1.24999502
1.2,1.0448979591836736,1.24978143,1.2499916
1.2,1.036734693877551,1.24978428,1.24999304
1.2,1.0285714285714285,1.24977976,1.24999322
1.2,1.0204081632653061,1.24978087,1.24999382
1.2,1.0122448979591836,1.24978257,1.24999375
1.2,1.0040816326530613,1.24978042,1.24999337
1.2,0.9959183673469387,1.24978095,1.24999403
1.2,0.9877551020408163,1.24978083,1.24999462
1.2,0.9795918367346939,1.24978087,1.24999363
1.2,0.9714285714285714,1.24978163,1.24999363
1.2,0.963265306122449,1.24978186,1.24999328
1.2,0.9551020408163265,1.24978118,1.24999272
1.2,0.9469387755102041,1.24978012,1.2499935
1.2,0.9387755102040816,1.24978057,1.24999315
1.2,0.9306122448979592,1.2497807,1.24999356
1.2,0.9224489795918367,1.24977976,1.24999496
1.2,0.9142857142857143,1.24978229,1.24999412
1.2,0.9061224489795918,1.24978254,1.2499941
1.2,0.8979591836734694,1.24977964,1.24999324
1.2,0.889795918367347,1.24977933,1.24999328
1.2,0.8816326530612244,1.24978242,1.24999453
1.2,0.8734693877551021,1.24977944,1.24999378
1.2,0.8653061224489795,1.24978052,1.24999593
1.2,0.8571428571428572,1.24978007,1.24999453
1.2,0.8489795918367347,1.24977911,1.24999341
1.2,0.8408163265306122,1.24977979,1.24999182
1.2,0.8326530612244898,1.24978153,1.24999511
1.2,0.8244897959183674,1.24978252,1.24999091
1.2,0.8163265306122449,1.24978264,1.24999207
1.2,0.8081632653061225,1.24978143,1.24999309
1.2,0.8,1.24978151,1.24999195
1.1918367346938774,1.2,1.24978044,1.24999337
1.1918367346938774,1.1918367346938774,1.24978206,1.24999268
1.1918367346938774,1.183673469387755,1.24978135,1.24999365
1.1918367346938774,1.1755102040816325,1.24978242,1.249993
1.1918367346938774,1.1673469387755102,1.24978297,1.24999244
1.1918367346938774,1.1591836734693877,1.24978067,1.24999365
1.1918367346938774,1.1510204081632653,1.24978118,1.24999515
1.1918367346938774,1.1428571428571428,1.24978198,1.24999251
1.1918367346938774,1.1346938775510205,1.24978214,1.24999425
1.1918367346938774,1.126530612244898,1.24978317,1.24999399
1.1918367346938774,1.1183673469387754,1.24978312,1.24999335
1.1918367346938774,1.110204081632653,1.24978285,1.24999337
1.1918367346938774,1.1020408163265305,1.24977981,1.24999259
1.1918367346938774,1.0938775510204082,1.24978171,1.24999246
1.1918367346938774,1.0857142857142856,1.24978266,1.24999147
1.1918367346938774,1.0775510204081633,1.24978103,1.24999472
1.1918367346938774,1.0693877551020408,1.24978035,1.24999132
1.1918367346938774,1.0612244897959184,1.24978242,1.24999248
1.1918367346938774,1.0530612244897959,1.24978217,1.24999216
1.1918367346938774,1.0448979591836736,1.24978234,1.24999207
1.1918367346938774,1.036734693877551,1.24978151,1.24999363
1.1918367346938774,1.0285714285714285,1.24978146,1.24999201
1.1918367346938774,1.0204081632653061,1.24978083,1.24999197
1.1918367346938774,1.0122448979591836,1.2497806,1.24999418
1.1918367346938774,1.0040816326530613,1.2497813,1.24999645
1.1918367346938774,0.9959183673469387,1.24978047,1.24999335
1.1918367346938774,0.9877551020408163,1.24978012,1.24999111
1.1918367346938774,0.9795918367346939,1.24978206,1.24999272
1.1918367346938774,0.9714285714285714,1.24978305,1.24999266
1.1918367346938774,0.963265306122449,1.24977936,1.2499944
1.1918367346938774,0.9551020408163265,1.24978171,1.24999251
1.1918367346938774,0.9469387755102041,1.24978237,1.24999216
1.1918367346938774,0.9387755102040816,1.24978254,1.24999537
1.1918367346938774,0.9306122448979592,1.24978143,1.24999418
1.1918367346938774,0.9224489795918367,1.2497811,1.24999354
1.1918367346938774,0.9142857142857143,1.24977999,1.24999272
1.1918367346938774,0.9061224489795918,1.24978385,1.24999481
1.1918367346938774,0.8979591836734694,1.24978118,1.24999285
1.1918367346938774,0.889795918367347,1.24978181,1.24999126
1.1918367346938774,0.8816326530612244,1.24978063,1.24999307
1.1918367346938774,0.8734693877551021,1.2497835,1.24999285
1.1918367346938774,0.8653061224489795,1.24978158,1.24999378
1.1918367346938774,0.8571428571428572,1.24977989,1.24999391
1.1918367346938774,0.8489795918367347,1.2497811,1.24999356
1.1918367346938774,0.8408163265306122,1.24978203,1.24999391
1.1918367346938774,0.8326530612244898,1.2497804,1.24999335
1.1918367346938774,0.8244897959183674,1.24978024,1.24999322
1.1918367346938774,0.8163265306122449,1.24978224,1.24999425
1.1918367346938774,0.8081632653061225,1.24978146,1.24999298
1.1918367346938774,0.8,1.24977997,1.24999238
1.183673469387755,1.2,1.24978181,1.2499955
1.183673469387755,1.1918367346938774,1.24978325,1.24999335
1.183673469387755,1.183673469387755,1.24978126,1.24999378
1.183673469387755,1.1755102040816325,1.24978012,1.24999337
1.183673469387755,1.1673469387755102,1.24978201,1.24999322
1.183673469387755,1.1591836734693877,1.24978368,1.24999395
1.183673469387755,1.1510204081632653,1.24978209,1.2499947
1.183673469387755,1.1428571428571428,1.24978106,1.24999481
1.183673469387755,1.1346938775510205,1.24977931,1.24999399
1.183673469387755,1.126530612244898,1.2497813,1.24999341
1.183673469387755,1.1183673469387754,1.24978055,1.24999558
1.183673469387755,1.110204081632653,1.24978123,1.24999468
1.183673469387755,1.1020408163265305,1.24978146,1.24999313
1.183673469387755,1.0938775510204082,1.24978103,1.24999281
1.183673469387755,1.0857142857142856,1.2497808,1.24999369
1.183673469387755,1.0775510204081633,1.24978221,1.24999543
1.183673469387755,1.0693877551020408,1.24978464,1.24999378
1.183673469387755,1.0612244897959184,1.2497781,1.24999279
1.183673469387755,1.0530612244897959,1.24978044,1.24999481
1.183673469387755,1.0448979591836736,1.24977777,1.24999649
1.183673469387755,1.036734693877551,1.2497808,1.24999238
1.183673469387755,1.0285714285714285,1.24978126,1.24999533
1.183673469387755,1.0204081632653061,1.24978004,1.24999558
1.183673469387755,1.0122448979591836,1.24978217,1.24999287
1.183673469387755,1.0040816326530613,1.24978198,1.24999462
1.183673469387755,0.9959183673469387,1.24978317,1.2499919
1.183673469387755,0.9877551020408163,1.2497804,1.24999561
1.183673469387755,0.9795918367346939,1.24978345,1.24999391
1.183673469387755,0.9714285714285714,1.24977949,1.24999356
1.183673469387755,0.963265306122449,1.24978075,1.24999231
1.183673469387755,0.9551020408163265,1.24978007,1.24999218
1.183673469387755,0.9469387755102041,1.24978194,1.24999694
1.183673469387755,0.9387755102040816,1.24977952,1.24999285
1.183673469387755,0.9306122448979592,1.24977926,1.24999556
1.183673469387755,0.9224489795918367,1.24978047,1.24999425
1.183673469387755,0.9142857142857143,1.24978128,1.24999378
1.183673469387755,0.9061224489795918,1.24978348,1.24999294
1.183673469387755,0.8979591836734694,1.24978027,1.24999313
1.183673469387755,0.889795918367347,1.24978123,1.2499949
1.183673469387755,0.8816326530612244,1.24977995,1.24999263
1.183673469387755,0.8734693877551021,1.24977964,1.24999343
1.183673469387755,0.8653061224489795,1.24978242,1.24999279
1.183673469387755,0.8571428571428572,1.24978055,1.24999406
1.183673469387755,0.8489795918367347,1.2497809,1.24999302
1.183673469387755,0.8408163265306122,1.24977989,1.24999369
1.183673469387755,0.8326530612244898,1.24978138,1.24999319
1.183673469387755,0.8244897959183674,1.24978108,1.24999363
1.183673469387755,0.8163265306122449,1.24978237,1.24999313
1.183673469387755,0.8081632653061225,1.24978211,1.24999518
1.183673469387755,0.8,1.24978095,1.24999347
1.1755102040816325,1.2,1.24978219,1.24999397
1.1755102040816325,1.1918367346938774,1.2497806,1.24999294
1.1755102040816325,1.183673469387755,1.24978032,1.24999524
1.1755102040816325,1.1755102040816325,1.24978272,1.24999434
1.1755102040816325,1.1673469387755102,1.24978103,1.24999391
1.1755102040816325,1.1591836734693877,1.24977964,1.24999462
1.1755102040816325,1.1510204081632653,1.24978416,1.24999257
1.1755102040816325,1.1428571428571428,1.24977979,1.24999291
1.1755102040816325,1.1346938775510205,1.2497804,1.24999216
1.1755102040816325,1.126530612244898,1.24977992,1.24999287
1.1755102040816325,1.1183673469387754,1.24978246,1.24999203
1.1755102040816325,1.110204081632653,1.24977984,1.24999335
1.1755102040816325,1.1020408163265305,1.24978171,1.24999388
1.1755102040816325,1.0938775510204082,1.24977987,1.24999356
1.1755102040816325,1.0857142857142856,1.24978027,1.24999096
1.1755102040816325,1.0775510204081633,1.24978138,1.24999192
1.1755102040816325,1.0693877551020408,1.24978064,1.24999425
1.1755102040816325,1.0612244897959184,1.24978055,1.24999518
1.1755102040816325,1.0530612244897959,1.24978285,1.24999483
1.1755102040816325,1.0448979591836736,1.24978158,1.24999319
1.1755102040816325,1.036734693877551,1.24978027,1.24999375
1.1755102040816325,1.0285714285714285,1.2497813,1.24999319
1.1755102040816325,1.0204081632653061,1.24978166,1.24999126
1.1755102040816325,1.0122448979591836,1.24978042,1.24999371
1.1755102040816325,1.0040816326530613,1.24978239,1.24999509
1.1755102040816325,0.9959183673469387,1.24978067,1.2499927
1.1755102040816325,0.9877551020408163,1.24978055,1.24999406
1.1755102040816325,0.9795918367346939,1.2497804,1.24999397
1.1755102040816325,0.9714285714285714,1.24978032,1.24999371
1.1755102040816325,0.963265306122449,1.24977929,1.24999014
1.1755102040816325,0.9551020408163265,1.2497804,1.2499944
1.1755102040816325,0.9469387755102041,1.24978302,1.24999246
1.1755102040816325,0.9387755102040816,1.2497806,1.24999363
1.1755102040816325,0.9306122448979592,1.24978075,1.24999391
1.1755102040816325,0.9224489795918367,1.24977845,1.24999487
1.1755102040816325,0.9142857142857143,1.24977916,1.24999363
1.1755102040816325,0.9061224489795918,1.24978262,1.24999406
1.1755102040816325,0.8979591836734694,1.24978146,1.24999195
1.1755102040816325,0.889795918367347,1.24977893,1.24999235
1.1755102040816325,0.8816326530612244,1.24978004,1.24999393
1.1755102040816325,0.8734693877551021,1.24977999,1.24999369
1.1755102040816325,0.8653061224489795,1.24978128,1.24999341
1.1755102040816325,0.8571428571428572,1.24978012,1.24999164
1.1755102040816325,0.8489795918367347,1.2497809,1.24999259
1.1755102040816325,0.8408163265306122,1.24978305,1.24999229
1.1755102040816325,0.8326530612244898,1.24978035,1.24999307
1.1755102040816325,0.8244897959183674,1.24978254,1.24999279
1.1755102040816325,0.8163265306122449,1.24978075,1.24999195
1.1755102040816325,0.8081632653061225,1.2497807,1.24999294
1.1755102040816325,0.8,1.24978019,1.24999352
1.1673469387755102,1.2,1.24977964,1.24999298
1.1673469387755102,1.1918367346938774,1.24977956,1.24999328
1.1673469387755102,1.183673469387755,1.24978012,1.2499922
1.1673469387755102,1.1755102040816325,1.24978128,1.24999186
1.1673469387755102,1.1673469387755102,1.24978078,1.24999048
1.1673469387755102,1.1591836734693877,1.24977956,1.24999356
1.1673469387755102,1.1510204081632653,1.24978249,1.24999167
1.1673469387755102,1.1428571428571428,1.24978138,1.24999524
1.1673469387755102,1.1346938775510205,1.24978151,1.24999341
1.1673469387755102,1.126530612244898,1.24977845,1.24999446
1.1673469387755102,1.1183673469387754,1.24978328,1.24999175
1.1673469387755102,1.110204081632653,1.2497811,1.24999354
1.1673469387755102,1.1020408163265305,1.2497809,1.24999188
1.1673469387755102,1.0938775510204082,1.24978027,1.24999263
1.1673469387755102,1.0857142857142856,1.24978055,1.24999272
1.1673469387755102,1.0775510204081633,1.24978055,1.2499919
1.1673469387755102,1.0693877551020408,1.24978019,1.24999285
1.1673469387755102,1.0612244897959184,1.24978067,1.24999393
1.1673469387755102,1.0530612244897959,1.24978151,1.24999235
1.1673469387755102,1.0448979591836736,1.24978095,1.24999188
1.1673469387755102,1.036734693877551,1.24978126,1.24999365
1.1673469387755102,1.0285714285714285,1.24978055,1.24999481
1.1673469387755102,1.0204081632653061,1.24978151,1.24999147
1.1673469387755102,1.0122448979591836,1.24978257,1.24999145
1.1673469387755102,1.0040816326530613,1.24977999,1.24999593
1.1673469387755102,0.9959183673469387,1.24978166,1.24999369
1.1673469387755102,0.9877551020408163,1.24978198,1.24999369
1.1673469387755102,0.9795918367346939,1.24978214,1.24999341
1.1673469387755102,0.9714285714285714,1.24978353,1.24999509
1.1673469387755102,0.963265306122449,1.24977901,1.24999343
1.1673469387755102,0.9551020408163265,1.24977987,1.24999315
1.1673469387755102,0.9469387755102041,1.24978138,1.24999313
1.1673469387755102,0.9387755102040816,1.24978004,1.24999085
1.1673469387755102,0.9306122448979592,1.24978004,1.24999214
1.1673469387755102,0.9224489795918367,1.24978012,1.24999223
1.1673469387755102,0.9142857142857143,1.24978044,1.24999279
1.1673469387755102,0.9061224489795918,1.24978151,1.24999604
1.1673469387755102,0.8979591836734694,1.24978012,1.24999343
1.1673469387755102,0.889795918367347,1.24978158,1.24999391
1.1673469387755102,0.8816326530612244,1.24977964,1.2499935
1.1673469387755102,0.8734693877551021,1.24978353,1.24999328
1.1673469387755102,0.8653061224489795,1.24978052,1.24999319
1.1673469387755102,0.8571428571428572,1.24978345,1.24999302
1.1673469387755102,0.8489795918367347,1.24978095,1.2499927
1.1673469387755102,0.8408163265306122,1.2497812,1.24999104
1.1673469387755102,0.8326530612244898,1.24978126,1.24999063
1.1673469387755102,0.8244897959183674,1.2497783,1.24999147
1.1673469387755102,0.8163265306122449,1.24977848,1.24999335
1.1673469387755102,0.8081632653061225,1.24977865,1.24999117
1.1673469387755102,0.8,1.24978219,1.24999477
1.1591836734693877,1.2,1.24978277,1.24999253
1.1591836734693877,1.1918367346938774,1.24978015,1.24999147
1.1591836734693877,1.183673469387755,1.249781,1.24999145
1.1591836734693877,1.1755102040816325,1.24978214,1.24999459
1.1591836734693877,1.1673469387755102,1.24977908,1.24999328
1.1591836734693877,1.1591836734693877,1.24977972,1.24999571
1.1591836734693877,1.1510204081632653,1.24978221,1.24999365
1.1591836734693877,1.1428571428571428,1.24978257,1.24999283
1.1591836734693877,1.1346938775510205,1.2497811,1.24999369
1.1591836734693877,1.126530612244898,1.24978302,1.24999352
1.1591836734693877,1.1183673469387754,1.24978126,1.24999363
1.1591836734693877,1.110204081632653,1.24978052,1.24999384
1.1591836734693877,1.1020408163265305,1.24978055,1.24999356
1.1591836734693877,1.0938775510204082,1.24977929,1.24999382
1.1591836734693877,1.0857142857142856,1.24978138,1.24999455
1.1591836734693877,1.0775510204081633,1.24978032,1.24999543
1.1591836734693877,1.0693877551020408,1.24978123,1.24999363
1.1591836734693877,1.0612244897959184,1.24977987,1.24999341
1.1591836734693877,1.0530612244897959,1.2497808,1.24999455
1.1591836734693877,1.0448979591836736,1.24977992,1.24999375
1.1591836734693877,1.036734693877551,1.24978012,1.24999427
1.1591836734693877,1.0285714285714285,1.24978178,1.24999455
1.1591836734693877,1.0204081632653061,1.24978067,1.24999459
1.1591836734693877,1.0122448979591836,1.24978178,1.24999496
1.1591836734693877,1.0040816326530613,1.24978257,1.24999421
1.1591836734693877,0.9959183673469387,1.24978194,1.24999468
1.1591836734693877,0.9877551020408163,1.24978032,1.24999571
1.1591836734693877,0.9795918367346939,1.24978019,1.24999397
1.1591836734693877,0.9714285714285714,1.24978206,1.24999375
1.1591836734693877,0.963265306122449,1.24978103,1.2499916
1.1591836734693877,0.9551020408163265,1.24978007,1.24999139
1.1591836734693877,0.9469387755102041,1.24978037,1.24999561
1.1591836734693877,0.9387755102040816,1.24978063,1.24999343
1.1591836734693877,0.9306122448979592,1.24978332,1.24999259
1.1591836734693877,0.9224489795918367,1.24978055,1.24999524
1.1591836734693877,0.9142857142857143,1.24978166,1.24999251
1.1591836734693877,0.9061224489795918,1.24978201,1.24999341
1.1591836734693877,0.8979591836734694,1.2497811,1.24999375
1.1591836734693877,0.889795918367347,1.24978194,1.24999418
1.1591836734693877,0.8816326530612244,1.24978075,1.24999425
1.1591836734693877,0.8734693877551021,1.24978183,1.24999511
1.1591836734693877,0.8653061224489795,1.24978126,1.24999399
1.1591836734693877,0.8571428571428572,1.24977924,1.24999565
1.1591836734693877,0.8489795918367347,1.24978143,1.24999253
1.1591836734693877,0.8408163265306122,1.24978174,1.2499941
1.1591836734693877,0.8326530612244898,1.24978226,1.24999328
1.1591836734693877,0.8244897959183674,1.24978075,1.24999356
1.1591836734693877,0.8163265306122449,1.24978388,1.24999287
1.1591836734693877,0.8081632653061225,1.24978186,1.24999375
1.1591836734693877,0.8,1.24977949,1.24999546
1.1510204081632653,1.2,1.2497808,1.24999524
1.1510204081632653,1.1918367346938774,1.24978138,1.24999371
1.1510204081632653,1.183673469387755,1.24978075,1.24999201
1.1510204081632653,1.1755102040816325,1.24977992,1.24999322
1.1510204081632653,1.1673469387755102,1.24978317,1.24999397
1.1510204081632653,1.1591836734693877,1.24978186,1.249993
1.1510204081632653,1.1510204081632653,1.24978128,1.24999076
1.1510204081632653,1.1428571428571428,1.24978141,1.24999515
1.1510204081632653,1.1346938775510205,1.24978035,1.249993
1.1510204081632653,1.126530612244898,1.24977861,1.24999589
1.1510204081632653,1.1183673469387754,1.24978186,1.24999203
1.1510204081632653,1.110204081632653,1.24978103,1.24999279
1.1510204081632653,1.1020408163265305,1.24977976,1.24999307
1.1510204081632653,1.0938775510204082,1.24978206,1.24999307
1.1510204081632653,1.0857142857142856,1.24978285,1.24999238
1.1510204081632653,1.0775510204081633,1.24978277,1.24999328
1.1510204081632653,1.0693877551020408,1.2497806,1.24999203
1.1510204081632653,1.0612244897959184,1.24978297,1.2499916
1.1510204081632653,1.0530612244897959,1.24978055,1.24999418
1.1510204081632653,1.0448979591836736,1.24977956,1.24999294
1.1510204081632653,1.036734693877551,1.24978345,1.24999096
1.1510204081632653,1.0285714285714285,1.24978191,1.24999139
1.1510204081632653,1.0204081632653061,1.2497834,1.24999496
1.1510204081632653,1.0122448979591836,1.24978264,1.24999141
1.1510204081632653,1.0040816326530613,1.24977974,1.24999384
1.1510204081632653,0.9959183673469387,1.24977952,1.24999266
1.1510204081632653,0.9877551020408163,1.24978217,1.24999192
1.1510204081632653,0.9795918367346939,1.24978214,1.24999319
1.1510204081632653,0.9714285714285714,1.24978206,1.24999223
1.1510204081632653,0.963265306122449,1.24978368,1.24999257
1.1510204081632653,0.9551020408163265,1.24978244,1.24999477
1.1510204081632653,0.9469387755102041,1.24977884,1.2499916
1.1510204081632653,0.9387755102040816,1.24977941,1.24999481
1.1510204081632653,0.9306122448979592,1.2497833,1.24999179
1.1510204081632653,0.9224489795918367,1.24977949,1.2499944
1.1510204081632653,0.9142857142857143,1.24978464,1.24999347
1.1510204081632653,0.9061224489795918,1.24978128,1.24999378
1.1510204081632653,0.8979591836734694,1.24977936,1.24999335
1.1510204081632653,0.889795918367347,1.24978194,1.24999307
1.1510204081632653,0.8816326530612244,1.24978064,1.24999046
1.1510204081632653,0.8734693877551021,1.24978055,1.24999505
1.1510204081632653,0.8653061224489795,1.24978017,1.24999266
1.1510204081632653,0.8571428571428572,1.24978146,1.2499947
1.1510204081632653,0.8489795918367347,1.24977845,1.24999251
1.1510204081632653,0.8408163265306122,1.24978067,1.24999251
1.1510204081632653,0.8326530612244898,1.24978143,1.24999462
1.1510204081632653,0.8244897959183674,1.24977979,1.24999363
1.1510204081632653,0.8163265306122449,1.24977858,1.24999083
1.1510204081632653,0.8081632653061225,1.24977997,1.2499919
1.1510204081632653,0.8,1.24978019,1.24999235
1.1428571428571428,1.2,1.24977953,1.24999169
1.1428571428571428,1.1918367346938774,1.24977941,1.24999449
1.1428571428571428,1.183673469387755,1.24978095,1.24999175
1.1428571428571428,1.1755102040816325,1.24978178,1.24999186
1.1428571428571428,1.1673469387755102,1.24978539,1.24999315
1.1428571428571428,1.1591836734693877,1.24978174,1.24999418
1.1428571428571428,1.1510204081632653,1.24978138,1.24999279
1.1428571428571428,1.1428571428571428,1.24978098,1.24999207
1.1428571428571428,1.1346938775510205,1.2497809,1.24999418
1.1428571428571428,1.126530612244898,1.24978108,1.24999147
1.1428571428571428,1.1183673469387754,1.24978178,1.24999481
1.1428571428571428,1.110204081632653,1.24978226,1.24999337
1.1428571428571428,1.1020408163265305,1.24978302,1.24999397
1.1428571428571428,1.0938775510204082,1.24978042,1.24999145
1.1428571428571428,1.0857142857142856,1.24978126,1.24999263
1.1428571428571428,1.0775510204081633,1.24978103,1.24999477
1.1428571428571428,1.0693877551020408,1.24977956,1.2499922
1.1428571428571428,1.0612244897959184,1.2497835,1.24999294
1.1428571428571428,1.0530612244897959,1.24978092,1.24999363
1.1428571428571428,1.0448979591836736,1.2497808,1.24999141
1.1428571428571428,1.036734693877551,1.24978019,1.24999279
1.1428571428571428,1.0285714285714285,1.2497813,1.24999459
1.1428571428571428,1.0204081632653061,1.24978348,1.24999356
1.1428571428571428,1.0122448979591836,1.24978146,1.24999231
1.1428571428571428,1.0040816326530613,1.24978337,1.24999375
1.1428571428571428,0.9959183673469387,1.24978289,1.24999418
1.1428571428571428,0.9877551020408163,1.24978373,1.24999201
1.1428571428571428,0.9795918367346939,1.24978007,1.24999384
1.1428571428571428,0.9714285714285714,1.2497811,1.24999474
1.1428571428571428,0.963265306122449,1.24978047,1.24999481
1.1428571428571428,0.9551020408163265,1.24977929,1.24999246
1.1428571428571428,0.9469387755102041,1.24978138,1.24999462
1.1428571428571428,0.9387755102040816,1.24977944,1.2499935
1.1428571428571428,0.9306122448979592,1.2497787,1.24999397
1.1428571428571428,0.9224489795918367,1.24978282,1.24999218
1.1428571428571428,0.9142857142857143,1.24977964,1.2499935
1.1428571428571428,0.9061224489795918,1.24978229,1.24999214
1.1428571428571428,0.8979591836734694,1.24977969,1.2499935
1.1428571428571428,0.889795918367347,1.24978368,1.24999418
1.1428571428571428,0.8816326530612244,1.24977926,1.24999453
1.1428571428571428,0.8734693877551021,1.2497814,1.2499921
1.1428571428571428,0.8653061224489795,1.24978004,1.24999451
1.1428571428571428,0.8571428571428572,1.24978249,1.2499921
1.1428571428571428,0.8489795918367347,1.24978332,1.24999173
1.1428571428571428,0.8408163265306122,1.24978004,1.24999285
1.1428571428571428,0.8326530612244898,1.24978282,1.24999195
1.1428571428571428,0.8244897959183674,1.24977858,1.24999328
1.1428571428571428,0.8163265306122449,1.24977992,1.2499916
1.1428571428571428,0.8081632653061225,1.24977873,1.24999238
1.1428571428571428,0.8,1.24978126,1.24999341
1.1346938775510205,1.2,1.24978231,1.24999481
1.1346938775510205,1.1918367346938774,1.24978239,1.24999328
1.1346938775510205,1.183673469387755,1.24977944,1.24999375
1.1346938775510205,1.1755102040816325,1.24978201,1.24999356
1.1346938775510205,1.1673469387755102,1.24977949,1.24999177
1.1346938775510205,1.1591836734693877,1.24977904,1.24999347
1.1346938775510205,1.1510204081632653,1.24978012,1.24999442
1.1346938775510205,1.1428571428571428,1.24978024,1.24999251
1.1346938775510205,1.1346938775510205,1.24977921,1.24999291
1.1346938775510205,1.126530612244898,1.24978123,1.24999231
1.1346938775510205,1.1183673469387754,1.24978015,1.24999515
1.1346938775510205,1.110204081632653,1.24978019,1.24999328
1.1346938775510205,1.1020408163265305,1.24978294,1.24999343
1.1346938775510205,1.0938775510204082,1.24978078,1.24999307
1.1346938775510205,1.0857142857142856,1.24978064,1.24999453
1.1346938775510205,1.0775510204081633,1.24977924,1.24999418
1.1346938775510205,1.0693877551020408,1.24977636,1.24999119
1.1346938775510205,1.0612244897959184,1.24978103,1.24999313
1.1346938775510205,1.0530612244897959,1.24978042,1.24999175
1.1346938775510205,1.0448979591836736,1.24978143,1.24999455
1.1346938775510205,1.036734693877551,1.24978231,1.24999218
1.1346938775510205,1.0285714285714285,1.24977777,1.24999167
1.1346938775510205,1.0204081632653061,1.24977964,1.24999257
1.1346938775510205,1.0122448979591836,1.24978221,1.24999279
1.1346938775510205,1.0040816326530613,1.24977845,1.24999242
1.1346938775510205,0.9959183673469387,1.24978174,1.24999412
1.1346938775510205,0.9877551020408163,1.24978083,1.24999453
1.1346938775510205,0.9795918367346939,1.24977992,1.24999391
1.1346938775510205,0.9714285714285714,1.24977936,1.24999068
1.1346938775510205,0.963265306122449,1.24978004,1.24999207
1.1346938775510205,0.9551020408163265,1.24978083,1.24999319
1.1346938775510205,0.9469387755102041,1.24978186,1.24999203
1.1346938775510205,0.9387755102040816,1.2497811,1.24999231
1.1346938775510205,0.9306122448979592,1.2497833,1.2499949
1.1346938775510205,0.9224489795918367,1.24977881,1.24999281
1.1346938775510205,0.9142857142857143,1.24978095,1.24999231
1.1346938775510205,0.9061224489795918,1.24978009,1.24999261
1.1346938775510205,0.8979591836734694,1.24978083,1.24999356
1.1346938775510205,0.889795918367347,1.24978017,1.24999436
1.1346938775510205,0.8816326530612244,1.24977893,1.24999356
1.1346938775510205,0.8734693877551021,1.24977976,1.24999453
1.1346938775510205,0.8653061224489795,1.24977818,1.24999369
1.1346938775510205,0.8571428571428572,1.24977944,1.24999328
1.1346938775510205,0.8489795918367347,1.24978019,1.24999552
1.1346938775510205,0.8408163265306122,1.24977908,1.24999328
1.1346938775510205,0.8326530612244898,1.24977944,1.24999214
1.1346938775510205,0.8244897959183674,1.24978269,1.24999304
1.1346938775510205,0.8163265306122449,1.24978103,1.2499953
1.1346938775510205,0.8081632653061225,1.24978163,1.24999337
1.1346938775510205,0.8,1.24978272,1.24999453
1.126530612244898,1.2,1.2497811,1.24999307
1.126530612244898,1.1918367346938774,1.24977969,1.24999266
1.126530612244898,1.183673469387755,1.2497804,1.24999363
1.126530612244898,1.1755102040816325,1.24978166,1.24999104
1.126530612244898,1.1673469387755102,1.24978067,1.24999229
1.126530612244898,1.1591836734693877,1.24977944,1.24999322
1.126530612244898,1.1510204081632653,1.24978012,1.24999294
1.126530612244898,1.1428571428571428,1.2497777,1.24999498
1.126530612244898,1.1346938775510205,1.24978138,1.24999425
1.126530612244898,1.126530612244898,1.24977936,1.24999406
1.126530612244898,1.1183673469387754,1.24978095,1.249995
1.126530612244898,1.110204081632653,1.24978019,1.24999212
1.126530612244898,1.1020408163265305,1.24978231,1.24999393
1.126530612244898,1.0938775510204082,1.24978032,1.24999586
1.126530612244898,1.0857142857142856,1.24978065,1.2499927
1.126530612244898,1.0775510204081633,1.24977931,1.24999257
1.126530612244898,1.0693877551020408,1.24978155,1.24999089
1.126530612244898,1.0612244897959184,1.24978269,1.24999201
1.126530612244898,1.0530612244897959,1.24977967,1.24999343
1.126530612244898,1.0448979591836736,1.24977904,1.24999242
1.126530612244898,1.036734693877551,1.24978095,1.249993
1.126530612244898,1.0285714285714285,1.24977919,1.24999307
1.126530612244898,1.0204081632653061,1.24978032,1.24999347
1.126530612244898,1.0122448979591836,1.24978289,1.24999397
1.126530612244898,1.0040816326530613,1.24978047,1.24999272
1.126530612244898,0.9959183673469387,1.24978123,1.24999354
1.126530612244898,0.9877551020408163,1.24977944,1.24999384
1.126530612244898,0.9795918367346939,1.24978166,1.24999266
1.126530612244898,0.9714285714285714,1.24978353,1.24999272
1.126530612244898,0.963265306122449,1.24978019,1.24999182
1.126530612244898,0.9551020408163265,1.24977994,1.24999173
1.126530612244898,0.9469387755102041,1.24978024,1.24999259
1.126530612244898,0.9387755102040816,1.24978095,1.24999291
1.126530612244898,0.9306122448979592,1.24977956,1.2499955
1.126530612244898,0.9224489795918367,1.24978214,1.24999214
1.126530612244898,0.9142857142857143,1.24978072,1.2499944
1.126530612244898,0.9061224489795918,1.24978103,1.24999046
1.126530612244898,0.8979591836734694,1.24977964,1.24999203
1.126530612244898,0.889795918367347,1.24978178,1.24999363
1.126530612244898,0.8816326530612244,1.24978123,1.24999356
1.126530612244898,0.8734693877551021,1.24977979,1.24999384
1.126530612244898,0.8653061224489795,1.2497812,1.24999322
1.126530612244898,0.8571428571428572,1.24978174,1.24999397
1.126530612244898,0.8489795918367347,1.24977861,1.24999474
1.126530612244898,0.8408163265306122,1.24978196,1.24999418
1.126530612244898,0.8326530612244898,1.24978047,1.24999455
1.126530612244898,0.8244897959183674,1.24977961,1.24999266
1.126530612244898,0.8163265306122449,1.24977873,1.24999169
1.126530612244898,0.8081632653061225,1.2497804,1.24999235
1.126530612244898,0.8,1.24978135,1.24999406
1.1183673469387754,1.2,1.2497804,1.2499958
1.1183673469387754,1.1918367346938774,1.24978143,1.24999091
1.1183673469387754,1.183673469387755,1.24977949,1.24999337
1.1183673469387754,1.1755102040816325,1.24978183,1.24999117
1.1183673469387754,1.1673469387755102,1.24978151,1.24999259
1.1183673469387754,1.1591836734693877,1.24978239,1.24999139
1.1183673469387754,1.1510204081632653,1.24978249,1.24999319
1.1183673469387754,1.1428571428571428,1.24977896,1.24999307
1.1183673469387754,1.1346938775510205,1.24978032,1.24999179
1.1183673469387754,1.126530612244898,1.24977972,1.24999229
1.1183673469387754,1.1183673469387754,1.24978083,1.24999313
1.1183673469387754,1.110204081632653,1.24978214,1.24999487
1.1183673469387754,1.1020408163265305,1.24978274,1.24998977
1.1183673469387754,1.0938775510204082,1.24978141,1.24999223
1.1183673469387754,1.0857142857142856,1.24978249,1.24999263
1.1183673469387754,1.0775510204081633,1.249781,1.24999307
1.1183673469387754,1.0693877551020408,1.24978133,1.24999029
1.1183673469387754,1.0612244897959184,1.24978214,1.24999266
1.1183673469387754,1.0530612244897959,1.24977901,1.24999178
1.1183673469387754,1.0448979591836736,1.24978044,1.24999472
1.1183673469387754,1.036734693877551,1.24978254,1.2499958
1.1183673469387754,1.0285714285714285,1.24978163,1.24999322
1.1183673469387754,1.0204081632653061,1.24977984,1.24999188
1.1183673469387754,1.0122448979591836,1.2497803,1.24999197
1.1183673469387754,1.0040816326530613,1.24978148,1.24999328
1.1183673469387754,0.9959183673469387,1.24977984,1.2499905
1.1183673469387754,0.9877551020408163,1.24978166,1.24999229
1.1183673469387754,0.9795918367346939,1.24977845,1.24999313
1.1183673469387754,0.9714285714285714,1.2497811,1.24999251
1.1183673469387754,0.963265306122449,1.24978206,1.24999466
1.1183673469387754,0.9551020408163265,1.24978166,1.24999231
1.1183673469387754,0.9469387755102041,1.24978095,1.24999319
1.1183673469387754,0.9387755102040816,1.24978221,1.24999276
1.1183673469387754,0.9306122448979592,1.24978143,1.249993
1.1183673469387754,0.9224489795918367,1.24978325,1.24999356
1.1183673469387754,0.9142857142857143,1.24977939,1.24999216
1.1183673469387754,0.9061224489795918,1.24978083,1.24999251
1.1183673469387754,0.8979591836734694,1.24978289,1.2499921
1.1183673469387754,0.889795918367347,1.24978012,1.24999574
1.1183673469387754,0.8816326530612244,1.24978309,1.24999263
1.1183673469387754,0.8734693877551021,1.24978012,1.24999315
1.1183673469387754,0.8653061224489795,1.24977989,1.24999365
1.1183673469387754,0.8571428571428572,1.24978168,1.24999328
1.1183673469387754,0.8489795918367347,1.24978103,1.2499927
1.1183673469387754,0.8408163265306122,1.24977956,1.24999203
1.1183673469387754,0.8326530612244898,1.24978012,1.24999363
1.1183673469387754,0.8244897959183674,1.24978067,1.24999431
1.1183673469387754,0.8163265306122449,1.24978108,1.2499949
1.1183673469387754,0.8081632653061225,1.24978217,1.24999294
1.1183673469387754,0.8,1.249778,1.24999102
1.110204081632653,1.2,1.24978004,1.24999397
1.110204081632653,1.1918367346938774,1.2497806,1.24999496
1.110204081632653,1.183673469387755,1.24977984,1.2499944
1.110204081632653,1.1755102040816325,1.24978083,1.24999195
1.110204081632653,1.1673469387755102,1.24978055,1.24999139
1.110204081632653,1.1591836734693877,1.24978151,1.24999294
1.110204081632653,1.1510204081632653,1.24978416,1.24999375
1.110204081632653,1.1428571428571428,1.24978032,1.2499921
1.110204081632653,1.1346938775510205,1.2497807,1.24999406
1.110204081632653,1.126530612244898,1.24978087,1.24999123
1.110204081632653,1.1183673469387754,1.24978148,1.24999315
1.110204081632653,1.110204081632653,1.24978052,1.24999139
1.110204081632653,1.1020408163265305,1.24978118,1.24999294
1.110204081632653,1.0938775510204082,1.24978019,1.24999119
1.110204081632653,1.0857142857142856,1.24978128,1.24999119
1.110204081632653,1.0775510204081633,1.24978183,1.24999063
1.110204081632653,1.0693877551020408,1.24978285,1.24999231
1.110204081632653,1.0612244897959184,1.24977699,1.2499944
1.110204081632653,1.0530612244897959,1.24978166,1.24999229
1.110204081632653,1.0448979591836736,1.24977959,1.24999382
1.110204081632653,1.036734693877551,1.24977956,1.24999154
1.110204081632653,1.0285714285714285,1.24978237,1.24999363
1.110204081632653,1.0204081632653061,1.24978067,1.24999242
1.110204081632653,1.0122448979591836,1.24978229,1.2499949
1.110204081632653,1.0040816326530613,1.24978254,1.24999431
1.110204081632653,0.9959183673469387,1.24978128,1.24999279
1.110204081632653,0.9877551020408163,1.24978337,1.24999195
1.110204081632653,0.9795918367346939,1.24978024,1.24999533
1.110204081632653,0.9714285714285714,1.24978085,1.2499936
1.110204081632653,0.963265306122449,1.24978027,1.24999466
1.110204081632653,0.9551020408163265,1.24977997,1.24999216
1.110204081632653,0.9469387755102041,1.24978194,1.24999386
1.110204081632653,0.9387755102040816,1.24977911,1.24999311
1.110204081632653,0.9306122448979592,1.2497805,1.24998984
1.110204081632653,0.9224489795918367,1.24978143,1.24999201
1.110204081632653,0.9142857142857143,1.2497833,1.24999574
1.110204081632653,0.9061224489795918,1.24977881,1.24999244
1.110204081632653,0.8979591836734694,1.24978138,1.24999061
1.110204081632653,0.889795918367347,1.24978194,1.24999167
1.110204081632653,0.8816326530612244,1.24978095,1.2499896
1.110204081632653,0.8734693877551021,1.24977858,1.249993
1.110204081632653,0.8653061224489795,1.2497804,1.24999253
1.110204081632653,0.8571428571428572,1.24978151,1.24999201
1.110204081632653,0.8489795918367347,1.24978115,1.24999096
1.110204081632653,0.8408163265306122,1.24978052,1.2499893
1.110204081632653,0.8326530612244898,1.24978277,1.24999182
1.110204081632653,0.8244897959183674,1.24977941,1.2499921
1.110204081632653,0.8163265306122449,1.24977936,1.24999132
1.110204081632653,0.8081632653061225,1.24978269,1.24999167
1.110204081632653,0.8,1.24978132,1.24999214
1.1020408163265305,1.2,1.24978087,1.24999279
1.1020408163265305,1.1918367346938774,1.24977936,1.24999048
1.1020408163265305,1.183673469387755,1.24977987,1.24999369
1.1020408163265305,1.1755102040816325,1.24978067,1.24999111
1.1020408163265305,1.1673469387755102,1.24977818,1.2499905
1.1020408163265305,1.1591836734693877,1.24978209,1.24999132
1.1020408163265305,1.1510204081632653,1.24977593,1.24999216
1.1020408163265305,1.1428571428571428,1.24977956,1.24999238
1.1020408163265305,1.1346938775510205,1.24978032,1.24999057
1.1020408163265305,1.126530612244898,1.24977904,1.24999472
1.1020408163265305,1.1183673469387754,1.24978095,1.24999363
1.1020408163265305,1.110204081632653,1.24978024,1.24999283
1.1020408163265305,1.1020408163265305,1.24977964,1.2499904
1.1020408163265305,1.0938775510204082,1.24978095,1.24999171
1.1020408163265305,1.0857142857142856,1.24978007,1.24998943
1.1020408163265305,1.0775510204081633,1.24978087,1.24999111
1.1020408163265305,1.0693877551020408,1.24978007,1.24999132
1.1020408163265305,1.0612244897959184,1.24977931,1.24999158
1.1020408163265305,1.0530612244897959,1.24978047,1.24999341
1.1020408163265305,1.0448979591836736,1.24977997,1.24999111
1.1020408163265305,1.036734693877551,1.24978171,1.24999098
1.1020408163265305,1.0285714285714285,1.24977878,1.24999223
1.1020408163265305,1.0204081632653061,1.24977984,1.24999358
1.1020408163265305,1.0122448979591836,1.24978012,1.24999416
1.1020408163265305,1.0040816326530613,1.24977833,1.24999552
1.1020408163265305,0.9959183673469387,1.24978063,1.24999434
1.1020408163265305,0.9877551020408163,1.24978126,1.24999509
1.1020408163265305,0.9795918367346939,1.24977941,1.24999167
1.1020408163265305,0.9714285714285714,1.24977999,1.24999391
1.1020408163265305,0.963265306122449,1.24978194,1.24999356
1.1020408163265305,0.9551020408163265,1.2497806,1.24999246
1.1020408163265305,0.9469387755102041,1.24977913,1.24999083
1.1020408163265305,0.9387755102040816,1.24977904,1.24999251
1.1020408163265305,0.9306122448979592,1.24978078,1.24999444
1.1020408163265305,0.9224489795918367,1.2497811,1.24999175
1.1020408163265305,0.9142857142857143,1.2497811,1.24999098
1.1020408163265305,0.9061224489795918,1.24977949,1.24999294
1.1020408163265305,0.8979591836734694,1.24978158,1.24999244
1.1020408163265305,0.889795918367347,1.24978254,1.2499924
1.1020408163265305,0.8816326530612244,1.24978106,1.24999322
1.1020408163265305,0.8734693877551021,1.24977916,1.24999279
1.1020408163265305,0.8653061224489795,1.24978171,1.24999005
1.1020408163265305,0.8571428571428572,1.24978171,1.24999147
1.1020408163265305,0.8489795918367347,1.24977901,1.24999231
1.1020408163265305,0.8408163265306122,1.24978194,1.24999089
1.1020408163265305,0.8326530612244898,1.24978063,1.24999238
1.1020408163265305,0.8244897959183674,1.2497807,1.24999188
1.1020408163265305,0.8163265306122449,1.24977992,1.24999287
1.1020408163265305,0.8081632653061225,1.2497777,1.24999175
1.1020408163265305,0.8,1.24978305,1.24999231
1.0938775510204082,1.2,1.24977815,1.24999195
1.0938775510204082,1.1918367346938774,1.24978007,1.24999238
1.0938775510204082,1.183673469387755,1.24978197,1.24999201
1.0938775510204082,1.1755102040816325,1.24978047,1.24999175
1.0938775510204082,1.1673469387755102,1.24977924,1.24999294
1.0938775510204082,1.1591836734693877,1.24977936,1.2499927
1.0938775510204082,1.1510204081632653,1.24978262,1.249993
1.0938775510204082,1.1428571428571428,1.24978138,1.2499958
1.0938775510204082,1.1346938775510205,1.24977908,1.24999197
1.0938775510204082,1.126530612244898,1.2497806,1.24999203
1.0938775510204082,1.1183673469387754,1.2497783,1.24999397
1.0938775510204082,1.110204081632653,1.24977845,1.24999279
1.0938775510204082,1.1020408163265305,1.24978019,1.24999294
1.0938775510204082,1.0938775510204082,1.24978262,1.24999141
1.0938775510204082,1.0857142857142856,1.2497813,1.24999145
1.0938775510204082,1.0775510204081633,1.24977643,1.24999281
1.0938775510204082,1.0693877551020408,1.24978194,1.24999412
1.0938775510204082,1.0612244897959184,1.24977881,1.24999518
1.0938775510204082,1.0530612244897959,1.24977972,1.24999307
1.0938775510204082,1.0448979591836736,1.2497807,1.24999356
1.0938775510204082,1.036734693877551,1.24978464,1.24999406
1.0938775510204082,1.0285714285714285,1.24978151,1.24999207
1.0938775510204082,1.0204081632653061,1.24977782,1.24999175
1.0938775510204082,1.0122448979591836,1.24978138,1.24999341
1.0938775510204082,1.0040816326530613,1.24978151,1.24999087
1.0938775510204082,0.9959183673469387,1.24978123,1.24999365
1.0938775510204082,0.9877551020408163,1.2497811,1.24999418
1.0938775510204082,0.9795918367346939,1.24978067,1.24999399
1.0938775510204082,0.9714285714285714,1.24978047,1.24999108
1.0938775510204082,0.963265306122449,1.24977933,1.24999369
1.0938775510204082,0.9551020408163265,1.2497783,1.24999214
1.0938775510204082,0.9469387755102041,1.24977953,1.24999313
1.0938775510204082,0.9387755102040816,1.24977949,1.24999335
1.0938775510204082,0.9306122448979592,1.24977916,1.24999384
1.0938775510204082,0.9224489795918367,1.24978118,1.24999063
1.0938775510204082,0.9142857142857143,1.24978166,1.24999341
1.0938775510204082,0.9061224489795918,1.24978007,1.24999186
1.0938775510204082,0.8979591836734694,1.24978047,1.2499907
1.0938775510204082,0.889795918367347,1.24978186,1.24999431
1.0938775510204082,0.8816326530612244,1.24978055,1.2499921
1.0938775510204082,0.8734693877551021,1.24978024,1.24999091
1.0938775510204082,0.8653061224489795,1.24977997,1.2499908
1.0938775510204082,0.8571428571428572,1.24978047,1.24999272
1.0938775510204082,0.8489795918367347,1.24977921,1.2499941
1.0938775510204082,0.8408163265306122,1.24978272,1.24999259
1.0938775510204082,0.8326530612244898,1.24978024,1.24999468
1.0938775510204082,0.8244897959183674,1.24977949,1.24999201
1.0938775510204082,0.8163265306122449,1.24978262,1.24999285
1.0938775510204082,0.8081632653061225,1.24977979,1.2499913
1.0938775510204082,0.8,1.24978064,1.24999266
1.0857142857142856,1.2,1.24978027,1.24999229
1.0857142857142856,1.1918367346938774,1.24977762,1.24999335
1.0857142857142856,1.183673469387755,1.2497804,1.24999313
1.0857142857142856,1.1755102040816325,1.24978266,1.24999406
1.0857142857142856,1.1673469387755102,1.24977893,1.24999378
1.0857142857142856,1.1591836734693877,1.24978229,1.24999223
1.0857142857142856,1.1510204081632653,1.24978151,1.24999223
1.0857142857142856,1.1428571428571428,1.24978197,1.24999279
1.0857142857142856,1.1346938775510205,1.24977845,1.24999272
1.0857142857142856,1.126530612244898,1.24977944,1.24999263
1.0857142857142856,1.1183673469387754,1.24977944,1.24999223
1.0857142857142856,1.110204081632653,1.24978032,1.24999343
1.0857142857142856,1.1020408163265305,1.24978143,1.24998867
1.0857142857142856,1.0938775510204082,1.24978032,1.24999014
1.0857142857142856,1.0857142857142856,1.2497806,1.24999231
1.0857142857142856,1.0775510204081633,1.24978171,1.24999169
1.0857142857142856,1.0693877551020408,1.24977964,1.24999285
1.0857142857142856,1.0612244897959184,1.24978178,1.2499936
1.0857142857142856,1.0530612244897959,1.249781,1.24999328
1.0857142857142856,1.0448979591836736,1.24978229,1.24999218
1.0857142857142856,1.036734693877551,1.24977873,1.24999225
1.0857142857142856,1.0285714285714285,1.2497807,1.24999244
1.0857142857142856,1.0204081632653061,1.24977825,1.24999244
1.0857142857142856,1.0122448979591836,1.24978234,1.24999203
1.0857142857142856,1.0040816326530613,1.24978309,1.24999438
1.0857142857142856,0.9959183673469387,1.24977908,1.24999453
1.0857142857142856,0.9877551020408163,1.2497834,1.24999322
1.0857142857142856,0.9795918367346939,1.24977952,1.24999111
1.0857142857142856,0.9714285714285714,1.2497775,1.24999263
1.0857142857142856,0.963265306122449,1.24978158,1.24999543
1.0857142857142856,0.9551020408163265,1.24978209,1.24999227
1.0857142857142856,0.9469387755102041,1.24977952,1.24999425
1.0857142857142856,0.9387755102040816,1.24977901,1.24999356
1.0857142857142856,0.9306122448979592,1.2497799,1.24999509
1.0857142857142856,0.9224489795918367,1.24978277,1.24999418
1.0857142857142856,0.9142857142857143,1.24978067,1.24999593
1.0857142857142856,0.9061224489795918,1.24978226,1.2499904
1.0857142857142856,0.8979591836734694,1.24977818,1.24999309
1.0857142857142856,0.889795918367347,1.24977974,1.2499944
1.0857142857142856,0.8816326530612244,1.24977969,1.24999335
1.0857142857142856,0.8734693877551021,1.24978019,1.24999119
1.0857142857142856,0.8653061224489795,1.24978035,1.24999229
1.0857142857142856,0.8571428571428572,1.24978019,1.24999188
1.0857142857142856,0.8489795918367347,1.24977974,1.24999294
1.0857142857142856,0.8408163265306122,1.24977853,1.24999203
1.0857142857142856,0.8326530612244898,1.24978032,1.24999179
1.0857142857142856,0.8244897959183674,1.24977901,1.24999285
1.0857142857142856,0.8163265306122449,1.2497787,1.24999354
1.0857142857142856,0.8081632653061225,1.24978106,1.24999231
1.0857142857142856,0.8,1.24977924,1.24999022
1.0775510204081633,1.2,1.2497808,1.24999227
1.0775510204081633,1.1918367346938774,1.24978146,1.24999238
1.0775510204081633,1.183673469387755,1.2497807,1.24999251
1.0775510204081633,1.1755102040816325,1.24978055,1.24999126
1.0775510204081633,1.1673469387755102,1.24978032,1.24999324
1.0775510204081633,1.1591836734693877,1.24978151,1.24999201
1.0775510204081633,1.1510204081632653,1.24978146,1.24999384
1.0775510204081633,1.1428571428571428,1.24978153,1.24999235
1.0775510204081633,1.1346938775510205,1.24977953,1.24999335
1.0775510204081633,1.126530612244898,1.2497804,1.2499913
1.0775510204081633,1.1183673469387754,1.24978181,1.24998934
1.0775510204081633,1.110204081632653,1.2497813,1.24999223
1.0775510204081633,1.1020408163265305,1.2497809,1.24999027
1.0775510204081633,1.0938775510204082,1.24978019,1.24999266
1.0775510204081633,1.0857142857142856,1.24978153,1.24999515
1.0775510204081633,1.0775510204081633,1.24978108,1.24999294
1.0775510204081633,1.0693877551020408,1.24977995,1.24999322
1.0775510204081633,1.0612244897959184,1.24978015,1.24999235
1.0775510204081633,1.0530612244897959,1.24977853,1.24999382
1.0775510204081633,1.0448979591836736,1.24977813,1.24999242
1.0775510204081633,1.036734693877551,1.24978135,1.24999378
1.0775510204081633,1.0285714285714285,1.24978194,1.24999175
1.0775510204081633,1.0204081632653061,1.24978246,1.24999108
1.0775510204081633,1.0122448979591836,1.24977999,1.24999027
1.0775510204081633,1.0040816326530613,1.24978103,1.24999244
1.0775510204081633,0.9959183673469387,1.24978153,1.24999257
1.0775510204081633,0.9877551020408163,1.24978126,1.24999358
1.0775510204081633,0.9795918367346939,1.24978108,1.24999315
1.0775510204081633,0.9714285714285714,1.24978115,1.24999412
1.0775510204081633,0.963265306122449,1.24978214,1.24999259
1.0775510204081633,0.9551020408163265,1.24978186,1.24999307
1.0775510204081633,0.9469387755102041,1.24978183,1.24999195
1.0775510204081633,0.9387755102040816,1.24978075,1.24999123
1.0775510204081633,0.9306122448979592,1.24978305,1.24999117
1.0775510204081633,0.9224489795918367,1.24978067,1.24999229
1.0775510204081633,0.9142857142857143,1.24978226,1.24999343
1.0775510204081633,0.9061224489795918,1.24977987,1.24999384
1.0775510204081633,0.8979591836734694,1.2497779,1.24999337
1.0775510204081633,0.889795918367347,1.24977881,1.24999356
1.0775510204081633,0.8816326530612244,1.24977952,1.24999195
1.0775510204081633,0.8734693877551021,1.24977984,1.24999132
1.0775510204081633,0.8653061224489795,1.24977876,1.24999309
1.0775510204081633,0.8571428571428572,1.24978064,1.24999218
1.0775510204081633,0.8489795918367347,1.24978098,1.24999384
1.0775510204081633,0.8408163265306122,1.24978143,1.2499941
1.0775510204081633,0.8326530612244898,1.24978148,1.24999272
1.0775510204081633,0.8244897959183674,1.24977838,1.24999436
1.0775510204081633,0.8163265306122449,1.24977916,1.24999111
1.0775510204081633,0.8081632653061225,1.24977972,1.24999272
1.0775510204081633,0.8,1.2497809,1.24999397
1.0693877551020408,1.2,1.24978266,1.24999179
1.0693877551020408,1.1918367346938774,1.24978047,1.2499935
1.0693877551020408,1.183673469387755,1.2497806,1.24999223
1.0693877551020408,1.1755102040816325,1.24977949,1.24999175
1.0693877551020408,1.1673469387755102,1.2497806,1.24999203
1.0693877551020408,1.1591836734693877,1.24977964,1.24999108
1.0693877551020408,1.1510204081632653,1.24977833,1.24999524
1.0693877551020408,1.1428571428571428,1.24977722,1.2499921
1.0693877551020408,1.1346938775510205,1.24977941,1.24999216
1.0693877551020408,1.126530612244898,1.24978035,1.24999253
1.0693877551020408,1.1183673469387754,1.24977845,1.2499933
1.0693877551020408,1.110204081632653,1.2497781,1.24999291
1.0693877551020408,1.1020408163265305,1.2497813,1.24999363
1.0693877551020408,1.0938775510204082,1.24978234,1.24999272
1.0693877551020408,1.0857142857142856,1.24978108,1.24999188
1.0693877551020408,1.0775510204081633,1.24977999,1.24999272
1.0693877551020408,1.0693877551020408,1.24978087,1.24999399
1.0693877551020408,1.0612244897959184,1.24978055,1.24999341
1.0693877551020408,1.0530612244897959,1.24978123,1.24999216
1.0693877551020408,1.0448979591836736,1.24978178,1.24999285
1.0693877551020408,1.036734693877551,1.24978083,1.24999294
1.0693877551020408,1.0285714285714285,1.24978198,1.24999509
1.0693877551020408,1.0204081632653061,1.24977802,1.24999195
1.0693877551020408,1.0122448979591836,1.24977964,1.2499935
1.0693877551020408,1.0040816326530613,1.24977861,1.24999434
1.0693877551020408,0.9959183673469387,1.2497806,1.24999459
1.0693877551020408,0.9877551020408163,1.24978063,1.24999483
1.0693877551020408,0.9795918367346939,1.24978052,1.24998846
1.0693877551020408,0.9714285714285714,1.24977873,1.24999354
1.0693877551020408,0.963265306122449,1.24977979,1.24999287
1.0693877551020408,0.9551020408163265,1.24977901,1.24999238
1.0693877551020408,0.9469387755102041,1.24977929,1.24999195
1.0693877551020408,0.9387755102040816,1.24978138,1.24999201
1.0693877551020408,0.9306122448979592,1.24977921,1.24999356
1.0693877551020408,0.9224489795918367,1.24977999,1.2499936
1.0693877551020408,0.9142857142857143,1.24978047,1.24999406
1.0693877551020408,0.9061224489795918,1.24978151,1.24999378
1.0693877551020408,0.8979591836734694,1.24978098,1.24999188
1.0693877551020408,0.889795918367347,1.24977833,1.24999216
1.0693877551020408,0.8816326530612244,1.24977997,1.2499902
1.0693877551020408,0.8734693877551021,1.24978118,1.24999083
1.0693877551020408,0.8653061224489795,1.24977881,1.24999197
1.0693877551020408,0.8571428571428572,1.24978075,1.24999223
1.0693877551020408,0.8489795918367347,1.24977944,1.24999132
1.0693877551020408,0.8408163265306122,1.24978072,1.2499904
1.0693877551020408,0.8326530612244898,1.24977941,1.24999546
1.0693877551020408,0.8244897959183674,1.2497804,1.24999313
1.0693877551020408,0.8163265306122449,1.2497804,1.24999094
1.0693877551020408,0.8081632653061225,1.24978223,1.24999272
1.0693877551020408,0.8,1.24977838,1.24999291
1.0612244897959184,1.2,1.24978226,1.24999272
1.0612244897959184,1.1918367346938774,1.24978103,1.24999195
1.0612244897959184,1.183673469387755,1.24978135,1.249995
1.0612244897959184,1.1755102040816325,1.24977896,1.24999231
1.0612244897959184,1.1673469387755102,1.2497785,1.24999347
1.0612244897959184,1.1591836734693877,1.24977929,1.24999276
1.0612244897959184,1.1510204081632653,1.24978042,1.24999294
1.0612244897959184,1.1428571428571428,1.24977881,1.24999393
1.0612244897959184,1.1346938775510205,1.24977999,1.24999386
1.0612244897959184,1.126530612244898,1.24977944,1.2499905
1.0612244897959184,1.1183673469387754,1.24977952,1.24999384
1.0612244897959184,1.110204081632653,1.24977727,1.2499941
1.0612244897959184,1.1020408163265305,1.24977926,1.24999027
1.0612244897959184,1.0938775510204082,1.24977885,1.24999524
1.0612244897959184,1.0857142857142856,1.24978032,1.24999076
1.0612244897959184,1.0775510204081633,1.24978067,1.24999027
1.0612244897959184,1.0693877551020408,1.24977929,1.24999251
1.0612244897959184,1.0612244897959184,1.24977972,1.24999244
1.0612244897959184,1.0530612244897959,1.24977896,1.24999091
1.0612244897959184,1.0448979591836736,1.24978151,1.24999341
1.0612244897959184,1.036734693877551,1.24977979,1.24999134
1.0612244897959184,1.0285714285714285,1.24977981,1.24999251
1.0612244897959184,1.0204081632653061,1.249781,1.24999111
1.0612244897959184,1.0122448979591836,1.24978143,1.24999371
1.0612244897959184,1.0040816326530613,1.24977861,1.24999343
1.0612244897959184,0.9959183673469387,1.24977802,1.24999363
1.0612244897959184,0.9877551020408163,1.24978017,1.24999322
1.0612244897959184,0.9795918367346939,1.24977949,1.24999337
1.0612244897959184,0.9714285714285714,1.24977833,1.24999294
1.0612244897959184,0.963265306122449,1.24978229,1.24999257
1.0612244897959184,0.9551020408163265,1.24977964,1.24999188
1.0612244897959184,0.9469387755102041,1.2497807,1.24999106
1.0612244897959184,0.9387755102040816,1.24978146,1.24999412
1.0612244897959184,0.9306122448979592,1.2497808,1.24999244
1.0612244897959184,0.9224489795918367,1.24978004,1.24999235
1.0612244897959184,0.9142857142857143,1.24977929,1.24999307
1.0612244897959184,0.9061224489795918,1.24978019,1.24999453
1.0612244897959184,0.8979591836734694,1.24978201,1.24999378
1.0612244897959184,0.889795918367347,1.24977908,1.24999167
1.0612244897959184,0.8816326530612244,1.24977949,1.24999167
1.0612244897959184,0.8734693877551021,1.24978064,1.2499916
1.0612244897959184,0.8653061224489795,1.24978087,1.24999543
1.0612244897959184,0.8571428571428572,1.24977997,1.24999418
1.0612244897959184,0.8489795918367347,1.24978155,1.24999235
1.0612244897959184,0.8408163265306122,1.24978085,1.2499921
1.0612244897959184,0.8326530612244898,1.2497806,1.24999151
1.0612244897959184,0.8244897959183674,1.24978226,1.24999244
1.0612244897959184,0.8163265306122449,1.24977845,1.24999173
1.0612244897959184,0.8081632653061225,1.24978078,1.24999369
1.0612244897959184,0.8,1.24978174,1.24999343
1.0530612244897959,1.2,1.24977853,1.24999378
1.0530612244897959,1.1918367346938774,1.24978289,1.24999294
1.0530612244897959,1.183673469387755,1.24977961,1.24999518
1.0530612244897959,1.1755102040816325,1.24977782,1.24999356
1.0530612244897959,1.1673469387755102,1.24978254,1.24999186
1.0530612244897959,1.1591836734693877,1.24977997,1.2499921
1.0530612244897959,1.1510204081632653,1.24978186,1.24999272
1.0530612244897959,1.1428571428571428,1.24977881,1.24999343
1.0530612244897959,1.1346938775510205,1.24977785,1.24999223
1.0530612244897959,1.126530612244898,1.24977868,1.24999287
1.0530612244897959,1.1183673469387754,1.24977974,1.24999418
1.0530612244897959,1.110204081632653,1.24977924,1.24999444
1.0530612244897959,1.1020408163265305,1.24978123,1.24999085
1.0530612244897959,1.0938775510204082,1.24978004,1.24998986
1.0530612244897959,1.0857142857142856,1.24977956,1.24999022
1.0530612244897959,1.0775510204081633,1.24977805,1.24999223
1.0530612244897959,1.0693877551020408,1.24978126,1.24999354
1.0530612244897959,1.0612244897959184,1.24977856,1.24999335
1.0530612244897959,1.0530612244897959,1.24977997,1.24999257
1.0530612244897959,1.0448979591836736,1.24977953,1.24999403
1.0530612244897959,1.036734693877551,1.24977936,1.24999365
1.0530612244897959,1.0285714285714285,1.2497811,1.24999487
1.0530612244897959,1.0204081632653061,1.24978064,1.24999257
1.0530612244897959,1.0122448979591836,1.24977992,1.24999462
1.0530612244897959,1.0040816326530613,1.24977969,1.24999313
1.0530612244897959,0.9959183673469387,1.2497811,1.24999391
1.0530612244897959,0.9877551020408163,1.24977972,1.24999509
1.0530612244897959,0.9795918367346939,1.24978087,1.24999175
1.0530612244897959,0.9714285714285714,1.24978015,1.24999322
1.0530612244897959,0.963265306122449,1.24978047,1.24999509
1.0530612244897959,0.9551020408163265,1.24977908,1.24999522
1.0530612244897959,0.9469387755102041,1.24977956,1.24999356
1.0530612244897959,0.9387755102040816,1.249778,1.24999319
1.0530612244897959,0.9306122448979592,1.24978075,1.24999446
1.0530612244897959,0.9224489795918367,1.24978055,1.24999378
1.0530612244897959,0.9142857142857143,1.24977979,1.2499921
1.0530612244897959,0.9061224489795918,1.24977913,1.24999266
1.0530612244897959,0.8979591836734694,1.24978019,1.2499935
1.0530612244897959,0.889795918367347,1.24978063,1.24999524
1.0530612244897959,0.8816326530612244,1.24977972,1.24999496
1.0530612244897959,0.8734693877551021,1.24978032,1.24999558
1.0530612244897959,0.8653061224489795,1.24978128,1.24999322
1.0530612244897959,0.8571428571428572,1.24978118,1.2499935
1.0530612244897959,0.8489795918367347,1.24978032,1.24999279
1.0530612244897959,0.8408163265306122,1.24978118,1.24999335
1.0530612244897959,0.8326530612244898,1.24978075,1.24999223
1.0530612244897959,0.8244897959183674,1.24977881,1.24999481
1.0530612244897959,0.8163265306122449,1.24977984,1.24999257
1.0530612244897959,0.8081632653061225,1.24977878,1.24999412
1.0530612244897959,0.8,1.24978095,1.24999399
1.0448979591836736,1.2,1.24978163,1.24999195
1.0448979591836736,1.1918367346938774,1.24977936,1.24999229
1.0448979591836736,1.183673469387755,1.2497811,1.24999244
1.0448979591836736,1.1755102040816325,1.24978108,1.24999378
1.0448979591836736,1.1673469387755102,1.2497811,1.24999341
1.0448979591836736,1.1591836734693877,1.24978042,1.24999266
1.0448979591836736,1.1510204081632653,1.24978287,1.24999502
1.0448979591836736,1.1428571428571428,1.24978103,1.24999483
1.0448979591836736,1.1346938775510205,1.24978067,1.24999481
1.0448979591836736,1.126530612244898,1.24977919,1.24999418
1.0448979591836736,1.1183673469387754,1.2497806,1.24999251
1.0448979591836736,1.110204081632653,1.24978004,1.24999201
1.0448979591836736,1.1020408163265305,1.24978151,1.24999431
1.0448979591836736,1.0938775510204082,1.24978302,1.24999151
1.0448979591836736,1.0857142857142856,1.24978019,1.24999522
1.0448979591836736,1.0775510204081633,1.24978118,1.24999029
1.0448979591836736,1.0693877551020408,1.24978214,1.24999294
1.0448979591836736,1.0612244897959184,1.24978067,1.2499927
1.0448979591836736,1.0530612244897959,1.24978007,1.24999132
1.0448979591836736,1.0448979591836736,1.24977947,1.24999294
1.0448979591836736,1.036734693877551,1.24977941,1.24999354
1.0448979591836736,1.0285714285714285,1.24977956,1.2499935
1.0448979591836736,1.0204081632653061,1.24978108,1.24999322
1.0448979591836736,1.0122448979591836,1.24977921,1.24999257
1.0448979591836736,1.0040816326530613,1.24977838,1.24999363
1.0448979591836736,0.9959183673469387,1.24978087,1.24999195
1.0448979591836736,0.9877551020408163,1.2497804,1.24999335
1.0448979591836736,0.9795918367346939,1.24977853,1.24999384
1.0448979591836736,0.9714285714285714,1.24977891,1.24999391
1.0448979591836736,0.963265306122449,1.24978292,1.24999175
1.0448979591836736,0.9551020408163265,1.24978024,1.2499916
1.0448979591836736,0.9469387755102041,1.24977936,1.24999472
1.0448979591836736,0.9387755102040816,1.24977953,1.24999285
1.0448979591836736,0.9306122448979592,1.24978118,1.249993
1.0448979591836736,0.9224489795918367,1.24977997,1.24999686
1.0448979591836736,0.9142857142857143,1.2497783,1.24999229
1.0448979591836736,0.9061224489795918,1.24977964,1.24999421
1.0448979591836736,0.8979591836734694,1.24978047,1.24999391
1.0448979591836736,0.889795918367347,1.24978231,1.24999453
1.0448979591836736,0.8816326530612244,1.2497813,1.24999636
1.0448979591836736,0.8734693877551021,1.24978186,1.24999356
1.0448979591836736,0.8653061224489795,1.24978027,1.24999315
1.0448979591836736,0.8571428571428572,1.24978047,1.24999244
1.0448979591836736,0.8489795918367347,1.24977929,1.24999356
1.0448979591836736,0.8408163265306122,1.24978052,1.24999328
1.0448979591836736,0.8326530612244898,1.24978075,1.24999083
1.0448979591836736,0.8244897959183674,1.24978075,1.24999287
1.0448979591836736,0.8163265306122449,1.24978285,1.249993
1.0448979591836736,0.8081632653061225,1.24977908,1.24999322
1.0448979591836736,0.8,1.24977729,1.24999509
1.036734693877551,1.2,1.24978246,1.2499916
1.036734693877551,1.1918367346938774,1.24978047,1.24999421
1.036734693877551,1.183673469387755,1.24978254,1.24999238
1.036734693877551,1.1755102040816325,1.24977853,1.24999229
1.036734693877551,1.1673469387755102,1.24978332,1.2499935
1.036734693877551,1.1591836734693877,1.24977984,1.2499944
1.036734693877551,1.1510204081632653,1.24978368,1.24999602
1.036734693877551,1.1428571428571428,1.24978032,1.24999179
1.036734693877551,1.1346938775510205,1.24977929,1.24999526
1.036734693877551,1.126530612244898,1.24978214,1.24999283
1.036734693877551,1.1183673469387754,1.24977888,1.24999462
1.036734693877551,1.110204081632653,1.24978312,1.24999365
1.036734693877551,1.1020408163265305,1.24978115,1.24999248
1.036734693877551,1.0938775510204082,1.24978214,1.24999182
1.036734693877551,1.0857142857142856,1.24978087,1.24999014
1.036734693877551,1.0775510204081633,1.24978115,1.24999223
1.036734693877551,1.0693877551020408,1.24978237,1.24999337
1.036734693877551,1.0612244897959184,1.24978194,1.24999502
1.036734693877551,1.0530612244897959,1.2497808,1.24999533
1.036734693877551,1.0448979591836736,1.24978214,1.24999571
1.036734693877551,1.036734693877551,1.24978044,1.2499949
1.036734693877551,1.0285714285714285,1.24978055,1.24999335
1.036734693877551,1.0204081632653061,1.24978254,1.24999223
1.036734693877551,1.0122448979591836,1.2497809,1.24999229
1.036734693877551,1.0040816326530613,1.249781,1.24999216
1.036734693877551,0.9959183673469387,1.24978095,1.24999089
1.036734693877551,0.9877551020408163,1.24977999,1.2499916
1.036734693877551,0.9795918367346939,1.24978067,1.24999263
1.036734693877551,0.9714285714285714,1.24978186,1.24999141
1.036734693877551,0.963265306122449,1.24978032,1.24999397
1.036734693877551,0.9551020408163265,1.24978135,1.24999434
1.036734693877551,0.9469387755102041,1.2497804,1.24999418
1.036734693877551,0.9387755102040816,1.24978214,1.24999281
1.036734693877551,0.9306122448979592,1.24978067,1.24999406
1.036734693877551,0.9224489795918367,1.24978416,1.24999425
1.036734693877551,0.9142857142857143,1.24978148,1.24999535
1.036734693877551,0.9061224489795918,1.24977929,1.2499927
1.036734693877551,0.8979591836734694,1.24977853,1.24999332
1.036734693877551,0.889795918367347,1.24977931,1.24999231
1.036734693877551,0.8816326530612244,1.24978194,1.24999335
1.036734693877551,0.8734693877551021,1.24978257,1.24999393
1.036734693877551,0.8653061224489795,1.24978015,1.24999076
1.036734693877551,0.8571428571428572,1.24978237,1.24999223
1.036734693877551,0.8489795918367347,1.24978239,1.24999218
1.036734693877551,0.8408163265306122,1.24977967,1.24999132
1.036734693877551,0.8326530612244898,1.24978396,1.2499935
1.036734693877551,0.8244897959183674,1.24977924,1.24999126
1.036734693877551,0.8163265306122449,1.24978128,1.24999203
1.036734693877551,0.8081632653061225,1.24978103,1.24999223
1.036734693877551,0.8,1.2497804,1.24999167
1.0285714285714285,1.2,1.24978098,1.24999184
1.0285714285714285,1.1918367346938774,1.24978246,1.24999104
1.0285714285714285,1.183673469387755,1.24978103,1.2499944
1.0285714285714285,1.1755102040816325,1.24977896,1.2499949
1.0285714285714285,1.1673469387755102,1.24978309,1.24999502
1.0285714285714285,1.1591836734693877,1.24977774,1.24999391
1.0285714285714285,1.1510204081632653,1.24977727,1.24999175
1.0285714285714285,1.1428571428571428,1.24978092,1.2499949
1.0285714285714285,1.1346938775510205,1.24978209,1.24999449
1.0285714285714285,1.126530612244898,1.24978186,1.24999518
1.0285714285714285,1.1183673469387754,1.24978128,1.24999179
1.0285714285714285,1.110204081632653,1.2497807,1.24999446
1.0285714285714285,1.1020408163265305,1.2497806,1.24999556
1.0285714285714285,1.0938775510204082,1.24978019,1.24999175
1.0285714285714285,1.0857142857142856,1.24978239,1.2499949
1.0285714285714285,1.0775510204081633,1.24978242,1.24999509
1.0285714285714285,1.0693877551020408,1.24978237,1.24999401
1.0285714285714285,1.0612244897959184,1.24977976,1.24999244
1.0285714285714285,1.0530612244897959,1.24978221,1.24999369
1.0285714285714285,1.0448979591836736,1.24977949,1.24999434
1.0285714285714285,1.036734693877551,1.2497834,1.24999481
1.0285714285714285,1.0285714285714285,1.24977984,1.24999319
1.0285714285714285,1.0204081632653061,1.24978027,1.24999326
1.0285714285714285,1.0122448979591836,1.24978015,1.24999173
1.0285714285714285,1.0040816326530613,1.24978024,1.24999179
1.0285714285714285,0.9959183673469387,1.24978368,1.24999466
1.0285714285714285,0.9877551020408163,1.24978055,1.24999375
1.0285714285714285,0.9795918367346939,1.24978058,1.24999223
1.0285714285714285,0.9714285714285714,1.24978166,1.24999126
1.0285714285714285,0.963265306122449,1.24977936,1.24999253
1.0285714285714285,0.9551020408163265,1.24977944,1.24999322
1.0285714285714285,0.9469387755102041,1.24977908,1.24999229
1.0285714285714285,0.9387755102040816,1.24977924,1.24999289
1.0285714285714285,0.9306122448979592,1.24978158,1.24999117
1.0285714285714285,0.9224489795918367,1.24977861,1.24999287
1.0285714285714285,0.9142857142857143,1.24978317,1.24999378
1.0285714285714285,0.9061224489795918,1.2497804,1.24999356
1.0285714285714285,0.8979591836734694,1.24977936,1.24999487
1.0285714285714285,0.889795918367347,1.24978133,1.24999571
1.0285714285714285,0.8816326530612244,1.24978075,1.24999558
1.0285714285714285,0.8734693877551021,1.24978151,1.24999356
1.0285714285714285,0.8653061224489795,1.24978133,1.2499935
1.0285714285714285,0.8571428571428572,1.24978067,1.24999418
1.0285714285714285,0.8489795918367347,1.24977999,1.24999171
1.0285714285714285,0.8408163265306122,1.24978146,1.24999391
1.0285714285714285,0.8326530612244898,1.24978294,1.24999442
1.0285714285714285,0.8244897959183674,1.2497809,1.24999406
1.0285714285714285,0.8163265306122449,1.24977881,1.24999259
1.0285714285714285,0.8081632653061225,1.24977845,1.24999238
1.0285714285714285,0.8,1.24978166,1.24999244
1.0204081632653061,1.2,1.24978135,1.24999502
1.0204081632653061,1.1918367346938774,1.24978239,1.2499935
1.0204081632653061,1.183673469387755,1.24977916,1.24999322
1.0204081632653061,1.1755102040816325,1.24977933,1.24999309
1.0204081632653061,1.1673469387755102,1.24978067,1.24999145
1.0204081632653061,1.1591836734693877,1.24978083,1.249993
1.0204081632653061,1.1510204081632653,1.2497836,1.24999502
1.0204081632653061,1.1428571428571428,1.24978007,1.24999229
1.0204081632653061,1.1346938775510205,1.24978004,1.24999294
1.0204081632653061,1.126530612244898,1.24978191,1.2499933
1.0204081632653061,1.1183673469387754,1.24978007,1.24999418
1.0204081632653061,1.110204081632653,1.24978103,1.24999244
1.0204081632653061,1.1020408163265305,1.24977838,1.24999391
1.0204081632653061,1.0938775510204082,1.24977933,1.24999266
1.0204081632653061,1.0857142857142856,1.24978186,1.24999251
1.0204081632653061,1.0775510204081633,1.2497781,1.24999335
1.0204081632653061,1.0693877551020408,1.24977989,1.24999203
1.0204081632653061,1.0612244897959184,1.24978262,1.24999356
1.0204081632653061,1.0530612244897959,1.24978206,1.24999173
1.0204081632653061,1.0448979591836736,1.24978035,1.24999298
1.0204081632653061,1.036734693877551,1.24978087,1.2499935
1.0204081632653061,1.0285714285714285,1.24978373,1.24999158
1.0204081632653061,1.0204081632653061,1.24978277,1.24999397
1.0204081632653061,1.0122448979591836,1.24978226,1.24999397
1.0204081632653061,1.0040816326530613,1.24978269,1.24999363
1.0204081632653061,0.9959183673469387,1.24978143,1.24999446
1.0204081632653061,0.9877551020408163,1.24978004,1.24999091
1.0204081632653061,0.9795918367346939,1.24978158,1.24999522
1.0204081632653061,0.9714285714285714,1.2497832,1.24999356
1.0204081632653061,0.963265306122449,1.24978143,1.24999272
1.0204081632653061,0.9551020408163265,1.24978262,1.24999201
1.0204081632653061,0.9469387755102041,1.24978128,1.24999279
1.0204081632653061,0.9387755102040816,1.24978112,1.24999403
1.0204081632653061,0.9306122448979592,1.2497783,1.24999335
1.0204081632653061,0.9224489795918367,1.24977916,1.24999393
1.0204081632653061,0.9142857142857143,1.24978092,1.24999343
1.0204081632653061,0.9061224489795918,1.24978055,1.24999391
1.0204081632653061,0.8979591836734694,1.24978189,1.24999207
1.0204081632653061,0.889795918367347,1.24978135,1.24999384
1.0204081632653061,0.8816326530612244,1.24978115,1.24999462
1.0204081632653061,0.8734693877551021,1.24977956,1.24999313
1.0204081632653061,0.8653061224489795,1.24978118,1.24999201
1.0204081632653061,0.8571428571428572,1.24978012,1.24999229
1.0204081632653061,0.8489795918367347,1.24977941,1.24999335
1.0204081632653061,0.8408163265306122,1.24977881,1.24999266
1.0204081632653061,0.8326530612244898,1.24978067,1.24999427
1.0204081632653061,0.8244897959183674,1.2497804,1.24999406
1.0204081632653061,0.8163265306122449,1.2497807,1.24999207
1.0204081632653061,0.8081632653061225,1.24978012,1.24999386
1.0204081632653061,0.8,1.24977838,1.24999343
1.0122448979591836,1.2,1.24978004,1.24999235
1.0122448979591836,1.1918367346938774,1.24978274,1.24999139
1.0122448979591836,1.183673469387755,1.24978234,1.2499944
1.0122448979591836,1.1755102040816325,1.24978075,1.24999403
1.0122448979591836,1.1673469387755102,1.24977929,1.24999315
1.0122448979591836,1.1591836734693877,1.24978004,1.24999253
1.0122448979591836,1.1510204081632653,1.24978194,1.24999214
1.0122448979591836,1.1428571428571428,1.24978226,1.24999096
1.0122448979591836,1.1346938775510205,1.24978151,1.24999466
1.0122448979591836,1.126530612244898,1.24978138,1.24999468
1.0122448979591836,1.1183673469387754,1.24978052,1.24999214
1.0122448979591836,1.110204081632653,1.24977995,1.24999315
1.0122448979591836,1.1020408163265305,1.24977984,1.24999307
1.0122448979591836,1.0938775510204082,1.24978226,1.24999231
1.0122448979591836,1.0857142857142856,1.2497804,1.24999151
1.0122448979591836,1.0775510204081633,1.24978067,1.24999393
1.0122448979591836,1.0693877551020408,1.24978012,1.24999238
1.0122448979591836,1.0612244897959184,1.24978055,1.24999175
1.0122448979591836,1.0530612244897959,1.24978112,1.24999216
1.0122448979591836,1.0448979591836736,1.2497783,1.24999412
1.0122448979591836,1.036734693877551,1.24977979,1.24999337
1.0122448979591836,1.0285714285714285,1.24978083,1.24999431
1.0122448979591836,1.0204081632653061,1.24978098,1.24999449
1.0122448979591836,1.0122448979591836,1.24978128,1.24999285
1.0122448979591836,1.0040816326530613,1.2497777,1.24999268
1.0122448979591836,0.9959183673469387,1.24977972,1.24999035
1.0122448979591836,0.9877551020408163,1.24978007,1.24999434
1.0122448979591836,0.9795918367346939,1.24978103,1.24999494
1.0122448979591836,0.9714285714285714,1.24978027,1.2499921
1.0122448979591836,0.963265306122449,1.24977845,1.24999552
1.0122448979591836,0.9551020408163265,1.24978095,1.24999425
1.0122448979591836,0.9469387755102041,1.24978171,1.24999371
1.0122448979591836,0.9387755102040816,1.24977873,1.24999509
1.0122448979591836,0.9306122448979592,1.2497806,1.24999371
1.0122448979591836,0.9224489795918367,1.24977999,1.24999287
1.0122448979591836,0.9142857142857143,1.24978103,1.24999223
1.0122448979591836,0.9061224489795918,1.24978305,1.24999188
1.0122448979591836,0.8979591836734694,1.24978055,1.24999403
1.0122448979591836,0.889795918367347,1.24978108,1.24999207
1.0122448979591836,0.8816326530612244,1.24978123,1.2499916
1.0122448979591836,0.8734693877551021,1.24977992,1.24999307
1.0122448979591836,0.8653061224489795,1.24977921,1.24999515
1.0122448979591836,0.8571428571428572,1.24978012,1.2499922
1.0122448979591836,0.8489795918367347,1.24978198,1.24999154
1.0122448979591836,0.8408163265306122,1.24977987,1.24999279
1.0122448979591836,0.8326530612244898,1.24978044,1.24999315
1.0122448979591836,0.8244897959183674,1.24978123,1.24999391
1.0122448979591836,0.8163265306122449,1.24977787,1.24999552
1.0122448979591836,0.8081632653061225,1.24978143,1.24999259
1.0122448979591836,0.8,1.24977956,1.24999354
1.0040816326530613,1.2,1.24978234,1.24999173
1.0040816326530613,1.1918367346938774,1.24978186,1.24999347
1.0040816326530613,1.183673469387755,1.24977873,1.2499941
1.0040816326530613,1.1755102040816325,1.24978015,1.24999462
1.0040816326530613,1.1673469387755102,1.24978098,1.24999328
1.0040816326530613,1.1591836734693877,1.24977861,1.24999513
1.0040816326530613,1.1510204081632653,1.24978087,1.24999546
1.0040816326530613,1.1428571428571428,1.24977956,1.24999343
1.0040816326530613,1.1346938775510205,1.24977967,1.24999151
1.0040816326530613,1.126530612244898,1.24977893,1.24999328
1.0040816326530613,1.1183673469387754,1.24977908,1.24999242
1.0040816326530613,1.110204081632653,1.24978087,1.24999272
1.0040816326530613,1.1020408163265305,1.24978128,1.24999483
1.0040816326530613,1.0938775510204082,1.24978264,1.24999257
1.0040816326530613,1.0857142857142856,1.2497808,1.24999266
1.0040816326530613,1.0775510204081633,1.24978095,1.24999397
1.0040816326530613,1.0693877551020408,1.24978198,1.24999537
1.0040816326530613,1.0612244897959184,1.24978135,1.24999371
1.0040816326530613,1.0530612244897959,1.24977936,1.24999266
1.0040816326530613,1.0448979591836736,1.24978206,1.24999287
1.0040816326530613,1.036734693877551,1.24978027,1.24999371
1.0040816326530613,1.0285714285714285,1.24977868,1.2499936
1.0040816326530613,1.0204081632653061,1.24978072,1.24999459
1.0040816326530613,1.0122448979591836,1.24978178,1.2499953
1.0040816326530613,1.0040816326530613,1.24978103,1.24999179
1.0040816326530613,0.9959183673469387,1.24977972,1.24999319
1.0040816326530613,0.9877551020408163,1.24978269,1.24999313
1.0040816326530613,0.9795918367346939,1.24978221,1.24999373
1.0040816326530613,0.9714285714285714,1.24978217,1.24999332
1.0040816326530613,0.963265306122449,1.24978118,1.24999169
1.0040816326530613,0.9551020408163265,1.24978181,1.24999455
1.0040816326530613,0.9469387755102041,1.24977906,1.24999371
1.0040816326530613,0.9387755102040816,1.24978206,1.24999636
1.0040816326530613,0.9306122448979592,1.24978163,1.24999406
1.0040816326530613,0.9224489795918367,1.2497813,1.24999212
1.0040816326530613,0.9142857142857143,1.24978171,1.24999309
1.0040816326530613,0.9061224489795918,1.24978095,1.2499916
1.0040816326530613,0.8979591836734694,1.24978416,1.24999332
1.0040816326530613,0.889795918367347,1.24978234,1.24999201
1.0040816326530613,0.8816326530612244,1.24978289,1.24999567
1.0040816326530613,0.8734693877551021,1.24977944,1.24999335
1.0040816326530613,0.8653061224489795,1.24978019,1.24999285
1.0040816326530613,0.8571428571428572,1.24977865,1.24999393
1.0040816326530613,0.8489795918367347,1.2497812,1.24999371
1.0040816326530613,0.8408163265306122,1.24978249,1.2499949
1.0040816326530613,0.8326530612244898,1.24978206,1.24999167
1.0040816326530613,0.8244897959183674,1.24978075,1.2499949
1.0040816326530613,0.8163265306122449,1.24977979,1.24999307
1.0040816326530613,0.8081632653061225,1.24978272,1.24999444
1.0040816326530613,0.8,1.24978353,1.24999418
0.9959183673469387,1.2,1.24977699,1.24999397
0.9959183673469387,1.1918367346938774,1.24978007,1.24999259
0.9959183673469387,1.183673469387755,1.24977833,1.24999229
0.9959183673469387,1.1755102040816325,1.24978171,1.249993
0.9959183673469387,1.1673469387755102,1.24977929,1.24999279
0.9959183673469387,1.1591836734693877,1.24977953,1.24999257
0.9959183673469387,1.1510204081632653,1.24978146,1.24999279
0.9959183673469387,1.1428571428571428,1.24977976,1.2499944
0.9959183673469387,1.1346938775510205,1.24977873,1.24999481
0.9959183673469387,1.126530612244898,1.24978083,1.24999347
0.9959183673469387,1.1183673469387754,1.24978032,1.24999207
0.9959183673469387,1.110204081632653,1.24977913,1.24999231
0.9959183673469387,1.1020408163265305,1.24977893,1.24999425
0.9959183673469387,1.0938775510204082,1.24978322,1.24999132
0.9959183673469387,1.0857142857142856,1.24978123,1.24999335
0.9959183673469387,1.0775510204081633,1.24978108,1.24999453
0.9959183673469387,1.0693877551020408,1.24977959,1.24999391
0.9959183673469387,1.0612244897959184,1.2497806,1.24999257
0.9959183673469387,1.0530612244897959,1.24978108,1.24999154
0.9959183673469387,1.0448979591836736,1.24978115,1.24999238
0.9959183673469387,1.036734693877551,1.2497783,1.24999244
0.9959183673469387,1.0285714285714285,1.24978072,1.24999104
0.9959183673469387,1.0204081632653061,1.24978231,1.24999418
0.9959183673469387,1.0122448979591836,1.24978146,1.24999227
0.9959183673469387,1.0040816326530613,1.24977777,1.24999453
0.9959183673469387,0.9959183673469387,1.24977997,1.24999565
0.9959183673469387,0.9877551020408163,1.24977999,1.24999291
0.9959183673469387,0.9795918367346939,1.24978022,1.24999207
0.9959183673469387,0.9714285714285714,1.2497813,1.24999322
0.9959183673469387,0.963265306122449,1.24978078,1.24999126
0.9959183673469387,0.9551020408163265,1.24978032,1.2499921
0.9959183673469387,0.9469387755102041,1.24978098,1.24999238
0.9959183673469387,0.9387755102040816,1.24977747,1.24999244
0.9959183673469387,0.9306122448979592,1.24978055,1.2499969
0.9959183673469387,0.9224489795918367,1.24978214,1.24999363
0.9959183673469387,0.9142857142857143,1.24977893,1.24999063
0.9959183673469387,0.9061224489795918,1.24978353,1.2499955
0.9959183673469387,0.8979591836734694,1.24978155,1.2499921
0.9959183673469387,0.889795918367347,1.24978151,1.24999195
0.9959183673469387,0.8816326530612244,1.24978151,1.24999291
0.9959183673469387,0.8734693877551021,1.24977921,1.24999279
0.9959183673469387,0.8653061224489795,1.24978153,1.24999332
0.9959183673469387,0.8571428571428572,1.24978047,1.24999335
0.9959183673469387,0.8489795918367347,1.24978015,1.24999354
0.9959183673469387,0.8408163265306122,1.24978153,1.24999195
0.9959183673469387,0.8326530612244898,1.24977979,1.24999337
0.9959183673469387,0.8244897959183674,1.24978146,1.24999186
0.9959183673469387,0.8163265306122449,1.24977838,1.24999391
0.9959183673469387,0.8081632653061225,1.2497834,1.24999518
0.9959183673469387,0.8,1.24978128,1.24999223
0.9877551020408163,1.2,1.24978017,1.24999356
0.9877551020408163,1.1918367346938774,1.24978009,1.2499952
0.9877551020408163,1.183673469387755,1.24977782,1.24999251
0.9877551020408163,1.1755102040816325,1.24977818,1.24999425
0.9877551020408163,1.1673469387755102,1.24978194,1.24999179
0.9877551020408163,1.1591836734693877,1.24978087,1.24999492
0.9877551020408163,1.1510204081632653,1.2497813,1.24999365
0.9877551020408163,1.1428571428571428,1.2497808,1.2499935
0.9877551020408163,1.1346938775510205,1.2497806,1.24999614
0.9877551020408163,1.126530612244898,1.24977941,1.24999397
0.9877551020408163,1.1183673469387754,1.2497809,1.24999147
0.9877551020408163,1.110204081632653,1.24978055,1.24999524
0.9877551020408163,1.1020408163265305,1.24978148,1.24999496
0.9877551020408163,1.0938775510204082,1.24978345,1.24999418
0.9877551020408163,1.0857142857142856,1.24978242,1.24999287
0.9877551020408163,1.0775510204081633,1.24978083,1.24999091
0.9877551020408163,1.0693877551020408,1.24977999,1.24999375
0.9877551020408163,1.0612244897959184,1.24977899,1.24999343
0.9877551020408163,1.0530612244897959,1.24978077,1.24999335
0.9877551020408163,1.0448979591836736,1.24978155,1.24999496
0.9877551020408163,1.036734693877551,1.24978226,1.24999132
0.9877551020408163,1.0285714285714285,1.24978153,1.24999328
0.9877551020408163,1.0204081632653061,1.2497809,1.2499936
0.9877551020408163,1.0122448979591836,1.24978289,1.24999496
0.9877551020408163,1.0040816326530613,1.24978146,1.24999356
0.9877551020408163,0.9959183673469387,1.24978234,1.24999197
0.9877551020408163,0.9877551020408163,1.24978146,1.24999328
0.9877551020408163,0.9795918367346939,1.24978211,1.24999098
0.9877551020408163,0.9714285714285714,1.24978143,1.24999244
0.9877551020408163,0.963265306122449,1.2497813,1.24999335
0.9877551020408163,0.9551020408163265,1.24978044,1.24999509
0.9877551020408163,0.9469387755102041,1.249781,1.24999322
0.9877551020408163,0.9387755102040816,1.24978178,1.24999113
0.9877551020408163,0.9306122448979592,1.24977845,1.24999313
0.9877551020408163,0.9224489795918367,1.2497806,1.24999279
0.9877551020408163,0.9142857142857143,1.24978067,1.24999481
0.9877551020408163,0.9061224489795918,1.24978285,1.24999253
0.9877551020408163,0.8979591836734694,1.24978126,1.24999195
0.9877551020408163,0.889795918367347,1.24978128,1.24999251
0.9877551020408163,0.8816326530612244,1.24977984,1.24999257
0.9877551020408163,0.8734693877551021,1.24977929,1.24999251
0.9877551020408163,0.8653061224489795,1.2497832,1.2499944
0.9877551020408163,0.8571428571428572,1.24978146,1.2499958
0.9877551020408163,0.8489795918367347,1.24978214,1.24999427
0.9877551020408163,0.8408163265306122,1.24978138,1.24999571
0.9877551020408163,0.8326530612244898,1.24978158,1.24999403
0.9877551020408163,0.8244897959183674,1.2497809,1.24999259
0.9877551020408163,0.8163265306122449,1.24977959,1.24999378
0.9877551020408163,0.8081632653061225,1.24978325,1.24999328
0.9877551020408163,0.8,1.24978115,1.24999291
0.9795918367346939,1.2,1.24978067,1.24999055
0.9795918367346939,1.1918367346938774,1.24977949,1.24999397
0.9795918367346939,1.183673469387755,1.24978186,1.24999578
0.9795918367346939,1.1755102040816325,1.24978264,1.24999225
0.9795918367346939,1.1673469387755102,1.24978004,1.24999406
0.9795918367346939,1.1591836734693877,1.24977924,1.24999406
0.9795918367346939,1.1510204081632653,1.24978269,1.24999158
0.9795918367346939,1.1428571428571428,1.24977995,1.24999175
0.9795918367346939,1.1346938775510205,1.24978007,1.24999291
0.9795918367346939,1.126530612244898,1.24978095,1.24999186
0.9795918367346939,1.1183673469387754,1.24978024,1.24999474
0.9795918367346939,1.110204081632653,1.24978047,1.24999158
0.9795918367346939,1.1020408163265305,1.2497804,1.24999324
0.9795918367346939,1.0938775510204082,1.24978186,1.24999182
0.9795918367346939,1.0857142857142856,1.24978087,1.24999363
0.9795918367346939,1.0775510204081633,1.24978078,1.24999378
0.9795918367346939,1.0693877551020408,1.24977893,1.24999446
0.9795918367346939,1.0612244897959184,1.24978055,1.24999337
0.9795918367346939,1.0530612244897959,1.24977913,1.24999356
0.9795918367346939,1.0448979591836736,1.24978015,1.24999315
0.9795918367346939,1.036734693877551,1.24977992,1.2499944
0.9795918367346939,1.0285714285714285,1.24978211,1.24999363
0.9795918367346939,1.0204081632653061,1.2497813,1.24999565
0.9795918367346939,1.0122448979591836,1.24978007,1.24999453
0.9795918367346939,1.0040816326530613,1.24978174,1.24999371
0.9795918367346939,0.9959183673469387,1.24977813,1.24999188
0.9795918367346939,0.9877551020408163,1.24978027,1.24999363
0.9795918367346939,0.9795918367346939,1.24978055,1.24999276
0.9795918367346939,0.9714285714285714,1.24978115,1.24999468
0.9795918367346939,0.963265306122449,1.24978108,1.24999281
0.9795918367346939,0.9551020408163265,1.24978078,1.24999434
0.9795918367346939,0.9469387755102041,1.24978052,1.2499935
0.9795918367346939,0.9387755102040816,1.24978262,1.24999363
0.9795918367346939,0.9306122448979592,1.24977916,1.2499935
0.9795918367346939,0.9224489795918367,1.2497806,1.24999104
0.9795918367346939,0.9142857142857143,1.2497804,1.24999231
0.9795918367346939,0.9061224489795918,1.24978219,1.24999371
0.9795918367346939,0.8979591836734694,1.24977976,1.24999033
0.9795918367346939,0.889795918367347,1.24978226,1.24999369
0.9795918367346939,0.8816326530612244,1.24978032,1.24999279
0.9795918367346939,0.8734693877551021,1.24977976,1.24999375
0.9795918367346939,0.8653061224489795,1.24977984,1.24999259
0.9795918367346939,0.8571428571428572,1.24978047,1.24999291
0.9795918367346939,0.8489795918367347,1.24978115,1.24999328
0.9795918367346939,0.8408163265306122,1.24978198,1.24999462
0.9795918367346939,0.8326530612244898,1.24978029,1.24999406
0.9795918367346939,0.8244897959183674,1.24977984,1.24999356
0.9795918367346939,0.8163265306122449,1.24978242,1.24999251
0.9795918367346939,0.8081632653061225,1.24978057,1.2499935
0.9795918367346939,0.8,1.24978004,1.24999468
0.9714285714285714,1.2,1.24977898,1.24999287
0.9714285714285714,1.1918367346938774,1.24977997,1.24999145
0.9714285714285714,1.183673469387755,1.2497787,1.24999369
0.9714285714285714,1.1755102040816325,1.24977893,1.24999302
0.9714285714285714,1.1673469387755102,1.2497812,1.24999537
0.9714285714285714,1.1591836734693877,1.2497811,1.24999397
0.9714285714285714,1.1510204081632653,1.24977997,1.24999371
0.9714285714285714,1.1428571428571428,1.24978146,1.24999444
0.9714285714285714,1.1346938775510205,1.24978055,1.24999369
0.9714285714285714,1.126530612244898,1.24978191,1.24999251
0.9714285714285714,1.1183673469387754,1.24978262,1.24999214
0.9714285714285714,1.110204081632653,1.24978108,1.24999207
0.9714285714285714,1.1020408163265305,1.24977964,1.24999406
0.9714285714285714,1.0938775510204082,1.24977933,1.24999117
0.9714285714285714,1.0857142857142856,1.24977967,1.24999259
0.9714285714285714,1.0775510204081633,1.24977921,1.24999182
0.9714285714285714,1.0693877551020408,1.24977739,1.24999369
0.9714285714285714,1.0612244897959184,1.24977885,1.24999238
0.9714285714285714,1.0530612244897959,1.24978095,1.24999313
0.9714285714285714,1.0448979591836736,1.24977893,1.24999274
0.9714285714285714,1.036734693877551,1.24977881,1.24999315
0.9714285714285714,1.0285714285714285,1.24977984,1.24999399
0.9714285714285714,1.0204081632653061,1.24977929,1.24999425
0.9714285714285714,1.0122448979591836,1.24978274,1.24999319
0.9714285714285714,1.0040816326530613,1.24977838,1.24999337
0.9714285714285714,0.9959183673469387,1.24978067,1.24999393
0.9714285714285714,0.9877551020408163,1.24977944,1.2499935
0.9714285714285714,0.9795918367346939,1.24977853,1.24999229
0.9714285714285714,0.9714285714285714,1.24977921,1.24999322
0.9714285714285714,0.963265306122449,1.24978135,1.24999223
0.9714285714285714,0.9551020408163265,1.2497806,1.24999515
0.9714285714285714,0.9469387755102041,1.24978027,1.24999024
0.9714285714285714,0.9387755102040816,1.24978095,1.24999406
0.9714285714285714,0.9306122448979592,1.24978151,1.24999313
0.9714285714285714,0.9224489795918367,1.24978047,1.24999406
0.9714285714285714,0.9142857142857143,1.2497812,1.24999468
0.9714285714285714,0.9061224489795918,1.24977956,1.24999434
0.9714285714285714,0.8979591836734694,1.24977893,1.24999384
0.9714285714285714,0.889795918367347,1.2497812,1.24999502
0.9714285714285714,0.8816326530612244,1.24977956,1.24999307
0.9714285714285714,0.8734693877551021,1.24977876,1.24999322
0.9714285714285714,0.8653061224489795,1.24978269,1.24999412
0.9714285714285714,0.8571428571428572,1.24978118,1.24999414
0.9714285714285714,0.8489795918367347,1.2497775,1.24999322
0.9714285714285714,0.8408163265306122,1.24977969,1.24999216
0.9714285714285714,0.8326530612244898,1.2497812,1.24999395
0.9714285714285714,0.8244897959183674,1.24978012,1.24999326
0.9714285714285714,0.8163265306122449,1.24977908,1.24999179
0.9714285714285714,0.8081632653061225,1.2497813,1.2499922
0.9714285714285714,0.8,1.24977881,1.24999414
0.963265306122449,1.2,1.24977873,1.24999502
0.963265306122449,1.1918367346938774,1.24978128,1.24999257
0.963265306122449,1.183673469387755,1.24978246,1.24999285
0.963265306122449,1.1755102040816325,1.24978189,1.24999496
0.963265306122449,1.1673469387755102,1.24977992,1.2499924
0.963265306122449,1.1591836734693877,1.24978083,1.24999266
0.963265306122449,1.1510204081632653,1.24977956,1.24999384
0.963265306122449,1.1428571428571428,1.24978055,1.2499935
0.963265306122449,1.1346938775510205,1.24977997,1.24999391
0.963265306122449,1.126530612244898,1.24978095,1.24999272
0.963265306122449,1.1183673469387754,1.24978115,1.24999378
0.963265306122449,1.110204081632653,1.24977999,1.24999505
0.963265306122449,1.1020408163265305,1.24977888,1.24999363
0.963265306122449,1.0938775510204082,1.24977952,1.24999322
0.963265306122449,1.0857142857142856,1.24978047,1.24999335
0.963265306122449,1.0775510204081633,1.2497789,1.24999391
0.963265306122449,1.0693877551020408,1.24977936,1.2499944
0.963265306122449,1.0612244897959184,1.24978044,1.24999363
0.963265306122449,1.0530612244897959,1.24977881,1.24999391
0.963265306122449,1.0448979591836736,1.24977936,1.24999378
0.963265306122449,1.036734693877551,1.24978087,1.24999434
0.963265306122449,1.0285714285714285,1.2497834,1.24999425
0.963265306122449,1.0204081632653061,1.24977961,1.24999369
0.963265306122449,1.0122448979591836,1.24977959,1.24999593
0.963265306122449,1.0040816326530613,1.24977908,1.24999145
0.963265306122449,0.9959183673469387,1.24978113,1.24999313
0.963265306122449,0.9877551020408163,1.24977999,1.24999274
0.963265306122449,0.9795918367346939,1.24978325,1.24999315
0.963265306122449,0.9714285714285714,1.24977913,1.24999313
0.963265306122449,0.963265306122449,1.24977818,1.24999328
0.963265306122449,0.9551020408163265,1.24977833,1.249993
0.963265306122449,0.9469387755102041,1.24978024,1.24999593
0.963265306122449,0.9387755102040816,1.24977921,1.24999266
0.963265306122449,0.9306122448979592,1.24977916,1.24999257
0.963265306122449,0.9224489795918367,1.24977956,1.24999369
0.963265306122449,0.9142857142857143,1.24978234,1.24999574
0.963265306122449,0.9061224489795918,1.24978198,1.24999328
0.963265306122449,0.8979591836734694,1.24978024,1.24999481
0.963265306122449,0.889795918367347,1.24977916,1.2499953
0.963265306122449,0.8816326530612244,1.2497806,1.24999229
0.963265306122449,0.8734693877551021,1.24978418,1.24999272
0.963265306122449,0.8653061224489795,1.24978067,1.24999335
0.963265306122449,0.8571428571428572,1.2497806,1.24999431
0.963265306122449,0.8489795918367347,1.24978067,1.24999315
0.963265306122449,0.8408163265306122,1.24977848,1.24999614
0.963265306122449,0.8326530612244898,1.24978135,1.24999574
0.963265306122449,0.8244897959183674,1.24978095,1.24999313
0.963265306122449,0.8163265306122449,1.24977782,1.2499953
0.963265306122449,0.8081632653061225,1.24977777,1.24999574
0.963265306122449,0.8,1.24978063,1.24999397
0.9551020408163265,1.2,1.24977888,1.24999421
0.9551020408163265,1.1918367346938774,1.24978087,1.24999552
0.9551020408163265,1.183673469387755,1.24977921,1.24999431
0.9551020408163265,1.1755102040816325,1.24977976,1.24999434
0.9551020408163265,1.1673469387755102,1.24978103,1.24999235
0.9551020408163265,1.1591836734693877,1.24977787,1.24999279
0.9551020408163265,1.1510204081632653,1.24977969,1.24999574
0.9551020408163265,1.1428571428571428,1.24977941,1.24999518
0.9551020408163265,1.1346938775510205,1.24977953,1.24999462
0.9551020408163265,1.126530612244898,1.24978052,1.24999397
0.9551020408163265,1.1183673469387754,1.24978171,1.24999343
0.9551020408163265,1.110204081632653,1.2497806,1.24999446
0.9551020408163265,1.1020408163265305,1.24977995,1.24999384
0.9551020408163265,1.0938775510204082,1.24977828,1.24999319
0.9551020408163265,1.0857142857142856,1.24978353,1.24999496
0.9551020408163265,1.0775510204081633,1.24978037,1.24999399
0.9551020408163265,1.0693877551020408,1.24977936,1.24999565
0.9551020408163265,1.0612244897959184,1.24977936,1.24999216
0.9551020408163265,1.0530612244897959,1.24978015,1.24999378
0.9551020408163265,1.0448979591836736,1.24978126,1.24999453
0.9551020408163265,1.036734693877551,1.24977984,1.24999304
0.9551020408163265,1.0285714285714285,1.24978237,1.24999466
0.9551020408163265,1.0204081632653061,1.24978032,1.24999266
0.9551020408163265,1.0122448979591836,1.24978019,1.24999347
0.9551020408163265,1.0040816326530613,1.24977939,1.24999434
0.9551020408163265,0.9959183673469387,1.24978174,1.24999169
0.9551020408163265,0.9877551020408163,1.24978158,1.24999341
0.9551020408163265,0.9795918367346939,1.24977952,1.24999251
0.9551020408163265,0.9714285714285714,1.24978194,1.24999231
0.9551020408163265,0.963265306122449,1.24978004,1.24999319
0.9551020408163265,0.9551020408163265,1.24978234,1.24999533
0.9551020408163265,0.9469387755102041,1.24977964,1.24999294
0.9551020408163265,0.9387755102040816,1.24978108,1.24999167
0.9551020408163265,0.9306122448979592,1.24978249,1.24999477
0.9551020408163265,0.9224489795918367,1.2497811,1.24999403
0.9551020408163265,0.9142857142857143,1.24977956,1.24999474
0.9551020408163265,0.9061224489795918,1.24977785,1.24999384
0.9551020408163265,0.8979591836734694,1.24978148,1.24999285
0.9551020408163265,0.889795918367347,1.24977974,1.2499927
0.9551020408163265,0.8816326530612244,1.24978004,1.24999332
0.9551020408163265,0.8734693877551021,1.24978115,1.24999195
0.9551020408163265,0.8653061224489795,1.24978198,1.24999266
0.9551020408163265,0.8571428571428572,1.24978221,1.24999414
0.9551020408163265,0.8489795918367347,1.24977992,1.24999341
0.9551020408163265,0.8408163265306122,1.24978403,1.24999272
0.9551020408163265,0.8326530612244898,1.24978266,1.24999285
0.9551020408163265,0.8244897959183674,1.24977782,1.24999108
0.9551020408163265,0.8163265306122449,1.24978325,1.24999509
0.9551020408163265,0.8081632653061225,1.24977913,1.24999201
0.9551020408163265,0.8,1.24978095,1.24999257
0.9469387755102041,1.2,1.24978063,1.24999337
0.9469387755102041,1.1918367346938774,1.24978103,1.24999195
0.9469387755102041,1.183673469387755,1.24977921,1.24999546
0.9469387755102041,1.1755102040816325,1.24977959,1.24999291
0.9469387755102041,1.1673469387755102,1.24977989,1.24999216
0.9469387755102041,1.1591836734693877,1.24977936,1.2499953
0.9469387755102041,1.1510204081632653,1.2497783,1.2499919
0.9469387755102041,1.1428571428571428,1.24977956,1.24999272
0.9469387755102041,1.1346938775510205,1.24978161,1.24999533
0.9469387755102041,1.126530612244898,1.24978197,1.24999459
0.9469387755102041,1.1183673469387754,1.24978128,1.24999307
0.9469387755102041,1.110204081632653,1.24977921,1.24999464
0.9469387755102041,1.1020408163265305,1.24978063,1.24999201
0.9469387755102041,1.0938775510204082,1.24978171,1.24999369
0.9469387755102041,1.0857142857142856,1.24978158,1.24999195
0.9469387755102041,1.0775510204081633,1.2497805,1.24999449
0.9469387755102041,1.0693877551020408,1.24977931,1.24999502
0.9469387755102041,1.0612244897959184,1.24978123,1.24999347
0.9469387755102041,1.0530612244897959,1.24978166,1.24999391
0.9469387755102041,1.0448979591836736,1.24978032,1.24999466
0.9469387755102041,1.036734693877551,1.24978277,1.2499941
0.9469387755102041,1.0285714285714285,1.24978123,1.2499941
0.9469387755102041,1.0204081632653061,1.24977896,1.2499935
0.9469387755102041,1.0122448979591836,1.24978083,1.24999369
0.9469387755102041,1.0040816326530613,1.24978019,1.2499958
0.9469387755102041,0.9959183673469387,1.24978312,1.24999391
0.9469387755102041,0.9877551020408163,1.24977933,1.24999455
0.9469387755102041,0.9795918367346939,1.2497832,1.24999332
0.9469387755102041,0.9714285714285714,1.24978209,1.24999518
0.9469387755102041,0.963265306122449,1.24978163,1.2499935
0.9469387755102041,0.9551020408163265,1.2497809,1.24999567
0.9469387755102041,0.9469387755102041,1.24977853,1.24999434
0.9469387755102041,0.9387755102040816,1.24977861,1.24999412
0.9469387755102041,0.9306122448979592,1.24977992,1.24999279
0.9469387755102041,0.9224489795918367,1.24978309,1.24999315
0.9469387755102041,0.9142857142857143,1.24977959,1.2499944
0.9469387755102041,0.9061224489795918,1.24978055,1.24999272
0.9469387755102041,0.8979591836734694,1.24978201,1.24999462
0.9469387755102041,0.889795918367347,1.24977929,1.24999571
0.9469387755102041,0.8816326530612244,1.24978055,1.24999315
0.9469387755102041,0.8734693877551021,1.24977799,1.2499907
0.9469387755102041,0.8653061224489795,1.24978155,1.24999453
0.9469387755102041,0.8571428571428572,1.24978075,1.2499921
0.9469387755102041,0.8489795918367347,1.2497809,1.2499907
0.9469387755102041,0.8408163265306122,1.2497809,1.24999225
0.9469387755102041,0.8326530612244898,1.24978174,1.24999474
0.9469387755102041,0.8244897959183674,1.24978128,1.2499953
0.9469387755102041,0.8163265306122449,1.24978095,1.24999518
0.9469387755102041,0.8081632653061225,1.24977979,1.24999414
0.9469387755102041,0.8,1.24978289,1.24999418
0.9387755102040816,1.2,1.24977972,1.24999384
0.9387755102040816,1.1918367346938774,1.24978194,1.24999406
0.9387755102040816,1.183673469387755,1.24978305,1.24999399
0.9387755102040816,1.1755102040816325,1.24978206,1.24999335
0.9387755102040816,1.1673469387755102,1.24978171,1.24999319
0.9387755102040816,1.1591836734693877,1.24978004,1.24999515
0.9387755102040816,1.1510204081632653,1.24977745,1.24999378
0.9387755102040816,1.1428571428571428,1.24978178,1.24999186
0.9387755102040816,1.1346938775510205,1.2497833,1.24999182
0.9387755102040816,1.126530612244898,1.24978186,1.24999328
0.9387755102040816,1.1183673469387754,1.24978229,1.24999281
0.9387755102040816,1.110204081632653,1.2497783,1.24999384
0.9387755102040816,1.1020408163265305,1.24977941,1.24999543
0.9387755102040816,1.0938775510204082,1.2497813,1.249993
0.9387755102040816,1.0857142857142856,1.24978171,1.24999427
0.9387755102040816,1.0775510204081633,1.24978163,1.24999251
0.9387755102040816,1.0693877551020408,1.24978078,1.24999733
0.9387755102040816,1.0612244897959184,1.24978237,1.24999272
0.9387755102040816,1.0530612244897959,1.24977762,1.24999173
0.9387755102040816,1.0448979591836736,1.24978072,1.24999132
0.9387755102040816,1.036734693877551,1.24977913,1.24999223
0.9387755102040816,1.0285714285714285,1.24977956,1.24999285
0.9387755102040816,1.0204081632653061,1.24977984,1.24999391
0.9387755102040816,1.0122448979591836,1.24978175,1.24999511
0.9387755102040816,1.0040816326530613,1.24977979,1.24999397
0.9387755102040816,0.9959183673469387,1.24978017,1.24999397
0.9387755102040816,0.9877551020408163,1.24978292,1.24999117
0.9387755102040816,0.9795918367346939,1.2497813,1.24999151
0.9387755102040816,0.9714285714285714,1.24977888,1.24999406
0.9387755102040816,0.963265306122449,1.24978019,1.24999431
0.9387755102040816,0.9551020408163265,1.24977888,1.24999332
0.9387755102040816,0.9469387755102041,1.24978032,1.24999223
0.9387755102040816,0.9387755102040816,1.24978042,1.24999272
0.9387755102040816,0.9306122448979592,1.24978211,1.24999546
0.9387755102040816,0.9224489795918367,1.24978118,1.24999337
0.9387755102040816,0.9142857142857143,1.24977956,1.24999378
0.9387755102040816,0.9061224489795918,1.24977848,1.24999214
0.9387755102040816,0.8979591836734694,1.24978118,1.24999266
0.9387755102040816,0.889795918367347,1.24977787,1.24999356
0.9387755102040816,0.8816326530612244,1.24978004,1.24999446
0.9387755102040816,0.8734693877551021,1.2497804,1.24999397
0.9387755102040816,0.8653061224489795,1.24978032,1.24999638
0.9387755102040816,0.8571428571428572,1.24977825,1.24999315
0.9387755102040816,0.8489795918367347,1.24978229,1.24999378
0.9387755102040816,0.8408163265306122,1.24978022,1.24999341
0.9387755102040816,0.8326530612244898,1.24978246,1.24999442
0.9387755102040816,0.8244897959183674,1.24978063,1.24999253
0.9387755102040816,0.8163265306122449,1.24978242,1.24999591
0.9387755102040816,0.8081632653061225,1.24978019,1.24999343
0.9387755102040816,0.8,1.24978067,1.24999418
0.9306122448979592,1.2,1.24977956,1.24999449
0.9306122448979592,1.1918367346938774,1.24977999,1.24999509
0.9306122448979592,1.183673469387755,1.24978075,1.24999272
0.9306122448979592,1.1755102040816325,1.24978138,1.24999313
0.9306122448979592,1.1673469387755102,1.24978113,1.24999335
0.9306122448979592,1.1591836734693877,1.24977941,1.24999195
0.9306122448979592,1.1510204081632653,1.2497805,1.24999276
0.9306122448979592,1.1428571428571428,1.2497838,1.24999567
0.9306122448979592,1.1346938775510205,1.24978044,1.24999238
0.9306122448979592,1.126530612244898,1.24978115,1.24999427
0.9306122448979592,1.1183673469387754,1.24978231,1.24999468
0.9306122448979592,1.110204081632653,1.24978357,1.24998982
0.9306122448979592,1.1020408163265305,1.2497813,1.2499927
0.9306122448979592,1.0938775510204082,1.24977838,1.24999434
0.9306122448979592,1.0857142857142856,1.24978226,1.24999119
0.9306122448979592,1.0775510204081633,1.24977885,1.249993
0.9306122448979592,1.0693877551020408,1.24977876,1.24999328
0.9306122448979592,1.0612244897959184,1.24977904,1.24999225
0.9306122448979592,1.0530612244897959,1.2497804,1.24999412
0.9306122448979592,1.0448979591836736,1.24978194,1.24999427
0.9306122448979592,1.036734693877551,1.24978035,1.24999354
0.9306122448979592,1.0285714285714285,1.24977921,1.24999289
0.9306122448979592,1.0204081632653061,1.24978214,1.24999363
0.9306122448979592,1.0122448979591836,1.24978262,1.24999382
0.9306122448979592,1.0040816326530613,1.24977747,1.2499941
0.9306122448979592,0.9959183673469387,1.2497808,1.24999477
0.9306122448979592,0.9877551020408163,1.2497806,1.24999421
0.9306122448979592,0.9795918367346939,1.24978007,1.24999259
0.9306122448979592,0.9714285714285714,1.24977926,1.2499919
0.9306122448979592,0.963265306122449,1.24977774,1.24999251
0.9306122448979592,0.9551020408163265,1.24978004,1.24999173
0.9306122448979592,0.9469387755102041,1.24978019,1.24999162
0.9306122448979592,0.9387755102040816,1.24978155,1.24999356
0.9306122448979592,0.9306122448979592,1.24978035,1.24999173
0.9306122448979592,0.9224489795918367,1.24978032,1.24999384
0.9306122448979592,0.9142857142857143,1.24978163,1.24999272
0.9306122448979592,0.9061224489795918,1.24977908,1.24999259
0.9306122448979592,0.8979591836734694,1.249783,1.249991
0.9306122448979592,0.889795918367347,1.24978178,1.24999347
0.9306122448979592,0.8816326530612244,1.24978217,1.24999356
0.9306122448979592,0.8734693877551021,1.24978103,1.24999358
0.9306122448979592,0.8653061224489795,1.24978095,1.24999203
0.9306122448979592,0.8571428571428572,1.24978063,1.24999158
0.9306122448979592,0.8489795918367347,1.2497812,1.2499935
0.9306122448979592,0.8408163265306122,1.24978277,1.2499936
0.9306122448979592,0.8326530612244898,1.24978085,1.24999369
0.9306122448979592,0.8244897959183674,1.24977924,1.24999266
0.9306122448979592,0.8163265306122449,1.24978171,1.24999216
0.9306122448979592,0.8081632653061225,1.24978262,1.24999005
0.9306122448979592,0.8,1.2497811,1.24999378
0.9224489795918367,1.2,1.24978242,1.24999412
0.9224489795918367,1.1918367346938774,1.24978214,1.24999294
0.9224489795918367,1.183673469387755,1.24978368,1.24999496
0.9224489795918367,1.1755102040816325,1.24978357,1.24999453
0.9224489795918367,1.1673469387755102,1.24978095,1.24999119
0.9224489795918367,1.1591836734693877,1.24978052,1.24999328
0.9224489795918367,1.1510204081632653,1.24978118,1.2499952
0.9224489795918367,1.1428571428571428,1.24978201,1.24999356
0.9224489795918367,1.1346938775510205,1.2497828,1.24999474
0.9224489795918367,1.126530612244898,1.24978194,1.24999253
0.9224489795918367,1.1183673469387754,1.2497811,1.24999375
0.9224489795918367,1.110204081632653,1.2497806,1.24999474
0.9224489795918367,1.1020408163265305,1.24978123,1.24999487
0.9224489795918367,1.0938775510204082,1.24978234,1.24999384
0.9224489795918367,1.0857142857142856,1.24977956,1.24999341
0.9224489795918367,1.0775510204081633,1.24978385,1.24999595
0.9224489795918367,1.0693877551020408,1.24978194,1.24999378
0.9224489795918367,1.0612244897959184,1.24977906,1.24999063
0.9224489795918367,1.0530612244897959,1.24978143,1.24999375
0.9224489795918367,1.0448979591836736,1.24978272,1.24999231
0.9224489795918367,1.036734693877551,1.24977989,1.24999164
0.9224489795918367,1.0285714285714285,1.24977999,1.24999139
0.9224489795918367,1.0204081632653061,1.24977822,1.24999371
0.9224489795918367,1.0122448979591836,1.24978035,1.24999307
0.9224489795918367,1.0040816326530613,1.24977893,1.24999229
0.9224489795918367,0.9959183673469387,1.24977936,1.24999518
0.9224489795918367,0.9877551020408163,1.24978277,1.24999363
0.9224489795918367,0.9795918367346939,1.24977797,1.249993
0.9224489795918367,0.9714285714285714,1.24978015,1.24999496
0.9224489795918367,0.963265306122449,1.24978221,1.24999449
0.9224489795918367,0.9551020408163265,1.24978138,1.24999425
0.9224489795918367,0.9469387755102041,1.24978186,1.24999238
0.9224489795918367,0.9387755102040816,1.24977941,1.24999363
0.9224489795918367,0.9306122448979592,1.24977774,1.24999203
0.9224489795918367,0.9224489795918367,1.24978067,1.24999403
0.9224489795918367,0.9142857142857143,1.24978368,1.24999279
0.9224489795918367,0.9061224489795918,1.24977901,1.249993
0.9224489795918367,0.8979591836734694,1.2497813,1.24999446
0.9224489795918367,0.889795918367347,1.24977845,1.24999399
0.9224489795918367,0.8816326530612244,1.24977984,1.24999322
0.9224489795918367,0.8734693877551021,1.24978027,1.24999384
0.9224489795918367,0.8653061224489795,1.24978178,1.24999266
0.9224489795918367,0.8571428571428572,1.24977885,1.24999537
0.9224489795918367,0.8489795918367347,1.2497783,1.24999397
0.9224489795918367,0.8408163265306122,1.24978257,1.24999403
0.9224489795918367,0.8326530612244898,1.24977785,1.24999363
0.9224489795918367,0.8244897959183674,1.2497804,1.24999309
0.9224489795918367,0.8163265306122449,1.24978007,1.24999266
0.9224489795918367,0.8081632653061225,1.24978138,1.24999446
0.9224489795918367,0.8,1.24977926,1.24999315
0.9142857142857143,1.2,1.24978019,1.2499944
0.9142857142857143,1.1918367346938774,1.24978017,1.24999403
0.9142857142857143,1.183673469387755,1.24978044,1.24999431
0.9142857142857143,1.1755102040816325,1.24977944,1.24999356
0.9142857142857143,1.1673469387755102,1.2497811,1.24999328
0.9142857142857143,1.1591836734693877,1.2497828,1.2499944
0.9142857142857143,1.1510204081632653,1.2497813,1.24999057
0.9142857142857143,1.1428571428571428,1.24978226,1.24999391
0.9142857142857143,1.1346938775510205,1.24978087,1.2499938
0.9142857142857143,1.126530612244898,1.24978221,1.24999498
0.9142857142857143,1.1183673469387754,1.24978249,1.249993
0.9142857142857143,1.110204081632653,1.2497784,1.24999132
0.9142857142857143,1.1020408163265305,1.24978211,1.249993
0.9142857142857143,1.0938775510204082,1.24978143,1.2499953
0.9142857142857143,1.0857142857142856,1.24977528,1.24999337
0.9142857142857143,1.0775510204081633,1.24978174,1.24999272
0.9142857142857143,1.0693877551020408,1.24978055,1.24999315
0.9142857142857143,1.0612244897959184,1.24978027,1.24999543
0.9142857142857143,1.0530612244897959,1.24977987,1.24999477
0.9142857142857143,1.0448979591836736,1.24977838,1.24999384
0.9142857142857143,1.036734693877551,1.24977924,1.24999108
0.9142857142857143,1.0285714285714285,1.24977984,1.24999522
0.9142857142857143,1.0204081632653061,1.24978012,1.24999354
0.9142857142857143,1.0122448979591836,1.2497804,1.24999207
0.9142857142857143,1.0040816326530613,1.24977967,1.24999369
0.9142857142857143,0.9959183673469387,1.24978118,1.24999384
0.9142857142857143,0.9877551020408163,1.24977997,1.24999371
0.9142857142857143,0.9795918367346939,1.24977724,1.24999421
0.9142857142857143,0.9714285714285714,1.24978055,1.24999578
0.9142857142857143,0.963265306122449,1.24978158,1.24999418
0.9142857142857143,0.9551020408163265,1.24977984,1.24999313
0.9142857142857143,0.9469387755102041,1.24978302,1.24999315
0.9142857142857143,0.9387755102040816,1.2497804,1.24999251
0.9142857142857143,0.9306122448979592,1.24978169,1.24999229
0.9142857142857143,0.9224489795918367,1.24977946,1.24999356
0.9142857142857143,0.9142857142857143,1.2497811,1.24999279
0.9142857142857143,0.9061224489795918,1.24977972,1.24999468
0.9142857142857143,0.8979591836734694,1.24977989,1.24999343
0.9142857142857143,0.889795918367347,1.24978448,1.24999391
0.9142857142857143,0.8816326530612244,1.24978047,1.24999431
0.9142857142857143,0.8734693877551021,1.24978123,1.24999442
0.9142857142857143,0.8653061224489795,1.24977774,1.24999347
0.9142857142857143,0.8571428571428572,1.24978012,1.24999393
0.9142857142857143,0.8489795918367347,1.24978037,1.24999272
0.9142857142857143,0.8408163265306122,1.24978254,1.24999145
0.9142857142857143,0.8326530612244898,1.24977825,1.24999369
0.9142857142857143,0.8244897959183674,1.24978171,1.24999444
0.9142857142857143,0.8163265306122449,1.24978017,1.24999307
0.9142857142857143,0.8081632653061225,1.2497808,1.24999307
0.9142857142857143,0.8,1.24977979,1.24999313
0.9061224489795918,1.2,1.24977699,1.24999614
0.9061224489795918,1.1918367346938774,1.24977876,1.24999309
0.9061224489795918,1.183673469387755,1.24978128,1.2499904
0.9061224489795918,1.1755102040816325,1.24978163,1.24999399
0.9061224489795918,1.1673469387755102,1.24978044,1.24999294
0.9061224489795918,1.1591836734693877,1.24978168,1.24999074
0.9061224489795918,1.1510204081632653,1.24977785,1.24999042
0.9061224489795918,1.1428571428571428,1.24978123,1.24999524
0.9061224489795918,1.1346938775510205,1.24978108,1.24999132
0.9061224489795918,1.126530612244898,1.24978244,1.2499904
0.9061224489795918,1.1183673469387754,1.24977881,1.24999266
0.9061224489795918,1.110204081632653,1.24978095,1.24999393
0.9061224489795918,1.1020408163265305,1.2497787,1.2499913
0.9061224489795918,1.0938775510204082,1.24977929,1.24999263
0.9061224489795918,1.0857142857142856,1.24978181,1.24999279
0.9061224489795918,1.0775510204081633,1.24978083,1.24999145
0.9061224489795918,1.0693877551020408,1.24977838,1.24999322
0.9061224489795918,1.0612244897959184,1.24977964,1.24999279
0.9061224489795918,1.0530612244897959,1.24978017,1.2499941
0.9061224489795918,1.0448979591836736,1.24978055,1.24999182
0.9061224489795918,1.036734693877551,1.24978305,1.24999326
0.9061224489795918,1.0285714285714285,1.24977961,1.24999397
0.9061224489795918,1.0204081632653061,1.24977924,1.2499935
0.9061224489795918,1.0122448979591836,1.24978249,1.24999311
0.9061224489795918,1.0040816326530613,1.24977989,1.24999341
0.9061224489795918,0.9959183673469387,1.24977959,1.24999287
0.9061224489795918,0.9877551020408163,1.24978095,1.24999434
0.9061224489795918,0.9795918367346939,1.24978168,1.24999474
0.9061224489795918,0.9714285714285714,1.24978012,1.24999412
0.9061224489795918,0.963265306122449,1.24977992,1.24999294
0.9061224489795918,0.9551020408163265,1.24978166,1.24999244
0.9061224489795918,0.9469387755102041,1.2497783,1.24999322
0.9061224489795918,0.9387755102040816,1.24978168,1.24999272
0.9061224489795918,0.9306122448979592,1.24978166,1.24999365
0.9061224489795918,0.9224489795918367,1.24978166,1.2499947
0.9061224489795918,0.9142857142857143,1.24978206,1.24999326
0.9061224489795918,0.9061224489795918,1.24978004,1.24999384
0.9061224489795918,0.8979591836734694,1.24978012,1.24999444
0.9061224489795918,0.889795918367347,1.2497811,1.24999205
0.9061224489795918,0.8816326530612244,1.24978126,1.24999287
0.9061224489795918,0.8734693877551021,1.24978035,1.2499958
0.9061224489795918,0.8653061224489795,1.24978042,1.24999356
0.9061224489795918,0.8571428571428572,1.24977939,1.2499941
0.9061224489795918,0.8489795918367347,1.24978063,1.24999403
0.9061224489795918,0.8408163265306122,1.24977742,1.24999283
0.9061224489795918,0.8326530612244898,1.2497828,1.24999369
0.9061224489795918,0.8244897959183674,1.24978308,1.24999231
0.9061224489795918,0.8163265306122449,1.24977964,1.24999528
0.9061224489795918,0.8081632653061225,1.24978305,1.2499953
0.9061224489795918,0.8,1.24978012,1.24999431
0.8979591836734694,1.2,1.24978115,1.24999552
0.8979591836734694,1.1918367346938774,1.24978103,1.24999384
0.8979591836734694,1.183673469387755,1.2497808,1.24999294
0.8979591836734694,1.1755102040816325,1.24978309,1.24999539
0.8979591836734694,1.1673469387755102,1.24978282,1.24999216
0.8979591836734694,1.1591836734693877,1.24978118,1.2499935
0.8979591836734694,1.1510204081632653,1.24978217,1.2499921
0.8979591836734694,1.1428571428571428,1.2497784,1.24999319
0.8979591836734694,1.1346938775510205,1.24977949,1.24999375
0.8979591836734694,1.126530612244898,1.24978118,1.2499953
0.8979591836734694,1.1183673469387754,1.24978027,1.2499944
0.8979591836734694,1.110204081632653,1.24978024,1.24999446
0.8979591836734694,1.1020408163265305,1.24978022,1.24999621
0.8979591836734694,1.0938775510204082,1.24978012,1.24999397
0.8979591836734694,1.0857142857142856,1.24978055,1.24999474
0.8979591836734694,1.0775510204081633,1.24977997,1.24999466
0.8979591836734694,1.0693877551020408,1.24978388,1.24999244
0.8979591836734694,1.0612244897959184,1.24978012,1.24999384
0.8979591836734694,1.0530612244897959,1.24977901,1.24999279
0.8979591836734694,1.0448979591836736,1.24978163,1.24999238
0.8979591836734694,1.036734693877551,1.24977997,1.24999565
0.8979591836734694,1.0285714285714285,1.24977936,1.24999515
0.8979591836734694,1.0204081632653061,1.24978302,1.2499935
0.8979591836734694,1.0122448979591836,1.24978234,1.24999061
0.8979591836734694,1.0040816326530613,1.24978064,1.24999341
0.8979591836734694,0.9959183673469387,1.24978229,1.24999365
0.8979591836734694,0.9877551020408163,1.2497804,1.24999102
0.8979591836734694,0.9795918367346939,1.24978138,1.24999434
0.8979591836734694,0.9714285714285714,1.24978047,1.24999343
0.8979591836734694,0.963265306122449,1.24978019,1.2499967
0.8979591836734694,0.9551020408163265,1.24978234,1.24999279
0.8979591836734694,0.9469387755102041,1.24977964,1.24999111
0.8979591836734694,0.9387755102040816,1.24978138,1.24999214
0.8979591836734694,0.9306122448979592,1.24977898,1.24999313
0.8979591836734694,0.9224489795918367,1.24978012,1.24999315
0.8979591836734694,0.9142857142857143,1.24978095,1.24999369
0.8979591836734694,0.9061224489795918,1.24978012,1.24999302
0.8979591836734694,0.8979591836734694,1.2497804,1.24999524
0.8979591836734694,0.889795918367347,1.24977921,1.2499949
0.8979591836734694,0.8816326530612244,1.24977952,1.24999192
0.8979591836734694,0.8734693877551021,1.2497833,1.24999287
0.8979591836734694,0.8653061224489795,1.24977856,1.24999511
0.8979591836734694,0.8571428571428572,1.24977979,1.24999033
0.8979591836734694,0.8489795918367347,1.2497813,1.24999446
0.8979591836734694,0.8408163265306122,1.24977822,1.24999244
0.8979591836734694,0.8326530612244898,1.24978012,1.24999425
0.8979591836734694,0.8244897959183674,1.24978226,1.24999524
0.8979591836734694,0.8163265306122449,1.24978266,1.24999403
0.8979591836734694,0.8081632653061225,1.24978171,1.24999274
0.8979591836734694,0.8,1.24977989,1.24999186
0.889795918367347,1.2,1.24978027,1.24999369
0.889795918367347,1.1918367346938774,1.24977959,1.24999554
0.889795918367347,1.183673469387755,1.24977888,1.24999406
0.889795918367347,1.1755102040816325,1.24978305,1.24999337
0.889795918367347,1.1673469387755102,1.24977959,1.24999326
0.889795918367347,1.1591836734693877,1.24978186,1.24999298
0.889795918367347,1.1510204081632653,1.24978047,1.24999537
0.889795918367347,1.1428571428571428,1.24978143,1.2499953
0.889795918367347,1.1346938775510205,1.24977995,1.24999369
0.889795918367347,1.126530612244898,1.24978009,1.24999546
0.889795918367347,1.1183673469387754,1.24978007,1.2499941
0.889795918367347,1.110204081632653,1.2497804,1.2499936
0.889795918367347,1.1020408163265305,1.24978075,1.24999612
0.889795918367347,1.0938775510204082,1.24977901,1.24999203
0.889795918367347,1.0857142857142856,1.24978175,1.24999391
0.889795918367347,1.0775510204081633,1.24978166,1.24999246
0.889795918367347,1.0693877551020408,1.24978297,1.24999132
0.889795918367347,1.0612244897959184,1.24978178,1.24999139
0.889795918367347,1.0530612244897959,1.24978197,1.24999214
0.889795918367347,1.0448979591836736,1.24977972,1.24999182
0.889795918367347,1.036734693877551,1.24978007,1.24999474
0.889795918367347,1.0285714285714285,1.24978044,1.24999599
0.889795918367347,1.0204081632653061,1.24978012,1.24999636
0.889795918367347,1.0122448979591836,1.24978368,1.24999197
0.889795918367347,1.0040816326530613,1.24977959,1.249993
0.889795918367347,0.9959183673469387,1.2497785,1.24999238
0.889795918367347,0.9877551020408163,1.24977939,1.24999427
0.889795918367347,0.9795918367346939,1.24978055,1.24999418
0.889795918367347,0.9714285714285714,1.24977972,1.24999481
0.889795918367347,0.963265306122449,1.24977984,1.24999384
0.889795918367347,0.9551020408163265,1.24977956,1.24999608
0.889795918367347,0.9469387755102041,1.24977961,1.24999412
0.889795918367347,0.9387755102040816,1.24977952,1.24999328
0.889795918367347,0.9306122448979592,1.24978083,1.24999558
0.889795918367347,0.9224489795918367,1.24977992,1.24999279
0.889795918367347,0.9142857142857143,1.24978095,1.24999272
0.889795918367347,0.9061224489795918,1.24978246,1.24999294
0.889795918367347,0.8979591836734694,1.24978138,1.24999363
0.889795918367347,0.889795918367347,1.24978221,1.24999574
0.889795918367347,0.8816326530612244,1.24978055,1.24999106
0.889795918367347,0.8734693877551021,1.24978178,1.24999272
0.889795918367347,0.8653061224489795,1.24978138,1.24999201
0.889795918367347,0.8571428571428572,1.24977972,1.24999397
0.889795918367347,0.8489795918367347,1.2497811,1.24999468
0.889795918367347,0.8408163265306122,1.24978042,1.24999369
0.889795918367347,0.8326530612244898,1.24978262,1.24999384
0.889795918367347,0.8244897959183674,1.24978118,1.24999117
0.889795918367347,0.8163265306122449,1.24977984,1.24999259
0.889795918367347,0.8081632653061225,1.24978337,1.24999244
0.889795918367347,0.8,1.24978138,1.24999686
0.8816326530612244,1.2,1.24978032,1.24999384
0.8816326530612244,1.1918367346938774,1.24978337,1.24999307
0.8816326530612244,1.183673469387755,1.24978027,1.24999291
0.8816326530612244,1.1755102040816325,1.24978103,1.24999257
0.8816326530612244,1.1673469387755102,1.24978221,1.24999371
0.8816326530612244,1.1591836734693877,1.24978214,1.24999354
0.8816326530612244,1.1510204081632653,1.24978158,1.24999335
0.8816326530612244,1.1428571428571428,1.24977929,1.24999388
0.8816326530612244,1.1346938775510205,1.24978007,1.24999401
0.8816326530612244,1.126530612244898,1.24977995,1.24999313
0.8816326530612244,1.1183673469387754,1.24978103,1.24999425
0.8816326530612244,1.110204081632653,1.24977984,1.24999238
0.8816326530612244,1.1020408163265305,1.24977936,1.24999085
0.8816326530612244,1.0938775510204082,1.24978133,1.24999214
0.8816326530612244,1.0857142857142856,1.24978148,1.24999468
0.8816326530612244,1.0775510204081633,1.2497806,1.24999126
0.8816326530612244,1.0693877551020408,1.24978042,1.24999335
0.8816326530612244,1.0612244897959184,1.24978282,1.24999285
0.8816326530612244,1.0530612244897959,1.24978325,1.24999431
0.8816326530612244,1.0448979591836736,1.24978123,1.24999434
0.8816326530612244,1.036734693877551,1.24978004,1.24999257
0.8816326530612244,1.0285714285714285,1.24978171,1.24999505
0.8816326530612244,1.0204081632653061,1.24978115,1.24999502
0.8816326530612244,1.0122448979591836,1.24977881,1.24999505
0.8816326530612244,1.0040816326530613,1.24977972,1.24999412
0.8816326530612244,0.9959183673469387,1.24977818,1.24999322
0.8816326530612244,0.9877551020408163,1.24978312,1.24999496
0.8816326530612244,0.9795918367346939,1.24978257,1.24999546
0.8816326530612244,0.9714285714285714,1.24978153,1.24999453
0.8816326530612244,0.963265306122449,1.24978153,1.24999326
0.8816326530612244,0.9551020408163265,1.2497806,1.24999251
0.8816326530612244,0.9469387755102041,1.2497808,1.24999335
0.8816326530612244,0.9387755102040816,1.24978178,1.24999272
0.8816326530612244,0.9306122448979592,1.24978287,1.24999251
0.8816326530612244,0.9224489795918367,1.24977848,1.24999384
0.8816326530612244,0.9142857142857143,1.24978143,1.2499935
0.8816326530612244,0.9061224489795918,1.24978115,1.24999726
0.8816326530612244,0.8979591836734694,1.24978105,1.24999375
0.8816326530612244,0.889795918367347,1.24978123,1.24999371
0.8816326530612244,0.8816326530612244,1.24978075,1.24999281
0.8816326530612244,0.8734693877551021,1.24978072,1.24999347
0.8816326530612244,0.8653061224489795,1.24977896,1.24999315
0.8816326530612244,0.8571428571428572,1.24978085,1.24999406
0.8816326530612244,0.8489795918367347,1.24977981,1.24999418
0.8816326530612244,0.8408163265306122,1.24978226,1.24999311
0.8816326530612244,0.8326530612244898,1.24978203,1.24999294
0.8816326530612244,0.8244897959183674,1.24978297,1.24999313
0.8816326530612244,0.8163265306122449,1.24978314,1.24999565
0.8816326530612244,0.8081632653061225,1.24977921,1.24999518
0.8816326530612244,0.8,1.24977893,1.24999427
0.8734693877551021,1.2,1.24978027,1.24999412
0.8734693877551021,1.1918367346938774,1.24978264,1.24999117
0.8734693877551021,1.183673469387755,1.24978178,1.24999412
0.8734693877551021,1.1755102040816325,1.24978108,1.24999356
0.8734693877551021,1.1673469387755102,1.2497806,1.24999384
0.8734693877551021,1.1591836734693877,1.24978242,1.24999391
0.8734693877551021,1.1510204081632653,1.24978019,1.24999449
0.8734693877551021,1.1428571428571428,1.24978262,1.24999481
0.8734693877551021,1.1346938775510205,1.24977949,1.24999524
0.8734693877551021,1.126530612244898,1.2497808,1.24999223
0.8734693877551021,1.1183673469387754,1.24977893,1.24999511
0.8734693877551021,1.110204081632653,1.24978022,1.24999214
0.8734693877551021,1.1020408163265305,1.24978103,1.2499921
0.8734693877551021,1.0938775510204082,1.24978126,1.24999216
0.8734693877551021,1.0857142857142856,1.2497813,1.24999391
0.8734693877551021,1.0775510204081633,1.24978047,1.24999216
0.8734693877551021,1.0693877551020408,1.24977876,1.24999139
0.8734693877551021,1.0612244897959184,1.24978229,1.24999179
0.8734693877551021,1.0530612244897959,1.24977944,1.24999257
0.8734693877551021,1.0448979591836736,1.24978024,1.24999287
0.8734693877551021,1.036734693877551,1.24977885,1.24999238
0.8734693877551021,1.0285714285714285,1.24978098,1.24999126
0.8734693877551021,1.0204081632653061,1.24978219,1.24999266
0.8734693877551021,1.0122448979591836,1.24978007,1.24999431
0.8734693877551021,1.0040816326530613,1.24978155,1.24999132
0.8734693877551021,0.9959183673469387,1.24978115,1.24999263
0.8734693877551021,0.9877551020408163,1.24978083,1.24999173
0.8734693877551021,0.9795918367346939,1.24978052,1.24999309
0.8734693877551021,0.9714285714285714,1.24978239,1.24999397
0.8734693877551021,0.963265306122449,1.24978176,1.24999111
0.8734693877551021,0.9551020408163265,1.249781,1.24999253
0.8734693877551021,0.9469387755102041,1.24978206,1.24999341
0.8734693877551021,0.9387755102040816,1.24978262,1.24999363
0.8734693877551021,0.9306122448979592,1.24978166,1.24999119
0.8734693877551021,0.9224489795918367,1.24978123,1.24999502
0.8734693877551021,0.9142857142857143,1.24978216,1.24999272
0.8734693877551021,0.9061224489795918,1.24977997,1.24999446
0.8734693877551021,0.8979591836734694,1.24977984,1.24999257
0.8734693877551021,0.889795918367347,1.24978186,1.24999291
0.8734693877551021,0.8816326530612244,1.24978035,1.24999481
0.8734693877551021,0.8734693877551021,1.24978476,1.24999145
0.8734693877551021,0.8653061224489795,1.24978075,1.24999238
0.8734693877551021,0.8571428571428572,1.24977953,1.24999313
0.8734693877551021,0.8489795918367347,1.24978194,1.24999416
0.8734693877551021,0.8408163265306122,1.24978072,1.24999182
0.8734693877551021,0.8326530612244898,1.24978151,1.24999466
0.8734693877551021,0.8244897959183674,1.24978075,1.24999285
0.8734693877551021,0.8163265306122449,1.24978138,1.24999332
0.8734693877551021,0.8081632653061225,1.24978269,1.24999218
0.8734693877551021,0.8,1.24978175,1.24999403
0.8653061224489795,1.2,1.24978083,1.24999363
0.8653061224489795,1.1918367346938774,1.24977888,1.24999287
0.8653061224489795,1.183673469387755,1.24978166,1.24999328
0.8653061224489795,1.1755102040816325,1.2497808,1.24999438
0.8653061224489795,1.1673469387755102,1.24977939,1.24999375
0.8653061224489795,1.1591836734693877,1.24978201,1.2499921
0.8653061224489795,1.1510204081632653,1.24978052,1.24999175
0.8653061224489795,1.1428571428571428,1.24978171,1.2499921
0.8653061224489795,1.1346938775510205,1.24978368,1.24999356
0.8653061224489795,1.126530612244898,1.24978257,1.2499958
0.8653061224489795,1.1183673469387754,1.24978448,1.24999139
0.8653061224489795,1.110204081632653,1.24978234,1.2499953
0.8653061224489795,1.1020408163265305,1.24978158,1.24999418
0.8653061224489795,1.0938775510204082,1.24977845,1.24999345
0.8653061224489795,1.0857142857142856,1.24978012,1.24999341
0.8653061224489795,1.0775510204081633,1.24978166,1.24999369
0.8653061224489795,1.0693877551020408,1.24978075,1.24999558
0.8653061224489795,1.0612244897959184,1.24978001,1.24999188
0.8653061224489795,1.0530612244897959,1.24977941,1.24999169
0.8653061224489795,1.0448979591836736,1.24978098,1.24999483
0.8653061224489795,1.036734693877551,1.2497781,1.24999313
0.8653061224489795,1.0285714285714285,1.24978108,1.2499955
0.8653061224489795,1.0204081632653061,1.24978194,1.24999468
0.8653061224489795,1.0122448979591836,1.24978024,1.24999251
0.8653061224489795,1.0040816326530613,1.24978012,1.2499935
0.8653061224489795,0.9959183673469387,1.24978027,1.24999203
0.8653061224489795,0.9877551020408163,1.24978163,1.24999391
0.8653061224489795,0.9795918367346939,1.24978194,1.2499944
0.8653061224489795,0.9714285714285714,1.24977924,1.24999343
0.8653061224489795,0.963265306122449,1.24978198,1.24999412
0.8653061224489795,0.9551020408163265,1.24978126,1.24999468
0.8653061224489795,0.9469387755102041,1.2497808,1.24999365
0.8653061224489795,0.9387755102040816,1.24977906,1.24999279
0.8653061224489795,0.9306122448979592,1.24977782,1.24999375
0.8653061224489795,0.9224489795918367,1.24978063,1.24999328
0.8653061224489795,0.9142857142857143,1.24977969,1.24999203
0.8653061224489795,0.9061224489795918,1.24978118,1.24999378
0.8653061224489795,0.8979591836734694,1.24978138,1.24999223
0.8653061224489795,0.889795918367347,1.24978151,1.24999425
0.8653061224489795,0.8816326530612244,1.24978396,1.24999511
0.8653061224489795,0.8734693877551021,1.24978234,1.24999231
0.8653061224489795,0.8653061224489795,1.24977964,1.24999446
0.8653061224489795,0.8571428571428572,1.24978146,1.24999427
0.8653061224489795,0.8489795918367347,1.24978047,1.249993
0.8653061224489795,0.8408163265306122,1.24977992,1.24999251
0.8653061224489795,0.8326530612244898,1.24977984,1.24999328
0.8653061224489795,0.8244897959183674,1.24977853,1.24999238
0.8653061224489795,0.8163265306122449,1.24978282,1.24999238
0.8653061224489795,0.8081632653061225,1.24978075,1.24999182
0.8653061224489795,0.8,1.24978285,1.24999363
0.8571428571428572,1.2,1.24977969,1.24999623
0.8571428571428572,1.1918367346938774,1.24977868,1.24999608
0.8571428571428572,1.183673469387755,1.24977858,1.24999378
0.8571428571428572,1.1755102040816325,1.24978067,1.24999257
0.8571428571428572,1.1673469387755102,1.24978067,1.24999363
0.8571428571428572,1.1591836734693877,1.24978285,1.24999238
0.8571428571428572,1.1510204081632653,1.24977999,1.24999526
0.8571428571428572,1.1428571428571428,1.24977908,1.24999257
0.8571428571428572,1.1346938775510205,1.24978004,1.24999347
0.8571428571428572,1.126530612244898,1.24978317,1.24999412
0.8571428571428572,1.1183673469387754,1.24977929,1.24999446
0.8571428571428572,1.110204081632653,1.24978007,1.24999179
0.8571428571428572,1.1020408163265305,1.24978067,1.24999446
0.8571428571428572,1.0938775510204082,1.24977997,1.24999479
0.8571428571428572,1.0857142857142856,1.24977924,1.2499924
0.8571428571428572,1.0775510204081633,1.24977997,1.24999326
0.8571428571428572,1.0693877551020408,1.24977881,1.24999108
0.8571428571428572,1.0612244897959184,1.24978075,1.24999356
0.8571428571428572,1.0530612244897959,1.24977888,1.24999509
0.8571428571428572,1.0448979591836736,1.2497813,1.24999223
0.8571428571428572,1.036734693877551,1.24977997,1.24999328
0.8571428571428572,1.0285714285714285,1.24978229,1.2499947
0.8571428571428572,1.0204081632653061,1.24978108,1.24999406
0.8571428571428572,1.0122448979591836,1.2497784,1.24999543
0.8571428571428572,1.0040816326530613,1.24978171,1.24999347
0.8571428571428572,0.9959183673469387,1.24977972,1.24999524
0.8571428571428572,0.9877551020408163,1.24978098,1.24999307
0.8571428571428572,0.9795918367346939,1.24977999,1.24999141
0.8571428571428572,0.9714285714285714,1.24978206,1.24999356
0.8571428571428572,0.963265306122449,1.24978153,1.24999416
0.8571428571428572,0.9551020408163265,1.24977643,1.2499907
0.8571428571428572,0.9469387755102041,1.24978305,1.24999319
0.8571428571428572,0.9387755102040816,1.2497813,1.24999279
0.8571428571428572,0.9306122448979592,1.24977936,1.24999391
0.8571428571428572,0.9224489795918367,1.24977979,1.24999285
0.8571428571428572,0.9142857142857143,1.24977881,1.24999319
0.8571428571428572,0.9061224489795918,1.24977873,1.24999391
0.8571428571428572,0.8979591836734694,1.24978146,1.24999201
0.8571428571428572,0.889795918367347,1.24978138,1.24999251
0.8571428571428572,0.8816326530612244,1.24978055,1.2499927
0.8571428571428572,0.8734693877551021,1.24978103,1.24999481
0.8571428571428572,0.8653061224489795,1.24978024,1.24999223
0.8571428571428572,0.8571428571428572,1.24978004,1.24999468
0.8571428571428572,0.8489795918367347,1.24977997,1.24999175
0.8571428571428572,0.8408163265306122,1.24978191,1.24999179
0.8571428571428572,0.8326530612244898,1.24977865,1.24999207
0.8571428571428572,0.8244897959183674,1.24978019,1.24999446
0.8571428571428572,0.8163265306122449,1.2497804,1.24999518
0.8571428571428572,0.8081632653061225,1.24978388,1.24999315
0.8571428571428572,0.8,1.24978118,1.24999251
0.8489795918367347,1.2,1.24978196,1.24999391
0.8489795918367347,1.1918367346938774,1.24978118,1.24999313
0.8489795918367347,1.183673469387755,1.24977888,1.24999567
0.8489795918367347,1.1755102040816325,1.24977881,1.24999539
0.8489795918367347,1.1673469387755102,1.24978186,1.24999313
0.8489795918367347,1.1591836734693877,1.2497783,1.24999294
0.8489795918367347,1.1510204081632653,1.24978216,1.24999393
0.8489795918367347,1.1428571428571428,1.24978178,1.24999266
0.8489795918367347,1.1346938775510205,1.24978027,1.24999229
0.8489795918367347,1.126530612244898,1.24978237,1.24999468
0.8489795918367347,1.1183673469387754,1.24977992,1.24999272
0.8489795918367347,1.110204081632653,1.24978087,1.24999319
0.8489795918367347,1.1020408163265305,1.24978158,1.24999526
0.8489795918367347,1.0938775510204082,1.2497811,1.24999214
0.8489795918367347,1.0857142857142856,1.24977941,1.24999496
0.8489795918367347,1.0775510204081633,1.2497804,1.24999453
0.8489795918367347,1.0693877551020408,1.24977944,1.24999216
0.8489795918367347,1.0612244897959184,1.24978166,1.24999384
0.8489795918367347,1.0530612244897959,1.24977888,1.24999453
0.8489795918367347,1.0448979591836736,1.24978123,1.24999524
0.8489795918367347,1.036734693877551,1.24977999,1.24999263
0.8489795918367347,1.0285714285714285,1.24977956,1.24999076
0.8489795918367347,1.0204081632653061,1.24978138,1.24999406
0.8489795918367347,1.0122448979591836,1.24978019,1.24999449
0.8489795918367347,1.0040816326530613,1.2497787,1.24999537
0.8489795918367347,0.9959183673469387,1.24978297,1.24999173
0.8489795918367347,0.9877551020408163,1.24977959,1.24999298
0.8489795918367347,0.9795918367346939,1.24977916,1.24999154
0.8489795918367347,0.9714285714285714,1.24978123,1.24999263
0.8489795918367347,0.963265306122449,1.24978019,1.24999391
0.8489795918367347,0.9551020408163265,1.24977987,1.24999132
0.8489795918367347,0.9469387755102041,1.2497785,1.24999304
0.8489795918367347,0.9387755102040816,1.24978194,1.24999382
0.8489795918367347,0.9306122448979592,1.24978158,1.24999412
0.8489795918367347,0.9224489795918367,1.24978012,1.2499927
0.8489795918367347,0.9142857142857143,1.24978181,1.24999427
0.8489795918367347,0.9061224489795918,1.24977936,1.24999369
0.8489795918367347,0.8979591836734694,1.24978219,1.24999229
0.8489795918367347,0.889795918367347,1.24977956,1.24999446
0.8489795918367347,0.8816326530612244,1.24977999,1.24999266
0.8489795918367347,0.8734693877551021,1.24977969,1.24999358
0.8489795918367347,0.8653061224489795,1.24977911,1.24999608
0.8489795918367347,0.8571428571428572,1.24978151,1.24999586
0.8489795918367347,0.8489795918367347,1.24978064,1.24999363
0.8489795918367347,0.8408163265306122,1.24977987,1.24999173
0.8489795918367347,0.8326530612244898,1.24977949,1.249993
0.8489795918367347,0.8244897959183674,1.24978194,1.24999418
0.8489795918367347,0.8163265306122449,1.24977795,1.24999391
0.8489795918367347,0.8081632653061225,1.2497781,1.24999158
0.8489795918367347,0.8,1.24978242,1.24999358
0.8408163265306122,1.2,1.24978015,1.24999186
0.8408163265306122,1.1918367346938774,1.24978171,1.24999307
0.8408163265306122,1.183673469387755,1.24977876,1.24999263
0.8408163265306122,1.1755102040816325,1.24978019,1.24999423
0.8408163265306122,1.1673469387755102,1.24978334,1.24999263
0.8408163265306122,1.1591836734693877,1.24977777,1.24999322
0.8408163265306122,1.1510204081632653,1.24978032,1.24999332
0.8408163265306122,1.1428571428571428,1.24978015,1.24999356
0.8408163265306122,1.1346938775510205,1.24977742,1.24999384
0.8408163265306122,1.126530612244898,1.24978067,1.24999188
0.8408163265306122,1.1183673469387754,1.24978095,1.24999343
0.8408163265306122,1.110204081632653,1.24978075,1.24999182
0.8408163265306122,1.1020408163265305,1.24978055,1.24999468
0.8408163265306122,1.0938775510204082,1.24977782,1.24999248
0.8408163265306122,1.0857142857142856,1.24977997,1.24999263
0.8408163265306122,1.0775510204081633,1.24977908,1.24999259
0.8408163265306122,1.0693877551020408,1.2497806,1.24999186
0.8408163265306122,1.0612244897959184,1.24978108,1.24999251
0.8408163265306122,1.0530612244897959,1.24977984,1.24999287
0.8408163265306122,1.0448979591836736,1.24977941,1.24999126
0.8408163265306122,1.036734693877551,1.24978095,1.24999335
0.8408163265306122,1.0285714285714285,1.24978282,1.24999412
0.8408163265306122,1.0204081632653061,1.24977992,1.24999354
0.8408163265306122,1.0122448979591836,1.24978078,1.24999274
0.8408163265306122,1.0040816326530613,1.24978087,1.24999266
0.8408163265306122,0.9959183673469387,1.24977845,1.24999132
0.8408163265306122,0.9877551020408163,1.24977865,1.24999052
0.8408163265306122,0.9795918367346939,1.24977936,1.24999126
0.8408163265306122,0.9714285714285714,1.24978191,1.24999259
0.8408163265306122,0.963265306122449,1.24977916,1.24998958
0.8408163265306122,0.9551020408163265,1.24977987,1.24999061
0.8408163265306122,0.9469387755102041,1.24978186,1.24999446
0.8408163265306122,0.9387755102040816,1.24977969,1.24999151
0.8408163265306122,0.9306122448979592,1.24977936,1.24999343
0.8408163265306122,0.9224489795918367,1.2497811,1.24999307
0.8408163265306122,0.9142857142857143,1.24977969,1.24999363
0.8408163265306122,0.9061224489795918,1.24977893,1.24999412
0.8408163265306122,0.8979591836734694,1.24978206,1.24999378
0.8408163265306122,0.889795918367347,1.24977818,1.24999337
0.8408163265306122,0.8816326530612244,1.24977989,1.24999322
0.8408163265306122,0.8734693877551021,1.24978234,1.24999294
0.8408163265306122,0.8653061224489795,1.24977858,1.249993
0.8408163265306122,0.8571428571428572,1.2497804,1.24999186
0.8408163265306122,0.8489795918367347,1.24977924,1.24999048
0.8408163265306122,0.8408163265306122,1.24978234,1.2499949
0.8408163265306122,0.8326530612244898,1.24977972,1.24999371
0.8408163265306122,0.8244897959183674,1.24978047,1.2499935
0.8408163265306122,0.8163265306122449,1.24978047,1.24999285
0.8408163265306122,0.8081632653061225,1.24978007,1.24999425
0.8408163265306122,0.8,1.24978047,1.24999225
0.8326530612244898,1.2,1.24977881,1.24999393
0.8326530612244898,1.1918367346938774,1.24977908,1.24999505
0.8326530612244898,1.183673469387755,1.24977964,1.24999313
0.8326530612244898,1.1755102040816325,1.24978002,1.24999546
0.8326530612244898,1.1673469387755102,1.2497809,1.2499921
0.8326530612244898,1.1591836734693877,1.24977868,1.24999431
0.8326530612244898,1.1510204081632653,1.24977818,1.24999509
0.8326530612244898,1.1428571428571428,1.24978027,1.24999378
0.8326530612244898,1.1346938775510205,1.2497813,1.24999248
0.8326530612244898,1.126530612244898,1.24977927,1.24999651
0.8326530612244898,1.1183673469387754,1.24977931,1.24999354
0.8326530612244898,1.110204081632653,1.24977972,1.24999371
0.8326530612244898,1.1020408163265305,1.24978171,1.24999229
0.8326530612244898,1.0938775510204082,1.24977929,1.24999251
0.8326530612244898,1.0857142857142856,1.24977933,1.24999326
0.8326530612244898,1.0775510204081633,1.24978027,1.24999388
0.8326530612244898,1.0693877551020408,1.24977916,1.24999225
0.8326530612244898,1.0612244897959184,1.24977881,1.24999279
0.8326530612244898,1.0530612244897959,1.24978146,1.24999132
0.8326530612244898,1.0448979591836736,1.24978234,1.24999266
0.8326530612244898,1.036734693877551,1.2497811,1.24999468
0.8326530612244898,1.0285714285714285,1.24978153,1.24999343
0.8326530612244898,1.0204081632653061,1.24978246,1.24999479
0.8326530612244898,1.0122448979591836,1.24977878,1.24999444
0.8326530612244898,1.0040816326530613,1.24977868,1.24999434
0.8326530612244898,0.9959183673469387,1.24977853,1.24999354
0.8326530612244898,0.9877551020408163,1.24977987,1.24999167
0.8326530612244898,0.9795918367346939,1.24977995,1.24999427
0.8326530612244898,0.9714285714285714,1.24978004,1.24999408
0.8326530612244898,0.963265306122449,1.24977949,1.24999371
0.8326530612244898,0.9551020408163265,1.2497785,1.24999425
0.8326530612244898,0.9469387755102041,1.24977981,1.24999356
0.8326530612244898,0.9387755102040816,1.24977893,1.24999406
0.8326530612244898,0.9306122448979592,1.24978166,1.24999111
0.8326530612244898,0.9224489795918367,1.24977929,1.24999496
0.8326530612244898,0.9142857142857143,1.2497806,1.24999393
0.8326530612244898,0.9061224489795918,1.24978055,1.24999455
0.8326530612244898,0.8979591836734694,1.24978024,1.24999412
0.8326530612244898,0.889795918367347,1.24978214,1.24999425
0.8326530612244898,0.8816326530612244,1.24978067,1.24999188
0.8326530612244898,0.8734693877551021,1.24977858,1.24999328
0.8326530612244898,0.8653061224489795,1.24977699,1.24999322
0.8326530612244898,0.8571428571428572,1.24978087,1.24999365
0.8326530612244898,0.8489795918367347,1.24977908,1.24999382
0.8326530612244898,0.8408163265306122,1.24977825,1.2499935
0.8326530612244898,0.8326530612244898,1.24978083,1.24999307
0.8326530612244898,0.8244897959183674,1.24977881,1.24999322
0.8326530612244898,0.8163265306122449,1.24977885,1.24999393
0.8326530612244898,0.8081632653061225,1.24977795,1.24999406
0.8326530612244898,0.8,1.24978067,1.24999546
0.8244897959183674,1.2,1.24978115,1.24999617
0.8244897959183674,1.1918367346938774,1.24978098,1.24999459
0.8244897959183674,1.183673469387755,1.24977981,1.24999384
0.8244897959183674,1.1755102040816325,1.24977944,1.24999418
0.8244897959183674,1.1673469387755102,1.24978007,1.24999382
0.8244897959183674,1.1591836734693877,1.24977888,1.24999438
0.8244897959183674,1.1510204081632653,1.24978075,1.24999287
0.8244897959183674,1.1428571428571428,1.24977964,1.24999459
0.8244897959183674,1.1346938775510205,1.24978009,1.24999179
0.8244897959183674,1.126530612244898,1.24978219,1.24999393
0.8244897959183674,1.1183673469387754,1.24978151,1.24999251
0.8244897959183674,1.110204081632653,1.24978118,1.24999285
0.8244897959183674,1.1020408163265305,1.24978118,1.24999328
0.8244897959183674,1.0938775510204082,1.24977956,1.24999593
0.8244897959183674,1.0857142857142856,1.2497807,1.24999375
0.8244897959183674,1.0775510204081633,1.24978047,1.24999322
0.8244897959183674,1.0693877551020408,1.24978234,1.24999406
0.8244897959183674,1.0612244897959184,1.24978007,1.24999434
0.8244897959183674,1.0530612244897959,1.2497779,1.24999307
0.8244897959183674,1.0448979591836736,1.24978214,1.24999319
0.8244897959183674,1.036734693877551,1.24978007,1.24999266
0.8244897959183674,1.0285714285714285,1.24977972,1.24999496
0.8244897959183674,1.0204081632653061,1.24977853,1.24999446
0.8244897959183674,1.0122448979591836,1.24977876,1.24999446
0.8244897959183674,1.0040816326530613,1.24977913,1.24999195
0.8244897959183674,0.9959183673469387,1.24978289,1.24999378
0.8244897959183674,0.9877551020408163,1.24977979,1.24999455
0.8244897959183674,0.9795918367346939,1.24977924,1.24999287
0.8244897959183674,0.9714285714285714,1.24977956,1.24999397
0.8244897959183674,0.963265306122449,1.24977918,1.24999369
0.8244897959183674,0.9551020408163265,1.24977933,1.24999266
0.8244897959183674,0.9469387755102041,1.24977865,1.24999147
0.8244897959183674,0.9387755102040816,1.24977995,1.2499944
0.8244897959183674,0.9306122448979592,1.24977916,1.24999238
0.8244897959183674,0.9224489795918367,1.24978103,1.24999313
0.8244897959183674,0.9142857142857143,1.24977898,1.24999391
0.8244897959183674,0.9061224489795918,1.24978012,1.24999235
0.8244897959183674,0.8979591836734694,1.2497781,1.24999403
0.8244897959183674,0.889795918367347,1.24977901,1.24999263
0.8244897959183674,0.8816326530612244,1.24978067,1.24999268
0.8244897959183674,0.8734693877551021,1.24977818,1.24999238
0.8244897959183674,0.8653061224489795,1.24978095,1.24999259
0.8244897959183674,0.8571428571428572,1.24978083,1.2499944
0.8244897959183674,0.8489795918367347,1.24978035,1.2499941
0.8244897959183674,0.8408163265306122,1.24977885,1.24999382
0.8244897959183674,0.8326530612244898,1.24977992,1.24999502
0.8244897959183674,0.8244897959183674,1.24977967,1.24999384
0.8244897959183674,0.8163265306122449,1.24977992,1.24999195
0.8244897959183674,0.8081632653061225,1.24978155,1.24999391
0.8244897959183674,0.8,1.24977818,1.24999386
0.8163265306122449,1.2,1.24977916,1.24999203
0.8163265306122449,1.1918367346938774,1.24977881,1.24999179
0.8163265306122449,1.183673469387755,1.24977921,1.24999251
0.8163265306122449,1.1755102040816325,1.24978035,1.249993
0.8163265306122449,1.1673469387755102,1.24977704,1.24999335
0.8163265306122449,1.1591836734693877,1.24977885,1.24999397
0.8163265306122449,1.1510204081632653,1.24978143,1.24999459
0.8163265306122449,1.1428571428571428,1.24978004,1.24999518
0.8163265306122449,1.1346938775510205,1.24977893,1.24999253
0.8163265306122449,1.126530612244898,1.24977908,1.24999225
0.8163265306122449,1.1183673469387754,1.2497832,1.24999244
0.8163265306122449,1.110204081632653,1.24978067,1.24999162
0.8163265306122449,1.1020408163265305,1.24977929,1.24999399
0.8163265306122449,1.0938775510204082,1.24978095,1.2499921
0.8163265306122449,1.0857142857142856,1.24977916,1.24999089
0.8163265306122449,1.0775510204081633,1.24978138,1.24999455
0.8163265306122449,1.0693877551020408,1.24978289,1.24999365
0.8163265306122449,1.0612244897959184,1.24977865,1.24999063
0.8163265306122449,1.0530612244897959,1.24977949,1.2499944
0.8163265306122449,1.0448979591836736,1.24978123,1.24999238
0.8163265306122449,1.036734693877551,1.2497816,1.24999425
0.8163265306122449,1.0285714285714285,1.24978019,1.24999313
0.8163265306122449,1.0204081632653061,1.24977671,1.24999341
0.8163265306122449,1.0122448979591836,1.24978163,1.24999399
0.8163265306122449,1.0040816326530613,1.24977838,1.24999294
0.8163265306122449,0.9959183673469387,1.24978158,1.24999511
0.8163265306122449,0.9877551020408163,1.24978012,1.24999335
0.8163265306122449,0.9795918367346939,1.24978067,1.24999403
0.8163265306122449,0.9714285714285714,1.24977976,1.24999201
0.8163265306122449,0.963265306122449,1.24977982,1.24999231
0.8163265306122449,0.9551020408163265,1.24978007,1.24999244
0.8163265306122449,0.9469387755102041,1.24978095,1.2499953
0.8163265306122449,0.9387755102040816,1.24978201,1.24999382
0.8163265306122449,0.9306122448979592,1.24977881,1.24999343
0.8163265306122449,0.9224489795918367,1.2497777,1.24999412
0.8163265306122449,0.9142857142857143,1.24978095,1.24999229
0.8163265306122449,0.9061224489795918,1.24978242,1.24999343
0.8163265306122449,0.8979591836734694,1.24978092,1.24999384
0.8163265306122449,0.889795918367347,1.24977999,1.24999304
0.8163265306122449,0.8816326530612244,1.24978007,1.24999455
0.8163265306122449,0.8734693877551021,1.24978083,1.24999244
0.8163265306122449,0.8653061224489795,1.24978197,1.24999337
0.8163265306122449,0.8571428571428572,1.24977757,1.24999403
0.8163265306122449,0.8489795918367347,1.24978135,1.24999229
0.8163265306122449,0.8408163265306122,1.24978035,1.24999444
0.8163265306122449,0.8326530612244898,1.24977893,1.24999446
0.8163265306122449,0.8244897959183674,1.24978143,1.24999272
0.8163265306122449,0.8163265306122449,1.2497777,1.24999502
0.8163265306122449,0.8081632653061225,1.24978219,1.24999537
0.8163265306122449,0.8,1.249784,1.24999406
0.8081632653061225,1.2,1.24977992,1.24999287
0.8081632653061225,1.1918367346938774,1.24977964,1.24999431
0.8081632653061225,1.183673469387755,1.24977926,1.24999425
0.8081632653061225,1.1755102040816325,1.24977818,1.24999446
0.8081632653061225,1.1673469387755102,1.24977964,1.24999449
0.8081632653061225,1.1591836734693877,1.24978317,1.24999498
0.8081632653061225,1.1510204081632653,1.24977944,1.2499913
0.8081632653061225,1.1428571428571428,1.24977956,1.24999266
0.8081632653061225,1.1346938775510205,1.2497775,1.2499944
0.8081632653061225,1.126530612244898,1.24977997,1.24999552
0.8081632653061225,1.1183673469387754,1.24978183,1.24999307
0.8081632653061225,1.110204081632653,1.24977979,1.24999408
0.8081632653061225,1.1020408163265305,1.24977906,1.24999343
0.8081632653061225,1.0938775510204082,1.24977936,1.24999558
0.8081632653061225,1.0857142857142856,1.24978004,1.24999195
0.8081632653061225,1.0775510204081633,1.2497813,1.2499916
0.8081632653061225,1.0693877551020408,1.24978078,1.24999182
0.8081632653061225,1.0612244897959184,1.24978044,1.24999169
0.8081632653061225,1.0530612244897959,1.24978138,1.24999421
0.8081632653061225,1.0448979591836736,1.24978083,1.24999384
0.8081632653061225,1.036734693877551,1.2497806,1.24999248
0.8081632653061225,1.0285714285714285,1.2497779,1.24999132
0.8081632653061225,1.0204081632653061,1.24977797,1.24999244
0.8081632653061225,1.0122448979591836,1.24978325,1.24999369
0.8081632653061225,1.0040816326530613,1.24978264,1.24999263
0.8081632653061225,0.9959183673469387,1.24978022,1.249993
0.8081632653061225,0.9877551020408163,1.24978095,1.24999434
0.8081632653061225,0.9795918367346939,1.24977936,1.2499933
0.8081632653061225,0.9714285714285714,1.2497811,1.24999589
0.8081632653061225,0.963265306122449,1.24977999,1.24999167
0.8081632653061225,0.9551020408163265,1.24978055,1.24999335
0.8081632653061225,0.9469387755102041,1.24978067,1.24999341
0.8081632653061225,0.9387755102040816,1.2497809,1.24999238
0.8081632653061225,0.9306122448979592,1.24977921,1.24999335
0.8081632653061225,0.9224489795918367,1.24977999,1.24998992
0.8081632653061225,0.9142857142857143,1.24978095,1.24999319
0.8081632653061225,0.9061224489795918,1.24978083,1.24999294
0.8081632653061225,0.8979591836734694,1.24978007,1.24999477
0.8081632653061225,0.889795918367347,1.24978123,1.24999188
0.8081632653061225,0.8816326530612244,1.24977901,1.24999184
0.8081632653061225,0.8734693877551021,1.24978064,1.24999076
0.8081632653061225,0.8653061224489795,1.24978052,1.24999302
0.8081632653061225,0.8571428571428572,1.24978231,1.24999313
0.8081632653061225,0.8489795918367347,1.24978219,1.24999261
0.8081632653061225,0.8408163265306122,1.2497808,1.2499921
0.8081632653061225,0.8326530612244898,1.24978103,1.24999363
0.8081632653061225,0.8244897959183674,1.24977992,1.24999279
0.8081632653061225,0.8163265306122449,1.24977992,1.24999207
0.8081632653061225,0.8081632653061225,1.2497784,1.24999347
0.8081632653061225,0.8,1.24978032,1.24999365
0.8,1.2,1.24978055,1.24999223
0.8,1.1918367346938774,1.24978161,1.24999462
0.8,1.183673469387755,1.24978118,1.24999595
0.8,1.1755102040816325,1.24978027,1.24999335
0.8,1.1673469387755102,1.24978004,1.24999539
0.8,1.1591836734693877,1.24977952,1.24999511
0.8,1.1510204081632653,1.24978181,1.2499935
0.8,1.1428571428571428,1.24977896,1.24999378
0.8,1.1346938775510205,1.24978234,1.24999119
0.8,1.126530612244898,1.24978294,1.24999438
0.8,1.1183673469387754,1.24977969,1.24999229
0.8,1.110204081632653,1.24978143,1.24999139
0.8,1.1020408163265305,1.24978138,1.24999263
0.8,1.0938775510204082,1.24978135,1.24999216
0.8,1.0857142857142856,1.24978032,1.24999391
0.8,1.0775510204081633,1.249781,1.24999322
0.8,1.0693877551020408,1.24978019,1.2499949
0.8,1.0612244897959184,1.24978174,1.24999223
0.8,1.0530612244897959,1.24977949,1.24999294
0.8,1.0448979591836736,1.24978027,1.24999391
0.8,1.036734693877551,1.24978067,1.24999343
0.8,1.0285714285714285,1.24977833,1.24999434
0.8,1.0204081632653061,1.24978186,1.24999384
0.8,1.0122448979591836,1.24978012,1.24999369
0.8,1.0040816326530613,1.24977926,1.24999483
0.8,0.9959183673469387,1.24978072,1.24999272
0.8,0.9877551020408163,1.24978118,1.24999444
0.8,0.9795918367346939,1.24978181,1.24999313
0.8,0.9714285714285714,1.24977972,1.24999216
0.8,0.963265306122449,1.24978357,1.24999244
0.8,0.9551020408163265,1.24978244,1.2499949
0.8,0.9469387755102041,1.24977999,1.24999474
0.8,0.9387755102040816,1.24977952,1.24999298
0.8,0.9306122448979592,1.24977896,1.24999225
0.8,0.9224489795918367,1.24978171,1.24999397
0.8,0.9142857142857143,1.24978277,1.24999397
0.8,0.9061224489795918,1.24977995,1.249993
0.8,0.8979591836734694,1.24978178,1.24999453
0.8,0.889795918367347,1.2497805,1.24999335
0.8,0.8816326530612244,1.24977949,1.24999111
0.8,0.8734693877551021,1.24977972,1.24999378
0.8,0.8653061224489795,1.24978067,1.24999298
0.8,0.8571428571428572,1.2497809,1.24999363
0.8,0.8489795918367347,1.24978067,1.24999347
0.8,0.8408163265306122,1.24978151,1.24999335
0.8,0.8326530612244898,1.24978158,1.24999427
0.8,0.8244897959183674,1.24977888,1.24999304
0.8,0.8163265306122449,1.24978055,1.24999113
0.8,0.8081632653061225,1.2497808,1.249993
0.8,0.8,1.24977671,1.24999274
