spi_rack.module2.dac9.voltage,spi_rack.module2.dac5.voltage,agilent_left.volt,agilent_right.volt
1.2,1.2,1.24977616,1.2499885
1.2,1.1918367346938774,1.2497782,1.24999104
1.2,1.183673469387755,1.24977727,1.24998999
1.2,1.1755102040816325,1.24977762,1.24999214
1.2,1.1673469387755102,1.2497775,1.24999091
1.2,1.1591836734693877,1.24977528,1.24998915
1.2,1.1510204081632653,1.24977972,1.2499935
1.2,1.1428571428571428,1.24977805,1.24998992
1.2,1.1346938775510205,1.24977868,1.24999076
1.2,1.126530612244898,1.24977828,1.24999154
1.2,1.1183673469387754,1.24977795,1.24998996
1.2,1.110204081632653,1.24978047,1.24998951
1.2,1.1020408163265305,1.24977631,1.24998999
1.2,1.0938775510204082,1.24977901,1.24998889
1.2,1.0857142857142856,1.24977719,1.24999126
1.2,1.0775510204081633,1.24977868,1.24998945
1.2,1.0693877551020408,1.24977573,1.24999012
1.2,1.0612244897959184,1.2497782,1.24998846
1.2,1.0530612244897959,1.24977825,1.2499879
1.2,1.0448979591836736,1.24977833,1.24999052
1.2,1.036734693877551,1.24977754,1.24998992
1.2,1.0285714285714285,1.24977762,1.24998887
1.2,1.0204081632653061,1.24977719,1.24998859
1.2,1.0122448979591836,1.24977641,1.24998915
1.2,1.0040816326530613,1.24977833,1.2499921
1.2,0.9959183673469387,1.24977679,1.24998999
1.2,0.9877551020408163,1.24977689,1.24998818
1.2,0.9795918367346939,1.24977853,1.24999014
1.2,0.9714285714285714,1.24977659,1.24999083
1.2,0.963265306122449,1.24977969,1.24998917
1.2,0.9551020408163265,1.24977913,1.24998915
1.2,0.9469387755102041,1.24977782,1.2499904
1.2,0.9387755102040816,1.24977813,1.24998824
1.2,0.9306122448979592,1.24977737,1.24998977
1.2,0.9224489795918367,1.24977742,1.24998706
1.2,0.9142857142857143,1.24977631,1.2499904
1.2,0.9061224489795918,1.24977373,1.24998915
1.2,0.8979591836734694,1.24977833,1.24999005
1.2,0.889795918367347,1.24977785,1.24998867
1.2,0.8816326530612244,1.24977462,1.24999119
1.2,0.8734693877551021,1.24977845,1.24998964
1.2,0.8653061224489795,1.24977682,1.24999091
1.2,0.8571428571428572,1.24977992,1.24999033
1.2,0.8489795918367347,1.24977742,1.24998999
1.2,0.8408163265306122,1.24977901,1.24998921
1.2,0.8326530612244898,1.24977616,1.24998956
1.2,0.8244897959183674,1.24977921,1.24999055
1.2,0.8163265306122449,1.2497782,1.24999154
1.2,0.8081632653061225,1.24977858,1.24998895
1.2,0.8,1.24977626,1.24998613
1.1918367346938774,1.2,1.24977853,1.2499901
1.1918367346938774,1.1918367346938774,1.24978009,1.24998964
1.1918367346938774,1.183673469387755,1.24977727,1.2499907
1.1918367346938774,1.1755102040816325,1.24977674,1.24999123
1.1918367346938774,1.1673469387755102,1.24977774,1.24998906
1.1918367346938774,1.1591836734693877,1.24977884,1.24998874
1.1918367346938774,1.1510204081632653,1.24977944,1.24998865
1.1918367346938774,1.1428571428571428,1.2497782,1.24998865
1.1918367346938774,1.1346938775510205,1.24977896,1.249989
1.1918367346938774,1.126530612244898,1.24977813,1.24998999
1.1918367346938774,1.1183673469387754,1.24977795,1.24999022
1.1918367346938774,1.110204081632653,1.24977717,1.24998971
1.1918367346938774,1.1020408163265305,1.24977845,1.24998911
1.1918367346938774,1.0938775510204082,1.24977694,1.24999203
1.1918367346938774,1.0857142857142856,1.24977956,1.2499893
1.1918367346938774,1.0775510204081633,1.24977858,1.249989
1.1918367346938774,1.0693877551020408,1.24977762,1.24998999
1.1918367346938774,1.0612244897959184,1.24977774,1.24999063
1.1918367346938774,1.0530612244897959,1.24977628,1.24999055
1.1918367346938774,1.0448979591836736,1.24977505,1.24998872
1.1918367346938774,1.036734693877551,1.24977734,1.24998865
1.1918367346938774,1.0285714285714285,1.24977785,1.2499879
1.1918367346938774,1.0204081632653061,1.24977631,1.24998936
1.1918367346938774,1.0122448979591836,1.24977818,1.24998895
1.1918367346938774,1.0040816326530613,1.24977671,1.2499921
1.1918367346938774,0.9959183673469387,1.24977651,1.24998928
1.1918367346938774,0.9877551020408163,1.24977818,1.2499879
1.1918367346938774,0.9795918367346939,1.24977734,1.24998971
1.1918367346938774,0.9714285714285714,1.24977956,1.2499899
1.1918367346938774,0.963265306122449,1.2497777,1.24999091
1.1918367346938774,0.9551020408163265,1.24977757,1.24999229
1.1918367346938774,0.9469387755102041,1.2497777,1.24998962
1.1918367346938774,0.9387755102040816,1.24977686,1.24999048
1.1918367346938774,0.9306122448979592,1.24977707,1.2499874
1.1918367346938774,0.9224489795918367,1.24977777,1.24998979
1.1918367346938774,0.9142857142857143,1.2497781,1.24998837
1.1918367346938774,0.9061224489795918,1.24977884,1.2499896
1.1918367346938774,0.8979591836734694,1.24977818,1.24998712
1.1918367346938774,0.889795918367347,1.24977901,1.24999132
1.1918367346938774,0.8816326530612244,1.24977797,1.24998908
1.1918367346938774,0.8734693877551021,1.24977661,1.24998902
1.1918367346938774,0.8653061224489795,1.24977659,1.24999104
1.1918367346938774,0.8571428571428572,1.24977671,1.24999091
1.1918367346938774,0.8489795918367347,1.24977969,1.24998906
1.1918367346938774,0.8408163265306122,1.24977828,1.2499887
1.1918367346938774,0.8326530612244898,1.24977853,1.24998863
1.1918367346938774,0.8244897959183674,1.24977959,1.24999042
1.1918367346938774,0.8163265306122449,1.24977785,1.24999061
1.1918367346938774,0.8081632653061225,1.24977651,1.24998691
1.1918367346938774,0.8,1.24978042,1.24998775
1.183673469387755,1.2,1.249778,1.24998971
1.183673469387755,1.1918367346938774,1.2497779,1.24998893
1.183673469387755,1.183673469387755,1.24977916,1.24998936
1.183673469387755,1.1755102040816325,1.24977888,1.24998872
1.183673469387755,1.1673469387755102,1.24977754,1.24998725
1.183673469387755,1.1591836734693877,1.24977548,1.24998915
1.183673469387755,1.1510204081632653,1.24977709,1.24998992
1.183673469387755,1.1428571428571428,1.24977719,1.24998859
1.183673469387755,1.1346938775510205,1.24977611,1.24998908
1.183673469387755,1.126530612244898,1.2497777,1.24998775
1.183673469387755,1.1183673469387754,1.24977267,1.24998779
1.183673469387755,1.110204081632653,1.24977679,1.24998949
1.183673469387755,1.1020408163265305,1.24977805,1.24999132
1.183673469387755,1.0938775510204082,1.24977944,1.24998999
1.183673469387755,1.0857142857142856,1.24977588,1.24999203
1.183673469387755,1.0775510204081633,1.24977739,1.24999074
1.183673469387755,1.0693877551020408,1.24977997,1.24998883
1.183673469387755,1.0612244897959184,1.24977754,1.24999018
1.183673469387755,1.0530612244897959,1.24977933,1.24998811
1.183673469387755,1.0448979591836736,1.24977865,1.24998908
1.183673469387755,1.036734693877551,1.24977616,1.24998986
1.183673469387755,1.0285714285714285,1.24977747,1.24999012
1.183673469387755,1.0204081632653061,1.2497775,1.24999104
1.183673469387755,1.0122448979591836,1.24977785,1.24999098
1.183673469387755,1.0040816326530613,1.24977626,1.2499913
1.183673469387755,0.9959183673469387,1.24977825,1.24998818
1.183673469387755,0.9877551020408163,1.24977881,1.24998992
1.183673469387755,0.9795918367346939,1.24977754,1.24998872
1.183673469387755,0.9714285714285714,1.24977591,1.2499913
1.183673469387755,0.963265306122449,1.24977767,1.2499902
1.183673469387755,0.9551020408163265,1.24977714,1.24998915
1.183673469387755,0.9469387755102041,1.24977838,1.24998883
1.183673469387755,0.9387755102040816,1.24977754,1.24998818
1.183673469387755,0.9306122448979592,1.24977992,1.24998962
1.183673469387755,0.9224489795918367,1.24977659,1.24999048
1.183673469387755,0.9142857142857143,1.24977679,1.24998951
1.183673469387755,0.9061224489795918,1.24977861,1.24998986
1.183673469387755,0.8979591836734694,1.24977679,1.24998956
1.183673469387755,0.889795918367347,1.24977893,1.2499916
1.183673469387755,0.8816326530612244,1.24977631,1.24998977
1.183673469387755,0.8734693877551021,1.24977742,1.24998915
1.183673469387755,0.8653061224489795,1.24977929,1.24998852
1.183673469387755,0.8571428571428572,1.24977686,1.24999027
1.183673469387755,0.8489795918367347,1.24977959,1.24998992
1.183673469387755,0.8408163265306122,1.24977583,1.24998934
1.183673469387755,0.8326530612244898,1.24977618,1.2499899
1.183673469387755,0.8244897959183674,1.24977999,1.24999244
1.183673469387755,0.8163265306122449,1.24977774,1.24999126
1.183673469387755,0.8081632653061225,1.24977911,1.24998788
1.183673469387755,0.8,1.24977842,1.24998956
1.1755102040816325,1.2,1.24977964,1.24999063
1.1755102040816325,1.1918367346938774,1.24977707,1.24998829
1.1755102040816325,1.183673469387755,1.2497779,1.24998962
1.1755102040816325,1.1755102040816325,1.24977414,1.24999068
1.1755102040816325,1.1673469387755102,1.24977497,1.2499907
1.1755102040816325,1.1591836734693877,1.24977666,1.24998921
1.1755102040816325,1.1510204081632653,1.2497779,1.24998915
1.1755102040816325,1.1428571428571428,1.2497775,1.24998964
1.1755102040816325,1.1346938775510205,1.24977512,1.24999132
1.1755102040816325,1.126530612244898,1.24977727,1.24998895
1.1755102040816325,1.1183673469387754,1.24977929,1.24998939
1.1755102040816325,1.110204081632653,1.24977651,1.24998977
1.1755102040816325,1.1020408163265305,1.24977719,1.24998844
1.1755102040816325,1.0938775510204082,1.24977682,1.24998939
1.1755102040816325,1.0857142857142856,1.24977929,1.24998921
1.1755102040816325,1.0775510204081633,1.2497782,1.24999063
1.1755102040816325,1.0693877551020408,1.24977759,1.24999076
1.1755102040816325,1.0612244897959184,1.24977858,1.24999063
1.1755102040816325,1.0530612244897959,1.24977848,1.24998911
1.1755102040816325,1.0448979591836736,1.2497806,1.24998777
1.1755102040816325,1.036734693877551,1.24977747,1.24999068
1.1755102040816325,1.0285714285714285,1.24977782,1.24999048
1.1755102040816325,1.0204081632653061,1.24977588,1.24998805
1.1755102040816325,1.0122448979591836,1.24977543,1.24998874
1.1755102040816325,1.0040816326530613,1.24977722,1.24998844
1.1755102040816325,0.9959183673469387,1.24977666,1.2499888
1.1755102040816325,0.9877551020408163,1.24977663,1.24999083
1.1755102040816325,0.9795918367346939,1.24977679,1.24998837
1.1755102040816325,0.9714285714285714,1.24977762,1.24998971
1.1755102040816325,0.963265306122449,1.24977568,1.24998986
1.1755102040816325,0.9551020408163265,1.24977952,1.24998977
1.1755102040816325,0.9469387755102041,1.24977896,1.24998859
1.1755102040816325,0.9387755102040816,1.24977512,1.24999098
1.1755102040816325,0.9306122448979592,1.24977885,1.24999076
1.1755102040816325,0.9224489795918367,1.24977717,1.24998721
1.1755102040816325,0.9142857142857143,1.24977699,1.24998921
1.1755102040816325,0.9061224489795918,1.24977555,1.24998878
1.1755102040816325,0.8979591836734694,1.24977861,1.24999111
1.1755102040816325,0.889795918367347,1.24977992,1.24998936
1.1755102040816325,0.8816326530612244,1.24977838,1.24998734
1.1755102040816325,0.8734693877551021,1.24977588,1.24998964
1.1755102040816325,0.8653061224489795,1.24977623,1.24998893
1.1755102040816325,0.8571428571428572,1.24977782,1.24998883
1.1755102040816325,0.8489795918367347,1.24977623,1.24998979
1.1755102040816325,0.8408163265306122,1.24977588,1.24999022
1.1755102040816325,0.8326530612244898,1.24977858,1.24998859
1.1755102040816325,0.8244897959183674,1.24977679,1.2499885
1.1755102040816325,0.8163265306122449,1.24977616,1.24998837
1.1755102040816325,0.8081632653061225,1.24977608,1.24999027
1.1755102040816325,0.8,1.24977598,1.2499888
1.1673469387755102,1.2,1.24977813,1.24998684
1.1673469387755102,1.1918367346938774,1.24978138,1.24998807
1.1673469387755102,1.183673469387755,1.24977762,1.24999048
1.1673469387755102,1.1755102040816325,1.24977992,1.24998964
1.1673469387755102,1.1673469387755102,1.24977737,1.24998992
1.1673469387755102,1.1591836734693877,1.24977595,1.2499885
1.1673469387755102,1.1510204081632653,1.24977711,1.24998725
1.1673469387755102,1.1428571428571428,1.24977858,1.24998852
1.1673469387755102,1.1346938775510205,1.24977891,1.24999042
1.1673469387755102,1.126530612244898,1.24977782,1.24998796
1.1673469387755102,1.1183673469387754,1.24977908,1.24999076
1.1673469387755102,1.110204081632653,1.24977563,1.24998799
1.1673469387755102,1.1020408163265305,1.24977674,1.24998874
1.1673469387755102,1.0938775510204082,1.24977904,1.249989
1.1673469387755102,1.0857142857142856,1.24977512,1.24998921
1.1673469387755102,1.0775510204081633,1.24977588,1.24998893
1.1673469387755102,1.0693877551020408,1.24977623,1.24998917
1.1673469387755102,1.0612244897959184,1.24977573,1.24999253
1.1673469387755102,1.0530612244897959,1.24977548,1.24998865
1.1673469387755102,1.0448979591836736,1.24977797,1.24999179
1.1673469387755102,1.036734693877551,1.24977631,1.24999173
1.1673469387755102,1.0285714285714285,1.24977722,1.2499894
1.1673469387755102,1.0204081632653061,1.24977858,1.24998856
1.1673469387755102,1.0122448979591836,1.24977762,1.24999063
1.1673469387755102,1.0040816326530613,1.24977694,1.24998837
1.1673469387755102,0.9959183673469387,1.24977972,1.24998861
1.1673469387755102,0.9877551020408163,1.24977848,1.24999106
1.1673469387755102,0.9795918367346939,1.24977606,1.24998876
1.1673469387755102,0.9714285714285714,1.2497775,1.24998936
1.1673469387755102,0.963265306122449,1.24977704,1.24998747
1.1673469387755102,0.9551020408163265,1.24977636,1.24998833
1.1673469387755102,0.9469387755102041,1.24977659,1.24999091
1.1673469387755102,0.9387755102040816,1.24977757,1.24998865
1.1673469387755102,0.9306122448979592,1.24977636,1.24998712
1.1673469387755102,0.9224489795918367,1.24977964,1.24998745
1.1673469387755102,0.9142857142857143,1.24977745,1.24998788
1.1673469387755102,0.9061224489795918,1.24977742,1.24998844
1.1673469387755102,0.8979591836734694,1.24977699,1.24998936
1.1673469387755102,0.889795918367347,1.24977671,1.24999276
1.1673469387755102,0.8816326530612244,1.24977646,1.24998994
1.1673469387755102,0.8734693877551021,1.24977941,1.24998943
1.1673469387755102,0.8653061224489795,1.249776,1.24998939
1.1673469387755102,0.8571428571428572,1.24977997,1.24999126
1.1673469387755102,0.8489795918367347,1.2497775,1.2499876
1.1673469387755102,0.8408163265306122,1.24977643,1.24998893
1.1673469387755102,0.8326530612244898,1.24977663,1.24998796
1.1673469387755102,0.8244897959183674,1.24977805,1.24999063
1.1673469387755102,0.8163265306122449,1.2497804,1.24999061
1.1673469387755102,0.8081632653061225,1.24977603,1.24998992
1.1673469387755102,0.8,1.2497758,1.24998981
1.1591836734693877,1.2,1.24977944,1.24998908
1.1591836734693877,1.1918367346938774,1.24977578,1.24998893
1.1591836734693877,1.183673469387755,1.2497777,1.24998872
1.1591836734693877,1.1755102040816325,1.24977694,1.24998501
1.1591836734693877,1.1673469387755102,1.24977818,1.24998859
1.1591836734693877,1.1591836734693877,1.24977704,1.24998855
1.1591836734693877,1.1510204081632653,1.24977805,1.24999145
1.1591836734693877,1.1428571428571428,1.24977719,1.24998887
1.1591836734693877,1.1346938775510205,1.24977865,1.24999098
1.1591836734693877,1.126530612244898,1.24977949,1.24998923
1.1591836734693877,1.1183673469387754,1.24977623,1.24998919
1.1591836734693877,1.110204081632653,1.249776,1.24998951
1.1591836734693877,1.1020408163265305,1.24977891,1.24998768
1.1591836734693877,1.0938775510204082,1.2497756,1.2499885
1.1591836734693877,1.0857142857142856,1.2497781,1.24998775
1.1591836734693877,1.0775510204081633,1.24977694,1.24999076
1.1591836734693877,1.0693877551020408,1.24977734,1.24998872
1.1591836734693877,1.0612244897959184,1.2497752,1.249991
1.1591836734693877,1.0530612244897959,1.24977595,1.24999046
1.1591836734693877,1.0448979591836736,1.24977762,1.24998801
1.1591836734693877,1.036734693877551,1.24977848,1.24998908
1.1591836734693877,1.0285714285714285,1.24977976,1.24999147
1.1591836734693877,1.0204081632653061,1.2497784,1.2499913
1.1591836734693877,1.0122448979591836,1.24977976,1.24999005
1.1591836734693877,1.0040816326530613,1.24977818,1.2499904
1.1591836734693877,0.9959183673469387,1.24977785,1.24998928
1.1591836734693877,0.9877551020408163,1.24977833,1.24998936
1.1591836734693877,0.9795918367346939,1.2497762,1.24999076
1.1591836734693877,0.9714285714285714,1.24977725,1.24999014
1.1591836734693877,0.963265306122449,1.24977833,1.24998921
1.1591836734693877,0.9551020408163265,1.24977929,1.24999117
1.1591836734693877,0.9469387755102041,1.24977722,1.24998951
1.1591836734693877,0.9387755102040816,1.24977449,1.24998818
1.1591836734693877,0.9306122448979592,1.24977636,1.24998984
1.1591836734693877,0.9224489795918367,1.24977729,1.24998973
1.1591836734693877,0.9142857142857143,1.24977765,1.24999035
1.1591836734693877,0.9061224489795918,1.24977908,1.24999035
1.1591836734693877,0.8979591836734694,1.24977984,1.24998758
1.1591836734693877,0.889795918367347,1.24977843,1.24999014
1.1591836734693877,0.8816326530612244,1.24977929,1.2499893
1.1591836734693877,0.8734693877551021,1.24977762,1.24999126
1.1591836734693877,0.8653061224489795,1.24977805,1.24999083
1.1591836734693877,0.8571428571428572,1.24977686,1.24998992
1.1591836734693877,0.8489795918367347,1.24977552,1.24998956
1.1591836734693877,0.8408163265306122,1.24977898,1.24999061
1.1591836734693877,0.8326530612244898,1.24977702,1.24998824
1.1591836734693877,0.8244897959183674,1.24977893,1.24999057
1.1591836734693877,0.8163265306122449,1.24977651,1.24998928
1.1591836734693877,0.8081632653061225,1.24977762,1.24999076
1.1591836734693877,0.8,1.24977639,1.24998945
1.1510204081632653,1.2,1.24977881,1.24998962
1.1510204081632653,1.1918367346938774,1.2497752,1.24998949
1.1510204081632653,1.183673469387755,1.2497777,1.24998887
1.1510204081632653,1.1755102040816325,1.24977972,1.24999141
1.1510204081632653,1.1673469387755102,1.2497775,1.24998719
1.1510204081632653,1.1591836734693877,1.24977666,1.24998992
1.1510204081632653,1.1510204081632653,1.24977714,1.2499893
1.1510204081632653,1.1428571428571428,1.24977893,1.24998967
1.1510204081632653,1.1346938775510205,1.24977793,1.24998725
1.1510204081632653,1.126530612244898,1.24977671,1.24999048
1.1510204081632653,1.1183673469387754,1.24977865,1.24999341
1.1510204081632653,1.110204081632653,1.24978024,1.24998964
1.1510204081632653,1.1020408163265305,1.24977686,1.24998773
1.1510204081632653,1.0938775510204082,1.24977936,1.24998964
1.1510204081632653,1.0857142857142856,1.24977679,1.24999083
1.1510204081632653,1.0775510204081633,1.24977734,1.24998992
1.1510204081632653,1.0693877551020408,1.24977833,1.24998936
1.1510204081632653,1.0612244897959184,1.24977805,1.24998732
1.1510204081632653,1.0530612244897959,1.24977662,1.24998874
1.1510204081632653,1.0448979591836736,1.24977956,1.2499879
1.1510204081632653,1.036734693877551,1.24977631,1.24998928
1.1510204081632653,1.0285714285714285,1.24977873,1.24999029
1.1510204081632653,1.0204081632653061,1.24977623,1.2499893
1.1510204081632653,1.0122448979591836,1.24977878,1.24998818
1.1510204081632653,1.0040816326530613,1.24977845,1.24999132
1.1510204081632653,0.9959183673469387,1.24977648,1.24998973
1.1510204081632653,0.9877551020408163,1.24977722,1.24998859
1.1510204081632653,0.9795918367346939,1.24977734,1.24998831
1.1510204081632653,0.9714285714285714,1.24977512,1.24998732
1.1510204081632653,0.963265306122449,1.24977984,1.2499888
1.1510204081632653,0.9551020408163265,1.24977785,1.24998783
1.1510204081632653,0.9469387755102041,1.24977944,1.249989
1.1510204081632653,0.9387755102040816,1.24977873,1.24998669
1.1510204081632653,0.9306122448979592,1.24977754,1.24998852
1.1510204081632653,0.9224489795918367,1.24977956,1.2499907
1.1510204081632653,0.9142857142857143,1.24977969,1.24998951
1.1510204081632653,0.9061224489795918,1.24977797,1.24998796
1.1510204081632653,0.8979591836734694,1.24977765,1.24998889
1.1510204081632653,0.889795918367347,1.24977575,1.24998771
1.1510204081632653,0.8816326530612244,1.24977659,1.24998775
1.1510204081632653,0.8734693877551021,1.24977722,1.2499908
1.1510204081632653,0.8653061224489795,1.24977636,1.24998878
1.1510204081632653,0.8571428571428572,1.24977646,1.24998912
1.1510204081632653,0.8489795918367347,1.2497754,1.24998887
1.1510204081632653,0.8408163265306122,1.24977694,1.2499924
1.1510204081632653,0.8326530612244898,1.24977666,1.24998943
1.1510204081632653,0.8244897959183674,1.24977543,1.24998878
1.1510204081632653,0.8163265306122449,1.24977818,1.24998803
1.1510204081632653,0.8081632653061225,1.2497779,1.24998872
1.1510204081632653,0.8,1.24977666,1.2499888
1.1428571428571428,1.2,1.249775,1.24999139
1.1428571428571428,1.1918367346938774,1.24977714,1.24999244
1.1428571428571428,1.183673469387755,1.24977671,1.24998962
1.1428571428571428,1.1755102040816325,1.2497783,1.24998824
1.1428571428571428,1.1673469387755102,1.24977482,1.24998781
1.1428571428571428,1.1591836734693877,1.24977966,1.24999063
1.1428571428571428,1.1510204081632653,1.24977686,1.24999029
1.1428571428571428,1.1428571428571428,1.24977639,1.24998915
1.1428571428571428,1.1346938775510205,1.2497777,1.24998859
1.1428571428571428,1.126530612244898,1.2497729,1.24998846
1.1428571428571428,1.1183673469387754,1.24977981,1.24998958
1.1428571428571428,1.110204081632653,1.2497775,1.24999111
1.1428571428571428,1.1020408163265305,1.24977822,1.24998958
1.1428571428571428,1.0938775510204082,1.2497781,1.24998908
1.1428571428571428,1.0857142857142856,1.24977853,1.24998906
1.1428571428571428,1.0775510204081633,1.24977656,1.24998818
1.1428571428571428,1.0693877551020408,1.24977777,1.2499893
1.1428571428571428,1.0612244897959184,1.24977671,1.24998824
1.1428571428571428,1.0530612244897959,1.24977631,1.24998921
1.1428571428571428,1.0448979591836736,1.24977593,1.2499882
1.1428571428571428,1.036734693877551,1.24977686,1.2499888
1.1428571428571428,1.0285714285714285,1.24977747,1.24999027
1.1428571428571428,1.0204081632653061,1.24977813,1.2499902
1.1428571428571428,1.0122448979591836,1.24977856,1.24999042
1.1428571428571428,1.0040816326530613,1.24977805,1.24998921
1.1428571428571428,0.9959183673469387,1.24977765,1.24998837
1.1428571428571428,0.9877551020408163,1.24977591,1.24998745
1.1428571428571428,0.9795918367346939,1.24977717,1.24998962
1.1428571428571428,0.9714285714285714,1.2497783,1.24998958
1.1428571428571428,0.963265306122449,1.24977979,1.24998968
1.1428571428571428,0.9551020408163265,1.24977793,1.2499879
1.1428571428571428,0.9469387755102041,1.24977643,1.24998783
1.1428571428571428,0.9387755102040816,1.24977734,1.24998833
1.1428571428571428,0.9306122448979592,1.24977858,1.24998824
1.1428571428571428,0.9224489795918367,1.24977492,1.24998824
1.1428571428571428,0.9142857142857143,1.24977623,1.24998921
1.1428571428571428,0.9061224489795918,1.24977603,1.24999035
1.1428571428571428,0.8979591836734694,1.24977838,1.24999235
1.1428571428571428,0.889795918367347,1.2497764,1.24998992
1.1428571428571428,0.8816326530612244,1.24977906,1.24998951
1.1428571428571428,0.8734693877551021,1.24977759,1.24999076
1.1428571428571428,0.8653061224489795,1.2497779,1.24999072
1.1428571428571428,0.8571428571428572,1.24977858,1.24998962
1.1428571428571428,0.8489795918367347,1.2497805,1.24998719
1.1428571428571428,0.8408163265306122,1.24977845,1.24998893
1.1428571428571428,0.8326530612244898,1.24977865,1.2499871
1.1428571428571428,0.8244897959183674,1.24977608,1.24999001
1.1428571428571428,0.8163265306122449,1.2497783,1.24998844
1.1428571428571428,0.8081632653061225,1.24977737,1.24998859
1.1428571428571428,0.8,1.24977682,1.24999012
1.1346938775510205,1.2,1.24977523,1.2499913
1.1346938775510205,1.1918367346938774,1.24977919,1.24998951
1.1346938775510205,1.183673469387755,1.24977512,1.24998928
1.1346938775510205,1.1755102040816325,1.24977583,1.24998867
1.1346938775510205,1.1673469387755102,1.24977896,1.24999042
1.1346938775510205,1.1591836734693877,1.24977931,1.24998725
1.1346938775510205,1.1510204081632653,1.24977588,1.24999046
1.1346938775510205,1.1428571428571428,1.24978004,1.2499904
1.1346938775510205,1.1346938775510205,1.24977742,1.24998704
1.1346938775510205,1.126530612244898,1.24977964,1.2499885
1.1346938775510205,1.1183673469387754,1.24977588,1.24998852
1.1346938775510205,1.110204081632653,1.24977742,1.2499888
1.1346938775510205,1.1020408163265305,1.24977929,1.24998996
1.1346938775510205,1.0938775510204082,1.2497784,1.24998902
1.1346938775510205,1.0857142857142856,1.24977785,1.24999104
1.1346938775510205,1.0775510204081633,1.24977944,1.24998878
1.1346938775510205,1.0693877551020408,1.24977818,1.24998788
1.1346938775510205,1.0612244897959184,1.24977873,1.24999055
1.1346938775510205,1.0530612244897959,1.24977896,1.24999035
1.1346938775510205,1.0448979591836736,1.24977813,1.24998768
1.1346938775510205,1.036734693877551,1.24977707,1.24998908
1.1346938775510205,1.0285714285714285,1.24977805,1.24998809
1.1346938775510205,1.0204081632653061,1.24977999,1.24999012
1.1346938775510205,1.0122448979591836,1.24977505,1.24999096
1.1346938775510205,1.0040816326530613,1.24977646,1.24999014
1.1346938775510205,0.9959183673469387,1.24977694,1.24999057
1.1346938775510205,0.9877551020408163,1.24977838,1.24999029
1.1346938775510205,0.9795918367346939,1.24977893,1.24998956
1.1346938775510205,0.9714285714285714,1.24977608,1.24998949
1.1346938775510205,0.963265306122449,1.24977754,1.24998783
1.1346938775510205,0.9551020408163265,1.24977583,1.24998943
1.1346938775510205,0.9469387755102041,1.24977901,1.24998874
1.1346938775510205,0.9387755102040816,1.24977704,1.24998986
1.1346938775510205,0.9306122448979592,1.24977774,1.24998775
1.1346938775510205,0.9224489795918367,1.24977679,1.24998968
1.1346938775510205,0.9142857142857143,1.24977992,1.24999231
1.1346938775510205,0.9061224489795918,1.24977734,1.24998803
1.1346938775510205,0.8979591836734694,1.24977737,1.24998943
1.1346938775510205,0.889795918367347,1.24977757,1.24998783
1.1346938775510205,0.8816326530612244,1.24977545,1.24999083
1.1346938775510205,0.8734693877551021,1.24977964,1.24998893
1.1346938775510205,0.8653061224489795,1.24977941,1.24998727
1.1346938775510205,0.8571428571428572,1.24977719,1.24999147
1.1346938775510205,0.8489795918367347,1.24977643,1.24998816
1.1346938775510205,0.8408163265306122,1.2497775,1.24998943
1.1346938775510205,0.8326530612244898,1.24977793,1.24998781
1.1346938775510205,0.8244897959183674,1.24977737,1.24999055
1.1346938775510205,0.8163265306122449,1.24977898,1.24999173
1.1346938775510205,0.8081632653061225,1.2497775,1.2499893
1.1346938775510205,0.8,1.24977386,1.24998878
1.126530612244898,1.2,1.24977674,1.24999098
1.126530612244898,1.1918367346938774,1.24977901,1.24999076
1.126530612244898,1.183673469387755,1.24977719,1.24999035
1.126530612244898,1.1755102040816325,1.24977651,1.24998915
1.126530612244898,1.1673469387755102,1.24977699,1.24998794
1.126530612244898,1.1591836734693877,1.24977959,1.24998973
1.126530612244898,1.1510204081632653,1.24977833,1.2499902
1.126530612244898,1.1428571428571428,1.24977646,1.2499902
1.126530612244898,1.1346938775510205,1.24977578,1.24998811
1.126530612244898,1.126530612244898,1.24977636,1.24998936
1.126530612244898,1.1183673469387754,1.24977893,1.24999033
1.126530612244898,1.110204081632653,1.24977507,1.24998844
1.126530612244898,1.1020408163265305,1.24977754,1.24998691
1.126530612244898,1.0938775510204082,1.2497775,1.24999005
1.126530612244898,1.0857142857142856,1.24977737,1.24998719
1.126530612244898,1.0775510204081633,1.24977797,1.24998977
1.126530612244898,1.0693877551020408,1.24977573,1.24998915
1.126530612244898,1.0612244897959184,1.2497806,1.24999005
1.126530612244898,1.0530612244897959,1.24977676,1.2499874
1.126530612244898,1.0448979591836736,1.24977563,1.24998762
1.126530612244898,1.036734693877551,1.2497754,1.24998878
1.126530612244898,1.0285714285714285,1.24977734,1.24998831
1.126530612244898,1.0204081632653061,1.2497751,1.24999111
1.126530612244898,1.0122448979591836,1.2497783,1.24999111
1.126530612244898,1.0040816326530613,1.24977848,1.24998794
1.126530612244898,0.9959183673469387,1.24977754,1.24998943
1.126530612244898,0.9877551020408163,1.24977588,1.24999007
1.126530612244898,0.9795918367346939,1.24977568,1.24999244
1.126530612244898,0.9714285714285714,1.24977628,1.24999197
1.126530612244898,0.963265306122449,1.24977611,1.24998902
1.126530612244898,0.9551020408163265,1.24977818,1.24998663
1.126530612244898,0.9469387755102041,1.24977757,1.24998891
1.126530612244898,0.9387755102040816,1.24977691,1.24998979
1.126530612244898,0.9306122448979592,1.24977825,1.24998908
1.126530612244898,0.9224489795918367,1.24977865,1.24998977
1.126530612244898,0.9142857142857143,1.24977876,1.24998766
1.126530612244898,0.9061224489795918,1.24977729,1.24998796
1.126530612244898,0.8979591836734694,1.24977618,1.24998822
1.126530612244898,0.889795918367347,1.24977762,1.24998783
1.126530612244898,0.8816326530612244,1.24977795,1.24998768
1.126530612244898,0.8734693877551021,1.24977838,1.24999083
1.126530612244898,0.8653061224489795,1.24977742,1.24999115
1.126530612244898,0.8571428571428572,1.24977987,1.24998949
1.126530612244898,0.8489795918367347,1.24977876,1.24998872
1.126530612244898,0.8408163265306122,1.24977699,1.24998844
1.126530612244898,0.8326530612244898,1.24977979,1.24998861
1.126530612244898,0.8244897959183674,1.24977885,1.24998971
1.126530612244898,0.8163265306122449,1.24977949,1.24998958
1.126530612244898,0.8081632653061225,1.24977709,1.24999179
1.126530612244898,0.8,1.2497777,1.24998755
1.1183673469387754,1.2,1.24977825,1.2499893
1.1183673469387754,1.1918367346938774,1.24977853,1.24998775
1.1183673469387754,1.183673469387755,1.24977679,1.24998964
1.1183673469387754,1.1755102040816325,1.24977853,1.24998908
1.1183673469387754,1.1673469387755102,1.24977997,1.24998818
1.1183673469387754,1.1591836734693877,1.24977833,1.24999195
1.1183673469387754,1.1510204081632653,1.24977643,1.24998706
1.1183673469387754,1.1428571428571428,1.24977588,1.24998833
1.1183673469387754,1.1346938775510205,1.24977893,1.24998973
1.1183673469387754,1.126530612244898,1.2497775,1.24998839
1.1183673469387754,1.1183673469387754,1.24977908,1.2499879
1.1183673469387754,1.110204081632653,1.24977833,1.24998878
1.1183673469387754,1.1020408163265305,1.24977795,1.24999035
1.1183673469387754,1.0938775510204082,1.24977611,1.24998803
1.1183673469387754,1.0857142857142856,1.24977742,1.24998669
1.1183673469387754,1.0775510204081633,1.24977797,1.24999091
1.1183673469387754,1.0693877551020408,1.24977883,1.24999113
1.1183673469387754,1.0612244897959184,1.2497754,1.24998874
1.1183673469387754,1.0530612244897959,1.24977643,1.24998581
1.1183673469387754,1.0448979591836736,1.24977793,1.24998755
1.1183673469387754,1.036734693877551,1.2497785,1.24998984
1.1183673469387754,1.0285714285714285,1.24977643,1.24998516
1.1183673469387754,1.0204081632653061,1.24977908,1.24998738
1.1183673469387754,1.0122448979591836,1.24977868,1.24998816
1.1183673469387754,1.0040816326530613,1.24977795,1.24999052
1.1183673469387754,0.9959183673469387,1.24977848,1.24998902
1.1183673469387754,0.9877551020408163,1.24977737,1.24998908
1.1183673469387754,0.9795918367346939,1.24977517,1.24998902
1.1183673469387754,0.9714285714285714,1.24977686,1.24999119
1.1183673469387754,0.963265306122449,1.24977532,1.24998859
1.1183673469387754,0.9551020408163265,1.24977747,1.24999244
1.1183673469387754,0.9469387755102041,1.24977818,1.24998805
1.1183673469387754,0.9387755102040816,1.2497758,1.24999074
1.1183673469387754,0.9306122448979592,1.24977659,1.24998979
1.1183673469387754,0.9224489795918367,1.2497779,1.24999063
1.1183673469387754,0.9142857142857143,1.24977813,1.24999027
1.1183673469387754,0.9061224489795918,1.24977785,1.24998656
1.1183673469387754,0.8979591836734694,1.24977888,1.24998895
1.1183673469387754,0.889795918367347,1.24977722,1.24998874
1.1183673469387754,0.8816326530612244,1.24978083,1.24998805
1.1183673469387754,0.8734693877551021,1.24977651,1.24998883
1.1183673469387754,0.8653061224489795,1.24977671,1.24998656
1.1183673469387754,0.8571428571428572,1.24977623,1.24998725
1.1183673469387754,0.8489795918367347,1.24977848,1.24998839
1.1183673469387754,0.8408163265306122,1.24977636,1.24999046
1.1183673469387754,0.8326530612244898,1.24977702,1.24998964
1.1183673469387754,0.8244897959183674,1.24977729,1.24998939
1.1183673469387754,0.8163265306122449,1.24977555,1.24998613
1.1183673469387754,0.8081632653061225,1.24977528,1.24998816
1.1183673469387754,0.8,1.24977639,1.24999027
1.110204081632653,1.2,1.24977727,1.24998697
1.110204081632653,1.1918367346938774,1.24977979,1.24999098
1.110204081632653,1.183673469387755,1.24977881,1.2499907
1.110204081632653,1.1755102040816325,1.24977833,1.24998964
1.110204081632653,1.1673469387755102,1.2497784,1.24998915
1.110204081632653,1.1591836734693877,1.24977765,1.24999005
1.110204081632653,1.1510204081632653,1.24977532,1.24998915
1.110204081632653,1.1428571428571428,1.24977631,1.24998831
1.110204081632653,1.1346938775510205,1.24977785,1.24998945
1.110204081632653,1.126530612244898,1.24977759,1.24999014
1.110204081632653,1.1183673469387754,1.24977815,1.24998928
1.110204081632653,1.110204081632653,1.24977671,1.24998861
1.110204081632653,1.1020408163265305,1.24977873,1.24998818
1.110204081632653,1.0938775510204082,1.24977992,1.24999113
1.110204081632653,1.0857142857142856,1.24977913,1.24998887
1.110204081632653,1.0775510204081633,1.24977904,1.24998633
1.110204081632653,1.0693877551020408,1.24978047,1.24998865
1.110204081632653,1.0612244897959184,1.24977858,1.24998732
1.110204081632653,1.0530612244897959,1.24977747,1.24998992
1.110204081632653,1.0448979591836736,1.24977825,1.24998833
1.110204081632653,1.036734693877551,1.2497782,1.24999042
1.110204081632653,1.0285714285714285,1.24977489,1.24999042
1.110204081632653,1.0204081632653061,1.24977861,1.24998973
1.110204081632653,1.0122448979591836,1.24977805,1.24998936
1.110204081632653,1.0040816326530613,1.24977679,1.24998818
1.110204081632653,0.9959183673469387,1.24977868,1.24999007
1.110204081632653,0.9877551020408163,1.2497758,1.24998971
1.110204081632653,0.9795918367346939,1.24977608,1.24998936
1.110204081632653,0.9714285714285714,1.24977747,1.24999072
1.110204081632653,0.963265306122449,1.2497787,1.24999012
1.110204081632653,0.9551020408163265,1.24977825,1.24998906
1.110204081632653,0.9469387755102041,1.24977699,1.24998911
1.110204081632653,0.9387755102040816,1.2497784,1.24998811
1.110204081632653,0.9306122448979592,1.2497762,1.24999119
1.110204081632653,0.9224489795918367,1.24977666,1.24999089
1.110204081632653,0.9142857142857143,1.24977694,1.24998803
1.110204081632653,0.9061224489795918,1.24977891,1.24998699
1.110204081632653,0.8979591836734694,1.24977472,1.24998923
1.110204081632653,0.889795918367347,1.24977833,1.24999042
1.110204081632653,0.8816326530612244,1.24977618,1.24998895
1.110204081632653,0.8734693877551021,1.24977679,1.24999014
1.110204081632653,0.8653061224489795,1.24978103,1.24998951
1.110204081632653,0.8571428571428572,1.24977876,1.2499902
1.110204081632653,0.8489795918367347,1.24977618,1.24998951
1.110204081632653,0.8408163265306122,1.2497775,1.24998781
1.110204081632653,0.8326530612244898,1.24977595,1.24998648
1.110204081632653,0.8244897959183674,1.24977671,1.24998904
1.110204081632653,0.8163265306122449,1.24977696,1.24999102
1.110204081632653,0.8081632653061225,1.24977515,1.24998766
1.110204081632653,0.8,1.24977686,1.24998893
1.1020408163265305,1.2,1.24977686,1.24998719
1.1020408163265305,1.1918367346938774,1.24977714,1.24998977
1.1020408163265305,1.183673469387755,1.2497782,1.24998973
1.1020408163265305,1.1755102040816325,1.24977861,1.24998986
1.1020408163265305,1.1673469387755102,1.24977936,1.24999263
1.1020408163265305,1.1591836734693877,1.24977608,1.24998943
1.1020408163265305,1.1510204081632653,1.24978072,1.24999055
1.1020408163265305,1.1428571428571428,1.24977588,1.24998768
1.1020408163265305,1.1346938775510205,1.24977825,1.24998956
1.1020408163265305,1.126530612244898,1.2497777,1.24998902
1.1020408163265305,1.1183673469387754,1.24977777,1.24999199
1.1020408163265305,1.110204081632653,1.24977765,1.24998962
1.1020408163265305,1.1020408163265305,1.24977563,1.24998831
1.1020408163265305,1.0938775510204082,1.24977956,1.24998958
1.1020408163265305,1.0857142857142856,1.2497756,1.24999029
1.1020408163265305,1.0775510204081633,1.24977808,1.24999257
1.1020408163265305,1.0693877551020408,1.24977595,1.24998803
1.1020408163265305,1.0612244897959184,1.24977548,1.24999083
1.1020408163265305,1.0530612244897959,1.24977921,1.24998747
1.1020408163265305,1.0448979591836736,1.24977992,1.24998732
1.1020408163265305,1.036734693877551,1.2497789,1.2499888
1.1020408163265305,1.0285714285714285,1.24977873,1.2499902
1.1020408163265305,1.0204081632653061,1.24977759,1.24998911
1.1020408163265305,1.0122448979591836,1.24977492,1.2499888
1.1020408163265305,1.0040816326530613,1.2497783,1.24998818
1.1020408163265305,0.9959183673469387,1.24977704,1.24999048
1.1020408163265305,0.9877551020408163,1.2497783,1.24998844
1.1020408163265305,0.9795918367346939,1.24977737,1.24998986
1.1020408163265305,0.9714285714285714,1.24977765,1.24999223
1.1020408163265305,0.963265306122449,1.24977865,1.24998852
1.1020408163265305,0.9551020408163265,1.24977618,1.24998887
1.1020408163265305,0.9469387755102041,1.2497775,1.24998949
1.1020408163265305,0.9387755102040816,1.2497775,1.24998971
1.1020408163265305,0.9306122448979592,1.24977747,1.24998943
1.1020408163265305,0.9224489795918367,1.24977742,1.24998887
1.1020408163265305,0.9142857142857143,1.24977663,1.24998818
1.1020408163265305,0.9061224489795918,1.24977822,1.24998616
1.1020408163265305,0.8979591836734694,1.24977725,1.24999048
1.1020408163265305,0.889795918367347,1.24977484,1.24998984
1.1020408163265305,0.8816326530612244,1.24977762,1.24998943
1.1020408163265305,0.8734693877551021,1.24977722,1.24998962
1.1020408163265305,0.8653061224489795,1.24977845,1.24999182
1.1020408163265305,0.8571428571428572,1.2497784,1.24998936
1.1020408163265305,0.8489795918367347,1.24977734,1.24998928
1.1020408163265305,0.8408163265306122,1.24977805,1.24998725
1.1020408163265305,0.8326530612244898,1.24977765,1.24998824
1.1020408163265305,0.8244897959183674,1.24977654,1.24999091
1.1020408163265305,0.8163265306122449,1.249776,1.24998762
1.1020408163265305,0.8081632653061225,1.24977815,1.24999014
1.1020408163265305,0.8,1.24977737,1.24998637
1.0938775510204082,1.2,1.24977757,1.24998859
1.0938775510204082,1.1918367346938774,1.24977623,1.24998837
1.0938775510204082,1.183673469387755,1.24977616,1.2499893
1.0938775510204082,1.1755102040816325,1.24977896,1.2499904
1.0938775510204082,1.1673469387755102,1.24977762,1.24998816
1.0938775510204082,1.1591836734693877,1.24977662,1.24998676
1.0938775510204082,1.1510204081632653,1.24977517,1.24998923
1.0938775510204082,1.1428571428571428,1.24977495,1.24998788
1.0938775510204082,1.1346938775510205,1.24977313,1.24999091
1.0938775510204082,1.126530612244898,1.24977417,1.2499876
1.0938775510204082,1.1183673469387754,1.24977555,1.24999098
1.0938775510204082,1.110204081632653,1.24977571,1.24998928
1.0938775510204082,1.1020408163265305,1.24977871,1.24999063
1.0938775510204082,1.0938775510204082,1.24977659,1.24998956
1.0938775510204082,1.0857142857142856,1.2497779,1.24999048
1.0938775510204082,1.0775510204081633,1.24977548,1.24998917
1.0938775510204082,1.0693877551020408,1.24977643,1.249989
1.0938775510204082,1.0612244897959184,1.24977981,1.24998856
1.0938775510204082,1.0530612244897959,1.2497775,1.24998996
1.0938775510204082,1.0448979591836736,1.24977797,1.24998979
1.0938775510204082,1.036734693877551,1.24977906,1.24998816
1.0938775510204082,1.0285714285714285,1.24977878,1.24998915
1.0938775510204082,1.0204081632653061,1.24977702,1.24998936
1.0938775510204082,1.0122448979591836,1.24977795,1.24999001
1.0938775510204082,1.0040816326530613,1.24977699,1.24998915
1.0938775510204082,0.9959183673469387,1.24977845,1.24998889
1.0938775510204082,0.9877551020408163,1.24977639,1.24998796
1.0938775510204082,0.9795918367346939,1.24977984,1.24998839
1.0938775510204082,0.9714285714285714,1.24977997,1.24998878
1.0938775510204082,0.963265306122449,1.24977833,1.24999132
1.0938775510204082,0.9551020408163265,1.24977802,1.2499885
1.0938775510204082,0.9469387755102041,1.24977722,1.24998958
1.0938775510204082,0.9387755102040816,1.24977906,1.24998861
1.0938775510204082,0.9306122448979592,1.24977699,1.24999126
1.0938775510204082,0.9224489795918367,1.24977908,1.24999089
1.0938775510204082,0.9142857142857143,1.24977929,1.24998803
1.0938775510204082,0.9061224489795918,1.24977618,1.24999048
1.0938775510204082,0.8979591836734694,1.24977873,1.24999027
1.0938775510204082,0.889795918367347,1.24977745,1.24999018
1.0938775510204082,0.8816326530612244,1.24977759,1.24998859
1.0938775510204082,0.8734693877551021,1.2497781,1.24999098
1.0938775510204082,0.8653061224489795,1.24977684,1.24998992
1.0938775510204082,0.8571428571428572,1.24977734,1.24999027
1.0938775510204082,0.8489795918367347,1.24977636,1.24999005
1.0938775510204082,0.8408163265306122,1.24977659,1.24999012
1.0938775510204082,0.8326530612244898,1.24977793,1.2499899
1.0938775510204082,0.8244897959183674,1.24977774,1.24999048
1.0938775510204082,0.8163265306122449,1.24977956,1.24999055
1.0938775510204082,0.8081632653061225,1.24977603,1.24998923
1.0938775510204082,0.8,1.24977722,1.24998958
1.0857142857142856,1.2,1.24977933,1.24998986
1.0857142857142856,1.1918367346938774,1.24977848,1.24998676
1.0857142857142856,1.183673469387755,1.2497779,1.24998951
1.0857142857142856,1.1755102040816325,1.24977853,1.24998635
1.0857142857142856,1.1673469387755102,1.24977995,1.2499871
1.0857142857142856,1.1591836734693877,1.24977555,1.24999061
1.0857142857142856,1.1510204081632653,1.24977876,1.24998977
1.0857142857142856,1.1428571428571428,1.24977623,1.24999083
1.0857142857142856,1.1346938775510205,1.24977762,1.24998908
1.0857142857142856,1.126530612244898,1.24977754,1.24998936
1.0857142857142856,1.1183673469387754,1.2497777,1.24998725
1.0857142857142856,1.110204081632653,1.24977734,1.24998852
1.0857142857142856,1.1020408163265305,1.24977714,1.24999007
1.0857142857142856,1.0938775510204082,1.24977838,1.24999012
1.0857142857142856,1.0857142857142856,1.24977825,1.24998837
1.0857142857142856,1.0775510204081633,1.24977603,1.24998734
1.0857142857142856,1.0693877551020408,1.24977853,1.24998906
1.0857142857142856,1.0612244897959184,1.24977659,1.24998846
1.0857142857142856,1.0530612244897959,1.24977782,1.24998796
1.0857142857142856,1.0448979591836736,1.24977679,1.24998783
1.0857142857142856,1.036734693877551,1.24977659,1.24998704
1.0857142857142856,1.0285714285714285,1.24977969,1.24998867
1.0857142857142856,1.0204081632653061,1.24977858,1.24999104
1.0857142857142856,1.0122448979591836,1.24977618,1.24998816
1.0857142857142856,1.0040816326530613,1.24977737,1.24998887
1.0857142857142856,0.9959183673469387,1.24977813,1.24998607
1.0857142857142856,0.9877551020408163,1.24977982,1.24998753
1.0857142857142856,0.9795918367346939,1.24977762,1.2499876
1.0857142857142856,0.9714285714285714,1.24977876,1.24999029
1.0857142857142856,0.963265306122449,1.24977949,1.24998859
1.0857142857142856,0.9551020408163265,1.24978001,1.24998639
1.0857142857142856,0.9469387755102041,1.24977833,1.2499871
1.0857142857142856,0.9387755102040816,1.2497785,1.24998872
1.0857142857142856,0.9306122448979592,1.24977694,1.24999104
1.0857142857142856,0.9224489795918367,1.24977956,1.249989
1.0857142857142856,0.9142857142857143,1.2497779,1.2499888
1.0857142857142856,0.9061224489795918,1.24977711,1.2499874
1.0857142857142856,0.8979591836734694,1.24977901,1.24998915
1.0857142857142856,0.889795918367347,1.24977774,1.24998775
1.0857142857142856,0.8816326530612244,1.24977694,1.24998844
1.0857142857142856,0.8734693877551021,1.24977924,1.24998613
1.0857142857142856,0.8653061224489795,1.24977773,1.249989
1.0857142857142856,0.8571428571428572,1.24977825,1.24998943
1.0857142857142856,0.8489795918367347,1.24977848,1.24998572
1.0857142857142856,0.8408163265306122,1.24977734,1.24998811
1.0857142857142856,0.8326530612244898,1.24977752,1.24998811
1.0857142857142856,0.8244897959183674,1.24977722,1.24998893
1.0857142857142856,0.8163265306122449,1.24977686,1.24998893
1.0857142857142856,0.8081632653061225,1.24978063,1.24999055
1.0857142857142856,0.8,1.24977679,1.24998816
1.0775510204081633,1.2,1.24977802,1.24998732
1.0775510204081633,1.1918367346938774,1.24977704,1.24998616
1.0775510204081633,1.183673469387755,1.24977666,1.24998575
1.0775510204081633,1.1755102040816325,1.24977729,1.24998732
1.0775510204081633,1.1673469387755102,1.2497754,1.24998992
1.0775510204081633,1.1591836734693877,1.24977939,1.24998859
1.0775510204081633,1.1510204081632653,1.24977767,1.24998831
1.0775510204081633,1.1428571428571428,1.24977598,1.24999007
1.0775510204081633,1.1346938775510205,1.24977759,1.24999014
1.0775510204081633,1.126530612244898,1.24977568,1.24998906
1.0775510204081633,1.1183673469387754,1.24977663,1.24999139
1.0775510204081633,1.110204081632653,1.24977767,1.24998824
1.0775510204081633,1.1020408163265305,1.24977709,1.24998971
1.0775510204081633,1.0938775510204082,1.2497787,1.24998958
1.0775510204081633,1.0857142857142856,1.24977995,1.24998816
1.0775510204081633,1.0775510204081633,1.24977722,1.24999123
1.0775510204081633,1.0693877551020408,1.24977797,1.24999005
1.0775510204081633,1.0612244897959184,1.24977984,1.24998781
1.0775510204081633,1.0530612244897959,1.24977858,1.24998951
1.0775510204081633,1.0448979591836736,1.24977762,1.24998992
1.0775510204081633,1.036734693877551,1.24977888,1.24999027
1.0775510204081633,1.0285714285714285,1.24977684,1.24998939
1.0775510204081633,1.0204081632653061,1.24977785,1.24998915
1.0775510204081633,1.0122448979591836,1.24977797,1.24998542
1.0775510204081633,1.0040816326530613,1.2497781,1.24998945
1.0775510204081633,0.9959183673469387,1.24977856,1.24998908
1.0775510204081633,0.9877551020408163,1.24977719,1.2499888
1.0775510204081633,0.9795918367346939,1.24977818,1.24998855
1.0775510204081633,0.9714285714285714,1.24977777,1.2499902
1.0775510204081633,0.963265306122449,1.24977797,1.24998839
1.0775510204081633,0.9551020408163265,1.24977575,1.2499874
1.0775510204081633,0.9469387755102041,1.24978063,1.24998968
1.0775510204081633,0.9387755102040816,1.24977777,1.24998753
1.0775510204081633,0.9306122448979592,1.24977916,1.24998884
1.0775510204081633,0.9224489795918367,1.24977785,1.24998865
1.0775510204081633,0.9142857142857143,1.24978153,1.24998796
1.0775510204081633,0.9061224489795918,1.2497787,1.24998852
1.0775510204081633,0.8979591836734694,1.24977815,1.24998883
1.0775510204081633,0.889795918367347,1.24977805,1.24998852
1.0775510204081633,0.8816326530612244,1.2497775,1.2499893
1.0775510204081633,0.8734693877551021,1.24977742,1.24998755
1.0775510204081633,0.8653061224489795,1.24977782,1.24998915
1.0775510204081633,0.8571428571428572,1.24977828,1.24999074
1.0775510204081633,0.8489795918367347,1.24978166,1.24998682
1.0775510204081633,0.8408163265306122,1.24977702,1.24998762
1.0775510204081633,0.8326530612244898,1.24977802,1.24998706
1.0775510204081633,0.8244897959183674,1.24978083,1.2499888
1.0775510204081633,0.8163265306122449,1.2497783,1.24999005
1.0775510204081633,0.8081632653061225,1.24977848,1.24998992
1.0775510204081633,0.8,1.24977648,1.24998837
1.0693877551020408,1.2,1.24977881,1.24999085
1.0693877551020408,1.1918367346938774,1.24978012,1.24999061
1.0693877551020408,1.183673469387755,1.24977765,1.2499885
1.0693877551020408,1.1755102040816325,1.24977797,1.24998749
1.0693877551020408,1.1673469387755102,1.24977956,1.24998923
1.0693877551020408,1.1591836734693877,1.24977714,1.24998986
1.0693877551020408,1.1510204081632653,1.24977931,1.24998874
1.0693877551020408,1.1428571428571428,1.24977787,1.24999102
1.0693877551020408,1.1346938775510205,1.24977813,1.24998846
1.0693877551020408,1.126530612244898,1.24977707,1.24999119
1.0693877551020408,1.1183673469387754,1.24977825,1.24998874
1.0693877551020408,1.110204081632653,1.24977893,1.24998846
1.0693877551020408,1.1020408163265305,1.24977616,1.24998607
1.0693877551020408,1.0938775510204082,1.24977845,1.24998682
1.0693877551020408,1.0857142857142856,1.24978083,1.24998824
1.0693877551020408,1.0775510204081633,1.24977818,1.24998902
1.0693877551020408,1.0693877551020408,1.24977853,1.24999111
1.0693877551020408,1.0612244897959184,1.24977774,1.24998783
1.0693877551020408,1.0530612244897959,1.24977818,1.24998964
1.0693877551020408,1.0448979591836736,1.24977731,1.24998917
1.0693877551020408,1.036734693877551,1.24977631,1.24998628
1.0693877551020408,1.0285714285714285,1.24977818,1.24998859
1.0693877551020408,1.0204081632653061,1.24977885,1.24998699
1.0693877551020408,1.0122448979591836,1.24977711,1.24999158
1.0693877551020408,1.0040816326530613,1.24977636,1.24998895
1.0693877551020408,0.9959183673469387,1.24977916,1.24998753
1.0693877551020408,0.9877551020408163,1.24977689,1.24998971
1.0693877551020408,0.9795918367346939,1.24977762,1.24999005
1.0693877551020408,0.9714285714285714,1.24977853,1.24998984
1.0693877551020408,0.963265306122449,1.24977679,1.24998691
1.0693877551020408,0.9551020408163265,1.24978047,1.24998846
1.0693877551020408,0.9469387755102041,1.24977906,1.24998844
1.0693877551020408,0.9387755102040816,1.24977616,1.24999029
1.0693877551020408,0.9306122448979592,1.24977944,1.24998953
1.0693877551020408,0.9224489795918367,1.24977747,1.24998949
1.0693877551020408,0.9142857142857143,1.24977838,1.24998919
1.0693877551020408,0.9061224489795918,1.24977603,1.24998895
1.0693877551020408,0.8979591836734694,1.24977802,1.24998704
1.0693877551020408,0.889795918367347,1.24977964,1.24998727
1.0693877551020408,0.8816326530612244,1.24978201,1.24999132
1.0693877551020408,0.8734693877551021,1.24977507,1.24998622
1.0693877551020408,0.8653061224489795,1.24977699,1.24998887
1.0693877551020408,0.8571428571428572,1.24977856,1.24998732
1.0693877551020408,0.8489795918367347,1.24977813,1.24999158
1.0693877551020408,0.8408163265306122,1.24977822,1.24998783
1.0693877551020408,0.8326530612244898,1.24977818,1.24998839
1.0693877551020408,0.8244897959183674,1.24977825,1.24998822
1.0693877551020408,0.8163265306122449,1.24977838,1.24998829
1.0693877551020408,0.8081632653061225,1.24977939,1.24998734
1.0693877551020408,0.8,1.24977893,1.24998939
1.0612244897959184,1.2,1.24977929,1.24999113
1.0612244897959184,1.1918367346938774,1.24977785,1.24998773
1.0612244897959184,1.183673469387755,1.2497775,1.24999076
1.0612244897959184,1.1755102040816325,1.24978035,1.24998783
1.0612244897959184,1.1673469387755102,1.24977663,1.2499893
1.0612244897959184,1.1591836734693877,1.24977802,1.24998912
1.0612244897959184,1.1510204081632653,1.24977911,1.24998738
1.0612244897959184,1.1428571428571428,1.24978017,1.24999035
1.0612244897959184,1.1346938775510205,1.24977449,1.24999229
1.0612244897959184,1.126530612244898,1.24977787,1.24998747
1.0612244897959184,1.1183673469387754,1.24977845,1.24998928
1.0612244897959184,1.110204081632653,1.24977734,1.24998788
1.0612244897959184,1.1020408163265305,1.24977727,1.2499893
1.0612244897959184,1.0938775510204082,1.24977845,1.24998928
1.0612244897959184,1.0857142857142856,1.2497775,1.24999128
1.0612244897959184,1.0775510204081633,1.249776,1.24999042
1.0612244897959184,1.0693877551020408,1.24977742,1.24998958
1.0612244897959184,1.0612244897959184,1.24977813,1.24998949
1.0612244897959184,1.0530612244897959,1.2497784,1.24998878
1.0612244897959184,1.0448979591836736,1.24977833,1.24999238
1.0612244897959184,1.036734693877551,1.24977797,1.2499857
1.0612244897959184,1.0285714285714285,1.24977913,1.24999102
1.0612244897959184,1.0204081632653061,1.2497782,1.24998999
1.0612244897959184,1.0122448979591836,1.24977595,1.24999048
1.0612244897959184,1.0040816326530613,1.2497758,1.24998921
1.0612244897959184,0.9959183673469387,1.24977825,1.24999126
1.0612244897959184,0.9877551020408163,1.24978095,1.24999012
1.0612244897959184,0.9795918367346939,1.24977944,1.24998887
1.0612244897959184,0.9714285714285714,1.24977623,1.24998915
1.0612244897959184,0.963265306122449,1.24977684,1.24998915
1.0612244897959184,0.9551020408163265,1.24977643,1.24999048
1.0612244897959184,0.9469387755102041,1.24977694,1.24998915
1.0612244897959184,0.9387755102040816,1.24977709,1.24999091
1.0612244897959184,0.9306122448979592,1.24977702,1.2499904
1.0612244897959184,0.9224489795918367,1.24977674,1.24998768
1.0612244897959184,0.9142857142857143,1.24977906,1.24998848
1.0612244897959184,0.9061224489795918,1.24978032,1.24998887
1.0612244897959184,0.8979591836734694,1.24977896,1.249989
1.0612244897959184,0.889795918367347,1.24977785,1.24998775
1.0612244897959184,0.8816326530612244,1.24977525,1.24999055
1.0612244897959184,0.8734693877551021,1.24977992,1.24998979
1.0612244897959184,0.8653061224489795,1.24977623,1.24998878
1.0612244897959184,0.8571428571428572,1.24977865,1.24998964
1.0612244897959184,0.8489795918367347,1.24977918,1.24998884
1.0612244897959184,0.8408163265306122,1.24977929,1.24998902
1.0612244897959184,0.8326530612244898,1.24977729,1.24999098
1.0612244897959184,0.8244897959183674,1.24977815,1.24999018
1.0612244897959184,0.8163265306122449,1.24978012,1.24998939
1.0612244897959184,0.8081632653061225,1.24977591,1.24998923
1.0612244897959184,0.8,1.24977845,1.24998915
1.0530612244897959,1.2,1.24977676,1.24999029
1.0530612244897959,1.1918367346938774,1.24977734,1.24998768
1.0530612244897959,1.183673469387755,1.24977795,1.24998783
1.0530612244897959,1.1755102040816325,1.24977842,1.24998984
1.0530612244897959,1.1673469387755102,1.24977873,1.24999003
1.0530612244897959,1.1591836734693877,1.24977651,1.24998779
1.0530612244897959,1.1510204081632653,1.24977747,1.24998799
1.0530612244897959,1.1428571428571428,1.24978083,1.24998766
1.0530612244897959,1.1346938775510205,1.24977774,1.24998781
1.0530612244897959,1.126530612244898,1.24977745,1.24998936
1.0530612244897959,1.1183673469387754,1.24977656,1.24999061
1.0530612244897959,1.110204081632653,1.24977884,1.2499893
1.0530612244897959,1.1020408163265305,1.24977639,1.2499879
1.0530612244897959,1.0938775510204082,1.24977833,1.24999035
1.0530612244897959,1.0857142857142856,1.24978138,1.24998956
1.0530612244897959,1.0775510204081633,1.24977659,1.24998852
1.0530612244897959,1.0693877551020408,1.24977663,1.24998712
1.0530612244897959,1.0612244897959184,1.24977896,1.24999042
1.0530612244897959,1.0530612244897959,1.24978007,1.24998977
1.0530612244897959,1.0448979591836736,1.24977822,1.2499902
1.0530612244897959,1.036734693877551,1.24977659,1.24999046
1.0530612244897959,1.0285714285714285,1.2497783,1.24998641
1.0530612244897959,1.0204081632653061,1.24977861,1.24998762
1.0530612244897959,1.0122448979591836,1.24977782,1.24998949
1.0530612244897959,1.0040816326530613,1.24977484,1.24998872
1.0530612244897959,0.9959183673469387,1.24977734,1.24998762
1.0530612244897959,0.9877551020408163,1.24977797,1.24998856
1.0530612244897959,0.9795918367346939,1.24977908,1.24998824
1.0530612244897959,0.9714285714285714,1.24977611,1.24998783
1.0530612244897959,0.963265306122449,1.24977881,1.24999014
1.0530612244897959,0.9551020408163265,1.24977913,1.24998824
1.0530612244897959,0.9469387755102041,1.24977863,1.24998766
1.0530612244897959,0.9387755102040816,1.24977639,1.24998943
1.0530612244897959,0.9306122448979592,1.24977777,1.24998809
1.0530612244897959,0.9224489795918367,1.24977865,1.24999012
1.0530612244897959,0.9142857142857143,1.24977898,1.24999033
1.0530612244897959,0.9061224489795918,1.24977797,1.24998958
1.0530612244897959,0.8979591836734694,1.2497783,1.24998915
1.0530612244897959,0.889795918367347,1.24977565,1.24998807
1.0530612244897959,0.8816326530612244,1.24977747,1.24999179
1.0530612244897959,0.8734693877551021,1.24977908,1.24998977
1.0530612244897959,0.8653061224489795,1.24977913,1.24998973
1.0530612244897959,0.8571428571428572,1.24977813,1.24998893
1.0530612244897959,0.8489795918367347,1.2497775,1.24998859
1.0530612244897959,0.8408163265306122,1.24977785,1.24998654
1.0530612244897959,0.8326530612244898,1.2497784,1.24999027
1.0530612244897959,0.8244897959183674,1.24977727,1.24999132
1.0530612244897959,0.8163265306122449,1.24977729,1.24998893
1.0530612244897959,0.8081632653061225,1.24977552,1.2499902
1.0530612244897959,0.8,1.24977785,1.24999048
1.0448979591836736,1.2,1.2497784,1.24998906
1.0448979591836736,1.1918367346938774,1.24977813,1.24998872
1.0448979591836736,1.183673469387755,1.24977616,1.24998704
1.0448979591836736,1.1755102040816325,1.24977762,1.24998844
1.0448979591836736,1.1673469387755102,1.24977908,1.24998852
1.0448979591836736,1.1591836734693877,1.24977916,1.24998921
1.0448979591836736,1.1510204081632653,1.24977908,1.2499876
1.0448979591836736,1.1428571428571428,1.24977752,1.249989
1.0448979591836736,1.1346938775510205,1.249778,1.24998844
1.0448979591836736,1.126530612244898,1.24977785,1.24998837
1.0448979591836736,1.1183673469387754,1.24977588,1.24999108
1.0448979591836736,1.110204081632653,1.24977833,1.24998753
1.0448979591836736,1.1020408163265305,1.24977694,1.24998839
1.0448979591836736,1.0938775510204082,1.24977686,1.24998893
1.0448979591836736,1.0857142857142856,1.24977893,1.24998852
1.0448979591836736,1.0775510204081633,1.24977881,1.24998895
1.0448979591836736,1.0693877551020408,1.24977929,1.24998872
1.0448979591836736,1.0612244897959184,1.24977924,1.24998893
1.0448979591836736,1.0530612244897959,1.24977785,1.24998964
1.0448979591836736,1.0448979591836736,1.24977936,1.24998943
1.0448979591836736,1.036734693877551,1.24977722,1.24998958
1.0448979591836736,1.0285714285714285,1.24977734,1.24998971
1.0448979591836736,1.0204081632653061,1.24977964,1.24999014
1.0448979591836736,1.0122448979591836,1.24977868,1.24999182
1.0448979591836736,1.0040816326530613,1.24977885,1.24999203
1.0448979591836736,0.9959183673469387,1.24977694,1.24999055
1.0448979591836736,0.9877551020408163,1.24977818,1.2499913
1.0448979591836736,0.9795918367346939,1.24977797,1.24999231
1.0448979591836736,0.9714285714285714,1.24977666,1.24999014
1.0448979591836736,0.963265306122449,1.24977952,1.24998971
1.0448979591836736,0.9551020408163265,1.24977694,1.24999201
1.0448979591836736,0.9469387755102041,1.24977805,1.24998936
1.0448979591836736,0.9387755102040816,1.24977929,1.24998887
1.0448979591836736,0.9306122448979592,1.24977896,1.24998915
1.0448979591836736,0.9224489795918367,1.24977663,1.24998706
1.0448979591836736,0.9142857142857143,1.24977802,1.24998781
1.0448979591836736,0.9061224489795918,1.24977929,1.24998732
1.0448979591836736,0.8979591836734694,1.24977773,1.24998893
1.0448979591836736,0.889795918367347,1.24977893,1.24998893
1.0448979591836736,0.8816326530612244,1.2497785,1.24998846
1.0448979591836736,0.8734693877551021,1.24977643,1.24998777
1.0448979591836736,0.8653061224489795,1.24977861,1.24998794
1.0448979591836736,0.8571428571428572,1.24977785,1.24998872
1.0448979591836736,0.8489795918367347,1.24977742,1.24999007
1.0448979591836736,0.8408163265306122,1.24977722,1.24998859
1.0448979591836736,0.8326530612244898,1.24977901,1.24998788
1.0448979591836736,0.8244897959183674,1.24977813,1.24999179
1.0448979591836736,0.8163265306122449,1.24977707,1.24999123
1.0448979591836736,0.8081632653061225,1.24977881,1.24998693
1.0448979591836736,0.8,1.24977861,1.24998811
1.036734693877551,1.2,1.24977992,1.2499874
1.036734693877551,1.1918367346938774,1.24977694,1.24998706
1.036734693877551,1.183673469387755,1.24977855,1.24999151
1.036734693877551,1.1755102040816325,1.24977873,1.24999048
1.036734693877551,1.1673469387755102,1.24977802,1.24998964
1.036734693877551,1.1591836734693877,1.24977754,1.24999055
1.036734693877551,1.1510204081632653,1.2497775,1.24998833
1.036734693877551,1.1428571428571428,1.24978019,1.24998691
1.036734693877551,1.1346938775510205,1.24977931,1.24998837
1.036734693877551,1.126530612244898,1.2497779,1.24998846
1.036734693877551,1.1183673469387754,1.24977595,1.24998867
1.036734693877551,1.110204081632653,1.24977742,1.24998917
1.036734693877551,1.1020408163265305,1.24977908,1.24999117
1.036734693877551,1.0938775510204082,1.2497782,1.24998936
1.036734693877551,1.0857142857142856,1.24977959,1.24998956
1.036734693877551,1.0775510204081633,1.24977838,1.24998753
1.036734693877551,1.0693877551020408,1.24977944,1.24999005
1.036734693877551,1.0612244897959184,1.24977666,1.24999186
1.036734693877551,1.0530612244897959,1.24977825,1.2499893
1.036734693877551,1.0448979591836736,1.24977908,1.24998884
1.036734693877551,1.036734693877551,1.24977848,1.24998928
1.036734693877551,1.0285714285714285,1.24977782,1.2499907
1.036734693877551,1.0204081632653061,1.24977956,1.24998865
1.036734693877551,1.0122448979591836,1.24977643,1.24999098
1.036734693877551,1.0040816326530613,1.24977936,1.24998977
1.036734693877551,0.9959183673469387,1.24977856,1.24999117
1.036734693877551,0.9877551020408163,1.24977818,1.24998861
1.036734693877551,0.9795918367346939,1.2497777,1.24998893
1.036734693877551,0.9714285714285714,1.24977686,1.24998872
1.036734693877551,0.963265306122449,1.24978022,1.2499924
1.036734693877551,0.9551020408163265,1.24977707,1.24999027
1.036734693877551,0.9469387755102041,1.24977949,1.24998928
1.036734693877551,0.9387755102040816,1.24977813,1.24999068
1.036734693877551,0.9306122448979592,1.24977944,1.24999074
1.036734693877551,0.9224489795918367,1.24978019,1.24998915
1.036734693877551,0.9142857142857143,1.249778,1.24998915
1.036734693877551,0.9061224489795918,1.24977949,1.24998734
1.036734693877551,0.8979591836734694,1.24977742,1.2499894
1.036734693877551,0.889795918367347,1.24977833,1.24998908
1.036734693877551,0.8816326530612244,1.24977754,1.2499888
1.036734693877551,0.8734693877551021,1.24977639,1.24998999
1.036734693877551,0.8653061224489795,1.24977802,1.24998672
1.036734693877551,0.8571428571428572,1.24977802,1.24998996
1.036734693877551,0.8489795918367347,1.24978087,1.2499904
1.036734693877551,0.8408163265306122,1.2497777,1.2499893
1.036734693877551,0.8326530612244898,1.24977901,1.24999074
1.036734693877551,0.8244897959183674,1.2497775,1.24998796
1.036734693877551,0.8163265306122449,1.24977705,1.24998859
1.036734693877551,0.8081632653061225,1.24977936,1.24998773
1.036734693877551,0.8,1.24977999,1.24998831
1.0285714285714285,1.2,1.24977777,1.24998824
1.0285714285714285,1.1918367346938774,1.24977933,1.24998859
1.0285714285714285,1.183673469387755,1.24978024,1.24998721
1.0285714285714285,1.1755102040816325,1.24977659,1.2499899
1.0285714285714285,1.1673469387755102,1.2497777,1.24998822
1.0285714285714285,1.1591836734693877,1.2497785,1.24998968
1.0285714285714285,1.1510204081632653,1.24978032,1.24999055
1.0285714285714285,1.1428571428571428,1.24977643,1.24999104
1.0285714285714285,1.1346938775510205,1.24977571,1.24998837
1.0285714285714285,1.126530612244898,1.24977848,1.24999027
1.0285714285714285,1.1183673469387754,1.24977727,1.24998745
1.0285714285714285,1.110204081632653,1.24977822,1.24999012
1.0285714285714285,1.1020408163265305,1.24977979,1.24999035
1.0285714285714285,1.0938775510204082,1.24977972,1.24999182
1.0285714285714285,1.0857142857142856,1.24977704,1.24999169
1.0285714285714285,1.0775510204081633,1.24977797,1.24998755
1.0285714285714285,1.0693877551020408,1.24977881,1.24998803
1.0285714285714285,1.0612244897959184,1.24977492,1.24999074
1.0285714285714285,1.0530612244897959,1.24977797,1.24998971
1.0285714285714285,1.0448979591836736,1.24977924,1.24998887
1.0285714285714285,1.036734693877551,1.24977802,1.24998626
1.0285714285714285,1.0285714285714285,1.24977455,1.24998867
1.0285714285714285,1.0204081632653061,1.24977525,1.24998906
1.0285714285714285,1.0122448979591836,1.24977964,1.24998986
1.0285714285714285,1.0040816326530613,1.24977876,1.24998824
1.0285714285714285,0.9959183673469387,1.24977944,1.24998783
1.0285714285714285,0.9877551020408163,1.24977969,1.24998975
1.0285714285714285,0.9795918367346939,1.24977822,1.24998796
1.0285714285714285,0.9714285714285714,1.2497804,1.2499874
1.0285714285714285,0.963265306122449,1.24977836,1.24998669
1.0285714285714285,0.9551020408163265,1.24977702,1.24999029
1.0285714285714285,0.9469387755102041,1.24977618,1.24999033
1.0285714285714285,0.9387755102040816,1.2497783,1.24999108
1.0285714285714285,0.9306122448979592,1.24977921,1.24998874
1.0285714285714285,0.9224489795918367,1.24977865,1.24998846
1.0285714285714285,0.9142857142857143,1.24977727,1.24998859
1.0285714285714285,0.9061224489795918,1.24977908,1.24998719
1.0285714285714285,0.8979591836734694,1.24977686,1.24998964
1.0285714285714285,0.889795918367347,1.24977901,1.24998928
1.0285714285714285,0.8816326530612244,1.2497777,1.24998818
1.0285714285714285,0.8734693877551021,1.24977757,1.249989
1.0285714285714285,0.8653061224489795,1.24977679,1.24998971
1.0285714285714285,0.8571428571428572,1.24977921,1.24998906
1.0285714285714285,0.8489795918367347,1.24977901,1.24998796
1.0285714285714285,0.8408163265306122,1.24977931,1.24998977
1.0285714285714285,0.8326530612244898,1.24977707,1.24998936
1.0285714285714285,0.8244897959183674,1.24977865,1.24999033
1.0285714285714285,0.8163265306122449,1.24977972,1.24998964
1.0285714285714285,0.8081632653061225,1.24977992,1.24998824
1.0285714285714285,0.8,1.24977639,1.24998717
1.0204081632653061,1.2,1.24977815,1.24998874
1.0204081632653061,1.1918367346938774,1.24977714,1.24998964
1.0204081632653061,1.183673469387755,1.24977734,1.2499899
1.0204081632653061,1.1755102040816325,1.24977805,1.24999022
1.0204081632653061,1.1673469387755102,1.24977861,1.24998755
1.0204081632653061,1.1591836734693877,1.24977373,1.24998816
1.0204081632653061,1.1510204081632653,1.24977782,1.24998943
1.0204081632653061,1.1428571428571428,1.24977568,1.24999012
1.0204081632653061,1.1346938775510205,1.24977896,1.24999235
1.0204081632653061,1.126530612244898,1.24977742,1.2499893
1.0204081632653061,1.1183673469387754,1.24977949,1.24998964
1.0204081632653061,1.110204081632653,1.24977929,1.24998831
1.0204081632653061,1.1020408163265305,1.24977802,1.24998691
1.0204081632653061,1.0938775510204082,1.24978098,1.24999091
1.0204081632653061,1.0857142857142856,1.24977842,1.24998977
1.0204081632653061,1.0775510204081633,1.24977931,1.24998915
1.0204081632653061,1.0693877551020408,1.24977865,1.24998669
1.0204081632653061,1.0612244897959184,1.24977565,1.24998672
1.0204081632653061,1.0530612244897959,1.24977822,1.24998912
1.0204081632653061,1.0448979591836736,1.24978063,1.24998874
1.0204081632653061,1.036734693877551,1.24977674,1.24998766
1.0204081632653061,1.0285714285714285,1.24977808,1.24999123
1.0204081632653061,1.0204081632653061,1.24977911,1.24998691
1.0204081632653061,1.0122448979591836,1.2497785,1.24999061
1.0204081632653061,1.0040816326530613,1.24978055,1.24999014
1.0204081632653061,0.9959183673469387,1.24977711,1.24998844
1.0204081632653061,0.9877551020408163,1.24977719,1.24998818
1.0204081632653061,0.9795918367346939,1.24977709,1.24998766
1.0204081632653061,0.9714285714285714,1.24977885,1.24998792
1.0204081632653061,0.963265306122449,1.24977885,1.2499894
1.0204081632653061,0.9551020408163265,1.24977802,1.24998943
1.0204081632653061,0.9469387755102041,1.24977929,1.24998781
1.0204081632653061,0.9387755102040816,1.24977702,1.24998669
1.0204081632653061,0.9306122448979592,1.24977747,1.24998956
1.0204081632653061,0.9224489795918367,1.24977921,1.24999083
1.0204081632653061,0.9142857142857143,1.24977507,1.24998747
1.0204081632653061,0.9061224489795918,1.24977552,1.24999076
1.0204081632653061,0.8979591836734694,1.2497775,1.24998572
1.0204081632653061,0.889795918367347,1.24978022,1.24998874
1.0204081632653061,0.8816326530612244,1.24977739,1.24999009
1.0204081632653061,0.8734693877551021,1.24977507,1.24998908
1.0204081632653061,0.8653061224489795,1.24977651,1.2499904
1.0204081632653061,0.8571428571428572,1.24977924,1.24998878
1.0204081632653061,0.8489795918367347,1.24977979,1.2499908
1.0204081632653061,0.8408163265306122,1.2497777,1.2499908
1.0204081632653061,0.8326530612244898,1.24977805,1.24998992
1.0204081632653061,0.8244897959183674,1.24977802,1.24998805
1.0204081632653061,0.8163265306122449,1.24977878,1.24998883
1.0204081632653061,0.8081632653061225,1.24977861,1.24998852
1.0204081632653061,0.8,1.24977805,1.24998663
1.0122448979591836,1.2,1.24977686,1.24998956
1.0122448979591836,1.1918367346938774,1.24978133,1.24998917
1.0122448979591836,1.183673469387755,1.24977737,1.24998865
1.0122448979591836,1.1755102040816325,1.24977916,1.24998915
1.0122448979591836,1.1673469387755102,1.24977802,1.24998977
1.0122448979591836,1.1591836734693877,1.24977845,1.24998962
1.0122448979591836,1.1510204081632653,1.24977737,1.24998968
1.0122448979591836,1.1428571428571428,1.24977933,1.24998747
1.0122448979591836,1.1346938775510205,1.24977643,1.24998887
1.0122448979591836,1.126530612244898,1.24977833,1.24998684
1.0122448979591836,1.1183673469387754,1.24977858,1.24998861
1.0122448979591836,1.110204081632653,1.24978092,1.24998734
1.0122448979591836,1.1020408163265305,1.24977785,1.24998637
1.0122448979591836,1.0938775510204082,1.24977694,1.24998979
1.0122448979591836,1.0857142857142856,1.24977603,1.24998824
1.0122448979591836,1.0775510204081633,1.24977873,1.24998915
1.0122448979591836,1.0693877551020408,1.24977865,1.24999117
1.0122448979591836,1.0612244897959184,1.24978007,1.2499893
1.0122448979591836,1.0530612244897959,1.24977734,1.24999132
1.0122448979591836,1.0448979591836736,1.24977802,1.24999037
1.0122448979591836,1.036734693877551,1.24977805,1.2499879
1.0122448979591836,1.0285714285714285,1.24977676,1.2499893
1.0122448979591836,1.0204081632653061,1.24978012,1.24998958
1.0122448979591836,1.0122448979591836,1.24977964,1.24999007
1.0122448979591836,1.0040816326530613,1.24977787,1.2499899
1.0122448979591836,0.9959183673469387,1.24977714,1.24999001
1.0122448979591836,0.9877551020408163,1.24977818,1.24999126
1.0122448979591836,0.9795918367346939,1.24977699,1.24999001
1.0122448979591836,0.9714285714285714,1.24977974,1.24999089
1.0122448979591836,0.963265306122449,1.2497752,1.24998734
1.0122448979591836,0.9551020408163265,1.24977734,1.24998672
1.0122448979591836,0.9469387755102041,1.24977593,1.24998822
1.0122448979591836,0.9387755102040816,1.24977719,1.24998747
1.0122448979591836,0.9306122448979592,1.24977682,1.24999027
1.0122448979591836,0.9224489795918367,1.24977802,1.24998979
1.0122448979591836,0.9142857142857143,1.24977719,1.24999027
1.0122448979591836,0.9061224489795918,1.24977818,1.24998939
1.0122448979591836,0.8979591836734694,1.24977896,1.24998956
1.0122448979591836,0.889795918367347,1.24977984,1.24999063
1.0122448979591836,0.8816326530612244,1.24977878,1.24999007
1.0122448979591836,0.8734693877551021,1.24977752,1.24998887
1.0122448979591836,0.8653061224489795,1.24977956,1.24998874
1.0122448979591836,0.8571428571428572,1.2497779,1.24998831
1.0122448979591836,0.8489795918367347,1.2497777,1.24998936
1.0122448979591836,0.8408163265306122,1.24977492,1.24998902
1.0122448979591836,0.8326530612244898,1.24977762,1.24998884
1.0122448979591836,0.8244897959183674,1.24977663,1.24998979
1.0122448979591836,0.8163265306122449,1.24977699,1.24999014
1.0122448979591836,0.8081632653061225,1.24977754,1.24998874
1.0122448979591836,0.8,1.24977575,1.24999035
1.0040816326530613,1.2,1.24977639,1.2499879
1.0040816326530613,1.1918367346938774,1.24977699,1.24998962
1.0040816326530613,1.183673469387755,1.24977901,1.24998928
1.0040816326530613,1.1755102040816325,1.24978083,1.24998949
1.0040816326530613,1.1673469387755102,1.2497777,1.24998936
1.0040816326530613,1.1591836734693877,1.24977754,1.2499905
1.0040816326530613,1.1510204081632653,1.24977679,1.24998846
1.0040816326530613,1.1428571428571428,1.24977858,1.24999085
1.0040816326530613,1.1346938775510205,1.24977722,1.24999076
1.0040816326530613,1.126530612244898,1.24977762,1.24998641
1.0040816326530613,1.1183673469387754,1.2497804,1.24998895
1.0040816326530613,1.110204081632653,1.24977762,1.24998915
1.0040816326530613,1.1020408163265305,1.24977893,1.24998977
1.0040816326530613,1.0938775510204082,1.24977793,1.24998775
1.0040816326530613,1.0857142857142856,1.24977856,1.24999266
1.0040816326530613,1.0775510204081633,1.24977979,1.24999446
1.0040816326530613,1.0693877551020408,1.2497784,1.24998893
1.0040816326530613,1.0612244897959184,1.24977933,1.24998992
1.0040816326530613,1.0530612244897959,1.24977742,1.249989
1.0040816326530613,1.0448979591836736,1.24977659,1.24999098
1.0040816326530613,1.036734693877551,1.24977853,1.24999098
1.0040816326530613,1.0285714285714285,1.24977643,1.2499882
1.0040816326530613,1.0204081632653061,1.24977845,1.24998958
1.0040816326530613,1.0122448979591836,1.24977848,1.24999042
1.0040816326530613,1.0040816326530613,1.24977646,1.2499921
1.0040816326530613,0.9959183673469387,1.24977989,1.24998631
1.0040816326530613,0.9877551020408163,1.24977727,1.24998734
1.0040816326530613,0.9795918367346939,1.24977616,1.24998809
1.0040816326530613,0.9714285714285714,1.24977782,1.24998986
1.0040816326530613,0.963265306122449,1.24977588,1.24998844
1.0040816326530613,0.9551020408163265,1.24977861,1.24999042
1.0040816326530613,0.9469387755102041,1.24977595,1.24998874
1.0040816326530613,0.9387755102040816,1.24977608,1.24998893
1.0040816326530613,0.9306122448979592,1.24977694,1.24998872
1.0040816326530613,0.9224489795918367,1.24977916,1.24998874
1.0040816326530613,0.9142857142857143,1.24977588,1.24998775
1.0040816326530613,0.9061224489795918,1.24977822,1.24998809
1.0040816326530613,0.8979591836734694,1.24977793,1.24998971
1.0040816326530613,0.889795918367347,1.24977782,1.24998816
1.0040816326530613,0.8816326530612244,1.24977595,1.2499899
1.0040816326530613,0.8734693877551021,1.24977873,1.24999201
1.0040816326530613,0.8653061224489795,1.24977818,1.24999035
1.0040816326530613,0.8571428571428572,1.24977628,1.24998865
1.0040816326530613,0.8489795918367347,1.24977825,1.24998951
1.0040816326530613,0.8408163265306122,1.24977853,1.24998872
1.0040816326530613,0.8326530612244898,1.24977686,1.24998887
1.0040816326530613,0.8244897959183674,1.24977707,1.24999195
1.0040816326530613,0.8163265306122449,1.2497779,1.24998818
1.0040816326530613,0.8081632653061225,1.24977979,1.24999042
1.0040816326530613,0.8,1.2497805,1.2499907
0.9959183673469387,1.2,1.24977671,1.24998943
0.9959183673469387,1.1918367346938774,1.24977686,1.24998829
0.9959183673469387,1.183673469387755,1.24977818,1.24998917
0.9959183673469387,1.1755102040816325,1.2497785,1.24999068
0.9959183673469387,1.1673469387755102,1.24977575,1.24999096
0.9959183673469387,1.1591836734693877,1.24977462,1.24998949
0.9959183673469387,1.1510204081632653,1.24977916,1.24999063
0.9959183673469387,1.1428571428571428,1.24977956,1.24998813
0.9959183673469387,1.1346938775510205,1.24978027,1.24998887
0.9959183673469387,1.126530612244898,1.2497782,1.24999089
0.9959183673469387,1.1183673469387754,1.24977654,1.24999046
0.9959183673469387,1.110204081632653,1.24977981,1.24998824
0.9959183673469387,1.1020408163265305,1.24977853,1.24998951
0.9959183673469387,1.0938775510204082,1.24977881,1.24998999
0.9959183673469387,1.0857142857142856,1.24977992,1.24998943
0.9959183673469387,1.0775510204081633,1.24977956,1.24998949
0.9959183673469387,1.0693877551020408,1.24977762,1.24999132
0.9959183673469387,1.0612244897959184,1.24977825,1.24998699
0.9959183673469387,1.0530612244897959,1.24978022,1.24998979
0.9959183673469387,1.0448979591836736,1.24978115,1.24998908
0.9959183673469387,1.036734693877551,1.24977774,1.24999027
0.9959183673469387,1.0285714285714285,1.24977793,1.24998887
0.9959183673469387,1.0204081632653061,1.24977571,1.24998928
0.9959183673469387,1.0122448979591836,1.24977702,1.24999238
0.9959183673469387,1.0040816326530613,1.24978024,1.24998818
0.9959183673469387,0.9959183673469387,1.24977742,1.24998939
0.9959183673469387,0.9877551020408163,1.24977933,1.24999085
0.9959183673469387,0.9795918367346939,1.24978007,1.24998928
0.9959183673469387,0.9714285714285714,1.24977891,1.24998783
0.9959183673469387,0.963265306122449,1.249778,1.24998943
0.9959183673469387,0.9551020408163265,1.24977813,1.24999132
0.9959183673469387,0.9469387755102041,1.24977944,1.24999035
0.9959183673469387,0.9387755102040816,1.24977676,1.24999145
0.9959183673469387,0.9306122448979592,1.24977888,1.24998975
0.9959183673469387,0.9224489795918367,1.24977734,1.24999055
0.9959183673469387,0.9142857142857143,1.24977699,1.24999113
0.9959183673469387,0.9061224489795918,1.24977868,1.24998962
0.9959183673469387,0.8979591836734694,1.24977901,1.24999048
0.9959183673469387,0.889795918367347,1.24977787,1.24999098
0.9959183673469387,0.8816326530612244,1.24977908,1.24998902
0.9959183673469387,0.8734693877551021,1.24977709,1.24999216
0.9959183673469387,0.8653061224489795,1.2497785,1.24999207
0.9959183673469387,0.8571428571428572,1.24977976,1.24999119
0.9959183673469387,0.8489795918367347,1.24978174,1.24998809
0.9959183673469387,0.8408163265306122,1.24977992,1.24998872
0.9959183673469387,0.8326530612244898,1.24977659,1.2499916
0.9959183673469387,0.8244897959183674,1.24978032,1.24998936
0.9959183673469387,0.8163265306122449,1.24977646,1.24998943
0.9959183673469387,0.8081632653061225,1.24977762,1.24999203
0.9959183673469387,0.8,1.2497781,1.24998852
0.9877551020408163,1.2,1.24977825,1.24998979
0.9877551020408163,1.1918367346938774,1.24977709,1.24998921
0.9877551020408163,1.183673469387755,1.24978032,1.24998979
0.9877551020408163,1.1755102040816325,1.2497775,1.24998626
0.9877551020408163,1.1673469387755102,1.24977976,1.24998979
0.9877551020408163,1.1591836734693877,1.24977825,1.24998908
0.9877551020408163,1.1510204081632653,1.24977944,1.24998902
0.9877551020408163,1.1428571428571428,1.24977719,1.24998977
0.9877551020408163,1.1346938775510205,1.24977893,1.24998887
0.9877551020408163,1.126530612244898,1.24977762,1.24998704
0.9877551020408163,1.1183673469387754,1.24977777,1.24998893
0.9877551020408163,1.110204081632653,1.24977853,1.24998818
0.9877551020408163,1.1020408163265305,1.24977608,1.24998999
0.9877551020408163,1.0938775510204082,1.2497804,1.24999139
0.9877551020408163,1.0857142857142856,1.24977848,1.2499874
0.9877551020408163,1.0775510204081633,1.24978112,1.24998958
0.9877551020408163,1.0693877551020408,1.24977929,1.24999104
0.9877551020408163,1.0612244897959184,1.24978067,1.24998928
0.9877551020408163,1.0530612244897959,1.24977893,1.24999007
0.9877551020408163,1.0448979591836736,1.24977802,1.24998755
0.9877551020408163,1.036734693877551,1.24977906,1.24998872
0.9877551020408163,1.0285714285714285,1.24977845,1.24998921
0.9877551020408163,1.0204081632653061,1.24977636,1.24998803
0.9877551020408163,1.0122448979591836,1.24977921,1.24998906
0.9877551020408163,1.0040816326530613,1.24977548,1.2499893
0.9877551020408163,0.9959183673469387,1.24977757,1.24998803
0.9877551020408163,0.9877551020408163,1.24977762,1.24999018
0.9877551020408163,0.9795918367346939,1.24978017,1.24998777
0.9877551020408163,0.9714285714285714,1.24977805,1.24999203
0.9877551020408163,0.963265306122449,1.24977684,1.24999005
0.9877551020408163,0.9551020408163265,1.24977833,1.24998936
0.9877551020408163,0.9469387755102041,1.2497783,1.24999186
0.9877551020408163,0.9387755102040816,1.24977888,1.24998968
0.9877551020408163,0.9306122448979592,1.24977805,1.24998811
0.9877551020408163,0.9224489795918367,1.2497787,1.2499907
0.9877551020408163,0.9142857142857143,1.24977659,1.24998936
0.9877551020408163,0.9061224489795918,1.24977949,1.24998964
0.9877551020408163,0.8979591836734694,1.24977827,1.24998811
0.9877551020408163,0.889795918367347,1.24977845,1.24998926
0.9877551020408163,0.8816326530612244,1.24977651,1.24998796
0.9877551020408163,0.8734693877551021,1.24977707,1.24998893
0.9877551020408163,0.8653061224489795,1.24977643,1.24998994
0.9877551020408163,0.8571428571428572,1.24978087,1.24998816
0.9877551020408163,0.8489795918367347,1.24977523,1.24998887
0.9877551020408163,0.8408163265306122,1.24977893,1.24998887
0.9877551020408163,0.8326530612244898,1.24977659,1.24998971
0.9877551020408163,0.8244897959183674,1.24977699,1.24998803
0.9877551020408163,0.8163265306122449,1.24977853,1.24998837
0.9877551020408163,0.8081632653061225,1.24977873,1.24998921
0.9877551020408163,0.8,1.24977757,1.24998887
0.9795918367346939,1.2,1.2497754,1.24998915
0.9795918367346939,1.1918367346938774,1.24977734,1.24998992
0.9795918367346939,1.183673469387755,1.24977873,1.24999145
0.9795918367346939,1.1755102040816325,1.24977845,1.24998923
0.9795918367346939,1.1673469387755102,1.24977714,1.2499893
0.9795918367346939,1.1591836734693877,1.24977822,1.24999007
0.9795918367346939,1.1510204081632653,1.24977722,1.24998999
0.9795918367346939,1.1428571428571428,1.24977742,1.24998824
0.9795918367346939,1.1346938775510205,1.24977568,1.24998912
0.9795918367346939,1.126530612244898,1.24977754,1.24999104
0.9795918367346939,1.1183673469387754,1.24977845,1.24998747
0.9795918367346939,1.110204081632653,1.24977828,1.24999296
0.9795918367346939,1.1020408163265305,1.24978007,1.24998824
0.9795918367346939,1.0938775510204082,1.24977714,1.24998908
0.9795918367346939,1.0857142857142856,1.24977888,1.24999035
0.9795918367346939,1.0775510204081633,1.24977956,1.24999042
0.9795918367346939,1.0693877551020408,1.24977639,1.24998992
0.9795918367346939,1.0612244897959184,1.2497784,1.24999005
0.9795918367346939,1.0530612244897959,1.24977995,1.24998999
0.9795918367346939,1.0448979591836736,1.24977893,1.2499888
0.9795918367346939,1.036734693877551,1.24977679,1.24998971
0.9795918367346939,1.0285714285714285,1.24977729,1.24998872
0.9795918367346939,1.0204081632653061,1.24977525,1.24998846
0.9795918367346939,1.0122448979591836,1.24977528,1.24998949
0.9795918367346939,1.0040816326530613,1.24977492,1.24998906
0.9795918367346939,0.9959183673469387,1.24978004,1.24998831
0.9795918367346939,0.9877551020408163,1.24977845,1.24998964
0.9795918367346939,0.9795918367346939,1.24977822,1.24999052
0.9795918367346939,0.9714285714285714,1.2497777,1.24998835
0.9795918367346939,0.963265306122449,1.24977921,1.24998837
0.9795918367346939,0.9551020408163265,1.24977699,1.24998962
0.9795918367346939,0.9469387755102041,1.24977782,1.24998908
0.9795918367346939,0.9387755102040816,1.24977865,1.2499907
0.9795918367346939,0.9306122448979592,1.24977787,1.24998964
0.9795918367346939,0.9224489795918367,1.24977929,1.24998984
0.9795918367346939,0.9142857142857143,1.24977881,1.24999175
0.9795918367346939,0.9061224489795918,1.24977893,1.24999048
0.9795918367346939,0.8979591836734694,1.24978024,1.2499896
0.9795918367346939,0.889795918367347,1.24977939,1.24998956
0.9795918367346939,0.8816326530612244,1.24978024,1.2499913
0.9795918367346939,0.8734693877551021,1.24977702,1.24998917
0.9795918367346939,0.8653061224489795,1.24977865,1.24999179
0.9795918367346939,0.8571428571428572,1.24977838,1.2499907
0.9795918367346939,0.8489795918367347,1.24977908,1.24998822
0.9795918367346939,0.8408163265306122,1.24977646,1.2499904
0.9795918367346939,0.8326530612244898,1.24977929,1.24999156
0.9795918367346939,0.8244897959183674,1.24977659,1.24999068
0.9795918367346939,0.8163265306122449,1.24977777,1.24998994
0.9795918367346939,0.8081632653061225,1.24977686,1.24999083
0.9795918367346939,0.8,1.2497779,1.24998986
0.9714285714285714,1.2,1.24977964,1.24998951
0.9714285714285714,1.1918367346938774,1.24977853,1.24998902
0.9714285714285714,1.183673469387755,1.24977666,1.24998936
0.9714285714285714,1.1755102040816325,1.24977838,1.24998962
0.9714285714285714,1.1673469387755102,1.24977651,1.24998867
0.9714285714285714,1.1591836734693877,1.24977787,1.24998947
0.9714285714285714,1.1510204081632653,1.24977725,1.24999199
0.9714285714285714,1.1428571428571428,1.24977737,1.24999061
0.9714285714285714,1.1346938775510205,1.24977631,1.24998824
0.9714285714285714,1.126530612244898,1.24977896,1.24999027
0.9714285714285714,1.1183673469387754,1.24977921,1.24998912
0.9714285714285714,1.110204081632653,1.24977525,1.24999055
0.9714285714285714,1.1020408163265305,1.24977913,1.24998923
0.9714285714285714,1.0938775510204082,1.24977825,1.24998902
0.9714285714285714,1.0857142857142856,1.24977682,1.24999182
0.9714285714285714,1.0775510204081633,1.24977853,1.24998949
0.9714285714285714,1.0693877551020408,1.2497779,1.24998837
0.9714285714285714,1.0612244897959184,1.2497783,1.24999012
0.9714285714285714,1.0530612244897959,1.24977636,1.24999012
0.9714285714285714,1.0448979591836736,1.2497784,1.24998811
0.9714285714285714,1.036734693877551,1.24977707,1.24999294
0.9714285714285714,1.0285714285714285,1.24977825,1.24998958
0.9714285714285714,1.0204081632653061,1.24977921,1.24998732
0.9714285714285714,1.0122448979591836,1.24977702,1.24999005
0.9714285714285714,1.0040816326530613,1.24977818,1.24999167
0.9714285714285714,0.9959183673469387,1.24977828,1.24998956
0.9714285714285714,0.9877551020408163,1.24977818,1.24998962
0.9714285714285714,0.9795918367346939,1.24977853,1.24998678
0.9714285714285714,0.9714285714285714,1.24977838,1.24999083
0.9714285714285714,0.963265306122449,1.24977818,1.2499885
0.9714285714285714,0.9551020408163265,1.24977707,1.24998796
0.9714285714285714,0.9469387755102041,1.24977833,1.24998921
0.9714285714285714,0.9387755102040816,1.24977838,1.24999042
0.9714285714285714,0.9306122448979592,1.2497775,1.24998986
0.9714285714285714,0.9224489795918367,1.24977573,1.24998719
0.9714285714285714,0.9142857142857143,1.24977818,1.24998958
0.9714285714285714,0.9061224489795918,1.24977737,1.24999104
0.9714285714285714,0.8979591836734694,1.24977731,1.24999068
0.9714285714285714,0.889795918367347,1.24977865,1.24998809
0.9714285714285714,0.8816326530612244,1.2497784,1.24999089
0.9714285714285714,0.8734693877551021,1.24978047,1.24998796
0.9714285714285714,0.8653061224489795,1.24977583,1.24999089
0.9714285714285714,0.8571428571428572,1.24977979,1.24998971
0.9714285714285714,0.8489795918367347,1.24977833,1.24998859
0.9714285714285714,0.8408163265306122,1.2497777,1.24999048
0.9714285714285714,0.8326530612244898,1.24977785,1.24998915
0.9714285714285714,0.8244897959183674,1.2497809,1.24999076
0.9714285714285714,0.8163265306122449,1.24977707,1.24998999
0.9714285714285714,0.8081632653061225,1.24977785,1.2499902
0.9714285714285714,0.8,1.24977797,1.24999085
0.963265306122449,1.2,1.2497784,1.24998902
0.963265306122449,1.1918367346938774,1.24977967,1.24998768
0.963265306122449,1.183673469387755,1.24977568,1.24998734
0.963265306122449,1.1755102040816325,1.24977662,1.24999016
0.963265306122449,1.1673469387755102,1.24977631,1.24998839
0.963265306122449,1.1591836734693877,1.24977899,1.24998852
0.963265306122449,1.1510204081632653,1.24977802,1.24998848
0.963265306122449,1.1428571428571428,1.24977651,1.24998951
0.963265306122449,1.1346938775510205,1.24977517,1.24999167
0.963265306122449,1.126530612244898,1.24977679,1.24999072
0.963265306122449,1.1183673469387754,1.24977646,1.24999035
0.963265306122449,1.110204081632653,1.24977709,1.24998768
0.963265306122449,1.1020408163265305,1.24977429,1.2499879
0.963265306122449,1.0938775510204082,1.24977591,1.24998956
0.963265306122449,1.0857142857142856,1.24977797,1.24999018
0.963265306122449,1.0775510204081633,1.24977773,1.24999111
0.963265306122449,1.0693877551020408,1.24977818,1.24999096
0.963265306122449,1.0612244897959184,1.24977964,1.24998833
0.963265306122449,1.0530612244897959,1.24977924,1.24998818
0.963265306122449,1.0448979591836736,1.24977578,1.24999055
0.963265306122449,1.036734693877551,1.24977588,1.24998902
0.963265306122449,1.0285714285714285,1.24977583,1.24998971
0.963265306122449,1.0204081632653061,1.2497775,1.24998893
0.963265306122449,1.0122448979591836,1.24977656,1.2499888
0.963265306122449,1.0040816326530613,1.24977714,1.24998928
0.963265306122449,0.9959183673469387,1.24977818,1.24998665
0.963265306122449,0.9877551020408163,1.24977868,1.24999055
0.963265306122449,0.9795918367346939,1.24977747,1.24999197
0.963265306122449,0.9714285714285714,1.24977714,1.24998856
0.963265306122449,0.963265306122449,1.24977654,1.24999132
0.963265306122449,0.9551020408163265,1.24977568,1.24998923
0.963265306122449,0.9469387755102041,1.24977734,1.2499904
0.963265306122449,0.9387755102040816,1.24977893,1.24999072
0.963265306122449,0.9306122448979592,1.2497756,1.24999048
0.963265306122449,0.9224489795918367,1.2497781,1.24998986
0.963265306122449,0.9142857142857143,1.24977754,1.24998908
0.963265306122449,0.9061224489795918,1.24977944,1.2499888
0.963265306122449,0.8979591836734694,1.24977992,1.2499902
0.963265306122449,0.889795918367347,1.24977626,1.24998928
0.963265306122449,0.8816326530612244,1.2497752,1.24998992
0.963265306122449,0.8734693877551021,1.24977699,1.24998977
0.963265306122449,0.8653061224489795,1.24977722,1.249989
0.963265306122449,0.8571428571428572,1.24977666,1.24999244
0.963265306122449,0.8489795918367347,1.24977643,1.24998846
0.963265306122449,0.8408163265306122,1.24977797,1.24999104
0.963265306122449,0.8326530612244898,1.2497783,1.24999012
0.963265306122449,0.8244897959183674,1.24977636,1.2499888
0.963265306122449,0.8163265306122449,1.24977532,1.24998818
0.963265306122449,0.8081632653061225,1.24977838,1.24998799
0.963265306122449,0.8,1.2497779,1.24999014
0.9551020408163265,1.2,1.24977714,1.24998994
0.9551020408163265,1.1918367346938774,1.24977987,1.2499904
0.9551020408163265,1.183673469387755,1.24977725,1.24999108
0.9551020408163265,1.1755102040816325,1.24977793,1.24998781
0.9551020408163265,1.1673469387755102,1.24977838,1.24998994
0.9551020408163265,1.1591836734693877,1.249775,1.24999048
0.9551020408163265,1.1510204081632653,1.24977916,1.249989
0.9551020408163265,1.1428571428571428,1.24977774,1.24998956
0.9551020408163265,1.1346938775510205,1.24977777,1.24998816
0.9551020408163265,1.126530612244898,1.24977933,1.24998827
0.9551020408163265,1.1183673469387754,1.24977777,1.24998912
0.9551020408163265,1.110204081632653,1.24978004,1.24999027
0.9551020408163265,1.1020408163265305,1.24977694,1.24999042
0.9551020408163265,1.0938775510204082,1.24977773,1.24998839
0.9551020408163265,1.0857142857142856,1.24977782,1.24998846
0.9551020408163265,1.0775510204081633,1.24977719,1.2499907
0.9551020408163265,1.0693877551020408,1.24977956,1.24998839
0.9551020408163265,1.0612244897959184,1.24977719,1.24999061
0.9551020408163265,1.0530612244897959,1.24977643,1.24998839
0.9551020408163265,1.0448979591836736,1.24977987,1.2499907
0.9551020408163265,1.036734693877551,1.24977694,1.24999055
0.9551020408163265,1.0285714285714285,1.24977828,1.24999151
0.9551020408163265,1.0204081632653061,1.24977888,1.24998706
0.9551020408163265,1.0122448979591836,1.24977944,1.24998837
0.9551020408163265,1.0040816326530613,1.24977575,1.24999074
0.9551020408163265,0.9959183673469387,1.24977702,1.24998992
0.9551020408163265,0.9877551020408163,1.24978024,1.24998887
0.9551020408163265,0.9795918367346939,1.24977616,1.24998732
0.9551020408163265,0.9714285714285714,1.24977684,1.24998839
0.9551020408163265,0.963265306122449,1.24977881,1.24999024
0.9551020408163265,0.9551020408163265,1.24977595,1.2499902
0.9551020408163265,0.9469387755102041,1.24977671,1.24998908
0.9551020408163265,0.9387755102040816,1.24977727,1.24998846
0.9551020408163265,0.9306122448979592,1.24977969,1.24999179
0.9551020408163265,0.9224489795918367,1.2497777,1.24999048
0.9551020408163265,0.9142857142857143,1.24977674,1.24998824
0.9551020408163265,0.9061224489795918,1.24977936,1.24998971
0.9551020408163265,0.8979591836734694,1.24977699,1.24998992
0.9551020408163265,0.889795918367347,1.24977648,1.24998951
0.9551020408163265,0.8816326530612244,1.24977795,1.24998943
0.9551020408163265,0.8734693877551021,1.2497781,1.24998721
0.9551020408163265,0.8653061224489795,1.24977956,1.24998852
0.9551020408163265,0.8571428571428572,1.24978133,1.24998908
0.9551020408163265,0.8489795918367347,1.24977616,1.2499888
0.9551020408163265,0.8408163265306122,1.24977583,1.24998902
0.9551020408163265,0.8326530612244898,1.24977808,1.24998893
0.9551020408163265,0.8244897959183674,1.24977997,1.24999104
0.9551020408163265,0.8163265306122449,1.24977731,1.24999151
0.9551020408163265,0.8081632653061225,1.24977929,1.24998594
0.9551020408163265,0.8,1.2497783,1.24998996
0.9469387755102041,1.2,1.2497775,1.24999063
0.9469387755102041,1.1918367346938774,1.24977845,1.24998805
0.9469387755102041,1.183673469387755,1.24977822,1.24998921
0.9469387755102041,1.1755102040816325,1.24977722,1.24999042
0.9469387755102041,1.1673469387755102,1.24977734,1.24998977
0.9469387755102041,1.1591836734693877,1.24977861,1.24999195
0.9469387755102041,1.1510204081632653,1.24977729,1.24998971
0.9469387755102041,1.1428571428571428,1.24977936,1.24998852
0.9469387755102041,1.1346938775510205,1.24977782,1.2499907
0.9469387755102041,1.126530612244898,1.24977722,1.24999063
0.9469387755102041,1.1183673469387754,1.24977689,1.24998943
0.9469387755102041,1.110204081632653,1.24977684,1.24999033
0.9469387755102041,1.1020408163265305,1.24977727,1.24998984
0.9469387755102041,1.0938775510204082,1.2497777,1.24999139
0.9469387755102041,1.0857142857142856,1.24977848,1.24999182
0.9469387755102041,1.0775510204081633,1.24977702,1.24998768
0.9469387755102041,1.0693877551020408,1.24977777,1.24998986
0.9469387755102041,1.0612244897959184,1.24977699,1.24999238
0.9469387755102041,1.0530612244897959,1.24977714,1.24999184
0.9469387755102041,1.0448979591836736,1.24977805,1.24999083
0.9469387755102041,1.036734693877551,1.24978024,1.24998809
0.9469387755102041,1.0285714285714285,1.24977598,1.2499888
0.9469387755102041,1.0204081632653061,1.24977906,1.24999018
0.9469387755102041,1.0122448979591836,1.24977833,1.24999076
0.9469387755102041,1.0040816326530613,1.24977908,1.24999083
0.9469387755102041,0.9959183673469387,1.24977623,1.24998977
0.9469387755102041,0.9877551020408163,1.24977929,1.24998822
0.9469387755102041,0.9795918367346939,1.2497764,1.2499893
0.9469387755102041,0.9714285714285714,1.24977767,1.24999005
0.9469387755102041,0.963265306122449,1.24977742,1.24998887
0.9469387755102041,0.9551020408163265,1.24977898,1.24999111
0.9469387755102041,0.9469387755102041,1.24977845,1.24999014
0.9469387755102041,0.9387755102040816,1.24977921,1.24998949
0.9469387755102041,0.9306122448979592,1.24977742,1.24999106
0.9469387755102041,0.9224489795918367,1.24977639,1.249989
0.9469387755102041,0.9142857142857143,1.24977818,1.24999244
0.9469387755102041,0.9061224489795918,1.24977765,1.24998732
0.9469387755102041,0.8979591836734694,1.24977729,1.24999007
0.9469387755102041,0.889795918367347,1.24977888,1.24999012
0.9469387755102041,0.8816326530612244,1.24977623,1.24999046
0.9469387755102041,0.8734693877551021,1.2497779,1.24998928
0.9469387755102041,0.8653061224489795,1.24977853,1.24998796
0.9469387755102041,0.8571428571428572,1.2497811,1.2499893
0.9469387755102041,0.8489795918367347,1.24977992,1.24999001
0.9469387755102041,0.8408163265306122,1.24977719,1.24999068
0.9469387755102041,0.8326530612244898,1.24977956,1.24998967
0.9469387755102041,0.8244897959183674,1.2497811,1.2499888
0.9469387755102041,0.8163265306122449,1.24977762,1.24998839
0.9469387755102041,0.8081632653061225,1.24977623,1.24998971
0.9469387755102041,0.8,1.249778,1.24998902
0.9387755102040816,1.2,1.24977941,1.24998781
0.9387755102040816,1.1918367346938774,1.24977833,1.24998984
0.9387755102040816,1.183673469387755,1.24977497,1.24998859
0.9387755102040816,1.1755102040816325,1.24977679,1.24998824
0.9387755102040816,1.1673469387755102,1.24977838,1.24998736
0.9387755102040816,1.1591836734693877,1.24977782,1.24998839
0.9387755102040816,1.1510204081632653,1.2497783,1.24999046
0.9387755102040816,1.1428571428571428,1.24978015,1.24998844
0.9387755102040816,1.1346938775510205,1.24977969,1.24998945
0.9387755102040816,1.126530612244898,1.24977818,1.24998949
0.9387755102040816,1.1183673469387754,1.24977891,1.24998844
0.9387755102040816,1.110204081632653,1.24977941,1.24998682
0.9387755102040816,1.1020408163265305,1.24977946,1.24998945
0.9387755102040816,1.0938775510204082,1.24977865,1.24998951
0.9387755102040816,1.0857142857142856,1.24977956,1.24998824
0.9387755102040816,1.0775510204081633,1.24977868,1.24998654
0.9387755102040816,1.0693877551020408,1.2497779,1.24998874
0.9387755102040816,1.0612244897959184,1.24977916,1.24998872
0.9387755102040816,1.0530612244897959,1.24977952,1.24998949
0.9387755102040816,1.0448979591836736,1.24977797,1.24998915
0.9387755102040816,1.036734693877551,1.24977813,1.24999018
0.9387755102040816,1.0285714285714285,1.24977873,1.24998747
0.9387755102040816,1.0204081632653061,1.24977956,1.24998663
0.9387755102040816,1.0122448979591836,1.24977979,1.2499905
0.9387755102040816,1.0040816326530613,1.24977742,1.24998775
0.9387755102040816,0.9959183673469387,1.2497781,1.24998902
0.9387755102040816,0.9877551020408163,1.24977762,1.24999076
0.9387755102040816,0.9795918367346939,1.24978024,1.24998859
0.9387755102040816,0.9714285714285714,1.2497775,1.24999089
0.9387755102040816,0.963265306122449,1.24977939,1.24998852
0.9387755102040816,0.9551020408163265,1.24977913,1.24999089
0.9387755102040816,0.9469387755102041,1.24977782,1.24998796
0.9387755102040816,0.9387755102040816,1.24977684,1.2499893
0.9387755102040816,0.9306122448979592,1.24977757,1.24998893
0.9387755102040816,0.9224489795918367,1.24977952,1.24998936
0.9387755102040816,0.9142857142857143,1.24977972,1.24998915
0.9387755102040816,0.9061224489795918,1.24977663,1.24998637
0.9387755102040816,0.8979591836734694,1.24978007,1.24998956
0.9387755102040816,0.889795918367347,1.2497804,1.24998809
0.9387755102040816,0.8816326530612244,1.24978072,1.24998762
0.9387755102040816,0.8734693877551021,1.24977885,1.24998945
0.9387755102040816,0.8653061224489795,1.24977881,1.24999048
0.9387755102040816,0.8571428571428572,1.2497785,1.24998973
0.9387755102040816,0.8489795918367347,1.24977797,1.24998852
0.9387755102040816,0.8408163265306122,1.24977931,1.24998984
0.9387755102040816,0.8326530612244898,1.24977984,1.24998753
0.9387755102040816,0.8244897959183674,1.24978103,1.24999145
0.9387755102040816,0.8163265306122449,1.2497775,1.24999035
0.9387755102040816,0.8081632653061225,1.24978015,1.24999126
0.9387755102040816,0.8,1.24978012,1.24998684
0.9306122448979592,1.2,1.24977974,1.24999063
0.9306122448979592,1.1918367346938774,1.24978047,1.24998678
0.9306122448979592,1.183673469387755,1.24977898,1.2499888
0.9306122448979592,1.1755102040816325,1.24977992,1.24998887
0.9306122448979592,1.1673469387755102,1.24977777,1.24998736
0.9306122448979592,1.1591836734693877,1.24977623,1.24998906
0.9306122448979592,1.1510204081632653,1.24977797,1.24998923
0.9306122448979592,1.1428571428571428,1.24977795,1.24999162
0.9306122448979592,1.1346938775510205,1.24977734,1.249989
0.9306122448979592,1.126530612244898,1.24977797,1.24998811
0.9306122448979592,1.1183673469387754,1.24977631,1.24998936
0.9306122448979592,1.110204081632653,1.249781,1.24998977
0.9306122448979592,1.1020408163265305,1.24977808,1.24998992
0.9306122448979592,1.0938775510204082,1.24977873,1.24998964
0.9306122448979592,1.0857142857142856,1.24977727,1.24998949
0.9306122448979592,1.0775510204081633,1.2497754,1.24999117
0.9306122448979592,1.0693877551020408,1.24977679,1.24998824
0.9306122448979592,1.0612244897959184,1.24977686,1.24998908
0.9306122448979592,1.0530612244897959,1.24977795,1.24998676
0.9306122448979592,1.0448979591836736,1.2497809,1.24998824
0.9306122448979592,1.036734693877551,1.24977725,1.24998964
0.9306122448979592,1.0285714285714285,1.24977552,1.24999033
0.9306122448979592,1.0204081632653061,1.2497807,1.24998992
0.9306122448979592,1.0122448979591836,1.24977487,1.24998951
0.9306122448979592,1.0040816326530613,1.24977933,1.24998796
0.9306122448979592,0.9959183673469387,1.24977997,1.24998912
0.9306122448979592,0.9877551020408163,1.24977532,1.24999167
0.9306122448979592,0.9795918367346939,1.24977747,1.24999018
0.9306122448979592,0.9714285714285714,1.24977956,1.24998967
0.9306122448979592,0.963265306122449,1.24977747,1.2499871
0.9306122448979592,0.9551020408163265,1.24977931,1.24999104
0.9306122448979592,0.9469387755102041,1.24977881,1.24998977
0.9306122448979592,0.9387755102040816,1.24977916,1.24998811
0.9306122448979592,0.9306122448979592,1.24977686,1.24999098
0.9306122448979592,0.9224489795918367,1.24977795,1.2499888
0.9306122448979592,0.9142857142857143,1.24977742,1.24999104
0.9306122448979592,0.9061224489795918,1.24977702,1.24998865
0.9306122448979592,0.8979591836734694,1.24977707,1.24998874
0.9306122448979592,0.889795918367347,1.24977797,1.24999005
0.9306122448979592,0.8816326530612244,1.24977802,1.24998893
0.9306122448979592,0.8734693877551021,1.24977643,1.2499879
0.9306122448979592,0.8653061224489795,1.24977873,1.24998865
0.9306122448979592,0.8571428571428572,1.24977616,1.24999179
0.9306122448979592,0.8489795918367347,1.24977651,1.24998964
0.9306122448979592,0.8408163265306122,1.24977671,1.24999014
0.9306122448979592,0.8326530612244898,1.2497781,1.24998939
0.9306122448979592,0.8244897959183674,1.2497782,1.24999315
0.9306122448979592,0.8163265306122449,1.24977588,1.24999158
0.9306122448979592,0.8081632653061225,1.24977865,1.24999274
0.9306122448979592,0.8,1.24977881,1.24998992
0.9224489795918367,1.2,1.24977941,1.24999035
0.9224489795918367,1.1918367346938774,1.24977686,1.24998874
0.9224489795918367,1.183673469387755,1.24977865,1.24998923
0.9224489795918367,1.1755102040816325,1.24977739,1.24998999
0.9224489795918367,1.1673469387755102,1.24977972,1.24999251
0.9224489795918367,1.1591836734693877,1.24978035,1.24998859
0.9224489795918367,1.1510204081632653,1.24977757,1.249989
0.9224489795918367,1.1428571428571428,1.24977707,1.24998956
0.9224489795918367,1.1346938775510205,1.24977901,1.24998943
0.9224489795918367,1.126530612244898,1.24977639,1.24999007
0.9224489795918367,1.1183673469387754,1.24977742,1.24998928
0.9224489795918367,1.110204081632653,1.24977532,1.24998915
0.9224489795918367,1.1020408163265305,1.24977734,1.24998956
0.9224489795918367,1.0938775510204082,1.24977929,1.24998994
0.9224489795918367,1.0857142857142856,1.24977722,1.24998992
0.9224489795918367,1.0775510204081633,1.24977818,1.24998753
0.9224489795918367,1.0693877551020408,1.24977616,1.24998939
0.9224489795918367,1.0612244897959184,1.24977691,1.24999027
0.9224489795918367,1.0530612244897959,1.24977679,1.24999005
0.9224489795918367,1.0448979591836736,1.24977691,1.24998936
0.9224489795918367,1.036734693877551,1.24977853,1.2499893
0.9224489795918367,1.0285714285714285,1.2497783,1.24999098
0.9224489795918367,1.0204081632653061,1.24977921,1.24998803
0.9224489795918367,1.0122448979591836,1.2497779,1.24998949
0.9224489795918367,1.0040816326530613,1.24977805,1.24999098
0.9224489795918367,0.9959183673469387,1.24978055,1.24998792
0.9224489795918367,0.9877551020408163,1.2497775,1.24998859
0.9224489795918367,0.9795918367346939,1.24977896,1.24998719
0.9224489795918367,0.9714285714285714,1.24977631,1.24999027
0.9224489795918367,0.963265306122449,1.24977969,1.24998803
0.9224489795918367,0.9551020408163265,1.24977926,1.24998837
0.9224489795918367,0.9469387755102041,1.24977754,1.24999055
0.9224489795918367,0.9387755102040816,1.24977765,1.24998897
0.9224489795918367,0.9306122448979592,1.24977976,1.24998852
0.9224489795918367,0.9224489795918367,1.2497806,1.24998928
0.9224489795918367,0.9142857142857143,1.24977833,1.24999052
0.9224489795918367,0.9061224489795918,1.24977813,1.24998908
0.9224489795918367,0.8979591836734694,1.24977881,1.24998943
0.9224489795918367,0.889795918367347,1.24977997,1.24999154
0.9224489795918367,0.8816326530612244,1.24977865,1.24998912
0.9224489795918367,0.8734693877551021,1.24977691,1.24999014
0.9224489795918367,0.8653061224489795,1.24977774,1.24998803
0.9224489795918367,0.8571428571428572,1.24977734,1.2499907
0.9224489795918367,0.8489795918367347,1.24977656,1.24998852
0.9224489795918367,0.8408163265306122,1.24977906,1.24998801
0.9224489795918367,0.8326530612244898,1.24977785,1.24999033
0.9224489795918367,0.8244897959183674,1.24977797,1.2499904
0.9224489795918367,0.8163265306122449,1.24977833,1.24999027
0.9224489795918367,0.8081632653061225,1.24977699,1.24999057
0.9224489795918367,0.8,1.24977908,1.24998999
0.9142857142857143,1.2,1.24977684,1.24999076
0.9142857142857143,1.1918367346938774,1.24977663,1.24999031
0.9142857142857143,1.183673469387755,1.24977578,1.24998721
0.9142857142857143,1.1755102040816325,1.24977885,1.24999111
0.9142857142857143,1.1673469387755102,1.24977671,1.24999111
0.9142857142857143,1.1591836734693877,1.24977805,1.24999055
0.9142857142857143,1.1510204081632653,1.24977517,1.24999154
0.9142857142857143,1.1428571428571428,1.2497779,1.2499907
0.9142857142857143,1.1346938775510205,1.24977916,1.2499874
0.9142857142857143,1.126530612244898,1.24977699,1.24998958
0.9142857142857143,1.1183673469387754,1.24977659,1.24998676
0.9142857142857143,1.110204081632653,1.24977699,1.24999005
0.9142857142857143,1.1020408163265305,1.2497775,1.24999083
0.9142857142857143,1.0938775510204082,1.24977842,1.24999089
0.9142857142857143,1.0857142857142856,1.24977762,1.24999007
0.9142857142857143,1.0775510204081633,1.24977557,1.24999132
0.9142857142857143,1.0693877551020408,1.24977739,1.24999035
0.9142857142857143,1.0612244897959184,1.24977913,1.24998788
0.9142857142857143,1.0530612244897959,1.24977893,1.24999119
0.9142857142857143,1.0448979591836736,1.24977802,1.24998962
0.9142857142857143,1.036734693877551,1.2497779,1.2499879
0.9142857142857143,1.0285714285714285,1.24977777,1.24998775
0.9142857142857143,1.0204081632653061,1.2497779,1.24998676
0.9142857142857143,1.0122448979591836,1.24977813,1.24998964
0.9142857142857143,1.0040816326530613,1.24977845,1.24999063
0.9142857142857143,0.9959183673469387,1.24977773,1.24998949
0.9142857142857143,0.9877551020408163,1.24977896,1.2499879
0.9142857142857143,0.9795918367346939,1.24977908,1.24998893
0.9142857142857143,0.9714285714285714,1.24978055,1.24998971
0.9142857142857143,0.963265306122449,1.24978047,1.24998844
0.9142857142857143,0.9551020408163265,1.24977725,1.24998921
0.9142857142857143,0.9469387755102041,1.24977916,1.24999012
0.9142857142857143,0.9387755102040816,1.24977964,1.24998949
0.9142857142857143,0.9306122448979592,1.24977868,1.24998829
0.9142857142857143,0.9224489795918367,1.24977865,1.24998844
0.9142857142857143,0.9142857142857143,1.24977571,1.24998908
0.9142857142857143,0.9061224489795918,1.24977573,1.24998803
0.9142857142857143,0.8979591836734694,1.24977838,1.24998839
0.9142857142857143,0.889795918367347,1.24977797,1.24998768
0.9142857142857143,0.8816326530612244,1.24977924,1.24998887
0.9142857142857143,0.8734693877551021,1.24977754,1.24998738
0.9142857142857143,0.8653061224489795,1.24978004,1.2499893
0.9142857142857143,0.8571428571428572,1.24977729,1.24999027
0.9142857142857143,0.8489795918367347,1.24977838,1.24998956
0.9142857142857143,0.8408163265306122,1.24977873,1.24998865
0.9142857142857143,0.8326530612244898,1.24978115,1.24998805
0.9142857142857143,0.8244897959183674,1.24977898,1.24998844
0.9142857142857143,0.8163265306122449,1.24977908,1.24998984
0.9142857142857143,0.8081632653061225,1.24977666,1.24999029
0.9142857142857143,0.8,1.24977936,1.2499888
0.9061224489795918,1.2,1.24977845,1.24998908
0.9061224489795918,1.1918367346938774,1.24977719,1.24998934
0.9061224489795918,1.183673469387755,1.24977853,1.24998831
0.9061224489795918,1.1755102040816325,1.24977941,1.24998704
0.9061224489795918,1.1673469387755102,1.24977936,1.24998855
0.9061224489795918,1.1591836734693877,1.24977845,1.24998855
0.9061224489795918,1.1510204081632653,1.24977727,1.24999024
0.9061224489795918,1.1428571428571428,1.24977757,1.24998837
0.9061224489795918,1.1346938775510205,1.24977888,1.24998753
0.9061224489795918,1.126530612244898,1.24977853,1.24998859
0.9061224489795918,1.1183673469387754,1.24977868,1.2499888
0.9061224489795918,1.110204081632653,1.24978015,1.24998794
0.9061224489795918,1.1020408163265305,1.24977929,1.24998999
0.9061224489795918,1.0938775510204082,1.24977818,1.24999151
0.9061224489795918,1.0857142857142856,1.24977762,1.24998833
0.9061224489795918,1.0775510204081633,1.24977774,1.24998783
0.9061224489795918,1.0693877551020408,1.24977777,1.24998921
0.9061224489795918,1.0612244897959184,1.24977901,1.24998921
0.9061224489795918,1.0530612244897959,1.24977992,1.24998865
0.9061224489795918,1.0448979591836736,1.2497784,1.24998816
0.9061224489795918,1.036734693877551,1.24977722,1.24999024
0.9061224489795918,1.0285714285714285,1.24977797,1.24998936
0.9061224489795918,1.0204081632653061,1.24977952,1.24998824
0.9061224489795918,1.0122448979591836,1.24977881,1.24998973
0.9061224489795918,1.0040816326530613,1.2497803,1.24999091
0.9061224489795918,0.9959183673469387,1.24977921,1.2499893
0.9061224489795918,0.9877551020408163,1.24977929,1.24998773
0.9061224489795918,0.9795918367346939,1.2497784,1.24999154
0.9061224489795918,0.9714285714285714,1.24977949,1.24998738
0.9061224489795918,0.963265306122449,1.24977916,1.24999005
0.9061224489795918,0.9551020408163265,1.24977976,1.24998956
0.9061224489795918,0.9469387755102041,1.24977853,1.24999005
0.9061224489795918,0.9387755102040816,1.24977936,1.24998846
0.9061224489795918,0.9306122448979592,1.2497775,1.24998893
0.9061224489795918,0.9224489795918367,1.24977682,1.24999055
0.9061224489795918,0.9142857142857143,1.24977631,1.24998837
0.9061224489795918,0.9061224489795918,1.24977815,1.24998781
0.9061224489795918,0.8979591836734694,1.24977774,1.2499888
0.9061224489795918,0.889795918367347,1.24977656,1.24998936
0.9061224489795918,0.8816326530612244,1.24978115,1.24998837
0.9061224489795918,0.8734693877551021,1.24977904,1.24998958
0.9061224489795918,0.8653061224489795,1.24977825,1.24999096
0.9061224489795918,0.8571428571428572,1.24977707,1.2499904
0.9061224489795918,0.8489795918367347,1.24977754,1.24999063
0.9061224489795918,0.8408163265306122,1.2497779,1.24999033
0.9061224489795918,0.8326530612244898,1.24978083,1.24999007
0.9061224489795918,0.8244897959183674,1.24977793,1.24998732
0.9061224489795918,0.8163265306122449,1.24977904,1.24998846
0.9061224489795918,0.8081632653061225,1.24977913,1.24998727
0.9061224489795918,0.8,1.24977745,1.24998755
0.8979591836734694,1.2,1.24977618,1.24999272
0.8979591836734694,1.1918367346938774,1.24977898,1.24998992
0.8979591836734694,1.183673469387755,1.24977984,1.24998977
0.8979591836734694,1.1755102040816325,1.24977999,1.24998893
0.8979591836734694,1.1673469387755102,1.2497779,1.24999151
0.8979591836734694,1.1591836734693877,1.2497777,1.24999014
0.8979591836734694,1.1510204081632653,1.24977868,1.24999201
0.8979591836734694,1.1428571428571428,1.24977795,1.24999132
0.8979591836734694,1.1346938775510205,1.2497779,1.24998992
0.8979591836734694,1.126530612244898,1.24977838,1.24999145
0.8979591836734694,1.1183673469387754,1.24977711,1.24998872
0.8979591836734694,1.110204081632653,1.24977669,1.24998852
0.8979591836734694,1.1020408163265305,1.24977659,1.24998958
0.8979591836734694,1.0938775510204082,1.24977734,1.24998936
0.8979591836734694,1.0857142857142856,1.24977828,1.24998889
0.8979591836734694,1.0775510204081633,1.24977691,1.24998902
0.8979591836734694,1.0693877551020408,1.24977793,1.24998874
0.8979591836734694,1.0612244897959184,1.24977964,1.24998908
0.8979591836734694,1.0530612244897959,1.24977603,1.24998809
0.8979591836734694,1.0448979591836736,1.24977762,1.24998964
0.8979591836734694,1.036734693877551,1.24977916,1.24999018
0.8979591836734694,1.0285714285714285,1.24977795,1.24999012
0.8979591836734694,1.0204081632653061,1.24977881,1.24998672
0.8979591836734694,1.0122448979591836,1.24977853,1.24999089
0.8979591836734694,1.0040816326530613,1.24977959,1.24998846
0.8979591836734694,0.9959183673469387,1.24977825,1.2499916
0.8979591836734694,0.9877551020408163,1.24977557,1.24998747
0.8979591836734694,0.9795918367346939,1.24978027,1.24999018
0.8979591836734694,0.9714285714285714,1.24977686,1.24999147
0.8979591836734694,0.963265306122449,1.24977595,1.24998992
0.8979591836734694,0.9551020408163265,1.24977992,1.24998682
0.8979591836734694,0.9469387755102041,1.24977949,1.24999055
0.8979591836734694,0.9387755102040816,1.24977694,1.24998887
0.8979591836734694,0.9306122448979592,1.24977774,1.24998592
0.8979591836734694,0.9224489795918367,1.24978032,1.24998884
0.8979591836734694,0.9142857142857143,1.24977956,1.24998999
0.8979591836734694,0.9061224489795918,1.24977663,1.24999044
0.8979591836734694,0.8979591836734694,1.24977893,1.24999001
0.8979591836734694,0.889795918367347,1.24977941,1.24998829
0.8979591836734694,0.8816326530612244,1.24977671,1.24998852
0.8979591836734694,0.8734693877551021,1.24978015,1.24998906
0.8979591836734694,0.8653061224489795,1.24977989,1.24999216
0.8979591836734694,0.8571428571428572,1.24977896,1.24998986
0.8979591836734694,0.8489795918367347,1.24977881,1.24999207
0.8979591836734694,0.8408163265306122,1.24977961,1.24998887
0.8979591836734694,0.8326530612244898,1.24977659,1.24999091
0.8979591836734694,0.8244897959183674,1.24977959,1.24999242
0.8979591836734694,0.8163265306122449,1.24977648,1.24998992
0.8979591836734694,0.8081632653061225,1.24977984,1.24998734
0.8979591836734694,0.8,1.24977813,1.24999169
0.889795918367347,1.2,1.24977916,1.24998986
0.889795918367347,1.1918367346938774,1.24977926,1.24998958
0.889795918367347,1.183673469387755,1.24977813,1.24998893
0.889795918367347,1.1755102040816325,1.24977777,1.24999085
0.889795918367347,1.1673469387755102,1.24977785,1.24998964
0.889795918367347,1.1591836734693877,1.24977825,1.24998915
0.889795918367347,1.1510204081632653,1.24977752,1.24998889
0.889795918367347,1.1428571428571428,1.24977545,1.24998762
0.889795918367347,1.1346938775510205,1.24977656,1.24999083
0.889795918367347,1.126530612244898,1.2497754,1.24998889
0.889795918367347,1.1183673469387754,1.24977858,1.24998949
0.889795918367347,1.110204081632653,1.24978052,1.24998908
0.889795918367347,1.1020408163265305,1.2497777,1.24998895
0.889795918367347,1.0938775510204082,1.24977848,1.24999035
0.889795918367347,1.0857142857142856,1.24977782,1.24998912
0.889795918367347,1.0775510204081633,1.24977674,1.24998869
0.889795918367347,1.0693877551020408,1.24977702,1.24999014
0.889795918367347,1.0612244897959184,1.24977639,1.24999035
0.889795918367347,1.0530612244897959,1.24977865,1.24999031
0.889795918367347,1.0448979591836736,1.24977767,1.24998977
0.889795918367347,1.036734693877551,1.24977671,1.24998921
0.889795918367347,1.0285714285714285,1.24977992,1.24998766
0.889795918367347,1.0204081632653061,1.24977631,1.24998979
0.889795918367347,1.0122448979591836,1.24977949,1.24999007
0.889795918367347,1.0040816326530613,1.24977727,1.24998936
0.889795918367347,0.9959183673469387,1.2497756,1.24998992
0.889795918367347,0.9877551020408163,1.24977944,1.24998936
0.889795918367347,0.9795918367346939,1.24977709,1.24999083
0.889795918367347,0.9714285714285714,1.24977762,1.24998887
0.889795918367347,0.963265306122449,1.24977608,1.24998936
0.889795918367347,0.9551020408163265,1.24977908,1.24998977
0.889795918367347,0.9469387755102041,1.24977881,1.24998956
0.889795918367347,0.9387755102040816,1.2497775,1.24999104
0.889795918367347,0.9306122448979592,1.24977813,1.2499885
0.889795918367347,0.9224489795918367,1.24977709,1.24998811
0.889795918367347,0.9142857142857143,1.24977833,1.24999154
0.889795918367347,0.9061224489795918,1.24977676,1.24998915
0.889795918367347,0.8979591836734694,1.24977782,1.2499893
0.889795918367347,0.889795918367347,1.24977568,1.24998775
0.889795918367347,0.8816326530612244,1.24977671,1.24998934
0.889795918367347,0.8734693877551021,1.2497779,1.24999102
0.889795918367347,0.8653061224489795,1.24977699,1.24999123
0.889795918367347,0.8571428571428572,1.24977833,1.24998893
0.889795918367347,0.8489795918367347,1.24977861,1.24999132
0.889795918367347,0.8408163265306122,1.24977815,1.24998809
0.889795918367347,0.8326530612244898,1.24977754,1.24998884
0.889795918367347,0.8244897959183674,1.24977997,1.2499901
0.889795918367347,0.8163265306122449,1.24977714,1.24999068
0.889795918367347,0.8081632653061225,1.24977747,1.24999029
0.889795918367347,0.8,1.24977936,1.24999014
0.8816326530612244,1.2,1.24977992,1.24998902
0.8816326530612244,1.1918367346938774,1.24977782,1.24998996
0.8816326530612244,1.183673469387755,1.24977956,1.24999141
0.8816326530612244,1.1755102040816325,1.24977921,1.24998951
0.8816326530612244,1.1673469387755102,1.24977946,1.24999123
0.8816326530612244,1.1591836734693877,1.24977651,1.24998734
0.8816326530612244,1.1510204081632653,1.24977682,1.24998977
0.8816326530612244,1.1428571428571428,1.24977865,1.24999111
0.8816326530612244,1.1346938775510205,1.24977979,1.24998986
0.8816326530612244,1.126530612244898,1.24977611,1.24998992
0.8816326530612244,1.1183673469387754,1.24977674,1.24998691
0.8816326530612244,1.110204081632653,1.24977785,1.24998908
0.8816326530612244,1.1020408163265305,1.24977896,1.24999078
0.8816326530612244,1.0938775510204082,1.24977583,1.24998872
0.8816326530612244,1.0857142857142856,1.24977861,1.24998867
0.8816326530612244,1.0775510204081633,1.2497785,1.24998811
0.8816326530612244,1.0693877551020408,1.24977737,1.24998678
0.8816326530612244,1.0612244897959184,1.24977694,1.24999111
0.8816326530612244,1.0530612244897959,1.24978035,1.24998908
0.8816326530612244,1.0448979591836736,1.24977707,1.24998887
0.8816326530612244,1.036734693877551,1.24977694,1.24998917
0.8816326530612244,1.0285714285714285,1.24977737,1.24998859
0.8816326530612244,1.0204081632653061,1.2497785,1.24999027
0.8816326530612244,1.0122448979591836,1.24977774,1.24999096
0.8816326530612244,1.0040816326530613,1.24977984,1.24998859
0.8816326530612244,0.9959183673469387,1.24977777,1.24998783
0.8816326530612244,0.9877551020408163,1.24977797,1.24998956
0.8816326530612244,0.9795918367346939,1.24977961,1.2499908
0.8816326530612244,0.9714285714285714,1.24977679,1.24998928
0.8816326530612244,0.963265306122449,1.24977651,1.24998883
0.8816326530612244,0.9551020408163265,1.24977628,1.24998837
0.8816326530612244,0.9469387755102041,1.24978219,1.24998996
0.8816326530612244,0.9387755102040816,1.24977754,1.24998755
0.8816326530612244,0.9306122448979592,1.2497758,1.24998852
0.8816326530612244,0.9224489795918367,1.24977595,1.24998996
0.8816326530612244,0.9142857142857143,1.24977904,1.24998934
0.8816326530612244,0.9061224489795918,1.24977941,1.24999132
0.8816326530612244,0.8979591836734694,1.24978012,1.24999207
0.8816326530612244,0.889795918367347,1.24977888,1.24999085
0.8816326530612244,0.8816326530612244,1.24977858,1.2499876
0.8816326530612244,0.8734693877551021,1.24977563,1.2499904
0.8816326530612244,0.8653061224489795,1.24977828,1.24998837
0.8816326530612244,0.8571428571428572,1.24977595,1.24998809
0.8816326530612244,0.8489795918367347,1.24977739,1.2499899
0.8816326530612244,0.8408163265306122,1.24977961,1.24998902
0.8816326530612244,0.8326530612244898,1.24977747,1.24999014
0.8816326530612244,0.8244897959183674,1.24977747,1.24998971
0.8816326530612244,0.8163265306122449,1.24977893,1.24998921
0.8816326530612244,0.8081632653061225,1.2497781,1.24999201
0.8816326530612244,0.8,1.24977659,1.24998844
0.8734693877551021,1.2,1.24978055,1.24999123
0.8734693877551021,1.1918367346938774,1.24977686,1.24998902
0.8734693877551021,1.183673469387755,1.24977611,1.24999068
0.8734693877551021,1.1755102040816325,1.24977956,1.24999035
0.8734693877551021,1.1673469387755102,1.24977588,1.24999126
0.8734693877551021,1.1591836734693877,1.24977666,1.24999223
0.8734693877551021,1.1510204081632653,1.24977714,1.2499907
0.8734693877551021,1.1428571428571428,1.24977825,1.24998822
0.8734693877551021,1.1346938775510205,1.24977714,1.24998852
0.8734693877551021,1.126530612244898,1.24978032,1.24998984
0.8734693877551021,1.1183673469387754,1.24977754,1.24998906
0.8734693877551021,1.110204081632653,1.24977997,1.24998964
0.8734693877551021,1.1020408163265305,1.2497779,1.24998971
0.8734693877551021,1.0938775510204082,1.24977603,1.24998996
0.8734693877551021,1.0857142857142856,1.24977757,1.24998865
0.8734693877551021,1.0775510204081633,1.24977888,1.24998889
0.8734693877551021,1.0693877551020408,1.24978075,1.24998973
0.8734693877551021,1.0612244897959184,1.24977795,1.24998986
0.8734693877551021,1.0530612244897959,1.24977563,1.2499876
0.8734693877551021,1.0448979591836736,1.24977686,1.24999098
0.8734693877551021,1.036734693877551,1.24977913,1.24998859
0.8734693877551021,1.0285714285714285,1.24977719,1.24999244
0.8734693877551021,1.0204081632653061,1.24978095,1.2499904
0.8734693877551021,1.0122448979591836,1.24977885,1.24998999
0.8734693877551021,1.0040816326530613,1.24977926,1.24999055
0.8734693877551021,0.9959183673469387,1.24977765,1.2499902
0.8734693877551021,0.9877551020408163,1.24977822,1.24998923
0.8734693877551021,0.9795918367346939,1.24977926,1.2499893
0.8734693877551021,0.9714285714285714,1.24977767,1.24998859
0.8734693877551021,0.963265306122449,1.24977873,1.24998984
0.8734693877551021,0.9551020408163265,1.24977833,1.24999068
0.8734693877551021,0.9469387755102041,1.24977762,1.24998852
0.8734693877551021,0.9387755102040816,1.24977729,1.2499905
0.8734693877551021,0.9306122448979592,1.24978012,1.24998945
0.8734693877551021,0.9224489795918367,1.24977984,1.24999085
0.8734693877551021,0.9142857142857143,1.24977782,1.24998902
0.8734693877551021,0.9061224489795918,1.24977956,1.24998902
0.8734693877551021,0.8979591836734694,1.24978032,1.24998699
0.8734693877551021,0.889795918367347,1.24977876,1.24998837
0.8734693877551021,0.8816326530612244,1.24977853,1.24998889
0.8734693877551021,0.8734693877551021,1.24977774,1.2499888
0.8734693877551021,0.8653061224489795,1.24977881,1.24998856
0.8734693877551021,0.8571428571428572,1.24977603,1.24998859
0.8734693877551021,0.8489795918367347,1.24977797,1.24998912
0.8734693877551021,0.8408163265306122,1.24978019,1.24999005
0.8734693877551021,0.8326530612244898,1.24977896,1.24999145
0.8734693877551021,0.8244897959183674,1.24977671,1.24999126
0.8734693877551021,0.8163265306122449,1.24977848,1.24998796
0.8734693877551021,0.8081632653061225,1.24977976,1.24998859
0.8734693877551021,0.8,1.24977992,1.24999089
0.8653061224489795,1.2,1.24977603,1.24999096
0.8653061224489795,1.1918367346938774,1.24977861,1.24999096
0.8653061224489795,1.183673469387755,1.24977853,1.24999076
0.8653061224489795,1.1755102040816325,1.24977926,1.24998887
0.8653061224489795,1.1673469387755102,1.24977674,1.24998906
0.8653061224489795,1.1591836734693877,1.24977528,1.24999014
0.8653061224489795,1.1510204081632653,1.24977595,1.24999117
0.8653061224489795,1.1428571428571428,1.24977838,1.24998816
0.8653061224489795,1.1346938775510205,1.2497777,1.24998822
0.8653061224489795,1.126530612244898,1.24977873,1.24999012
0.8653061224489795,1.1183673469387754,1.24977815,1.24998958
0.8653061224489795,1.110204081632653,1.2497785,1.24999001
0.8653061224489795,1.1020408163265305,1.24977787,1.24998859
0.8653061224489795,1.0938775510204082,1.24977666,1.24998824
0.8653061224489795,1.0857142857142856,1.24977591,1.24998934
0.8653061224489795,1.0775510204081633,1.24977742,1.2499888
0.8653061224489795,1.0693877551020408,1.24977838,1.24999055
0.8653061224489795,1.0612244897959184,1.2497775,1.24998824
0.8653061224489795,1.0530612244897959,1.24977639,1.24998824
0.8653061224489795,1.0448979591836736,1.24977797,1.24998958
0.8653061224489795,1.036734693877551,1.24977731,1.24998984
0.8653061224489795,1.0285714285714285,1.24978007,1.24998872
0.8653061224489795,1.0204081632653061,1.24977742,1.24998979
0.8653061224489795,1.0122448979591836,1.24978067,1.24998775
0.8653061224489795,1.0040816326530613,1.24977929,1.24998768
0.8653061224489795,0.9959183673469387,1.24977992,1.24999111
0.8653061224489795,0.9877551020408163,1.2497807,1.24998811
0.8653061224489795,0.9795918367346939,1.2497777,1.24999055
0.8653061224489795,0.9714285714285714,1.24977663,1.24998725
0.8653061224489795,0.963265306122449,1.24977997,1.24999091
0.8653061224489795,0.9551020408163265,1.2497775,1.24999042
0.8653061224489795,0.9469387755102041,1.24977959,1.24999059
0.8653061224489795,0.9387755102040816,1.24977845,1.24998958
0.8653061224489795,0.9306122448979592,1.24977805,1.24999012
0.8653061224489795,0.9224489795918367,1.24977797,1.24999119
0.8653061224489795,0.9142857142857143,1.24977734,1.24999033
0.8653061224489795,0.9061224489795918,1.24977927,1.24999035
0.8653061224489795,0.8979591836734694,1.24977747,1.24998839
0.8653061224489795,0.889795918367347,1.24977972,1.24999098
0.8653061224489795,0.8816326530612244,1.24977787,1.24998936
0.8653061224489795,0.8734693877551021,1.24977908,1.24999083
0.8653061224489795,0.8653061224489795,1.24977737,1.24999145
0.8653061224489795,0.8571428571428572,1.24977739,1.24999089
0.8653061224489795,0.8489795918367347,1.24977618,1.24998762
0.8653061224489795,0.8408163265306122,1.24977865,1.24999141
0.8653061224489795,0.8326530612244898,1.24977944,1.24998887
0.8653061224489795,0.8244897959183674,1.24977953,1.24999173
0.8653061224489795,0.8163265306122449,1.24977734,1.2499894
0.8653061224489795,0.8081632653061225,1.24977729,1.24998973
0.8653061224489795,0.8,1.24977646,1.24999083
0.8571428571428572,1.2,1.2497777,1.24999186
0.8571428571428572,1.1918367346938774,1.24977931,1.24998971
0.8571428571428572,1.183673469387755,1.24977717,1.24999035
0.8571428571428572,1.1755102040816325,1.24977813,1.24998943
0.8571428571428572,1.1673469387755102,1.24977868,1.24999055
0.8571428571428572,1.1591836734693877,1.24977785,1.2499879
0.8571428571428572,1.1510204081632653,1.24977777,1.2499919
0.8571428571428572,1.1428571428571428,1.24977913,1.24999057
0.8571428571428572,1.1346938775510205,1.2497785,1.24999182
0.8571428571428572,1.126530612244898,1.2497784,1.24999102
0.8571428571428572,1.1183673469387754,1.24978042,1.24999186
0.8571428571428572,1.110204081632653,1.24977904,1.24999337
0.8571428571428572,1.1020408163265305,1.24977893,1.24999091
0.8571428571428572,1.0938775510204082,1.24977699,1.24999108
0.8571428571428572,1.0857142857142856,1.24977611,1.24998867
0.8571428571428572,1.0775510204081633,1.24977691,1.24999057
0.8571428571428572,1.0693877551020408,1.24977666,1.249993
0.8571428571428572,1.0612244897959184,1.24978002,1.24998872
0.8571428571428572,1.0530612244897959,1.24977845,1.24999102
0.8571428571428572,1.0448979591836736,1.24977805,1.24999005
0.8571428571428572,1.036734693877551,1.24977984,1.24999083
0.8571428571428572,1.0285714285714285,1.24977754,1.24998979
0.8571428571428572,1.0204081632653061,1.24977767,1.24998936
0.8571428571428572,1.0122448979591836,1.24977939,1.24999285
0.8571428571428572,1.0040816326530613,1.2497782,1.24998908
0.8571428571428572,0.9959183673469387,1.24977532,1.24998887
0.8571428571428572,0.9877551020408163,1.24978017,1.24998956
0.8571428571428572,0.9795918367346939,1.2497781,1.24998809
0.8571428571428572,0.9714285714285714,1.24977651,1.24999167
0.8571428571428572,0.963265306122449,1.24977739,1.24999197
0.8571428571428572,0.9551020408163265,1.2497787,1.24999167
0.8571428571428572,0.9469387755102041,1.24977719,1.24999085
0.8571428571428572,0.9387755102040816,1.24977782,1.24998949
0.8571428571428572,0.9306122448979592,1.24977825,1.24999057
0.8571428571428572,0.9224489795918367,1.2497752,1.24999251
0.8571428571428572,0.9142857142857143,1.2497775,1.24999147
0.8571428571428572,0.9061224489795918,1.24977714,1.24998824
0.8571428571428572,0.8979591836734694,1.24977762,1.24998727
0.8571428571428572,0.889795918367347,1.24977793,1.24998803
0.8571428571428572,0.8816326530612244,1.24977537,1.2499902
0.8571428571428572,0.8734693877551021,1.24977591,1.24998992
0.8571428571428572,0.8653061224489795,1.24977813,1.24998859
0.8571428571428572,0.8571428571428572,1.24978166,1.24998831
0.8571428571428572,0.8489795918367347,1.24977663,1.24999115
0.8571428571428572,0.8408163265306122,1.24977666,1.24998781
0.8571428571428572,0.8326530612244898,1.24977762,1.2499893
0.8571428571428572,0.8244897959183674,1.24977691,1.24999048
0.8571428571428572,0.8163265306122449,1.24977722,1.24999132
0.8571428571428572,0.8081632653061225,1.24977813,1.24998949
0.8571428571428572,0.8,1.24977586,1.2499905
0.8489795918367347,1.2,1.24977893,1.24999201
0.8489795918367347,1.1918367346938774,1.24977699,1.24998999
0.8489795918367347,1.183673469387755,1.24977616,1.2499907
0.8489795918367347,1.1755102040816325,1.24977717,1.24998753
0.8489795918367347,1.1673469387755102,1.24977881,1.24998887
0.8489795918367347,1.1591836734693877,1.24977984,1.24998874
0.8489795918367347,1.1510204081632653,1.24977679,1.24998865
0.8489795918367347,1.1428571428571428,1.24978063,1.24999027
0.8489795918367347,1.1346938775510205,1.2497805,1.24998945
0.8489795918367347,1.126530612244898,1.24977818,1.24999003
0.8489795918367347,1.1183673469387754,1.24977896,1.24998893
0.8489795918367347,1.110204081632653,1.24977904,1.24999007
0.8489795918367347,1.1020408163265305,1.24977992,1.24998949
0.8489795918367347,1.0938775510204082,1.24977616,1.24999007
0.8489795918367347,1.0857142857142856,1.24978174,1.24998783
0.8489795918367347,1.0775510204081633,1.24977757,1.24999018
0.8489795918367347,1.0693877551020408,1.24977774,1.24998928
0.8489795918367347,1.0612244897959184,1.24977865,1.24999145
0.8489795918367347,1.0530612244897959,1.24977913,1.24999098
0.8489795918367347,1.0448979591836736,1.24977666,1.24998887
0.8489795918367347,1.036734693877551,1.24977995,1.2499899
0.8489795918367347,1.0285714285714285,1.24977805,1.24998766
0.8489795918367347,1.0204081632653061,1.24977659,1.2499888
0.8489795918367347,1.0122448979591836,1.24977926,1.24998951
0.8489795918367347,1.0040816326530613,1.24977818,1.2499907
0.8489795918367347,0.9959183673469387,1.24978047,1.24999309
0.8489795918367347,0.9877551020408163,1.24977878,1.24998962
0.8489795918367347,0.9795918367346939,1.24977865,1.24998958
0.8489795918367347,0.9714285714285714,1.24977901,1.24999029
0.8489795918367347,0.963265306122449,1.24978083,1.249989
0.8489795918367347,0.9551020408163265,1.24977881,1.24999253
0.8489795918367347,0.9469387755102041,1.24977595,1.24999046
0.8489795918367347,0.9387755102040816,1.24977575,1.24999089
0.8489795918367347,0.9306122448979592,1.24977631,1.24999076
0.8489795918367347,0.9224489795918367,1.2497762,1.24999055
0.8489795918367347,0.9142857142857143,1.2497781,1.24998816
0.8489795918367347,0.9061224489795918,1.24977845,1.24999005
0.8489795918367347,0.8979591836734694,1.24977525,1.24998971
0.8489795918367347,0.889795918367347,1.24977881,1.24999048
0.8489795918367347,0.8816326530612244,1.24977722,1.249993
0.8489795918367347,0.8734693877551021,1.24977575,1.24998999
0.8489795918367347,0.8653061224489795,1.24977929,1.24999076
0.8489795918367347,0.8571428571428572,1.24977888,1.24999027
0.8489795918367347,0.8489795918367347,1.24977762,1.24999225
0.8489795918367347,0.8408163265306122,1.24977457,1.24998865
0.8489795918367347,0.8326530612244898,1.24977663,1.24999111
0.8489795918367347,0.8244897959183674,1.24978007,1.24999188
0.8489795918367347,0.8163265306122449,1.24977881,1.24999272
0.8489795918367347,0.8081632653061225,1.24977891,1.24999216
0.8489795918367347,0.8,1.24977924,1.24999126
0.8408163265306122,1.2,1.24977876,1.24998928
0.8408163265306122,1.1918367346938774,1.24977805,1.24998753
0.8408163265306122,1.183673469387755,1.24977702,1.24998951
0.8408163265306122,1.1755102040816325,1.24977457,1.24998895
0.8408163265306122,1.1673469387755102,1.24977845,1.24998928
0.8408163265306122,1.1591836734693877,1.24977679,1.24998796
0.8408163265306122,1.1510204081632653,1.24977818,1.24999035
0.8408163265306122,1.1428571428571428,1.2497777,1.24999042
0.8408163265306122,1.1346938775510205,1.24977893,1.24998911
0.8408163265306122,1.126530612244898,1.24977555,1.2499904
0.8408163265306122,1.1183673469387754,1.24977674,1.24999091
0.8408163265306122,1.110204081632653,1.24977893,1.24998921
0.8408163265306122,1.1020408163265305,1.24977699,1.24999203
0.8408163265306122,1.0938775510204082,1.24977881,1.24999139
0.8408163265306122,1.0857142857142856,1.24977742,1.24999096
0.8408163265306122,1.0775510204081633,1.24977861,1.24999059
0.8408163265306122,1.0693877551020408,1.24977908,1.24998831
0.8408163265306122,1.0612244897959184,1.24977737,1.24998626
0.8408163265306122,1.0530612244897959,1.24977765,1.2499921
0.8408163265306122,1.0448979591836736,1.24977714,1.24998956
0.8408163265306122,1.036734693877551,1.24977679,1.24998852
0.8408163265306122,1.0285714285714285,1.24977885,1.24998953
0.8408163265306122,1.0204081632653061,1.24977684,1.24998986
0.8408163265306122,1.0122448979591836,1.24977679,1.24999113
0.8408163265306122,1.0040816326530613,1.24977626,1.24999139
0.8408163265306122,0.9959183673469387,1.24977797,1.24999012
0.8408163265306122,0.9877551020408163,1.24977921,1.24998768
0.8408163265306122,0.9795918367346939,1.24977754,1.24998971
0.8408163265306122,0.9714285714285714,1.24977702,1.2499902
0.8408163265306122,0.963265306122449,1.24977873,1.24999242
0.8408163265306122,0.9551020408163265,1.24977702,1.249989
0.8408163265306122,0.9469387755102041,1.24977575,1.24998964
0.8408163265306122,0.9387755102040816,1.2497785,1.24998846
0.8408163265306122,0.9306122448979592,1.24977583,1.24999195
0.8408163265306122,0.9224489795918367,1.249776,1.2499893
0.8408163265306122,0.9142857142857143,1.24977679,1.24998852
0.8408163265306122,0.9061224489795918,1.24977626,1.24998943
0.8408163265306122,0.8979591836734694,1.24977651,1.24998956
0.8408163265306122,0.889795918367347,1.24977671,1.24998928
0.8408163265306122,0.8816326530612244,1.24977654,1.24998912
0.8408163265306122,0.8734693877551021,1.24977671,1.24999042
0.8408163265306122,0.8653061224489795,1.24977773,1.24998921
0.8408163265306122,0.8571428571428572,1.24977896,1.24999089
0.8408163265306122,0.8489795918367347,1.24977734,1.24998818
0.8408163265306122,0.8408163265306122,1.24977754,1.2499888
0.8408163265306122,0.8326530612244898,1.24977643,1.24999076
0.8408163265306122,0.8244897959183674,1.24977699,1.24998878
0.8408163265306122,0.8163265306122449,1.24977916,1.24998984
0.8408163265306122,0.8081632653061225,1.24977739,1.24998889
0.8408163265306122,0.8,1.24977774,1.24999014
0.8326530612244898,1.2,1.24977797,1.24998766
0.8326530612244898,1.1918367346938774,1.24977936,1.24999027
0.8326530612244898,1.183673469387755,1.24977525,1.24998837
0.8326530612244898,1.1755102040816325,1.24977734,1.24998768
0.8326530612244898,1.1673469387755102,1.24978007,1.24998962
0.8326530612244898,1.1591836734693877,1.2497781,1.24999055
0.8326530612244898,1.1510204081632653,1.24977825,1.24999048
0.8326530612244898,1.1428571428571428,1.24978067,1.24998977
0.8326530612244898,1.1346938775510205,1.24977686,1.2499893
0.8326530612244898,1.126530612244898,1.24978063,1.24998908
0.8326530612244898,1.1183673469387754,1.24977999,1.24999126
0.8326530612244898,1.110204081632653,1.2497779,1.24998928
0.8326530612244898,1.1020408163265305,1.24977702,1.24999007
0.8326530612244898,1.0938775510204082,1.24977901,1.24998992
0.8326530612244898,1.0857142857142856,1.24977694,1.24999042
0.8326530612244898,1.0775510204081633,1.2497752,1.24999291
0.8326530612244898,1.0693877551020408,1.24977765,1.24999126
0.8326530612244898,1.0612244897959184,1.24977984,1.24998964
0.8326530612244898,1.0530612244897959,1.24977694,1.24999126
0.8326530612244898,1.0448979591836736,1.24978009,1.24999033
0.8326530612244898,1.036734693877551,1.24977838,1.24998956
0.8326530612244898,1.0285714285714285,1.249776,1.24998859
0.8326530612244898,1.0204081632653061,1.24977853,1.24999007
0.8326530612244898,1.0122448979591836,1.24977588,1.24998921
0.8326530612244898,1.0040816326530613,1.24977631,1.24999257
0.8326530612244898,0.9959183673469387,1.24977679,1.24998768
0.8326530612244898,0.9877551020408163,1.24977901,1.24999042
0.8326530612244898,0.9795918367346939,1.24977666,1.24999022
0.8326530612244898,0.9714285714285714,1.24977628,1.24998971
0.8326530612244898,0.963265306122449,1.2497783,1.24998936
0.8326530612244898,0.9551020408163265,1.24977654,1.24999126
0.8326530612244898,0.9469387755102041,1.2497777,1.24999033
0.8326530612244898,0.9387755102040816,1.24977595,1.24999154
0.8326530612244898,0.9306122448979592,1.24977861,1.24998906
0.8326530612244898,0.9224489795918367,1.24977694,1.24998706
0.8326530612244898,0.9142857142857143,1.24977888,1.24999074
0.8326530612244898,0.9061224489795918,1.24977699,1.24998951
0.8326530612244898,0.8979591836734694,1.2497784,1.24998887
0.8326530612244898,0.889795918367347,1.24977908,1.24999104
0.8326530612244898,0.8816326530612244,1.24977795,1.24999029
0.8326530612244898,0.8734693877551021,1.2497804,1.24999014
0.8326530612244898,0.8653061224489795,1.24977643,1.24999055
0.8326530612244898,0.8571428571428572,1.24977699,1.24999033
0.8326530612244898,0.8489795918367347,1.24977833,1.24999033
0.8326530612244898,0.8408163265306122,1.2497746,1.24998999
0.8326530612244898,0.8326530612244898,1.24977964,1.24999203
0.8326530612244898,0.8244897959183674,1.24977707,1.24999274
0.8326530612244898,0.8163265306122449,1.24977813,1.24998833
0.8326530612244898,0.8081632653061225,1.24977944,1.24998999
0.8326530612244898,0.8,1.24977952,1.24998822
0.8244897959183674,1.2,1.24977603,1.24999048
0.8244897959183674,1.1918367346938774,1.24977964,1.24998964
0.8244897959183674,1.183673469387755,1.24977651,1.2499905
0.8244897959183674,1.1755102040816325,1.2497775,1.24999123
0.8244897959183674,1.1673469387755102,1.24977611,1.24998837
0.8244897959183674,1.1591836734693877,1.24977931,1.24998805
0.8244897959183674,1.1510204081632653,1.2497777,1.24998943
0.8244897959183674,1.1428571428571428,1.24977626,1.24999083
0.8244897959183674,1.1346938775510205,1.24977805,1.24998803
0.8244897959183674,1.126530612244898,1.24977956,1.2499899
0.8244897959183674,1.1183673469387754,1.24977901,1.24999104
0.8244897959183674,1.110204081632653,1.24977608,1.24999096
0.8244897959183674,1.1020408163265305,1.24977901,1.2499907
0.8244897959183674,1.0938775510204082,1.24977929,1.24998781
0.8244897959183674,1.0857142857142856,1.24977528,1.24999244
0.8244897959183674,1.0775510204081633,1.24977578,1.24998861
0.8244897959183674,1.0693877551020408,1.24977636,1.2499907
0.8244897959183674,1.0612244897959184,1.24977848,1.24998872
0.8244897959183674,1.0530612244897959,1.24977802,1.24998859
0.8244897959183674,1.0448979591836736,1.24977608,1.24999052
0.8244897959183674,1.036734693877551,1.24977825,1.2499893
0.8244897959183674,1.0285714285714285,1.24977808,1.24999111
0.8244897959183674,1.0204081632653061,1.24977424,1.2499907
0.8244897959183674,1.0122448979591836,1.24977598,1.24999128
0.8244897959183674,1.0040816326530613,1.24978042,1.24999123
0.8244897959183674,0.9959183673469387,1.24978044,1.24999188
0.8244897959183674,0.9877551020408163,1.24977719,1.24998964
0.8244897959183674,0.9795918367346939,1.2497777,1.24998712
0.8244897959183674,0.9714285714285714,1.24977727,1.24998949
0.8244897959183674,0.963265306122449,1.24977714,1.24999027
0.8244897959183674,0.9551020408163265,1.24977575,1.24998973
0.8244897959183674,0.9469387755102041,1.24977747,1.24998977
0.8244897959183674,0.9387755102040816,1.24977742,1.24999012
0.8244897959183674,0.9306122448979592,1.2497803,1.24998949
0.8244897959183674,0.9224489795918367,1.24977684,1.24998887
0.8244897959183674,0.9142857142857143,1.24977805,1.2499904
0.8244897959183674,0.9061224489795918,1.24977742,1.24999111
0.8244897959183674,0.8979591836734694,1.2497752,1.24999102
0.8244897959183674,0.889795918367347,1.24978019,1.24998943
0.8244897959183674,0.8816326530612244,1.24977646,1.24998844
0.8244897959183674,0.8734693877551021,1.24977929,1.24999257
0.8244897959183674,0.8653061224489795,1.24977888,1.24998928
0.8244897959183674,0.8571428571428572,1.24977845,1.249989
0.8244897959183674,0.8489795918367347,1.24977722,1.24998803
0.8244897959183674,0.8408163265306122,1.24977727,1.24999063
0.8244897959183674,0.8326530612244898,1.2497785,1.24998775
0.8244897959183674,0.8244897959183674,1.2497754,1.24999203
0.8244897959183674,0.8163265306122449,1.24977679,1.24998781
0.8244897959183674,0.8081632653061225,1.2497777,1.24999123
0.8244897959183674,0.8,1.24977845,1.24998962
0.8163265306122449,1.2,1.2497787,1.24999055
0.8163265306122449,1.1918367346938774,1.24977858,1.24998936
0.8163265306122449,1.183673469387755,1.2497779,1.24998796
0.8163265306122449,1.1755102040816325,1.24977845,1.24998865
0.8163265306122449,1.1673469387755102,1.24977774,1.24998803
0.8163265306122449,1.1591836734693877,1.24977777,1.2499876
0.8163265306122449,1.1510204081632653,1.24977762,1.24998893
0.8163265306122449,1.1428571428571428,1.24977734,1.24998794
0.8163265306122449,1.1346938775510205,1.24978063,1.24998699
0.8163265306122449,1.126530612244898,1.24977449,1.24999052
0.8163265306122449,1.1183673469387754,1.24977782,1.24998934
0.8163265306122449,1.110204081632653,1.24977949,1.24999126
0.8163265306122449,1.1020408163265305,1.24977623,1.24999024
0.8163265306122449,1.0938775510204082,1.24977992,1.24999063
0.8163265306122449,1.0857142857142856,1.24977906,1.24999089
0.8163265306122449,1.0775510204081633,1.24977833,1.24999169
0.8163265306122449,1.0693877551020408,1.2497777,1.24998727
0.8163265306122449,1.0612244897959184,1.24977885,1.2499894
0.8163265306122449,1.0530612244897959,1.24977765,1.24998975
0.8163265306122449,1.0448979591836736,1.24977734,1.24998768
0.8163265306122449,1.036734693877551,1.24977737,1.2499885
0.8163265306122449,1.0285714285714285,1.24977838,1.24999012
0.8163265306122449,1.0204081632653061,1.24978083,1.24999096
0.8163265306122449,1.0122448979591836,1.24977964,1.24999046
0.8163265306122449,1.0040816326530613,1.24977906,1.24998956
0.8163265306122449,0.9959183673469387,1.24977908,1.24998958
0.8163265306122449,0.9877551020408163,1.24977891,1.24998852
0.8163265306122449,0.9795918367346939,1.24977563,1.24999042
0.8163265306122449,0.9714285714285714,1.24977699,1.24998893
0.8163265306122449,0.963265306122449,1.24977861,1.24998887
0.8163265306122449,0.9551020408163265,1.24978064,1.24999188
0.8163265306122449,0.9469387755102041,1.24977916,1.24998917
0.8163265306122449,0.9387755102040816,1.24977818,1.24998986
0.8163265306122449,0.9306122448979592,1.24977734,1.2499922
0.8163265306122449,0.9224489795918367,1.24977931,1.24999005
0.8163265306122449,0.9142857142857143,1.24977908,1.2499887
0.8163265306122449,0.9061224489795918,1.24977777,1.249989
0.8163265306122449,0.8979591836734694,1.24977614,1.24998771
0.8163265306122449,0.889795918367347,1.249778,1.24998992
0.8163265306122449,0.8816326530612244,1.24977727,1.24999123
0.8163265306122449,0.8734693877551021,1.249778,1.24998981
0.8163265306122449,0.8653061224489795,1.24977906,1.24998943
0.8163265306122449,0.8571428571428572,1.24977711,1.24999068
0.8163265306122449,0.8489795918367347,1.24977873,1.2499893
0.8163265306122449,0.8408163265306122,1.24977734,1.24998943
0.8163265306122449,0.8326530612244898,1.24977838,1.24998887
0.8163265306122449,0.8244897959183674,1.24977941,1.24999061
0.8163265306122449,0.8163265306122449,1.24977679,1.24999132
0.8163265306122449,0.8081632653061225,1.24977836,1.24999018
0.8163265306122449,0.8,1.24978108,1.24999139
0.8081632653061225,1.2,1.24977878,1.2499916
0.8081632653061225,1.1918367346938774,1.2497781,1.2499916
0.8081632653061225,1.183673469387755,1.24977679,1.24999042
0.8081632653061225,1.1755102040816325,1.24977785,1.24998809
0.8081632653061225,1.1673469387755102,1.24977779,1.24998958
0.8081632653061225,1.1591836734693877,1.24977865,1.24999119
0.8081632653061225,1.1510204081632653,1.24977901,1.24999005
0.8081632653061225,1.1428571428571428,1.24977663,1.24999096
0.8081632653061225,1.1346938775510205,1.24977949,1.24998824
0.8081632653061225,1.126530612244898,1.249778,1.24998956
0.8081632653061225,1.1183673469387754,1.2497775,1.24999057
0.8081632653061225,1.110204081632653,1.2497779,1.24998971
0.8081632653061225,1.1020408163265305,1.24977964,1.24999033
0.8081632653061225,1.0938775510204082,1.24977707,1.24999173
0.8081632653061225,1.0857142857142856,1.24977876,1.24999179
0.8081632653061225,1.0775510204081633,1.24978118,1.24999151
0.8081632653061225,1.0693877551020408,1.24977782,1.24998915
0.8081632653061225,1.0612244897959184,1.24977936,1.24999167
0.8081632653061225,1.0530612244897959,1.24977636,1.24998682
0.8081632653061225,1.0448979591836736,1.24977679,1.24998788
0.8081632653061225,1.036734693877551,1.24977972,1.24999231
0.8081632653061225,1.0285714285714285,1.2497785,1.24999089
0.8081632653061225,1.0204081632653061,1.24977762,1.24998874
0.8081632653061225,1.0122448979591836,1.24977893,1.24998956
0.8081632653061225,1.0040816326530613,1.24977944,1.24998999
0.8081632653061225,0.9959183673469387,1.24977754,1.24998859
0.8081632653061225,0.9877551020408163,1.24977999,1.24998964
0.8081632653061225,0.9795918367346939,1.24977952,1.24999022
0.8081632653061225,0.9714285714285714,1.24977754,1.24998816
0.8081632653061225,0.963265306122449,1.24977949,1.2499893
0.8081632653061225,0.9551020408163265,1.24977785,1.24998859
0.8081632653061225,0.9469387755102041,1.24977795,1.24998943
0.8081632653061225,0.9387755102040816,1.2497777,1.24998943
0.8081632653061225,0.9306122448979592,1.24977881,1.24999147
0.8081632653061225,0.9224489795918367,1.24977898,1.249989
0.8081632653061225,0.9142857142857143,1.24977961,1.24999018
0.8081632653061225,0.9061224489795918,1.24977838,1.24999005
0.8081632653061225,0.8979591836734694,1.24977747,1.24999186
0.8081632653061225,0.889795918367347,1.24977956,1.24998949
0.8081632653061225,0.8816326530612244,1.24977774,1.24998865
0.8081632653061225,0.8734693877551021,1.2497782,1.24998831
0.8081632653061225,0.8653061224489795,1.24977876,1.24999266
0.8081632653061225,0.8571428571428572,1.24977896,1.24998992
0.8081632653061225,0.8489795918367347,1.24978305,1.249989
0.8081632653061225,0.8408163265306122,1.24978115,1.24998893
0.8081632653061225,0.8326530612244898,1.24977929,1.24998977
0.8081632653061225,0.8244897959183674,1.24977477,1.24998775
0.8081632653061225,0.8163265306122449,1.2497779,1.24998958
0.8081632653061225,0.8081632653061225,1.24977666,1.2499888
0.8081632653061225,0.8,1.24977873,1.24998818
0.8,1.2,1.24977845,1.24999126
0.8,1.1918367346938774,1.2497777,1.2499893
0.8,1.183673469387755,1.24977976,1.24999068
0.8,1.1755102040816325,1.24977979,1.24998951
0.8,1.1673469387755102,1.24978055,1.24998977
0.8,1.1591836734693877,1.2497782,1.24999106
0.8,1.1510204081632653,1.24977818,1.24998783
0.8,1.1428571428571428,1.24977901,1.24998958
0.8,1.1346938775510205,1.24977853,1.24999158
0.8,1.126530612244898,1.24977754,1.24999119
0.8,1.1183673469387754,1.2497804,1.24998917
0.8,1.110204081632653,1.24977822,1.24999225
0.8,1.1020408163265305,1.24977913,1.24998893
0.8,1.0938775510204082,1.24977802,1.24998895
0.8,1.0857142857142856,1.24977896,1.24999042
0.8,1.0775510204081633,1.24977881,1.24998895
0.8,1.0693877551020408,1.24977964,1.24998999
0.8,1.0612244897959184,1.2497783,1.2499916
0.8,1.0530612244897959,1.24978178,1.24998734
0.8,1.0448979591836736,1.24977797,1.24999201
0.8,1.036734693877551,1.24977916,1.24999201
0.8,1.0285714285714285,1.2497777,1.24998921
0.8,1.0204081632653061,1.24977727,1.24999132
0.8,1.0122448979591836,1.24978032,1.24999098
0.8,1.0040816326530613,1.24977694,1.24999098
0.8,0.9959183673469387,1.24977679,1.24999048
0.8,0.9877551020408163,1.24977707,1.24999027
0.8,0.9795918367346939,1.24977884,1.24999128
0.8,0.9714285714285714,1.24977893,1.249989
0.8,0.963265306122449,1.24977818,1.24999154
0.8,0.9551020408163265,1.24977976,1.24999335
0.8,0.9469387755102041,1.24977691,1.24998971
0.8,0.9387755102040816,1.24977893,1.24999055
0.8,0.9306122448979592,1.24977941,1.24999055
0.8,0.9224489795918367,1.24977853,1.24999113
0.8,0.9142857142857143,1.24978027,1.24999027
0.8,0.9061224489795918,1.24977888,1.24998859
0.8,0.8979591836734694,1.2497775,1.24998999
0.8,0.889795918367347,1.24977904,1.24999089
0.8,0.8816326530612244,1.24977689,1.24999175
0.8,0.8734693877551021,1.2497777,1.24998999
0.8,0.8653061224489795,1.2497787,1.24998809
0.8,0.8571428571428572,1.24977787,1.2499907
0.8,0.8489795918367347,1.24977926,1.24998915
0.8,0.8408163265306122,1.24977656,1.24999027
0.8,0.8326530612244898,1.249781,1.24998719
0.8,0.8244897959183674,1.24977933,1.24998865
0.8,0.8163265306122449,1.24977722,1.24999117
0.8,0.8081632653061225,1.24977628,1.24999089
0.8,0.8,1.24977848,1.24998994
