spi_rack.module1.dac8.voltage,spi_rack.module1.dac7.voltage,agilent_left.volt,agilent_right.volt
1.2,1.2,1.24977884,1.24998979
1.2,1.1918367346938774,1.24977515,1.24999126
1.2,1.183673469387755,1.24977679,1.24999203
1.2,1.1755102040816325,1.24977777,1.24999158
1.2,1.1673469387755102,1.24977686,1.24999216
1.2,1.1591836734693877,1.2497777,1.24999048
1.2,1.1510204081632653,1.24977924,1.24999063
1.2,1.1428571428571428,1.24977762,1.24998902
1.2,1.1346938775510205,1.24977833,1.24999117
1.2,1.126530612244898,1.24977777,1.24999169
1.2,1.1183673469387754,1.24977885,1.24998939
1.2,1.110204081632653,1.24977623,1.24998979
1.2,1.1020408163265305,1.24977686,1.24999158
1.2,1.0938775510204082,1.2497775,1.24999259
1.2,1.0857142857142856,1.24977774,1.24998852
1.2,1.0775510204081633,1.24977949,1.24999027
1.2,1.0693877551020408,1.24977956,1.24998992
1.2,1.0612244897959184,1.24977997,1.24998958
1.2,1.0530612244897959,1.24977611,1.2499913
1.2,1.0448979591836736,1.24977904,1.24998745
1.2,1.036734693877551,1.24977636,1.24999055
1.2,1.0285714285714285,1.2497781,1.24999003
1.2,1.0204081632653061,1.24977876,1.24999016
1.2,1.0122448979591836,1.24977734,1.2499921
1.2,1.0040816326530613,1.24977747,1.24999216
1.2,0.9959183673469387,1.24978237,1.2499916
1.2,0.9877551020408163,1.24977838,1.24999117
1.2,0.9795918367346939,1.24977865,1.24998934
1.2,0.9714285714285714,1.24977679,1.2499916
1.2,0.963265306122449,1.2497808,1.24999154
1.2,0.9551020408163265,1.24977953,1.24999091
1.2,0.9469387755102041,1.24977921,1.24999326
1.2,0.9387755102040816,1.24977952,1.24999391
1.2,0.9306122448979592,1.24977818,1.24999068
1.2,0.9224489795918367,1.24977709,1.24998917
1.2,0.9142857142857143,1.24978138,1.24998908
1.2,0.9061224489795918,1.2497785,1.24999335
1.2,0.8979591836734694,1.24977929,1.24999167
1.2,0.889795918367347,1.24977707,1.2499907
1.2,0.8816326530612244,1.24977845,1.24999061
1.2,0.8734693877551021,1.24977865,1.24999203
1.2,0.8653061224489795,1.24977782,1.24999018
1.2,0.8571428571428572,1.24977813,1.24998949
1.2,0.8489795918367347,1.24977984,1.24998934
1.2,0.8408163265306122,1.24977734,1.2499916
1.2,0.8326530612244898,1.24977916,1.2499899
1.2,0.8244897959183674,1.24978115,1.2499907
1.2,0.8163265306122449,1.24977969,1.24999347
1.2,0.8081632653061225,1.24977999,1.24999253
1.2,0.8,1.24977947,1.24999117
1.1918367346938774,1.2,1.24977881,1.24998895
1.1918367346938774,1.1918367346938774,1.24977896,1.2499899
1.1918367346938774,1.183673469387755,1.24977893,1.2499907
1.1918367346938774,1.1755102040816325,1.24977896,1.24999076
1.1918367346938774,1.1673469387755102,1.24977908,1.24999076
1.1918367346938774,1.1591836734693877,1.24977785,1.24999104
1.1918367346938774,1.1510204081632653,1.24977858,1.24999076
1.1918367346938774,1.1428571428571428,1.24977981,1.24999223
1.1918367346938774,1.1346938775510205,1.24977825,1.249993
1.1918367346938774,1.126530612244898,1.24977858,1.24999055
1.1918367346938774,1.1183673469387754,1.24977853,1.24999231
1.1918367346938774,1.110204081632653,1.2497812,1.24999229
1.1918367346938774,1.1020408163265305,1.24977898,1.24999251
1.1918367346938774,1.0938775510204082,1.24977881,1.24999014
1.1918367346938774,1.0857142857142856,1.24977921,1.24999111
1.1918367346938774,1.0775510204081633,1.24977666,1.24999167
1.1918367346938774,1.0693877551020408,1.24977639,1.2499907
1.1918367346938774,1.0612244897959184,1.24977838,1.24999005
1.1918367346938774,1.0530612244897959,1.24977956,1.2499907
1.1918367346938774,1.0448979591836736,1.24977861,1.24999089
1.1918367346938774,1.036734693877551,1.24978083,1.24999022
1.1918367346938774,1.0285714285714285,1.24978075,1.24998971
1.1918367346938774,1.0204081632653061,1.24977908,1.24999089
1.1918367346938774,1.0122448979591836,1.2497781,1.24998811
1.1918367346938774,1.0040816326530613,1.24977918,1.24999195
1.1918367346938774,0.9959183673469387,1.24977797,1.24998958
1.1918367346938774,0.9877551020408163,1.24977885,1.24999179
1.1918367346938774,0.9795918367346939,1.24977921,1.24999285
1.1918367346938774,0.9714285714285714,1.2497804,1.24998818
1.1918367346938774,0.963265306122449,1.24977893,1.24998893
1.1918367346938774,0.9551020408163265,1.24977679,1.24999014
1.1918367346938774,0.9469387755102041,1.24978032,1.24998992
1.1918367346938774,0.9387755102040816,1.24978115,1.24998831
1.1918367346938774,0.9306122448979592,1.24978325,1.24999253
1.1918367346938774,0.9224489795918367,1.24977719,1.24999123
1.1918367346938774,0.9142857142857143,1.24977926,1.24998992
1.1918367346938774,0.9061224489795918,1.24978027,1.24999063
1.1918367346938774,0.8979591836734694,1.24977949,1.24999223
1.1918367346938774,0.889795918367347,1.24978017,1.24998958
1.1918367346938774,0.8816326530612244,1.24978103,1.24999279
1.1918367346938774,0.8734693877551021,1.24977787,1.24998921
1.1918367346938774,0.8653061224489795,1.24977838,1.24998992
1.1918367346938774,0.8571428571428572,1.24977714,1.24999207
1.1918367346938774,0.8489795918367347,1.2497784,1.24999111
1.1918367346938774,0.8408163265306122,1.24977686,1.24999169
1.1918367346938774,0.8326530612244898,1.24977929,1.24999272
1.1918367346938774,0.8244897959183674,1.24977742,1.24999111
1.1918367346938774,0.8163265306122449,1.24977717,1.24999027
1.1918367346938774,0.8081632653061225,1.24977893,1.24999132
1.1918367346938774,0.8,1.24978075,1.24999154
1.183673469387755,1.2,1.24977944,1.24999231
1.183673469387755,1.1918367346938774,1.2497754,1.24998839
1.183673469387755,1.183673469387755,1.24977911,1.24998884
1.183673469387755,1.1755102040816325,1.24977777,1.24998956
1.183673469387755,1.1673469387755102,1.24977734,1.24998949
1.183673469387755,1.1591836734693877,1.2497783,1.24999076
1.183673469387755,1.1510204081632653,1.24977591,1.24999186
1.183673469387755,1.1428571428571428,1.24977885,1.24998992
1.183673469387755,1.1346938775510205,1.24978001,1.24999139
1.183673469387755,1.126530612244898,1.2497775,1.24999162
1.183673469387755,1.1183673469387754,1.24977881,1.2499916
1.183673469387755,1.110204081632653,1.24977913,1.24999123
1.183673469387755,1.1020408163265305,1.24978118,1.24999104
1.183673469387755,1.0938775510204082,1.24977818,1.24998908
1.183673469387755,1.0857142857142856,1.24977881,1.24998872
1.183673469387755,1.0775510204081633,1.24978024,1.24999083
1.183673469387755,1.0693877551020408,1.24977908,1.24999089
1.183673469387755,1.0612244897959184,1.24977881,1.24999104
1.183673469387755,1.0530612244897959,1.24977774,1.2499879
1.183673469387755,1.0448979591836736,1.24977608,1.2499888
1.183673469387755,1.036734693877551,1.24977729,1.24998837
1.183673469387755,1.0285714285714285,1.24977734,1.2499893
1.183673469387755,1.0204081632653061,1.24977734,1.24999035
1.183673469387755,1.0122448979591836,1.24977828,1.24999154
1.183673469387755,1.0040816326530613,1.24977759,1.24999098
1.183673469387755,0.9959183673469387,1.24978198,1.24998992
1.183673469387755,0.9877551020408163,1.24977805,1.24999074
1.183673469387755,0.9795918367346939,1.24977603,1.24999119
1.183673469387755,0.9714285714285714,1.24977929,1.24999235
1.183673469387755,0.963265306122449,1.2497782,1.24998971
1.183673469387755,0.9551020408163265,1.24977805,1.24998865
1.183673469387755,0.9469387755102041,1.24977924,1.24998768
1.183673469387755,0.9387755102040816,1.24977853,1.24999076
1.183673469387755,0.9306122448979592,1.24978042,1.24998865
1.183673469387755,0.9224489795918367,1.24977762,1.24998984
1.183673469387755,0.9142857142857143,1.24977868,1.24999132
1.183673469387755,0.9061224489795918,1.24977777,1.24999057
1.183673469387755,0.8979591836734694,1.24977888,1.24998923
1.183673469387755,0.889795918367347,1.24978019,1.24998984
1.183673469387755,0.8816326530612244,1.24978055,1.24999027
1.183673469387755,0.8734693877551021,1.24977992,1.24999113
1.183673469387755,0.8653061224489795,1.24977845,1.2499893
1.183673469387755,0.8571428571428572,1.24977686,1.24998971
1.183673469387755,0.8489795918367347,1.24977787,1.24999182
1.183673469387755,0.8408163265306122,1.24977727,1.24999074
1.183673469387755,0.8326530612244898,1.24977964,1.24999089
1.183673469387755,0.8244897959183674,1.24977936,1.24999042
1.183673469387755,0.8163265306122449,1.24977964,1.2499905
1.183673469387755,0.8081632653061225,1.24977797,1.24999083
1.183673469387755,0.8,1.24978113,1.24999117
1.1755102040816325,1.2,1.24977901,1.24999151
1.1755102040816325,1.1918367346938774,1.24978103,1.24999139
1.1755102040816325,1.183673469387755,1.24977916,1.24999272
1.1755102040816325,1.1755102040816325,1.24977885,1.24998973
1.1755102040816325,1.1673469387755102,1.24978067,1.24999076
1.1755102040816325,1.1591836734693877,1.24977924,1.2499907
1.1755102040816325,1.1510204081632653,1.24977699,1.24998951
1.1755102040816325,1.1428571428571428,1.24977878,1.24999014
1.1755102040816325,1.1346938775510205,1.24977813,1.24998958
1.1755102040816325,1.126530612244898,1.24977901,1.24998962
1.1755102040816325,1.1183673469387754,1.24978095,1.24999192
1.1755102040816325,1.110204081632653,1.24977885,1.24998893
1.1755102040816325,1.1020408163265305,1.24977908,1.24999027
1.1755102040816325,1.0938775510204082,1.24977777,1.24999173
1.1755102040816325,1.0857142857142856,1.24977711,1.249993
1.1755102040816325,1.0775510204081633,1.24977913,1.24999119
1.1755102040816325,1.0693877551020408,1.24978217,1.24999113
1.1755102040816325,1.0612244897959184,1.24977944,1.2499916
1.1755102040816325,1.0530612244897959,1.24977603,1.2499902
1.1755102040816325,1.0448979591836736,1.24978007,1.24999307
1.1755102040816325,1.036734693877551,1.2497784,1.2499904
1.1755102040816325,1.0285714285714285,1.24978032,1.24998964
1.1755102040816325,1.0204081632653061,1.24977913,1.24999167
1.1755102040816325,1.0122448979591836,1.24977924,1.24999048
1.1755102040816325,1.0040816326530613,1.24977858,1.24998915
1.1755102040816325,0.9959183673469387,1.24977964,1.24999063
1.1755102040816325,0.9877551020408163,1.24977818,1.24998865
1.1755102040816325,0.9795918367346939,1.24977906,1.24999055
1.1755102040816325,0.9714285714285714,1.2497787,1.24999147
1.1755102040816325,0.963265306122449,1.24978027,1.24999063
1.1755102040816325,0.9551020408163265,1.24977734,1.24998809
1.1755102040816325,0.9469387755102041,1.24977828,1.24999085
1.1755102040816325,0.9387755102040816,1.24977901,1.24999244
1.1755102040816325,0.9306122448979592,1.24977722,1.2499893
1.1755102040816325,0.9224489795918367,1.2497781,1.24998949
1.1755102040816325,0.9142857142857143,1.24978047,1.24998887
1.1755102040816325,0.9061224489795918,1.24977742,1.24998936
1.1755102040816325,0.8979591836734694,1.24977722,1.24999074
1.1755102040816325,0.889795918367347,1.24977858,1.24999111
1.1755102040816325,0.8816326530612244,1.24977873,1.24999179
1.1755102040816325,0.8734693877551021,1.24977754,1.24998971
1.1755102040816325,0.8653061224489795,1.24978219,1.24998947
1.1755102040816325,0.8571428571428572,1.24977916,1.24998852
1.1755102040816325,0.8489795918367347,1.24977891,1.24998856
1.1755102040816325,0.8408163265306122,1.24978115,1.24999098
1.1755102040816325,0.8326530612244898,1.2497775,1.24999089
1.1755102040816325,0.8244897959183674,1.24977972,1.24999063
1.1755102040816325,0.8163265306122449,1.24977727,1.24998992
1.1755102040816325,0.8081632653061225,1.24977863,1.24998964
1.1755102040816325,0.8,1.24977873,1.24999018
1.1673469387755102,1.2,1.24978203,1.24998928
1.1673469387755102,1.1918367346938774,1.2497782,1.2499916
1.1673469387755102,1.183673469387755,1.24978206,1.24999027
1.1673469387755102,1.1755102040816325,1.24978211,1.24999119
1.1673469387755102,1.1673469387755102,1.249778,1.24999057
1.1673469387755102,1.1591836734693877,1.24977997,1.24998962
1.1673469387755102,1.1510204081632653,1.24977714,1.24998943
1.1673469387755102,1.1428571428571428,1.24977941,1.24998906
1.1673469387755102,1.1346938775510205,1.24978083,1.24999098
1.1673469387755102,1.126530612244898,1.24977863,1.24999072
1.1673469387755102,1.1183673469387754,1.24977818,1.24998794
1.1673469387755102,1.110204081632653,1.24977734,1.24998992
1.1673469387755102,1.1020408163265305,1.24977742,1.24998967
1.1673469387755102,1.0938775510204082,1.2497779,1.24999061
1.1673469387755102,1.0857142857142856,1.24977694,1.24999098
1.1673469387755102,1.0775510204081633,1.24977762,1.24999298
1.1673469387755102,1.0693877551020408,1.24977992,1.24998859
1.1673469387755102,1.0612244897959184,1.24977747,1.24999055
1.1673469387755102,1.0530612244897959,1.24977861,1.2499888
1.1673469387755102,1.0448979591836736,1.24977686,1.24999205
1.1673469387755102,1.036734693877551,1.24977734,1.24999132
1.1673469387755102,1.0285714285714285,1.24977825,1.24998984
1.1673469387755102,1.0204081632653061,1.24978015,1.24999154
1.1673469387755102,1.0122448979591836,1.24977861,1.2499902
1.1673469387755102,1.0040816326530613,1.24977858,1.24999076
1.1673469387755102,0.9959183673469387,1.24977782,1.24999223
1.1673469387755102,0.9877551020408163,1.24977691,1.24998908
1.1673469387755102,0.9795918367346939,1.24977868,1.24999175
1.1673469387755102,0.9714285714285714,1.24977949,1.24999055
1.1673469387755102,0.963265306122449,1.24978067,1.24998967
1.1673469387755102,0.9551020408163265,1.24977762,1.2499888
1.1673469387755102,0.9469387755102041,1.24977949,1.24999126
1.1673469387755102,0.9387755102040816,1.24977795,1.24999057
1.1673469387755102,0.9306122448979592,1.24977643,1.24999085
1.1673469387755102,0.9224489795918367,1.2497779,1.24999126
1.1673469387755102,0.9142857142857143,1.24977777,1.24999104
1.1673469387755102,0.9061224489795918,1.24978035,1.2499907
1.1673469387755102,0.8979591836734694,1.24977992,1.24999201
1.1673469387755102,0.889795918367347,1.24977833,1.24998902
1.1673469387755102,0.8816326530612244,1.24977825,1.24999179
1.1673469387755102,0.8734693877551021,1.24977901,1.24999251
1.1673469387755102,0.8653061224489795,1.24977949,1.24999061
1.1673469387755102,0.8571428571428572,1.24977873,1.24998936
1.1673469387755102,0.8489795918367347,1.24978163,1.24998979
1.1673469387755102,0.8408163265306122,1.24978032,1.24998984
1.1673469387755102,0.8326530612244898,1.24977888,1.24999287
1.1673469387755102,0.8244897959183674,1.24977873,1.24998943
1.1673469387755102,0.8163265306122449,1.24977944,1.2499902
1.1673469387755102,0.8081632653061225,1.24977825,1.24999167
1.1673469387755102,0.8,1.24977702,1.24998865
1.1591836734693877,1.2,1.24978098,1.24999216
1.1591836734693877,1.1918367346938774,1.24977797,1.24999145
1.1591836734693877,1.183673469387755,1.24977898,1.24998956
1.1591836734693877,1.1755102040816325,1.24977976,1.24999182
1.1591836734693877,1.1673469387755102,1.24977782,1.24999072
1.1591836734693877,1.1591836734693877,1.24977765,1.24999139
1.1591836734693877,1.1510204081632653,1.24977757,1.24998902
1.1591836734693877,1.1428571428571428,1.24978042,1.24999083
1.1591836734693877,1.1346938775510205,1.24977711,1.24999117
1.1591836734693877,1.126530612244898,1.2497754,1.24998801
1.1591836734693877,1.1183673469387754,1.24977773,1.24999235
1.1591836734693877,1.110204081632653,1.24977782,1.24998964
1.1591836734693877,1.1020408163265305,1.24977881,1.2499935
1.1591836734693877,1.0938775510204082,1.24978072,1.24999251
1.1591836734693877,1.0857142857142856,1.24977714,1.24999063
1.1591836734693877,1.0775510204081633,1.24977868,1.2499921
1.1591836734693877,1.0693877551020408,1.24977969,1.24999098
1.1591836734693877,1.0612244897959184,1.24977995,1.24998852
1.1591836734693877,1.0530612244897959,1.24977563,1.24998999
1.1591836734693877,1.0448979591836736,1.24977878,1.24998874
1.1591836734693877,1.036734693877551,1.24977552,1.24998986
1.1591836734693877,1.0285714285714285,1.24977853,1.24999091
1.1591836734693877,1.0204081632653061,1.2497777,1.2499902
1.1591836734693877,1.0122448979591836,1.24978019,1.24999145
1.1591836734693877,1.0040816326530613,1.24977628,1.24998964
1.1591836734693877,0.9959183673469387,1.24977623,1.24999132
1.1591836734693877,0.9877551020408163,1.24977939,1.24998956
1.1591836734693877,0.9795918367346939,1.24977651,1.24998923
1.1591836734693877,0.9714285714285714,1.24977699,1.2499902
1.1591836734693877,0.963265306122449,1.24977818,1.24999126
1.1591836734693877,0.9551020408163265,1.24977603,1.24998977
1.1591836734693877,0.9469387755102041,1.24978027,1.24998977
1.1591836734693877,0.9387755102040816,1.24977873,1.24998824
1.1591836734693877,0.9306122448979592,1.24977885,1.24999111
1.1591836734693877,0.9224489795918367,1.2497784,1.24999223
1.1591836734693877,0.9142857142857143,1.24977933,1.24999104
1.1591836734693877,0.9061224489795918,1.24977583,1.24999048
1.1591836734693877,0.8979591836734694,1.24977737,1.2499879
1.1591836734693877,0.889795918367347,1.24977777,1.24998951
1.1591836734693877,0.8816326530612244,1.24977896,1.24999141
1.1591836734693877,0.8734693877551021,1.24977921,1.24998971
1.1591836734693877,0.8653061224489795,1.24977659,1.24999117
1.1591836734693877,0.8571428571428572,1.24977992,1.24999173
1.1591836734693877,0.8489795918367347,1.24977873,1.2499919
1.1591836734693877,0.8408163265306122,1.24977861,1.24998921
1.1591836734693877,0.8326530612244898,1.24978254,1.2499921
1.1591836734693877,0.8244897959183674,1.24977818,1.24999235
1.1591836734693877,0.8163265306122449,1.24977767,1.24998781
1.1591836734693877,0.8081632653061225,1.24977924,1.2499916
1.1591836734693877,0.8,1.24977881,1.24999216
1.1510204081632653,1.2,1.24977921,1.2499916
1.1510204081632653,1.1918367346938774,1.24977924,1.24999462
1.1510204081632653,1.183673469387755,1.2497781,1.24999154
1.1510204081632653,1.1755102040816325,1.24977908,1.24999173
1.1510204081632653,1.1673469387755102,1.24978078,1.24998964
1.1510204081632653,1.1591836734693877,1.24977956,1.24999298
1.1510204081632653,1.1510204081632653,1.24977896,1.24999083
1.1510204081632653,1.1428571428571428,1.24977802,1.24998831
1.1510204081632653,1.1346938775510205,1.2497782,1.24998811
1.1510204081632653,1.126530612244898,1.24977785,1.24999096
1.1510204081632653,1.1183673469387754,1.24978052,1.24998928
1.1510204081632653,1.110204081632653,1.24977969,1.24999048
1.1510204081632653,1.1020408163265305,1.24977659,1.2499902
1.1510204081632653,1.0938775510204082,1.24977929,1.2499902
1.1510204081632653,1.0857142857142856,1.24977969,1.24998984
1.1510204081632653,1.0775510204081633,1.24977825,1.24999117
1.1510204081632653,1.0693877551020408,1.24977956,1.24999085
1.1510204081632653,1.0612244897959184,1.24977742,1.24998822
1.1510204081632653,1.0530612244897959,1.24977686,1.24999218
1.1510204081632653,1.0448979591836736,1.2497781,1.24999115
1.1510204081632653,1.036734693877551,1.2497783,1.24999057
1.1510204081632653,1.0285714285714285,1.24977636,1.24998796
1.1510204081632653,1.0204081632653061,1.24977737,1.24999042
1.1510204081632653,1.0122448979591836,1.24977972,1.24998803
1.1510204081632653,1.0040816326530613,1.24977805,1.24998986
1.1510204081632653,0.9959183673469387,1.24978022,1.24998949
1.1510204081632653,0.9877551020408163,1.249776,1.24998992
1.1510204081632653,0.9795918367346939,1.24977788,1.24999257
1.1510204081632653,0.9714285714285714,1.24977845,1.24999018
1.1510204081632653,0.963265306122449,1.2497781,1.24998949
1.1510204081632653,0.9551020408163265,1.24977686,1.24999356
1.1510204081632653,0.9469387755102041,1.24977694,1.24999083
1.1510204081632653,0.9387755102040816,1.24977737,1.24998999
1.1510204081632653,0.9306122448979592,1.24978027,1.24999078
1.1510204081632653,0.9224489795918367,1.24978027,1.24998943
1.1510204081632653,0.9142857142857143,1.24977646,1.24998839
1.1510204081632653,0.9061224489795918,1.24977699,1.24998824
1.1510204081632653,0.8979591836734694,1.24977995,1.24999033
1.1510204081632653,0.889795918367347,1.24977916,1.24999272
1.1510204081632653,0.8816326530612244,1.24977956,1.24999195
1.1510204081632653,0.8734693877551021,1.24978012,1.24999179
1.1510204081632653,0.8653061224489795,1.2497784,1.24999307
1.1510204081632653,0.8571428571428572,1.24977694,1.24999113
1.1510204081632653,0.8489795918367347,1.24977828,1.24999014
1.1510204081632653,0.8408163265306122,1.24978146,1.24998958
1.1510204081632653,0.8326530612244898,1.24977992,1.24999391
1.1510204081632653,0.8244897959183674,1.24977881,1.24999119
1.1510204081632653,0.8163265306122449,1.24977984,1.24998996
1.1510204081632653,0.8081632653061225,1.24977926,1.24999042
1.1510204081632653,0.8,1.24978087,1.24999102
1.1428571428571428,1.2,1.24977913,1.24999203
1.1428571428571428,1.1918367346938774,1.24977818,1.2499908
1.1428571428571428,1.183673469387755,1.24977825,1.24998971
1.1428571428571428,1.1755102040816325,1.24977984,1.24998964
1.1428571428571428,1.1673469387755102,1.24977777,1.2499907
1.1428571428571428,1.1591836734693877,1.24977893,1.24999042
1.1428571428571428,1.1510204081632653,1.2497777,1.24999048
1.1428571428571428,1.1428571428571428,1.24977853,1.2499888
1.1428571428571428,1.1346938775510205,1.24977949,1.2499933
1.1428571428571428,1.126530612244898,1.24978166,1.2499902
1.1428571428571428,1.1183673469387754,1.24977873,1.24999145
1.1428571428571428,1.110204081632653,1.2497806,1.24999068
1.1428571428571428,1.1020408163265305,1.24977757,1.24999014
1.1428571428571428,1.0938775510204082,1.24977802,1.2499919
1.1428571428571428,1.0857142857142856,1.24977939,1.24998827
1.1428571428571428,1.0775510204081633,1.24978098,1.24998951
1.1428571428571428,1.0693877551020408,1.24977782,1.24999158
1.1428571428571428,1.0612244897959184,1.24977671,1.24999014
1.1428571428571428,1.0530612244897959,1.24978075,1.249989
1.1428571428571428,1.0448979591836736,1.24977908,1.24998928
1.1428571428571428,1.036734693877551,1.24977833,1.24999296
1.1428571428571428,1.0285714285714285,1.24978067,1.24999063
1.1428571428571428,1.0204081632653061,1.24977926,1.24999048
1.1428571428571428,1.0122448979591836,1.24978163,1.24999027
1.1428571428571428,1.0040816326530613,1.24977861,1.24999154
1.1428571428571428,0.9959183673469387,1.24977734,1.24999145
1.1428571428571428,0.9877551020408163,1.24977754,1.24999076
1.1428571428571428,0.9795918367346939,1.24977651,1.24999169
1.1428571428571428,0.9714285714285714,1.24978103,1.24998887
1.1428571428571428,0.963265306122449,1.24977805,1.24998992
1.1428571428571428,0.9551020408163265,1.24977737,1.24999319
1.1428571428571428,0.9469387755102041,1.24977833,1.24998889
1.1428571428571428,0.9387755102040816,1.24977873,1.24998943
1.1428571428571428,0.9306122448979592,1.24977899,1.24998964
1.1428571428571428,0.9224489795918367,1.24977949,1.24998796
1.1428571428571428,0.9142857142857143,1.24977911,1.24998964
1.1428571428571428,0.9061224489795918,1.24977956,1.24999111
1.1428571428571428,0.8979591836734694,1.24978072,1.24999098
1.1428571428571428,0.889795918367347,1.24977881,1.24998958
1.1428571428571428,0.8816326530612244,1.24977674,1.2499902
1.1428571428571428,0.8734693877551021,1.24977833,1.24999057
1.1428571428571428,0.8653061224489795,1.24977833,1.24998939
1.1428571428571428,0.8571428571428572,1.24977552,1.24998893
1.1428571428571428,0.8489795918367347,1.24977881,1.24998747
1.1428571428571428,0.8408163265306122,1.24977885,1.2499907
1.1428571428571428,0.8326530612244898,1.24977737,1.24999052
1.1428571428571428,0.8244897959183674,1.2497811,1.24999123
1.1428571428571428,0.8163265306122449,1.24977722,1.2499904
1.1428571428571428,0.8081632653061225,1.24977893,1.24999272
1.1428571428571428,0.8,1.24977881,1.24999014
1.1346938775510205,1.2,1.2497783,1.24998921
1.1346938775510205,1.1918367346938774,1.24978055,1.24998999
1.1346938775510205,1.183673469387755,1.24977936,1.24998872
1.1346938775510205,1.1755102040816325,1.24977482,1.24998964
1.1346938775510205,1.1673469387755102,1.24977861,1.2499936
1.1346938775510205,1.1591836734693877,1.24977774,1.24998967
1.1346938775510205,1.1510204081632653,1.24977921,1.24999139
1.1346938775510205,1.1428571428571428,1.24977793,1.24999214
1.1346938775510205,1.1346938775510205,1.24977833,1.24998977
1.1346938775510205,1.126530612244898,1.24977953,1.24998859
1.1346938775510205,1.1183673469387754,1.24978004,1.24999285
1.1346938775510205,1.110204081632653,1.24977757,1.24999089
1.1346938775510205,1.1020408163265305,1.24977964,1.24999033
1.1346938775510205,1.0938775510204082,1.24977734,1.24998951
1.1346938775510205,1.0857142857142856,1.2497782,1.24999139
1.1346938775510205,1.0775510204081633,1.24977873,1.24999007
1.1346938775510205,1.0693877551020408,1.24977782,1.24998992
1.1346938775510205,1.0612244897959184,1.24977835,1.24998979
1.1346938775510205,1.0530612244897959,1.24978087,1.24999014
1.1346938775510205,1.0448979591836736,1.24977901,1.24999203
1.1346938775510205,1.036734693877551,1.24977782,1.24998833
1.1346938775510205,1.0285714285714285,1.24977762,1.24998986
1.1346938775510205,1.0204081632653061,1.2497785,1.24998958
1.1346938775510205,1.0122448979591836,1.24978019,1.24998921
1.1346938775510205,1.0040816326530613,1.24977858,1.24998906
1.1346938775510205,0.9959183673469387,1.2497783,1.24999014
1.1346938775510205,0.9877551020408163,1.24977845,1.24999007
1.1346938775510205,0.9795918367346939,1.24977896,1.24999251
1.1346938775510205,0.9714285714285714,1.24977623,1.24999076
1.1346938775510205,0.963265306122449,1.24977933,1.2499922
1.1346938775510205,0.9551020408163265,1.24977992,1.24998986
1.1346938775510205,0.9469387755102041,1.24977833,1.24998803
1.1346938775510205,0.9387755102040816,1.24977813,1.24999091
1.1346938775510205,0.9306122448979592,1.24977884,1.24998917
1.1346938775510205,0.9224489795918367,1.24977933,1.2499904
1.1346938775510205,0.9142857142857143,1.24977707,1.24998971
1.1346938775510205,0.9061224489795918,1.24978019,1.24998999
1.1346938775510205,0.8979591836734694,1.24978019,1.24998878
1.1346938775510205,0.889795918367347,1.24977881,1.2499899
1.1346938775510205,0.8816326530612244,1.24977949,1.24999167
1.1346938775510205,0.8734693877551021,1.24977861,1.24999375
1.1346938775510205,0.8653061224489795,1.24977757,1.24998977
1.1346938775510205,0.8571428571428572,1.24977825,1.24999076
1.1346938775510205,0.8489795918367347,1.24977871,1.24999154
1.1346938775510205,0.8408163265306122,1.24977861,1.24999012
1.1346938775510205,0.8326530612244898,1.24977742,1.24998992
1.1346938775510205,0.8244897959183674,1.24977742,1.24998964
1.1346938775510205,0.8163265306122449,1.24977759,1.24998943
1.1346938775510205,0.8081632653061225,1.24977956,1.24999076
1.1346938775510205,0.8,1.24977702,1.24999096
1.126530612244898,1.2,1.24977999,1.24999027
1.126530612244898,1.1918367346938774,1.24977865,1.24999012
1.126530612244898,1.183673469387755,1.24977774,1.24999111
1.126530612244898,1.1755102040816325,1.24977663,1.24998951
1.126530612244898,1.1673469387755102,1.2497758,1.2499907
1.126530612244898,1.1591836734693877,1.24977734,1.24998992
1.126530612244898,1.1510204081632653,1.24977828,1.24999173
1.126530612244898,1.1428571428571428,1.24977674,1.24999001
1.126530612244898,1.1346938775510205,1.24977976,1.24999068
1.126530612244898,1.126530612244898,1.24977555,1.24999179
1.126530612244898,1.1183673469387754,1.24977822,1.2499921
1.126530612244898,1.110204081632653,1.24978057,1.24999029
1.126530612244898,1.1020408163265305,1.24978083,1.249989
1.126530612244898,1.0938775510204082,1.24977868,1.24999139
1.126530612244898,1.0857142857142856,1.24977936,1.24999154
1.126530612244898,1.0775510204081633,1.2497784,1.24998872
1.126530612244898,1.0693877551020408,1.24977666,1.24998971
1.126530612244898,1.0612244897959184,1.24977964,1.24999207
1.126530612244898,1.0530612244897959,1.2497775,1.24998878
1.126530612244898,1.0448979591836736,1.24977646,1.24998874
1.126530612244898,1.036734693877551,1.24977714,1.24999141
1.126530612244898,1.0285714285714285,1.24977845,1.24998986
1.126530612244898,1.0204081632653061,1.24977671,1.24998921
1.126530612244898,1.0122448979591836,1.24977987,1.24998908
1.126530612244898,1.0040816326530613,1.24977793,1.24999126
1.126530612244898,0.9959183673469387,1.2497775,1.24999291
1.126530612244898,0.9877551020408163,1.2497775,1.24998839
1.126530612244898,0.9795918367346939,1.24977611,1.24998893
1.126530612244898,0.9714285714285714,1.24977838,1.24999048
1.126530612244898,0.963265306122449,1.24978085,1.24999061
1.126530612244898,0.9551020408163265,1.24977888,1.24999005
1.126530612244898,0.9469387755102041,1.24977793,1.24999085
1.126530612244898,0.9387755102040816,1.24977913,1.24999274
1.126530612244898,0.9306122448979592,1.24977722,1.24998958
1.126530612244898,0.9224489795918367,1.24977782,1.24998977
1.126530612244898,0.9142857142857143,1.24977793,1.24999251
1.126530612244898,0.9061224489795918,1.24978012,1.2499899
1.126530612244898,0.8979591836734694,1.24978015,1.24999061
1.126530612244898,0.889795918367347,1.24977868,1.24998852
1.126530612244898,0.8816326530612244,1.24977888,1.24999068
1.126530612244898,0.8734693877551021,1.24977861,1.24998979
1.126530612244898,0.8653061224489795,1.24977684,1.24998986
1.126530612244898,0.8571428571428572,1.24977865,1.24998902
1.126530612244898,0.8489795918367347,1.2497775,1.24998921
1.126530612244898,0.8408163265306122,1.24977785,1.24998816
1.126530612244898,0.8326530612244898,1.24977691,1.24999055
1.126530612244898,0.8244897959183674,1.24977686,1.249989
1.126530612244898,0.8163265306122449,1.24977793,1.24998951
1.126530612244898,0.8081632653061225,1.24977936,1.24998971
1.126530612244898,0.8,1.24977714,1.24998999
1.1183673469387754,1.2,1.24977813,1.249989
1.1183673469387754,1.1918367346938774,1.24977747,1.24999154
1.1183673469387754,1.183673469387755,1.24977631,1.24999238
1.1183673469387754,1.1755102040816325,1.24977865,1.24999068
1.1183673469387754,1.1673469387755102,1.24977904,1.24998803
1.1183673469387754,1.1591836734693877,1.24977773,1.24998781
1.1183673469387754,1.1510204081632653,1.24977929,1.24998956
1.1183673469387754,1.1428571428571428,1.24977924,1.24999154
1.1183673469387754,1.1346938775510205,1.24977595,1.24999151
1.1183673469387754,1.126530612244898,1.24977848,1.24998962
1.1183673469387754,1.1183673469387754,1.24977845,1.24998915
1.1183673469387754,1.110204081632653,1.24977873,1.24998833
1.1183673469387754,1.1020408163265305,1.24977997,1.24999158
1.1183673469387754,1.0938775510204082,1.24977896,1.24998936
1.1183673469387754,1.0857142857142856,1.24977699,1.24998971
1.1183673469387754,1.0775510204081633,1.24977752,1.24998992
1.1183673469387754,1.0693877551020408,1.24977939,1.24999085
1.1183673469387754,1.0612244897959184,1.24977916,1.24998964
1.1183673469387754,1.0530612244897959,1.24977833,1.24999029
1.1183673469387754,1.0448979591836736,1.24977936,1.24999061
1.1183673469387754,1.036734693877551,1.24977742,1.24999141
1.1183673469387754,1.0285714285714285,1.24977997,1.24998964
1.1183673469387754,1.0204081632653061,1.24977989,1.24998921
1.1183673469387754,1.0122448979591836,1.24977779,1.24999216
1.1183673469387754,1.0040816326530613,1.24978106,1.24999027
1.1183673469387754,0.9959183673469387,1.24977908,1.24998928
1.1183673469387754,0.9877551020408163,1.249776,1.24999001
1.1183673469387754,0.9795918367346939,1.24977833,1.24998893
1.1183673469387754,0.9714285714285714,1.24977785,1.24998928
1.1183673469387754,0.963265306122449,1.24977873,1.24999169
1.1183673469387754,0.9551020408163265,1.24977623,1.24999126
1.1183673469387754,0.9469387755102041,1.24978035,1.24998979
1.1183673469387754,0.9387755102040816,1.24977797,1.24999083
1.1183673469387754,0.9306122448979592,1.2497756,1.2499902
1.1183673469387754,0.9224489795918367,1.24977833,1.2499907
1.1183673469387754,0.9142857142857143,1.24977881,1.24998803
1.1183673469387754,0.9061224489795918,1.2497781,1.24999012
1.1183673469387754,0.8979591836734694,1.24977782,1.24999117
1.1183673469387754,0.889795918367347,1.24977807,1.24998949
1.1183673469387754,0.8816326530612244,1.24977908,1.24999158
1.1183673469387754,0.8734693877551021,1.24977972,1.24999083
1.1183673469387754,0.8653061224489795,1.24978123,1.24999098
1.1183673469387754,0.8571428571428572,1.24977729,1.24998766
1.1183673469387754,0.8489795918367347,1.2497781,1.24999132
1.1183673469387754,0.8408163265306122,1.24977797,1.24998902
1.1183673469387754,0.8326530612244898,1.24977616,1.24998846
1.1183673469387754,0.8244897959183674,1.24977893,1.24999111
1.1183673469387754,0.8163265306122449,1.24977868,1.24998872
1.1183673469387754,0.8081632653061225,1.24977663,1.24999052
1.1183673469387754,0.8,1.24977754,1.24998775
1.110204081632653,1.2,1.24977795,1.24998968
1.110204081632653,1.1918367346938774,1.24977747,1.24999035
1.110204081632653,1.183673469387755,1.2497781,1.24998816
1.110204081632653,1.1755102040816325,1.24977949,1.24998934
1.110204081632653,1.1673469387755102,1.2497783,1.24998912
1.110204081632653,1.1591836734693877,1.24977911,1.24998982
1.110204081632653,1.1510204081632653,1.24977691,1.24999005
1.110204081632653,1.1428571428571428,1.24977727,1.24999033
1.110204081632653,1.1346938775510205,1.24977873,1.24999104
1.110204081632653,1.126530612244898,1.24977651,1.24998811
1.110204081632653,1.1183673469387754,1.24977477,1.24999096
1.110204081632653,1.110204081632653,1.2497775,1.24999238
1.110204081632653,1.1020408163265305,1.24978118,1.24998908
1.110204081632653,1.0938775510204082,1.24977984,1.24999089
1.110204081632653,1.0857142857142856,1.24977873,1.249989
1.110204081632653,1.0775510204081633,1.24977793,1.2499874
1.110204081632653,1.0693877551020408,1.24977818,1.24998943
1.110204081632653,1.0612244897959184,1.24977825,1.24999104
1.110204081632653,1.0530612244897959,1.24977969,1.24999203
1.110204081632653,1.0448979591836736,1.24977525,1.24998923
1.110204081632653,1.036734693877551,1.24977702,1.24998928
1.110204081632653,1.0285714285714285,1.24977762,1.24998816
1.110204081632653,1.0204081632653061,1.24977616,1.24999031
1.110204081632653,1.0122448979591836,1.2497779,1.24998887
1.110204081632653,1.0040816326530613,1.24977797,1.24998992
1.110204081632653,0.9959183673469387,1.24977575,1.2499902
1.110204081632653,0.9877551020408163,1.24977793,1.24999126
1.110204081632653,0.9795918367346939,1.2497783,1.24998865
1.110204081632653,0.9714285714285714,1.2497803,1.24998949
1.110204081632653,0.963265306122449,1.24978035,1.24999132
1.110204081632653,0.9551020408163265,1.24977972,1.24999042
1.110204081632653,0.9469387755102041,1.24977626,1.24999001
1.110204081632653,0.9387755102040816,1.24977663,1.24998893
1.110204081632653,0.9306122448979592,1.24977828,1.24999123
1.110204081632653,0.9224489795918367,1.24977833,1.24998859
1.110204081632653,0.9142857142857143,1.2497807,1.24999076
1.110204081632653,0.9061224489795918,1.24977654,1.2499927
1.110204081632653,0.8979591836734694,1.24977964,1.24998861
1.110204081632653,0.889795918367347,1.2497804,1.24999188
1.110204081632653,0.8816326530612244,1.24977878,1.24998837
1.110204081632653,0.8734693877551021,1.24977845,1.24999027
1.110204081632653,0.8653061224489795,1.24977833,1.24999214
1.110204081632653,0.8571428571428572,1.2497783,1.2499888
1.110204081632653,0.8489795918367347,1.24977643,1.2499907
1.110204081632653,0.8408163265306122,1.24977868,1.24999119
1.110204081632653,0.8326530612244898,1.24977777,1.24998971
1.110204081632653,0.8244897959183674,1.24977853,1.2499916
1.110204081632653,0.8163265306122449,1.24977691,1.24998846
1.110204081632653,0.8081632653061225,1.24977878,1.24999083
1.110204081632653,0.8,1.24978019,1.24999132
1.1020408163265305,1.2,1.24978186,1.24999186
1.1020408163265305,1.1918367346938774,1.24977972,1.24998949
1.1020408163265305,1.183673469387755,1.24978012,1.24999022
1.1020408163265305,1.1755102040816325,1.24977651,1.24999096
1.1020408163265305,1.1673469387755102,1.24977952,1.24999005
1.1020408163265305,1.1591836734693877,1.24977873,1.24999048
1.1020408163265305,1.1510204081632653,1.24977833,1.24999263
1.1020408163265305,1.1428571428571428,1.24977987,1.24999197
1.1020408163265305,1.1346938775510205,1.24977929,1.24999089
1.1020408163265305,1.126530612244898,1.24977952,1.24999294
1.1020408163265305,1.1183673469387754,1.24977747,1.24999195
1.1020408163265305,1.110204081632653,1.24977818,1.24998872
1.1020408163265305,1.1020408163265305,1.24977961,1.24999154
1.1020408163265305,1.0938775510204082,1.24977626,1.24998837
1.1020408163265305,1.0857142857142856,1.24977815,1.24999117
1.1020408163265305,1.0775510204081633,1.24977805,1.24999173
1.1020408163265305,1.0693877551020408,1.24977825,1.24998796
1.1020408163265305,1.0612244897959184,1.24977797,1.24998992
1.1020408163265305,1.0530612244897959,1.249778,1.2499902
1.1020408163265305,1.0448979591836736,1.24977861,1.24998859
1.1020408163265305,1.036734693877551,1.24977767,1.24999068
1.1020408163265305,1.0285714285714285,1.24978032,1.24999005
1.1020408163265305,1.0204081632653061,1.24977833,1.24999128
1.1020408163265305,1.0122448979591836,1.2497779,1.24998971
1.1020408163265305,1.0040816326530613,1.24977714,1.24999167
1.1020408163265305,0.9959183673469387,1.24977666,1.24998992
1.1020408163265305,0.9877551020408163,1.24977881,1.24999096
1.1020408163265305,0.9795918367346939,1.24977861,1.24999108
1.1020408163265305,0.9714285714285714,1.2497758,1.24999195
1.1020408163265305,0.963265306122449,1.24978027,1.24998977
1.1020408163265305,0.9551020408163265,1.24977765,1.2499888
1.1020408163265305,0.9469387755102041,1.24977981,1.24998887
1.1020408163265305,0.9387755102040816,1.24977734,1.24999139
1.1020408163265305,0.9306122448979592,1.24977694,1.24998956
1.1020408163265305,0.9224489795918367,1.24977921,1.24999216
1.1020408163265305,0.9142857142857143,1.24977714,1.24999089
1.1020408163265305,0.9061224489795918,1.24978017,1.24999188
1.1020408163265305,0.8979591836734694,1.24977699,1.24999139
1.1020408163265305,0.889795918367347,1.24978004,1.24999027
1.1020408163265305,0.8816326530612244,1.24977931,1.24999063
1.1020408163265305,0.8734693877551021,1.24977833,1.24999014
1.1020408163265305,0.8653061224489795,1.24977858,1.24999111
1.1020408163265305,0.8571428571428572,1.24977956,1.24998884
1.1020408163265305,0.8489795918367347,1.24977818,1.24998958
1.1020408163265305,0.8408163265306122,1.24977884,1.24999111
1.1020408163265305,0.8326530612244898,1.24977952,1.24998973
1.1020408163265305,0.8244897959183674,1.24977888,1.24999096
1.1020408163265305,0.8163265306122449,1.24978226,1.2499899
1.1020408163265305,0.8081632653061225,1.24977842,1.24998992
1.1020408163265305,0.8,1.24977924,1.24998934
1.0938775510204082,1.2,1.24977774,1.24999048
1.0938775510204082,1.1918367346938774,1.24977858,1.24999007
1.0938775510204082,1.183673469387755,1.24977913,1.24998762
1.0938775510204082,1.1755102040816325,1.24977952,1.24999083
1.0938775510204082,1.1673469387755102,1.24978047,1.24999005
1.0938775510204082,1.1591836734693877,1.2497807,1.2499902
1.0938775510204082,1.1510204081632653,1.24977482,1.24999007
1.0938775510204082,1.1428571428571428,1.2497784,1.24998811
1.0938775510204082,1.1346938775510205,1.24977992,1.24999048
1.0938775510204082,1.126530612244898,1.24977707,1.24998837
1.0938775510204082,1.1183673469387754,1.24977818,1.24999173
1.0938775510204082,1.110204081632653,1.24977686,1.24999147
1.0938775510204082,1.1020408163265305,1.24977722,1.2499902
1.0938775510204082,1.0938775510204082,1.24977853,1.24998915
1.0938775510204082,1.0857142857142856,1.24977861,1.24999018
1.0938775510204082,1.0775510204081633,1.24977929,1.24998936
1.0938775510204082,1.0693877551020408,1.24977868,1.24999033
1.0938775510204082,1.0612244897959184,1.24977873,1.24999014
1.0938775510204082,1.0530612244897959,1.2497781,1.24999055
1.0938775510204082,1.0448979591836736,1.24977583,1.24999104
1.0938775510204082,1.036734693877551,1.24977858,1.24998945
1.0938775510204082,1.0285714285714285,1.24977972,1.2499893
1.0938775510204082,1.0204081632653061,1.24978322,1.24998999
1.0938775510204082,1.0122448979591836,1.24977876,1.24998827
1.0938775510204082,1.0040816326530613,1.24977699,1.2499899
1.0938775510204082,0.9959183673469387,1.24977858,1.24998984
1.0938775510204082,0.9877551020408163,1.24977916,1.24999078
1.0938775510204082,0.9795918367346939,1.24977742,1.24998999
1.0938775510204082,0.9714285714285714,1.24978063,1.24999063
1.0938775510204082,0.963265306122449,1.24977805,1.24998781
1.0938775510204082,0.9551020408163265,1.24978075,1.24998865
1.0938775510204082,0.9469387755102041,1.24977822,1.24999309
1.0938775510204082,0.9387755102040816,1.24977714,1.24998956
1.0938775510204082,0.9306122448979592,1.24978067,1.24998923
1.0938775510204082,0.9224489795918367,1.24977884,1.24999061
1.0938775510204082,0.9142857142857143,1.24977853,1.24998831
1.0938775510204082,0.9061224489795918,1.24977984,1.24998999
1.0938775510204082,0.8979591836734694,1.24978007,1.24999091
1.0938775510204082,0.889795918367347,1.24977833,1.24998796
1.0938775510204082,0.8816326530612244,1.24978009,1.24999248
1.0938775510204082,0.8734693877551021,1.24977972,1.24999173
1.0938775510204082,0.8653061224489795,1.24977795,1.24998628
1.0938775510204082,0.8571428571428572,1.24977797,1.24998829
1.0938775510204082,0.8489795918367347,1.24977628,1.24998915
1.0938775510204082,0.8408163265306122,1.24977856,1.24998874
1.0938775510204082,0.8326530612244898,1.24977734,1.24998775
1.0938775510204082,0.8244897959183674,1.24977944,1.24998936
1.0938775510204082,0.8163265306122449,1.24977818,1.24999068
1.0938775510204082,0.8081632653061225,1.24977861,1.24998943
1.0938775510204082,0.8,1.2497804,1.24999033
1.0857142857142856,1.2,1.24977825,1.24998874
1.0857142857142856,1.1918367346938774,1.24977797,1.24998986
1.0857142857142856,1.183673469387755,1.24977795,1.24999012
1.0857142857142856,1.1755102040816325,1.2497803,1.24998846
1.0857142857142856,1.1673469387755102,1.2497784,1.24998979
1.0857142857142856,1.1591836734693877,1.24977822,1.24999063
1.0857142857142856,1.1510204081632653,1.24977956,1.24998992
1.0857142857142856,1.1428571428571428,1.24977921,1.24998803
1.0857142857142856,1.1346938775510205,1.24978038,1.24998977
1.0857142857142856,1.126530612244898,1.2497777,1.24998781
1.0857142857142856,1.1183673469387754,1.24977949,1.24999089
1.0857142857142856,1.110204081632653,1.24978032,1.24998953
1.0857142857142856,1.1020408163265305,1.24978007,1.24998977
1.0857142857142856,1.0938775510204082,1.24977944,1.24998908
1.0857142857142856,1.0857142857142856,1.24978032,1.24998921
1.0857142857142856,1.0775510204081633,1.2497806,1.24999001
1.0857142857142856,1.0693877551020408,1.24978075,1.24999132
1.0857142857142856,1.0612244897959184,1.24977762,1.24999173
1.0857142857142856,1.0530612244897959,1.24977888,1.24999083
1.0857142857142856,1.0448979591836736,1.24978163,1.24999104
1.0857142857142856,1.036734693877551,1.24977734,1.24998979
1.0857142857142856,1.0285714285714285,1.24977997,1.24999061
1.0857142857142856,1.0204081632653061,1.24977999,1.24998921
1.0857142857142856,1.0122448979591836,1.24977972,1.24999018
1.0857142857142856,1.0040816326530613,1.24977833,1.24999074
1.0857142857142856,0.9959183673469387,1.24978024,1.24998884
1.0857142857142856,0.9877551020408163,1.24977885,1.24998936
1.0857142857142856,0.9795918367346939,1.24977929,1.2499902
1.0857142857142856,0.9714285714285714,1.24977631,1.24999104
1.0857142857142856,0.963265306122449,1.24977891,1.24998958
1.0857142857142856,0.9551020408163265,1.24977631,1.24999012
1.0857142857142856,0.9469387755102041,1.24977722,1.24999012
1.0857142857142856,0.9387755102040816,1.2497775,1.24999068
1.0857142857142856,0.9306122448979592,1.24977876,1.24999089
1.0857142857142856,0.9224489795918367,1.24977896,1.24999033
1.0857142857142856,0.9142857142857143,1.24977969,1.24999014
1.0857142857142856,0.9061224489795918,1.24977765,1.24999154
1.0857142857142856,0.8979591836734694,1.24977941,1.24999098
1.0857142857142856,0.889795918367347,1.24977969,1.24998906
1.0857142857142856,0.8816326530612244,1.24977583,1.24998943
1.0857142857142856,0.8734693877551021,1.24977838,1.2499904
1.0857142857142856,0.8653061224489795,1.24977861,1.24999048
1.0857142857142856,0.8571428571428572,1.24977881,1.24999083
1.0857142857142856,0.8489795918367347,1.24977679,1.24998986
1.0857142857142856,0.8408163265306122,1.24977777,1.24998979
1.0857142857142856,0.8326530612244898,1.24978047,1.24999003
1.0857142857142856,0.8244897959183674,1.24977956,1.24998818
1.0857142857142856,0.8163265306122449,1.2497807,1.24998986
1.0857142857142856,0.8081632653061225,1.24977979,1.24999042
1.0857142857142856,0.8,1.24978063,1.24999033
1.0775510204081633,1.2,1.24977901,1.24998865
1.0775510204081633,1.1918367346938774,1.24977722,1.24999272
1.0775510204081633,1.183673469387755,1.24977888,1.24998977
1.0775510204081633,1.1755102040816325,1.24977853,1.24998727
1.0775510204081633,1.1673469387755102,1.24978181,1.24998971
1.0775510204081633,1.1591836734693877,1.24977679,1.24998964
1.0775510204081633,1.1510204081632653,1.24977845,1.24998945
1.0775510204081633,1.1428571428571428,1.24977964,1.24998923
1.0775510204081633,1.1346938775510205,1.24977941,1.24998766
1.0775510204081633,1.126530612244898,1.24977818,1.2499902
1.0775510204081633,1.1183673469387754,1.24978087,1.24998753
1.0775510204081633,1.110204081632653,1.24977898,1.24999139
1.0775510204081633,1.1020408163265305,1.24977999,1.24998594
1.0775510204081633,1.0938775510204082,1.24978092,1.24998867
1.0775510204081633,1.0857142857142856,1.24977873,1.24998852
1.0775510204081633,1.0775510204081633,1.24978055,1.24998839
1.0775510204081633,1.0693877551020408,1.2497779,1.24998893
1.0775510204081633,1.0612244897959184,1.24977853,1.24998719
1.0775510204081633,1.0530612244897959,1.24977981,1.24998986
1.0775510204081633,1.0448979591836736,1.24977782,1.24998936
1.0775510204081633,1.036734693877551,1.24977833,1.24998874
1.0775510204081633,1.0285714285714285,1.2497806,1.24998796
1.0775510204081633,1.0204081632653061,1.24977774,1.24999046
1.0775510204081633,1.0122448979591836,1.24977904,1.24999055
1.0775510204081633,1.0040816326530613,1.24977984,1.24999033
1.0775510204081633,0.9959183673469387,1.24977573,1.24999117
1.0775510204081633,0.9877551020408163,1.24977924,1.24998824
1.0775510204081633,0.9795918367346939,1.24978078,1.24999195
1.0775510204081633,0.9714285714285714,1.24977936,1.24998992
1.0775510204081633,0.963265306122449,1.24977773,1.24999044
1.0775510204081633,0.9551020408163265,1.24977797,1.24999031
1.0775510204081633,0.9469387755102041,1.24977469,1.24999244
1.0775510204081633,0.9387755102040816,1.24977908,1.2499874
1.0775510204081633,0.9306122448979592,1.24977714,1.24999085
1.0775510204081633,0.9224489795918367,1.2497779,1.2499874
1.0775510204081633,0.9142857142857143,1.24977813,1.24998738
1.0775510204081633,0.9061224489795918,1.24977716,1.24998979
1.0775510204081633,0.8979591836734694,1.24977961,1.24999151
1.0775510204081633,0.889795918367347,1.24978095,1.24998719
1.0775510204081633,0.8816326530612244,1.24977742,1.24999175
1.0775510204081633,0.8734693877551021,1.24977666,1.24999173
1.0775510204081633,0.8653061224489795,1.24977686,1.24999091
1.0775510204081633,0.8571428571428572,1.24977865,1.24998999
1.0775510204081633,0.8489795918367347,1.24978017,1.24998839
1.0775510204081633,0.8408163265306122,1.24977714,1.24998839
1.0775510204081633,0.8326530612244898,1.24977825,1.24999179
1.0775510204081633,0.8244897959183674,1.24977893,1.24999123
1.0775510204081633,0.8163265306122449,1.24977908,1.24999108
1.0775510204081633,0.8081632653061225,1.24977668,1.24998908
1.0775510204081633,0.8,1.24977762,1.24999046
1.0693877551020408,1.2,1.24977924,1.24999001
1.0693877551020408,1.1918367346938774,1.24977694,1.24999393
1.0693877551020408,1.183673469387755,1.24977933,1.24999223
1.0693877551020408,1.1755102040816325,1.24977691,1.24999027
1.0693877551020408,1.1673469387755102,1.24977691,1.24999104
1.0693877551020408,1.1591836734693877,1.24977999,1.24999216
1.0693877551020408,1.1510204081632653,1.24977865,1.24999014
1.0693877551020408,1.1428571428571428,1.2497785,1.24999244
1.0693877551020408,1.1346938775510205,1.24977896,1.24998999
1.0693877551020408,1.126530612244898,1.24978198,1.24998973
1.0693877551020408,1.1183673469387754,1.24977704,1.24998986
1.0693877551020408,1.110204081632653,1.24977795,1.24999179
1.0693877551020408,1.1020408163265305,1.24977865,1.24999027
1.0693877551020408,1.0938775510204082,1.24977888,1.2499902
1.0693877551020408,1.0857142857142856,1.24977707,1.24998986
1.0693877551020408,1.0775510204081633,1.24977714,1.24999018
1.0693877551020408,1.0693877551020408,1.24977873,1.24999102
1.0693877551020408,1.0612244897959184,1.24977825,1.24999113
1.0693877551020408,1.0530612244897959,1.24977995,1.24998902
1.0693877551020408,1.0448979591836736,1.24977682,1.24999085
1.0693877551020408,1.036734693877551,1.24977876,1.24999014
1.0693877551020408,1.0285714285714285,1.24977651,1.24999055
1.0693877551020408,1.0204081632653061,1.24977984,1.24999175
1.0693877551020408,1.0122448979591836,1.24977722,1.2499927
1.0693877551020408,1.0040816326530613,1.24977896,1.24998911
1.0693877551020408,0.9959183673469387,1.24977684,1.24998949
1.0693877551020408,0.9877551020408163,1.24977797,1.24998872
1.0693877551020408,0.9795918367346939,1.24977568,1.24998837
1.0693877551020408,0.9714285714285714,1.24977969,1.2499907
1.0693877551020408,0.963265306122449,1.24978163,1.24999126
1.0693877551020408,0.9551020408163265,1.24978042,1.24998872
1.0693877551020408,0.9469387755102041,1.24977754,1.24998951
1.0693877551020408,0.9387755102040816,1.24977944,1.24998904
1.0693877551020408,0.9306122448979592,1.2497779,1.24999007
1.0693877551020408,0.9224489795918367,1.24977722,1.24998755
1.0693877551020408,0.9142857142857143,1.24977924,1.24998962
1.0693877551020408,0.9061224489795918,1.24977709,1.24999104
1.0693877551020408,0.8979591836734694,1.24977833,1.24998921
1.0693877551020408,0.889795918367347,1.24977694,1.2499893
1.0693877551020408,0.8816326530612244,1.2497775,1.24999263
1.0693877551020408,0.8734693877551021,1.24977929,1.2499907
1.0693877551020408,0.8653061224489795,1.24977825,1.24999145
1.0693877551020408,0.8571428571428572,1.24977618,1.24998986
1.0693877551020408,0.8489795918367347,1.2497804,1.2499904
1.0693877551020408,0.8408163265306122,1.24977608,1.24999059
1.0693877551020408,0.8326530612244898,1.2497758,1.24998824
1.0693877551020408,0.8244897959183674,1.249778,1.24999089
1.0693877551020408,0.8163265306122449,1.24977853,1.24998695
1.0693877551020408,0.8081632653061225,1.24977842,1.24999012
1.0693877551020408,0.8,1.24977752,1.24998749
1.0612244897959184,1.2,1.24977497,1.24999182
1.0612244897959184,1.1918367346938774,1.24977865,1.24999048
1.0612244897959184,1.183673469387755,1.24977709,1.24999229
1.0612244897959184,1.1755102040816325,1.24977873,1.24998999
1.0612244897959184,1.1673469387755102,1.24977828,1.24998949
1.0612244897959184,1.1591836734693877,1.24977676,1.24998943
1.0612244897959184,1.1510204081632653,1.24978115,1.24998934
1.0612244897959184,1.1428571428571428,1.24977714,1.24998921
1.0612244897959184,1.1346938775510205,1.24978004,1.24998999
1.0612244897959184,1.126530612244898,1.24977699,1.24998704
1.0612244897959184,1.1183673469387754,1.24978108,1.24999096
1.0612244897959184,1.110204081632653,1.24977608,1.24998936
1.0612244897959184,1.1020408163265305,1.24977838,1.24999027
1.0612244897959184,1.0938775510204082,1.24977659,1.24999061
1.0612244897959184,1.0857142857142856,1.24977952,1.24998971
1.0612244897959184,1.0775510204081633,1.24977987,1.24999076
1.0612244897959184,1.0693877551020408,1.24977785,1.24999085
1.0612244897959184,1.0612244897959184,1.24977999,1.24999005
1.0612244897959184,1.0530612244897959,1.24977921,1.24998934
1.0612244897959184,1.0448979591836736,1.24978012,1.24999068
1.0612244897959184,1.036734693877551,1.24978004,1.2499916
1.0612244897959184,1.0285714285714285,1.24978226,1.24998908
1.0612244897959184,1.0204081632653061,1.2497777,1.24998811
1.0612244897959184,1.0122448979591836,1.2497779,1.24999091
1.0612244897959184,1.0040816326530613,1.24977833,1.24998936
1.0612244897959184,0.9959183673469387,1.24977873,1.24998827
1.0612244897959184,0.9877551020408163,1.24977845,1.24998962
1.0612244897959184,0.9795918367346939,1.24977865,1.24998962
1.0612244897959184,0.9714285714285714,1.24977861,1.24999042
1.0612244897959184,0.963265306122449,1.24977777,1.24998934
1.0612244897959184,0.9551020408163265,1.24977825,1.24999014
1.0612244897959184,0.9469387755102041,1.24977714,1.24998999
1.0612244897959184,0.9387755102040816,1.24977747,1.24998908
1.0612244897959184,0.9306122448979592,1.2497806,1.24998986
1.0612244897959184,0.9224489795918367,1.24977989,1.2499893
1.0612244897959184,0.9142857142857143,1.24977694,1.2499907
1.0612244897959184,0.9061224489795918,1.2497809,1.24998958
1.0612244897959184,0.8979591836734694,1.24977933,1.24999104
1.0612244897959184,0.889795918367347,1.24977901,1.24998934
1.0612244897959184,0.8816326530612244,1.24977899,1.24999123
1.0612244897959184,0.8734693877551021,1.24977774,1.24998906
1.0612244897959184,0.8653061224489795,1.24977952,1.24999089
1.0612244897959184,0.8571428571428572,1.24978009,1.24998837
1.0612244897959184,0.8489795918367347,1.24977729,1.24998939
1.0612244897959184,0.8408163265306122,1.2497775,1.24999083
1.0612244897959184,0.8326530612244898,1.24978098,1.24999132
1.0612244897959184,0.8244897959183674,1.24977924,1.24998846
1.0612244897959184,0.8163265306122449,1.24977853,1.24998921
1.0612244897959184,0.8081632653061225,1.2497804,1.2499905
1.0612244897959184,0.8,1.24977694,1.24998996
1.0530612244897959,1.2,1.24978095,1.24999001
1.0530612244897959,1.1918367346938774,1.24977865,1.24998788
1.0530612244897959,1.183673469387755,1.24977793,1.24998958
1.0530612244897959,1.1755102040816325,1.2497783,1.24999035
1.0530612244897959,1.1673469387755102,1.24977505,1.24999055
1.0530612244897959,1.1591836734693877,1.24977845,1.2499907
1.0530612244897959,1.1510204081632653,1.24977842,1.2499907
1.0530612244897959,1.1428571428571428,1.24977908,1.24999052
1.0530612244897959,1.1346938775510205,1.24977997,1.24999091
1.0530612244897959,1.126530612244898,1.24978007,1.24999085
1.0530612244897959,1.1183673469387754,1.24977936,1.24998852
1.0530612244897959,1.110204081632653,1.24977739,1.24999266
1.0530612244897959,1.1020408163265305,1.24977939,1.24998964
1.0530612244897959,1.0938775510204082,1.24977631,1.24998908
1.0530612244897959,1.0857142857142856,1.24977871,1.24998951
1.0530612244897959,1.0775510204081633,1.24977686,1.24999042
1.0530612244897959,1.0693877551020408,1.24977754,1.24998999
1.0530612244897959,1.0612244897959184,1.24977976,1.24999238
1.0530612244897959,1.0530612244897959,1.24977939,1.24998872
1.0530612244897959,1.0448979591836736,1.24977959,1.24999091
1.0530612244897959,1.036734693877551,1.24978163,1.24998704
1.0530612244897959,1.0285714285714285,1.24977908,1.24999423
1.0530612244897959,1.0204081632653061,1.2497781,1.24998984
1.0530612244897959,1.0122448979591836,1.24977947,1.24999248
1.0530612244897959,1.0040816326530613,1.24977891,1.24999102
1.0530612244897959,0.9959183673469387,1.24977967,1.24999188
1.0530612244897959,0.9877551020408163,1.24978012,1.24999263
1.0530612244897959,0.9795918367346939,1.24978022,1.24999231
1.0530612244897959,0.9714285714285714,1.24977674,1.24999083
1.0530612244897959,0.963265306122449,1.24977921,1.24998977
1.0530612244897959,0.9551020408163265,1.24977762,1.24999117
1.0530612244897959,0.9469387755102041,1.24977888,1.24999173
1.0530612244897959,0.9387755102040816,1.24978027,1.24998874
1.0530612244897959,0.9306122448979592,1.24978024,1.24999167
1.0530612244897959,0.9224489795918367,1.24977822,1.24998829
1.0530612244897959,0.9142857142857143,1.24977754,1.24999104
1.0530612244897959,0.9061224489795918,1.24977679,1.24999309
1.0530612244897959,0.8979591836734694,1.24978055,1.24999048
1.0530612244897959,0.889795918367347,1.24978052,1.24999076
1.0530612244897959,0.8816326530612244,1.2497777,1.24998943
1.0530612244897959,0.8734693877551021,1.2497777,1.24998908
1.0530612244897959,0.8653061224489795,1.24978015,1.24999033
1.0530612244897959,0.8571428571428572,1.24977936,1.24998837
1.0530612244897959,0.8489795918367347,1.24977805,1.24998973
1.0530612244897959,0.8408163265306122,1.24977853,1.24999294
1.0530612244897959,0.8326530612244898,1.24977956,1.24998986
1.0530612244897959,0.8244897959183674,1.24978143,1.24999012
1.0530612244897959,0.8163265306122449,1.24977921,1.24999089
1.0530612244897959,0.8081632653061225,1.24977818,1.24998964
1.0530612244897959,0.8,1.24977815,1.24998986
1.0448979591836736,1.2,1.24977856,1.24998956
1.0448979591836736,1.1918367346938774,1.24977881,1.24998768
1.0448979591836736,1.183673469387755,1.24977484,1.24998977
1.0448979591836736,1.1755102040816325,1.24977873,1.2499893
1.0448979591836736,1.1673469387755102,1.24977873,1.24998999
1.0448979591836736,1.1591836734693877,1.24977853,1.24999104
1.0448979591836736,1.1510204081632653,1.24977825,1.24998973
1.0448979591836736,1.1428571428571428,1.2497777,1.24998684
1.0448979591836736,1.1346938775510205,1.24977941,1.24998994
1.0448979591836736,1.126530612244898,1.24977929,1.24998934
1.0448979591836736,1.1183673469387754,1.24977639,1.24998743
1.0448979591836736,1.110204081632653,1.24977754,1.24999134
1.0448979591836736,1.1020408163265305,1.24977694,1.24998852
1.0448979591836736,1.0938775510204082,1.24977603,1.24999027
1.0448979591836736,1.0857142857142856,1.24977992,1.24998874
1.0448979591836736,1.0775510204081633,1.24977888,1.2499904
1.0448979591836736,1.0693877551020408,1.24977953,1.24998986
1.0448979591836736,1.0612244897959184,1.24977921,1.24998977
1.0448979591836736,1.0530612244897959,1.2497808,1.24999063
1.0448979591836736,1.0448979591836736,1.2497783,1.24999076
1.0448979591836736,1.036734693877551,1.24977797,1.24998934
1.0448979591836736,1.0285714285714285,1.24977704,1.24999061
1.0448979591836736,1.0204081632653061,1.2497779,1.24998699
1.0448979591836736,1.0122448979591836,1.24977885,1.2499902
1.0448979591836736,1.0040816326530613,1.24978052,1.24998968
1.0448979591836736,0.9959183673469387,1.24977878,1.24998992
1.0448979591836736,0.9877551020408163,1.24977702,1.24998891
1.0448979591836736,0.9795918367346939,1.24977901,1.24999005
1.0448979591836736,0.9714285714285714,1.24977997,1.24998928
1.0448979591836736,0.963265306122449,1.24977818,1.24999068
1.0448979591836736,0.9551020408163265,1.24977848,1.24999027
1.0448979591836736,0.9469387755102041,1.24977656,1.24999018
1.0448979591836736,0.9387755102040816,1.24977911,1.24999322
1.0448979591836736,0.9306122448979592,1.24978209,1.24999068
1.0448979591836736,0.9224489795918367,1.24977901,1.24999014
1.0448979591836736,0.9142857142857143,1.24978135,1.24998967
1.0448979591836736,0.9061224489795918,1.24977754,1.24999151
1.0448979591836736,0.8979591836734694,1.2497777,1.24998878
1.0448979591836736,0.889795918367347,1.24978095,1.24998936
1.0448979591836736,0.8816326530612244,1.24977845,1.24998856
1.0448979591836736,0.8734693877551021,1.24978115,1.24999328
1.0448979591836736,0.8653061224489795,1.24977838,1.24998725
1.0448979591836736,0.8571428571428572,1.2497787,1.24998911
1.0448979591836736,0.8489795918367347,1.24977861,1.24998822
1.0448979591836736,0.8408163265306122,1.24977901,1.24998943
1.0448979591836736,0.8326530612244898,1.24977795,1.24999083
1.0448979591836736,0.8244897959183674,1.24977797,1.24998633
1.0448979591836736,0.8163265306122449,1.24977807,1.24998992
1.0448979591836736,0.8081632653061225,1.24977969,1.24998831
1.0448979591836736,0.8,1.24977774,1.2499885
1.036734693877551,1.2,1.24977805,1.24998906
1.036734693877551,1.1918367346938774,1.24977952,1.24999012
1.036734693877551,1.183673469387755,1.24977694,1.24999117
1.036734693877551,1.1755102040816325,1.24977659,1.24998996
1.036734693877551,1.1673469387755102,1.24977802,1.24999132
1.036734693877551,1.1591836734693877,1.24977984,1.24999167
1.036734693877551,1.1510204081632653,1.24977908,1.249993
1.036734693877551,1.1428571428571428,1.24977888,1.24998967
1.036734693877551,1.1346938775510205,1.24977853,1.24999068
1.036734693877551,1.126530612244898,1.24977787,1.24998771
1.036734693877551,1.1183673469387754,1.24977853,1.24999123
1.036734693877551,1.110204081632653,1.24977782,1.24999061
1.036734693877551,1.1020408163265305,1.2497806,1.24999001
1.036734693877551,1.0938775510204082,1.24977984,1.24999223
1.036734693877551,1.0857142857142856,1.24977938,1.24999231
1.036734693877551,1.0775510204081633,1.24977858,1.24998973
1.036734693877551,1.0693877551020408,1.24977805,1.24998837
1.036734693877551,1.0612244897959184,1.24977845,1.24998846
1.036734693877551,1.0530612244897959,1.24977865,1.24998805
1.036734693877551,1.0448979591836736,1.24977931,1.24998973
1.036734693877551,1.036734693877551,1.24977759,1.24999063
1.036734693877551,1.0285714285714285,1.24977719,1.24998936
1.036734693877551,1.0204081632653061,1.24977858,1.24998803
1.036734693877551,1.0122448979591836,1.24977838,1.24999035
1.036734693877551,1.0040816326530613,1.24977742,1.24998915
1.036734693877551,0.9959183673469387,1.2497784,1.24999098
1.036734693877551,0.9877551020408163,1.24977805,1.24999251
1.036734693877551,0.9795918367346939,1.24977969,1.24999033
1.036734693877551,0.9714285714285714,1.24977929,1.24999173
1.036734693877551,0.963265306122449,1.24977684,1.24999055
1.036734693877551,0.9551020408163265,1.24977747,1.24999104
1.036734693877551,0.9469387755102041,1.24977992,1.2499888
1.036734693877551,0.9387755102040816,1.24978143,1.24999012
1.036734693877551,0.9306122448979592,1.24977836,1.24998915
1.036734693877551,0.9224489795918367,1.24977956,1.24999244
1.036734693877551,0.9142857142857143,1.24977992,1.24998968
1.036734693877551,0.9061224489795918,1.24977893,1.24999012
1.036734693877551,0.8979591836734694,1.24977865,1.24998911
1.036734693877551,0.889795918367347,1.24977908,1.24999068
1.036734693877551,0.8816326530612244,1.24977651,1.24999055
1.036734693877551,0.8734693877551021,1.24977901,1.24998844
1.036734693877551,0.8653061224489795,1.24977828,1.24999111
1.036734693877551,0.8571428571428572,1.24977929,1.24998921
1.036734693877551,0.8489795918367347,1.24978219,1.2499907
1.036734693877551,0.8408163265306122,1.24977853,1.24998831
1.036734693877551,0.8326530612244898,1.24977729,1.249989
1.036734693877551,0.8244897959183674,1.24977777,1.24998956
1.036734693877551,0.8163265306122449,1.24977659,1.24998956
1.036734693877551,0.8081632653061225,1.24977805,1.24998762
1.036734693877551,0.8,1.24977714,1.24999188
1.0285714285714285,1.2,1.24977949,1.24999117
1.0285714285714285,1.1918367346938774,1.2497775,1.24998996
1.0285714285714285,1.183673469387755,1.2497777,1.24998811
1.0285714285714285,1.1755102040816325,1.24977805,1.24999126
1.0285714285714285,1.1673469387755102,1.24977802,1.24998908
1.0285714285714285,1.1591836734693877,1.2497784,1.24999188
1.0285714285714285,1.1510204081632653,1.24978166,1.24998968
1.0285714285714285,1.1428571428571428,1.24977777,1.2499907
1.0285714285714285,1.1346938775510205,1.24977575,1.24998811
1.0285714285714285,1.126530612244898,1.2497777,1.24999005
1.0285714285714285,1.1183673469387754,1.24977936,1.24999207
1.0285714285714285,1.110204081632653,1.24977825,1.24999076
1.0285714285714285,1.1020408163265305,1.24977691,1.24999302
1.0285714285714285,1.0938775510204082,1.24977818,1.24998895
1.0285714285714285,1.0857142857142856,1.24977818,1.24998915
1.0285714285714285,1.0775510204081633,1.24977711,1.24999111
1.0285714285714285,1.0693877551020408,1.24977919,1.2499904
1.0285714285714285,1.0612244897959184,1.24977759,1.24998943
1.0285714285714285,1.0530612244897959,1.24977757,1.24999102
1.0285714285714285,1.0448979591836736,1.24977901,1.24999085
1.0285714285714285,1.036734693877551,1.24977916,1.24999111
1.0285714285714285,1.0285714285714285,1.24977616,1.24999091
1.0285714285714285,1.0204081632653061,1.24977979,1.24999083
1.0285714285714285,1.0122448979591836,1.24977858,1.24998947
1.0285714285714285,1.0040816326530613,1.24977793,1.24999244
1.0285714285714285,0.9959183673469387,1.24978174,1.24999012
1.0285714285714285,0.9877551020408163,1.24977688,1.24999145
1.0285714285714285,0.9795918367346939,1.24977737,1.24998796
1.0285714285714285,0.9714285714285714,1.24977603,1.24998753
1.0285714285714285,0.963265306122449,1.249778,1.24998874
1.0285714285714285,0.9551020408163265,1.24977838,1.24999199
1.0285714285714285,0.9469387755102041,1.24977901,1.24999145
1.0285714285714285,0.9387755102040816,1.24977838,1.24999173
1.0285714285714285,0.9306122448979592,1.24977785,1.24999111
1.0285714285714285,0.9224489795918367,1.24977754,1.24998908
1.0285714285714285,0.9142857142857143,1.24978209,1.24998986
1.0285714285714285,0.9061224489795918,1.24977731,1.24999022
1.0285714285714285,0.8979591836734694,1.24977734,1.24999046
1.0285714285714285,0.889795918367347,1.2497778,1.24999091
1.0285714285714285,0.8816326530612244,1.24977631,1.24999048
1.0285714285714285,0.8734693877551021,1.24977807,1.24999238
1.0285714285714285,0.8653061224489795,1.24977717,1.24998992
1.0285714285714285,0.8571428571428572,1.2497807,1.24998951
1.0285714285714285,0.8489795918367347,1.24977734,1.24998872
1.0285714285714285,0.8408163265306122,1.24977782,1.24998986
1.0285714285714285,0.8326530612244898,1.24978158,1.24998895
1.0285714285714285,0.8244897959183674,1.24977797,1.24999083
1.0285714285714285,0.8163265306122449,1.2497806,1.24999076
1.0285714285714285,0.8081632653061225,1.24977861,1.24999076
1.0285714285714285,0.8,1.24977682,1.24999251
1.0204081632653061,1.2,1.24978067,1.24998984
1.0204081632653061,1.1918367346938774,1.24978035,1.24999018
1.0204081632653061,1.183673469387755,1.24977833,1.24999139
1.0204081632653061,1.1755102040816325,1.24977631,1.24999096
1.0204081632653061,1.1673469387755102,1.24977679,1.24999119
1.0204081632653061,1.1591836734693877,1.24977691,1.24998921
1.0204081632653061,1.1510204081632653,1.24977709,1.24999113
1.0204081632653061,1.1428571428571428,1.24977949,1.24998831
1.0204081632653061,1.1346938775510205,1.24977858,1.24999098
1.0204081632653061,1.126530612244898,1.2497777,1.24999076
1.0204081632653061,1.1183673469387754,1.24977929,1.24999123
1.0204081632653061,1.110204081632653,1.24978067,1.24998956
1.0204081632653061,1.1020408163265305,1.249781,1.24998917
1.0204081632653061,1.0938775510204082,1.24977929,1.24999132
1.0204081632653061,1.0857142857142856,1.24977742,1.24999027
1.0204081632653061,1.0775510204081633,1.24977805,1.24998992
1.0204081632653061,1.0693877551020408,1.24977881,1.24999225
1.0204081632653061,1.0612244897959184,1.24977734,1.24999012
1.0204081632653061,1.0530612244897959,1.24977785,1.24999076
1.0204081632653061,1.0448979591836736,1.24977941,1.24998999
1.0204081632653061,1.036734693877551,1.24977944,1.24999048
1.0204081632653061,1.0285714285714285,1.24977727,1.24999188
1.0204081632653061,1.0204081632653061,1.24977861,1.24999132
1.0204081632653061,1.0122448979591836,1.24977765,1.24999341
1.0204081632653061,1.0040816326530613,1.24977904,1.24999111
1.0204081632653061,0.9959183673469387,1.24977921,1.24998874
1.0204081632653061,0.9877551020408163,1.24977797,1.24998992
1.0204081632653061,0.9795918367346939,1.24977618,1.24999169
1.0204081632653061,0.9714285714285714,1.24977717,1.24998984
1.0204081632653061,0.963265306122449,1.24977845,1.24999147
1.0204081632653061,0.9551020408163265,1.24977901,1.24998949
1.0204081632653061,0.9469387755102041,1.24977964,1.24999096
1.0204081632653061,0.9387755102040816,1.24977822,1.24998992
1.0204081632653061,0.9306122448979592,1.24977512,1.24999027
1.0204081632653061,0.9224489795918367,1.24977936,1.24998874
1.0204081632653061,0.9142857142857143,1.24977714,1.24999012
1.0204081632653061,0.9061224489795918,1.24977643,1.24999164
1.0204081632653061,0.8979591836734694,1.24977838,1.24999214
1.0204081632653061,0.889795918367347,1.24977976,1.24998996
1.0204081632653061,0.8816326530612244,1.24977674,1.2499913
1.0204081632653061,0.8734693877551021,1.24977936,1.2499916
1.0204081632653061,0.8653061224489795,1.24977711,1.24998943
1.0204081632653061,0.8571428571428572,1.24977577,1.24998964
1.0204081632653061,0.8489795918367347,1.24977762,1.24999384
1.0204081632653061,0.8408163265306122,1.24977757,1.24999104
1.0204081632653061,0.8326530612244898,1.24977858,1.24998973
1.0204081632653061,0.8244897959183674,1.24977782,1.24999078
1.0204081632653061,0.8163265306122449,1.24977888,1.24998839
1.0204081632653061,0.8081632653061225,1.24978027,1.24998999
1.0204081632653061,0.8,1.24978035,1.24998971
1.0122448979591836,1.2,1.24977674,1.24999012
1.0122448979591836,1.1918367346938774,1.24977984,1.24999151
1.0122448979591836,1.183673469387755,1.24977754,1.24999158
1.0122448979591836,1.1755102040816325,1.2497783,1.24999098
1.0122448979591836,1.1673469387755102,1.24978098,1.24998977
1.0122448979591836,1.1591836734693877,1.24977838,1.24998887
1.0122448979591836,1.1510204081632653,1.24977871,1.24998934
1.0122448979591836,1.1428571428571428,1.24977767,1.24998799
1.0122448979591836,1.1346938775510205,1.24977714,1.24998893
1.0122448979591836,1.126530612244898,1.24977805,1.24999022
1.0122448979591836,1.1183673469387754,1.2497811,1.24998872
1.0122448979591836,1.110204081632653,1.24977908,1.24999151
1.0122448979591836,1.1020408163265305,1.24977944,1.24998943
1.0122448979591836,1.0938775510204082,1.2497784,1.24999229
1.0122448979591836,1.0857142857142856,1.24977774,1.24999113
1.0122448979591836,1.0775510204081633,1.24977779,1.24998887
1.0122448979591836,1.0693877551020408,1.2497783,1.24999042
1.0122448979591836,1.0612244897959184,1.24977906,1.24999005
1.0122448979591836,1.0530612244897959,1.24977724,1.24999089
1.0122448979591836,1.0448979591836736,1.24977707,1.24999182
1.0122448979591836,1.036734693877551,1.24977853,1.24999024
1.0122448979591836,1.0285714285714285,1.24977908,1.24998867
1.0122448979591836,1.0204081632653061,1.24978012,1.24998977
1.0122448979591836,1.0122448979591836,1.24977961,1.24999188
1.0122448979591836,1.0040816326530613,1.24977916,1.24998915
1.0122448979591836,0.9959183673469387,1.24977972,1.24999046
1.0122448979591836,0.9877551020408163,1.24977651,1.24999201
1.0122448979591836,0.9795918367346939,1.24977931,1.24999151
1.0122448979591836,0.9714285714285714,1.24977765,1.24998999
1.0122448979591836,0.963265306122449,1.24977908,1.24999089
1.0122448979591836,0.9551020408163265,1.24977916,1.24999139
1.0122448979591836,0.9469387755102041,1.24977987,1.24999223
1.0122448979591836,0.9387755102040816,1.24977873,1.2499916
1.0122448979591836,0.9306122448979592,1.24977992,1.24998943
1.0122448979591836,0.9224489795918367,1.24977964,1.24998984
1.0122448979591836,0.9142857142857143,1.24977865,1.24998904
1.0122448979591836,0.9061224489795918,1.24978194,1.24999012
1.0122448979591836,0.8979591836734694,1.24977797,1.24999063
1.0122448979591836,0.889795918367347,1.24977901,1.24999076
1.0122448979591836,0.8816326530612244,1.24977913,1.24998951
1.0122448979591836,0.8734693877551021,1.24977838,1.24999158
1.0122448979591836,0.8653061224489795,1.24977815,1.24999085
1.0122448979591836,0.8571428571428572,1.24977795,1.24999061
1.0122448979591836,0.8489795918367347,1.24977797,1.24999223
1.0122448979591836,0.8408163265306122,1.24977651,1.24999104
1.0122448979591836,0.8326530612244898,1.24977747,1.24999132
1.0122448979591836,0.8244897959183674,1.24978012,1.24999076
1.0122448979591836,0.8163265306122449,1.24977686,1.24999061
1.0122448979591836,0.8081632653061225,1.24977853,1.24999186
1.0122448979591836,0.8,1.24977861,1.24998984
1.0040816326530613,1.2,1.2497775,1.24999154
1.0040816326530613,1.1918367346938774,1.24977873,1.24999175
1.0040816326530613,1.183673469387755,1.24978027,1.24999057
1.0040816326530613,1.1755102040816325,1.24977805,1.24998829
1.0040816326530613,1.1673469387755102,1.24977671,1.24999085
1.0040816326530613,1.1591836734693877,1.24977865,1.24998811
1.0040816326530613,1.1510204081632653,1.24977643,1.24999182
1.0040816326530613,1.1428571428571428,1.24977981,1.24998872
1.0040816326530613,1.1346938775510205,1.24977888,1.24999055
1.0040816326530613,1.126530612244898,1.24977795,1.24998999
1.0040816326530613,1.1183673469387754,1.24977876,1.2499904
1.0040816326530613,1.110204081632653,1.24977747,1.24999139
1.0040816326530613,1.1020408163265305,1.24977802,1.24998973
1.0040816326530613,1.0938775510204082,1.2497778,1.24999173
1.0040816326530613,1.0857142857142856,1.24977888,1.24999201
1.0040816326530613,1.0775510204081633,1.24977845,1.24999132
1.0040816326530613,1.0693877551020408,1.24977873,1.24999104
1.0040816326530613,1.0612244897959184,1.24977727,1.24999091
1.0040816326530613,1.0530612244897959,1.24977805,1.24999044
1.0040816326530613,1.0448979591836736,1.2497784,1.24998973
1.0040816326530613,1.036734693877551,1.24977774,1.24999173
1.0040816326530613,1.0285714285714285,1.24977762,1.24999201
1.0040816326530613,1.0204081632653061,1.24977853,1.2499907
1.0040816326530613,1.0122448979591836,1.24978161,1.24999089
1.0040816326530613,1.0040816326530613,1.24977999,1.24999033
1.0040816326530613,0.9959183673469387,1.24977908,1.24999055
1.0040816326530613,0.9877551020408163,1.24977616,1.24998887
1.0040816326530613,0.9795918367346939,1.24977742,1.2499916
1.0040816326530613,0.9714285714285714,1.24977694,1.24998725
1.0040816326530613,0.963265306122449,1.24977999,1.24999098
1.0040816326530613,0.9551020408163265,1.24977742,1.24999126
1.0040816326530613,0.9469387755102041,1.24977807,1.24998986
1.0040816326530613,0.9387755102040816,1.24977949,1.24998895
1.0040816326530613,0.9306122448979592,1.24978108,1.24999201
1.0040816326530613,0.9224489795918367,1.24977916,1.24999203
1.0040816326530613,0.9142857142857143,1.24977952,1.24999106
1.0040816326530613,0.9061224489795918,1.24977865,1.24999257
1.0040816326530613,0.8979591836734694,1.24977757,1.24999147
1.0040816326530613,0.889795918367347,1.24977699,1.24998951
1.0040816326530613,0.8816326530612244,1.24977992,1.24999199
1.0040816326530613,0.8734693877551021,1.24978007,1.24999089
1.0040816326530613,0.8653061224489795,1.24977929,1.24998977
1.0040816326530613,0.8571428571428572,1.24977818,1.24998988
1.0040816326530613,0.8489795918367347,1.24977974,1.24999188
1.0040816326530613,0.8408163265306122,1.24977956,1.24999229
1.0040816326530613,0.8326530612244898,1.24977691,1.24999096
1.0040816326530613,0.8244897959183674,1.24977884,1.24998908
1.0040816326530613,0.8163265306122449,1.24977888,1.24998956
1.0040816326530613,0.8081632653061225,1.24977762,1.2499916
1.0040816326530613,0.8,1.24977944,1.24998956
0.9959183673469387,1.2,1.24977802,1.24999104
0.9959183673469387,1.1918367346938774,1.24977639,1.24998984
0.9959183673469387,1.183673469387755,1.24978146,1.24999083
0.9959183673469387,1.1755102040816325,1.24977802,1.24998949
0.9959183673469387,1.1673469387755102,1.24978158,1.24999287
0.9959183673469387,1.1591836734693877,1.24977651,1.2499893
0.9959183673469387,1.1510204081632653,1.24977608,1.24999238
0.9959183673469387,1.1428571428571428,1.24977656,1.2499902
0.9959183673469387,1.1346938775510205,1.24977931,1.24999154
0.9959183673469387,1.126530612244898,1.24977863,1.24998964
0.9959183673469387,1.1183673469387754,1.24977969,1.2499902
0.9959183673469387,1.110204081632653,1.24977987,1.2499904
0.9959183673469387,1.1020408163265305,1.24977699,1.24998999
0.9959183673469387,1.0938775510204082,1.24977691,1.2499913
0.9959183673469387,1.0857142857142856,1.24977924,1.24999255
0.9959183673469387,1.0775510204081633,1.24977631,1.24998906
0.9959183673469387,1.0693877551020408,1.24977871,1.24999104
0.9959183673469387,1.0612244897959184,1.2497775,1.24998986
0.9959183673469387,1.0530612244897959,1.24977888,1.2499907
0.9959183673469387,1.0448979591836736,1.2497804,1.24998923
0.9959183673469387,1.036734693877551,1.24977825,1.24998951
0.9959183673469387,1.0285714285714285,1.24977936,1.24999012
0.9959183673469387,1.0204081632653061,1.24977628,1.24999167
0.9959183673469387,1.0122448979591836,1.24977861,1.2499871
0.9959183673469387,1.0040816326530613,1.24978067,1.2499902
0.9959183673469387,0.9959183673469387,1.2497811,1.24998831
0.9959183673469387,0.9877551020408163,1.24977865,1.2499921
0.9959183673469387,0.9795918367346939,1.24978055,1.24999076
0.9959183673469387,0.9714285714285714,1.24977765,1.24998859
0.9959183673469387,0.963265306122449,1.2497784,1.24999068
0.9959183673469387,0.9551020408163265,1.24978083,1.2499921
0.9959183673469387,0.9469387755102041,1.24977881,1.24999223
0.9959183673469387,0.9387755102040816,1.24977972,1.24999251
0.9959183673469387,0.9306122448979592,1.24977813,1.24998921
0.9959183673469387,0.9224489795918367,1.2497785,1.24999089
0.9959183673469387,0.9142857142857143,1.24977913,1.24999108
0.9959183673469387,0.9061224489795918,1.24977825,1.24999059
0.9959183673469387,0.8979591836734694,1.24977707,1.24999132
0.9959183673469387,0.889795918367347,1.24977967,1.2499904
0.9959183673469387,0.8816326530612244,1.24977858,1.24999126
0.9959183673469387,0.8734693877551021,1.24977873,1.2499902
0.9959183673469387,0.8653061224489795,1.24977805,1.24998964
0.9959183673469387,0.8571428571428572,1.24977972,1.24998984
0.9959183673469387,0.8489795918367347,1.24977931,1.24998824
0.9959183673469387,0.8408163265306122,1.24977939,1.24999063
0.9959183673469387,0.8326530612244898,1.2497779,1.24999098
0.9959183673469387,0.8244897959183674,1.24977888,1.24998992
0.9959183673469387,0.8163265306122449,1.24977913,1.24999216
0.9959183673469387,0.8081632653061225,1.249776,1.249989
0.9959183673469387,0.8,1.24977842,1.24999061
0.9877551020408163,1.2,1.24977742,1.24999098
0.9877551020408163,1.1918367346938774,1.2497804,1.24998809
0.9877551020408163,1.183673469387755,1.24977893,1.24998895
0.9877551020408163,1.1755102040816325,1.24977813,1.24999141
0.9877551020408163,1.1673469387755102,1.24977802,1.24999147
0.9877551020408163,1.1591836734693877,1.24977671,1.24999119
0.9877551020408163,1.1510204081632653,1.2497775,1.24999126
0.9877551020408163,1.1428571428571428,1.24977953,1.24999307
0.9877551020408163,1.1346938775510205,1.24978004,1.24998908
0.9877551020408163,1.126530612244898,1.24978035,1.24999126
0.9877551020408163,1.1183673469387754,1.24977747,1.24999147
0.9877551020408163,1.110204081632653,1.24977929,1.24999279
0.9877551020408163,1.1020408163265305,1.24977987,1.24999076
0.9877551020408163,1.0938775510204082,1.24977929,1.24999154
0.9877551020408163,1.0857142857142856,1.24977815,1.24998934
0.9877551020408163,1.0775510204081633,1.24977944,1.24999322
0.9877551020408163,1.0693877551020408,1.2497784,1.24998874
0.9877551020408163,1.0612244897959184,1.24977722,1.24998883
0.9877551020408163,1.0530612244897959,1.24977979,1.24999167
0.9877551020408163,1.0448979591836736,1.24977699,1.24999033
0.9877551020408163,1.036734693877551,1.24978015,1.24999141
0.9877551020408163,1.0285714285714285,1.24977818,1.24999001
0.9877551020408163,1.0204081632653061,1.2497775,1.2499907
0.9877551020408163,1.0122448979591836,1.24977881,1.24999141
0.9877551020408163,1.0040816326530613,1.24977651,1.24999005
0.9877551020408163,0.9959183673469387,1.24977505,1.24998999
0.9877551020408163,0.9877551020408163,1.2497811,1.2499913
0.9877551020408163,0.9795918367346939,1.24978285,1.24999012
0.9877551020408163,0.9714285714285714,1.24977797,1.24999203
0.9877551020408163,0.963265306122449,1.24977949,1.24998994
0.9877551020408163,0.9551020408163265,1.24977805,1.24998964
0.9877551020408163,0.9469387755102041,1.24978004,1.24998928
0.9877551020408163,0.9387755102040816,1.24977671,1.24999167
0.9877551020408163,0.9306122448979592,1.24977893,1.24999313
0.9877551020408163,0.9224489795918367,1.24977699,1.24999027
0.9877551020408163,0.9142857142857143,1.24978075,1.24999102
0.9877551020408163,0.9061224489795918,1.24978063,1.24999057
0.9877551020408163,0.8979591836734694,1.24977936,1.24998928
0.9877551020408163,0.889795918367347,1.24978158,1.24998943
0.9877551020408163,0.8816326530612244,1.2497811,1.24999214
0.9877551020408163,0.8734693877551021,1.24977757,1.24999085
0.9877551020408163,0.8653061224489795,1.24977762,1.2499907
0.9877551020408163,0.8571428571428572,1.24977901,1.24999068
0.9877551020408163,0.8489795918367347,1.24977722,1.24999216
0.9877551020408163,0.8408163265306122,1.24977949,1.2499902
0.9877551020408163,0.8326530612244898,1.24977913,1.24999231
0.9877551020408163,0.8244897959183674,1.24977757,1.24999106
0.9877551020408163,0.8163265306122449,1.24977936,1.24999091
0.9877551020408163,0.8081632653061225,1.24977805,1.24999126
0.9877551020408163,0.8,1.24977972,1.24998908
0.9795918367346939,1.2,1.24977884,1.24998964
0.9795918367346939,1.1918367346938774,1.24977777,1.24999085
0.9795918367346939,1.183673469387755,1.24978019,1.24999184
0.9795918367346939,1.1755102040816325,1.24977785,1.24999179
0.9795918367346939,1.1673469387755102,1.2497777,1.24998827
0.9795918367346939,1.1591836734693877,1.24977802,1.24999274
0.9795918367346939,1.1510204081632653,1.24977964,1.24998837
0.9795918367346939,1.1428571428571428,1.24977885,1.24999035
0.9795918367346939,1.1346938775510205,1.24977679,1.24999076
0.9795918367346939,1.126530612244898,1.24977754,1.24999033
0.9795918367346939,1.1183673469387754,1.24977833,1.24998967
0.9795918367346939,1.110204081632653,1.24978022,1.24998884
0.9795918367346939,1.1020408163265305,1.24977906,1.24999216
0.9795918367346939,1.0938775510204082,1.24977999,1.24998811
0.9795918367346939,1.0857142857142856,1.24977838,1.2499879
0.9795918367346939,1.0775510204081633,1.24977805,1.24999098
0.9795918367346939,1.0693877551020408,1.2497779,1.24999096
0.9795918367346939,1.0612244897959184,1.24977964,1.24999033
0.9795918367346939,1.0530612244897959,1.24977906,1.24998979
0.9795918367346939,1.0448979591836736,1.24977853,1.24999188
0.9795918367346939,1.036734693877551,1.24978171,1.2499904
0.9795918367346939,1.0285714285714285,1.24977885,1.24999126
0.9795918367346939,1.0204081632653061,1.24977976,1.2499899
0.9795918367346939,1.0122448979591836,1.24977941,1.24998967
0.9795918367346939,1.0040816326530613,1.24977845,1.24998895
0.9795918367346939,0.9959183673469387,1.24978067,1.24998962
0.9795918367346939,0.9877551020408163,1.24977891,1.24998893
0.9795918367346939,0.9795918367346939,1.24977679,1.24999033
0.9795918367346939,0.9714285714285714,1.24977893,1.24999007
0.9795918367346939,0.963265306122449,1.24977929,1.24999175
0.9795918367346939,0.9551020408163265,1.24978138,1.2499893
0.9795918367346939,0.9469387755102041,1.24977757,1.24998839
0.9795918367346939,0.9387755102040816,1.24977865,1.24998977
0.9795918367346939,0.9306122448979592,1.24977961,1.24999076
0.9795918367346939,0.9224489795918367,1.24978029,1.24999188
0.9795918367346939,0.9142857142857143,1.24977981,1.24999145
0.9795918367346939,0.9061224489795918,1.24977679,1.24999223
0.9795918367346939,0.8979591836734694,1.24978022,1.24999042
0.9795918367346939,0.889795918367347,1.24978019,1.24999261
0.9795918367346939,0.8816326530612244,1.24977999,1.24998867
0.9795918367346939,0.8734693877551021,1.24978009,1.24998768
0.9795918367346939,0.8653061224489795,1.24977919,1.24999046
0.9795918367346939,0.8571428571428572,1.24977818,1.24999173
0.9795918367346939,0.8489795918367347,1.24977818,1.24999005
0.9795918367346939,0.8408163265306122,1.24977967,1.24999061
0.9795918367346939,0.8326530612244898,1.24977861,1.24999057
0.9795918367346939,0.8244897959183674,1.24977818,1.24999027
0.9795918367346939,0.8163265306122449,1.24977933,1.24999199
0.9795918367346939,0.8081632653061225,1.24978035,1.2499921
0.9795918367346939,0.8,1.24977719,1.24999029
0.9714285714285714,1.2,1.2497781,1.24999048
0.9714285714285714,1.1918367346938774,1.24977818,1.24999173
0.9714285714285714,1.183673469387755,1.24977896,1.24999055
0.9714285714285714,1.1755102040816325,1.24977972,1.24999113
0.9714285714285714,1.1673469387755102,1.24977933,1.24999141
0.9714285714285714,1.1591836734693877,1.24977956,1.24998964
0.9714285714285714,1.1510204081632653,1.24977815,1.24999179
0.9714285714285714,1.1428571428571428,1.24977828,1.24998887
0.9714285714285714,1.1346938775510205,1.2497806,1.2499916
0.9714285714285714,1.126530612244898,1.24977953,1.24999091
0.9714285714285714,1.1183673469387754,1.24977865,1.24998973
0.9714285714285714,1.110204081632653,1.24978181,1.24999005
0.9714285714285714,1.1020408163265305,1.24977967,1.24999104
0.9714285714285714,1.0938775510204082,1.24978035,1.24998809
0.9714285714285714,1.0857142857142856,1.24977913,1.24999182
0.9714285714285714,1.0775510204081633,1.24977802,1.2499876
0.9714285714285714,1.0693877551020408,1.24978118,1.24999083
0.9714285714285714,1.0612244897959184,1.24977777,1.24999003
0.9714285714285714,1.0530612244897959,1.24978151,1.24998943
0.9714285714285714,1.0448979591836736,1.24977959,1.2499921
0.9714285714285714,1.036734693877551,1.24978004,1.24999063
0.9714285714285714,1.0285714285714285,1.24977908,1.24999098
0.9714285714285714,1.0204081632653061,1.24977995,1.24999151
0.9714285714285714,1.0122448979591836,1.24977908,1.24999216
0.9714285714285714,1.0040816326530613,1.24977742,1.24999139
0.9714285714285714,0.9959183673469387,1.24977714,1.24999399
0.9714285714285714,0.9877551020408163,1.24977575,1.24998986
0.9714285714285714,0.9795918367346939,1.24978004,1.24999042
0.9714285714285714,0.9714285714285714,1.24977663,1.24999307
0.9714285714285714,0.963265306122449,1.24977785,1.2499904
0.9714285714285714,0.9551020408163265,1.24977949,1.24999302
0.9714285714285714,0.9469387755102041,1.24977722,1.24998936
0.9714285714285714,0.9387755102040816,1.24978012,1.2499902
0.9714285714285714,0.9306122448979592,1.24977813,1.24999083
0.9714285714285714,0.9224489795918367,1.24977868,1.24999098
0.9714285714285714,0.9142857142857143,1.24977913,1.2499902
0.9714285714285714,0.9061224489795918,1.24978032,1.24998979
0.9714285714285714,0.8979591836734694,1.24977952,1.24999369
0.9714285714285714,0.889795918367347,1.24977856,1.24999154
0.9714285714285714,0.8816326530612244,1.2497807,1.24998992
0.9714285714285714,0.8734693877551021,1.24977636,1.24998949
0.9714285714285714,0.8653061224489795,1.2497809,1.24999061
0.9714285714285714,0.8571428571428572,1.24977964,1.24999111
0.9714285714285714,0.8489795918367347,1.24978019,1.24998928
0.9714285714285714,0.8408163265306122,1.24977616,1.24999201
0.9714285714285714,0.8326530612244898,1.24977884,1.24999186
0.9714285714285714,0.8244897959183674,1.24977858,1.24999035
0.9714285714285714,0.8163265306122449,1.24977842,1.24998824
0.9714285714285714,0.8081632653061225,1.24977929,1.2499922
0.9714285714285714,0.8,1.24977987,1.2499907
0.963265306122449,1.2,1.24977822,1.2499927
0.963265306122449,1.1918367346938774,1.24977933,1.24999158
0.963265306122449,1.183673469387755,1.24978135,1.2499916
0.963265306122449,1.1755102040816325,1.24977933,1.24998971
0.963265306122449,1.1673469387755102,1.24977833,1.24999251
0.963265306122449,1.1591836734693877,1.24977929,1.24998992
0.963265306122449,1.1510204081632653,1.24978146,1.24998887
0.963265306122449,1.1428571428571428,1.24978012,1.24999027
0.963265306122449,1.1346938775510205,1.24978143,1.24998809
0.963265306122449,1.126530612244898,1.24977956,1.24998971
0.963265306122449,1.1183673469387754,1.24977888,1.24998936
0.963265306122449,1.110204081632653,1.24977777,1.2499927
0.963265306122449,1.1020408163265305,1.24978087,1.24999111
0.963265306122449,1.0938775510204082,1.24977737,1.24999182
0.963265306122449,1.0857142857142856,1.24977861,1.2499913
0.963265306122449,1.0775510204081633,1.24977785,1.24999167
0.963265306122449,1.0693877551020408,1.2497785,1.24998984
0.963265306122449,1.0612244897959184,1.24978035,1.24998992
0.963265306122449,1.0530612244897959,1.24977936,1.24999061
0.963265306122449,1.0448979591836736,1.24977969,1.2499916
0.963265306122449,1.036734693877551,1.24977944,1.24999322
0.963265306122449,1.0285714285714285,1.24977679,1.24998949
0.963265306122449,1.0204081632653061,1.24977884,1.2499904
0.963265306122449,1.0122448979591836,1.24977878,1.24998768
0.963265306122449,1.0040816326530613,1.24977893,1.24999132
0.963265306122449,0.9959183673469387,1.24977785,1.24999022
0.963265306122449,0.9877551020408163,1.24977979,1.24999188
0.963265306122449,0.9795918367346939,1.2497775,1.24999063
0.963265306122449,0.9714285714285714,1.24977972,1.24999042
0.963265306122449,0.963265306122449,1.24977676,1.24999089
0.963265306122449,0.9551020408163265,1.24977929,1.24999104
0.963265306122449,0.9469387755102041,1.24977707,1.249991
0.963265306122449,0.9387755102040816,1.24978004,1.24999173
0.963265306122449,0.9306122448979592,1.2497752,1.24999175
0.963265306122449,0.9224489795918367,1.24978118,1.24999005
0.963265306122449,0.9142857142857143,1.24977976,1.24999186
0.963265306122449,0.9061224489795918,1.24977845,1.24999123
0.963265306122449,0.8979591836734694,1.24977893,1.24998994
0.963265306122449,0.889795918367347,1.24977845,1.24998923
0.963265306122449,0.8816326530612244,1.24977865,1.24999014
0.963265306122449,0.8734693877551021,1.24977671,1.2499893
0.963265306122449,0.8653061224489795,1.24977845,1.2499908
0.963265306122449,0.8571428571428572,1.24977876,1.24998968
0.963265306122449,0.8489795918367347,1.24978083,1.24999132
0.963265306122449,0.8408163265306122,1.24977881,1.24998979
0.963265306122449,0.8326530612244898,1.24977896,1.24999197
0.963265306122449,0.8244897959183674,1.24977936,1.24998971
0.963265306122449,0.8163265306122449,1.24977815,1.2499902
0.963265306122449,0.8081632653061225,1.24977964,1.24998956
0.963265306122449,0.8,1.24978027,1.24999201
0.9551020408163265,1.2,1.24977911,1.24998971
0.9551020408163265,1.1918367346938774,1.24977856,1.24998908
0.9551020408163265,1.183673469387755,1.24977901,1.24998977
0.9551020408163265,1.1755102040816325,1.24977777,1.24999018
0.9551020408163265,1.1673469387755102,1.24977908,1.24998895
0.9551020408163265,1.1591836734693877,1.24977729,1.24998865
0.9551020408163265,1.1510204081632653,1.24977634,1.24998999
0.9551020408163265,1.1428571428571428,1.24977591,1.24998971
0.9551020408163265,1.1346938775510205,1.24977785,1.24998768
0.9551020408163265,1.126530612244898,1.24978019,1.24999104
0.9551020408163265,1.1183673469387754,1.24978176,1.24999234
0.9551020408163265,1.110204081632653,1.24977782,1.24998949
0.9551020408163265,1.1020408163265305,1.24977888,1.24999014
0.9551020408163265,1.0938775510204082,1.24978064,1.2499902
0.9551020408163265,1.0857142857142856,1.24977671,1.24998915
0.9551020408163265,1.0775510204081633,1.24977969,1.24998816
0.9551020408163265,1.0693877551020408,1.24977631,1.24999225
0.9551020408163265,1.0612244897959184,1.24977742,1.24999104
0.9551020408163265,1.0530612244897959,1.24977659,1.24998951
0.9551020408163265,1.0448979591836736,1.24978128,1.24999216
0.9551020408163265,1.036734693877551,1.24977838,1.24999063
0.9551020408163265,1.0285714285714285,1.24977639,1.24999055
0.9551020408163265,1.0204081632653061,1.2497781,1.24999154
0.9551020408163265,1.0122448979591836,1.24977944,1.24999018
0.9551020408163265,1.0040816326530613,1.24977921,1.24998945
0.9551020408163265,0.9959183673469387,1.24977838,1.24999123
0.9551020408163265,0.9877551020408163,1.24977833,1.24999201
0.9551020408163265,0.9795918367346939,1.24977997,1.24999147
0.9551020408163265,0.9714285714285714,1.24978317,1.24999061
0.9551020408163265,0.963265306122449,1.24977757,1.24999167
0.9551020408163265,0.9551020408163265,1.24978209,1.24999244
0.9551020408163265,0.9469387755102041,1.24977984,1.24999216
0.9551020408163265,0.9387755102040816,1.24977833,1.24999111
0.9551020408163265,0.9306122448979592,1.24977944,1.2499907
0.9551020408163265,0.9224489795918367,1.2497779,1.24999173
0.9551020408163265,0.9142857142857143,1.24977591,1.24998889
0.9551020408163265,0.9061224489795918,1.24977853,1.24998923
0.9551020408163265,0.8979591836734694,1.24977916,1.24998824
0.9551020408163265,0.889795918367347,1.24977731,1.24998865
0.9551020408163265,0.8816326530612244,1.24977893,1.24999139
0.9551020408163265,0.8734693877551021,1.2497781,1.24999072
0.9551020408163265,0.8653061224489795,1.24977992,1.24999001
0.9551020408163265,0.8571428571428572,1.24977984,1.24999007
0.9551020408163265,0.8489795918367347,1.24977979,1.24999123
0.9551020408163265,0.8408163265306122,1.24977873,1.24999274
0.9551020408163265,0.8326530612244898,1.24978044,1.24999279
0.9551020408163265,0.8244897959183674,1.24977825,1.24999218
0.9551020408163265,0.8163265306122449,1.24977682,1.24999203
0.9551020408163265,0.8081632653061225,1.24977742,1.24999038
0.9551020408163265,0.8,1.24978067,1.2499916
0.9469387755102041,1.2,1.24977901,1.24999145
0.9469387755102041,1.1918367346938774,1.24977876,1.24999042
0.9469387755102041,1.183673469387755,1.24977987,1.24998936
0.9469387755102041,1.1755102040816325,1.2497777,1.24999085
0.9469387755102041,1.1673469387755102,1.24978067,1.24998917
0.9469387755102041,1.1591836734693877,1.24977924,1.24999012
0.9469387755102041,1.1510204081632653,1.24977891,1.24999076
0.9469387755102041,1.1428571428571428,1.2497779,1.2499935
0.9469387755102041,1.1346938775510205,1.24977754,1.24999014
0.9469387755102041,1.126530612244898,1.24977976,1.24999151
0.9469387755102041,1.1183673469387754,1.24977797,1.24998999
0.9469387755102041,1.110204081632653,1.24977913,1.24999033
0.9469387755102041,1.1020408163265305,1.24977782,1.24998999
0.9469387755102041,1.0938775510204082,1.249778,1.24999076
0.9469387755102041,1.0857142857142856,1.24977888,1.24998893
0.9469387755102041,1.0775510204081633,1.24977757,1.24999356
0.9469387755102041,1.0693877551020408,1.24977997,1.24999046
0.9469387755102041,1.0612244897959184,1.24977802,1.24999061
0.9469387755102041,1.0530612244897959,1.24977818,1.24999192
0.9469387755102041,1.0448979591836736,1.24978022,1.24999203
0.9469387755102041,1.036734693877551,1.24977765,1.24998852
0.9469387755102041,1.0285714285714285,1.2497808,1.24999061
0.9469387755102041,1.0204081632653061,1.24977767,1.24998917
0.9469387755102041,1.0122448979591836,1.24977979,1.24998936
0.9469387755102041,1.0040816326530613,1.24977719,1.24999076
0.9469387755102041,0.9959183673469387,1.24978027,1.24999147
0.9469387755102041,0.9877551020408163,1.24977936,1.24998824
0.9469387755102041,0.9795918367346939,1.24977777,1.24999186
0.9469387755102041,0.9714285714285714,1.24977813,1.24998839
0.9469387755102041,0.963265306122449,1.24977616,1.24999238
0.9469387755102041,0.9551020408163265,1.24977679,1.24998936
0.9469387755102041,0.9469387755102041,1.24977745,1.24998999
0.9469387755102041,0.9387755102040816,1.24977802,1.24998999
0.9469387755102041,0.9306122448979592,1.24977861,1.24999068
0.9469387755102041,0.9224489795918367,1.24977979,1.24999201
0.9469387755102041,0.9142857142857143,1.24977838,1.24998964
0.9469387755102041,0.9061224489795918,1.2497783,1.24999111
0.9469387755102041,0.8979591836734694,1.24977679,1.2499907
0.9469387755102041,0.889795918367347,1.24977885,1.24998936
0.9469387755102041,0.8816326530612244,1.24977868,1.24999068
0.9469387755102041,0.8734693877551021,1.24977987,1.24999063
0.9469387755102041,0.8653061224489795,1.2497789,1.24998943
0.9469387755102041,0.8571428571428572,1.24977734,1.24998936
0.9469387755102041,0.8489795918367347,1.24978001,1.24999307
0.9469387755102041,0.8408163265306122,1.24977686,1.24999102
0.9469387755102041,0.8326530612244898,1.24977805,1.24998906
0.9469387755102041,0.8244897959183674,1.24977747,1.24998928
0.9469387755102041,0.8163265306122449,1.24977754,1.24998915
0.9469387755102041,0.8081632653061225,1.24977757,1.24998999
0.9469387755102041,0.8,1.24977765,1.2499888
0.9387755102040816,1.2,1.24977936,1.2499902
0.9387755102040816,1.1918367346938774,1.24978024,1.24999231
0.9387755102040816,1.183673469387755,1.2497779,1.24998971
0.9387755102040816,1.1755102040816325,1.2497783,1.24999061
0.9387755102040816,1.1673469387755102,1.24977813,1.2499893
0.9387755102040816,1.1591836734693877,1.24977888,1.24998971
0.9387755102040816,1.1510204081632653,1.24977833,1.24999085
0.9387755102040816,1.1428571428571428,1.24977865,1.24999136
0.9387755102040816,1.1346938775510205,1.24977931,1.24998837
0.9387755102040816,1.126530612244898,1.24977924,1.2499893
0.9387755102040816,1.1183673469387754,1.24977777,1.24998816
0.9387755102040816,1.110204081632653,1.24977924,1.24998964
0.9387755102040816,1.1020408163265305,1.24977575,1.2499902
0.9387755102040816,1.0938775510204082,1.24977906,1.24999018
0.9387755102040816,1.0857142857142856,1.2497784,1.24998923
0.9387755102040816,1.0775510204081633,1.24977742,1.24999244
0.9387755102040816,1.0693877551020408,1.2497779,1.24999027
0.9387755102040816,1.0612244897959184,1.24977707,1.24998986
0.9387755102040816,1.0530612244897959,1.24978004,1.24998874
0.9387755102040816,1.0448979591836736,1.24977757,1.24999126
0.9387755102040816,1.036734693877551,1.24977888,1.24999145
0.9387755102040816,1.0285714285714285,1.24978126,1.24998977
0.9387755102040816,1.0204081632653061,1.24977548,1.24999035
0.9387755102040816,1.0122448979591836,1.24977952,1.24999119
0.9387755102040816,1.0040816326530613,1.24977893,1.2499907
0.9387755102040816,0.9959183673469387,1.24977916,1.24999083
0.9387755102040816,0.9877551020408163,1.24978019,1.24998973
0.9387755102040816,0.9795918367346939,1.24977795,1.24998928
0.9387755102040816,0.9714285714285714,1.24977893,1.24998893
0.9387755102040816,0.963265306122449,1.2497783,1.24998964
0.9387755102040816,0.9551020408163265,1.24977919,1.24998958
0.9387755102040816,0.9469387755102041,1.24978058,1.24998852
0.9387755102040816,0.9387755102040816,1.24977608,1.2499904
0.9387755102040816,0.9306122448979592,1.24977714,1.24998986
0.9387755102040816,0.9224489795918367,1.24978042,1.2499888
0.9387755102040816,0.9142857142857143,1.24977532,1.24999087
0.9387755102040816,0.9061224489795918,1.24977979,1.24998867
0.9387755102040816,0.8979591836734694,1.24977952,1.2499902
0.9387755102040816,0.889795918367347,1.2497784,1.24998962
0.9387755102040816,0.8816326530612244,1.24978064,1.24998936
0.9387755102040816,0.8734693877551021,1.24978055,1.2499904
0.9387755102040816,0.8653061224489795,1.24977865,1.24999147
0.9387755102040816,0.8571428571428572,1.24977995,1.24999074
0.9387755102040816,0.8489795918367347,1.24978017,1.24998872
0.9387755102040816,0.8408163265306122,1.24977583,1.24998911
0.9387755102040816,0.8326530612244898,1.24977972,1.2499888
0.9387755102040816,0.8244897959183674,1.2497783,1.24999238
0.9387755102040816,0.8163265306122449,1.24977868,1.24999083
0.9387755102040816,0.8081632653061225,1.24977822,1.2499908
0.9387755102040816,0.8,1.24977825,1.24998958
0.9306122448979592,1.2,1.24977926,1.24999091
0.9306122448979592,1.1918367346938774,1.24977901,1.24998984
0.9306122448979592,1.183673469387755,1.24977893,1.2499905
0.9306122448979592,1.1755102040816325,1.24977856,1.24998915
0.9306122448979592,1.1673469387755102,1.24977853,1.24999005
0.9306122448979592,1.1591836734693877,1.24977648,1.2499874
0.9306122448979592,1.1510204081632653,1.24977777,1.24998906
0.9306122448979592,1.1428571428571428,1.24977691,1.24999167
0.9306122448979592,1.1346938775510205,1.24977719,1.24999005
0.9306122448979592,1.126530612244898,1.24977573,1.24999012
0.9306122448979592,1.1183673469387754,1.24977878,1.24999016
0.9306122448979592,1.110204081632653,1.24977699,1.2499888
0.9306122448979592,1.1020408163265305,1.24978067,1.24998902
0.9306122448979592,1.0938775510204082,1.24977747,1.24998945
0.9306122448979592,1.0857142857142856,1.24977929,1.24998958
0.9306122448979592,1.0775510204081633,1.24977944,1.24999126
0.9306122448979592,1.0693877551020408,1.24977603,1.24998977
0.9306122448979592,1.0612244897959184,1.24977868,1.2499893
0.9306122448979592,1.0530612244897959,1.24978092,1.24998951
0.9306122448979592,1.0448979591836736,1.24977936,1.24998811
0.9306122448979592,1.036734693877551,1.24977924,1.24999027
0.9306122448979592,1.0285714285714285,1.24977825,1.24998783
0.9306122448979592,1.0204081632653061,1.24977707,1.24999001
0.9306122448979592,1.0122448979591836,1.24977964,1.2499905
0.9306122448979592,1.0040816326530613,1.24977671,1.2499907
0.9306122448979592,0.9959183673469387,1.24977984,1.24999231
0.9306122448979592,0.9877551020408163,1.24977969,1.24999158
0.9306122448979592,0.9795918367346939,1.24977956,1.24999132
0.9306122448979592,0.9714285714285714,1.24977976,1.24998796
0.9306122448979592,0.963265306122449,1.24978019,1.24999195
0.9306122448979592,0.9551020408163265,1.24977505,1.24998908
0.9306122448979592,0.9469387755102041,1.24977674,1.24998663
0.9306122448979592,0.9387755102040816,1.24977722,1.2499905
0.9306122448979592,0.9306122448979592,1.2497779,1.24998852
0.9306122448979592,0.9224489795918367,1.24977865,1.24998939
0.9306122448979592,0.9142857142857143,1.24977901,1.24998936
0.9306122448979592,0.9061224489795918,1.24977896,1.24998908
0.9306122448979592,0.8979591836734694,1.24977876,1.24998951
0.9306122448979592,0.889795918367347,1.24977631,1.24998915
0.9306122448979592,0.8816326530612244,1.24977575,1.24998977
0.9306122448979592,0.8734693877551021,1.24977777,1.24998971
0.9306122448979592,0.8653061224489795,1.24977964,1.24998626
0.9306122448979592,0.8571428571428572,1.24977936,1.24998902
0.9306122448979592,0.8489795918367347,1.24977838,1.24998958
0.9306122448979592,0.8408163265306122,1.24977767,1.24998962
0.9306122448979592,0.8326530612244898,1.2497787,1.24999083
0.9306122448979592,0.8244897959183674,1.24977651,1.249989
0.9306122448979592,0.8163265306122449,1.24977919,1.24998947
0.9306122448979592,0.8081632653061225,1.24977702,1.24998865
0.9306122448979592,0.8,1.24977646,1.24998747
0.9224489795918367,1.2,1.2497783,1.24999083
0.9224489795918367,1.1918367346938774,1.24977908,1.2499899
0.9224489795918367,1.183673469387755,1.24977949,1.24999083
0.9224489795918367,1.1755102040816325,1.24977532,1.2499888
0.9224489795918367,1.1673469387755102,1.24977961,1.24999012
0.9224489795918367,1.1591836734693877,1.24977639,1.24999042
0.9224489795918367,1.1510204081632653,1.2497784,1.24998837
0.9224489795918367,1.1428571428571428,1.24978075,1.24998968
0.9224489795918367,1.1346938775510205,1.2497781,1.24998865
0.9224489795918367,1.126530612244898,1.2497812,1.24998895
0.9224489795918367,1.1183673469387754,1.2497783,1.2499902
0.9224489795918367,1.110204081632653,1.2497775,1.24998827
0.9224489795918367,1.1020408163265305,1.24977941,1.2499907
0.9224489795918367,1.0938775510204082,1.24977999,1.24999091
0.9224489795918367,1.0857142857142856,1.24977707,1.24998895
0.9224489795918367,1.0775510204081633,1.24977825,1.24999201
0.9224489795918367,1.0693877551020408,1.24978083,1.24998865
0.9224489795918367,1.0612244897959184,1.2497775,1.24999098
0.9224489795918367,1.0530612244897959,1.24977921,1.24998921
0.9224489795918367,1.0448979591836736,1.24977858,1.24998783
0.9224489795918367,1.036734693877551,1.24977777,1.24998962
0.9224489795918367,1.0285714285714285,1.2497784,1.24999141
0.9224489795918367,1.0204081632653061,1.24977797,1.24998936
0.9224489795918367,1.0122448979591836,1.24977858,1.24998992
0.9224489795918367,1.0040816326530613,1.2497784,1.24998992
0.9224489795918367,0.9959183673469387,1.24977777,1.24998855
0.9224489795918367,0.9877551020408163,1.24977969,1.24999178
0.9224489795918367,0.9795918367346939,1.24977931,1.24999061
0.9224489795918367,0.9714285714285714,1.24977876,1.24998824
0.9224489795918367,0.963265306122449,1.24977997,1.24998967
0.9224489795918367,0.9551020408163265,1.2497777,1.24998829
0.9224489795918367,0.9469387755102041,1.24977868,1.24999089
0.9224489795918367,0.9387755102040816,1.24977702,1.24999117
0.9224489795918367,0.9306122448979592,1.24977711,1.24999259
0.9224489795918367,0.9224489795918367,1.2497779,1.24999048
0.9224489795918367,0.9142857142857143,1.24977734,1.24998753
0.9224489795918367,0.9061224489795918,1.2497783,1.24998906
0.9224489795918367,0.8979591836734694,1.24977835,1.24998747
0.9224489795918367,0.889795918367347,1.24977734,1.2499893
0.9224489795918367,0.8816326530612244,1.24977868,1.2499907
0.9224489795918367,0.8734693877551021,1.24977774,1.24999083
0.9224489795918367,0.8653061224489795,1.24977591,1.24999033
0.9224489795918367,0.8571428571428572,1.24977956,1.24999147
0.9224489795918367,0.8489795918367347,1.24977737,1.24998874
0.9224489795918367,0.8408163265306122,1.24977659,1.24998893
0.9224489795918367,0.8326530612244898,1.2497758,1.24998917
0.9224489795918367,0.8244897959183674,1.2497784,1.24998837
0.9224489795918367,0.8163265306122449,1.24977603,1.24998939
0.9224489795918367,0.8081632653061225,1.24977929,1.24998992
0.9224489795918367,0.8,1.24977651,1.24998712
0.9142857142857143,1.2,1.2497758,1.24998921
0.9142857142857143,1.1918367346938774,1.24977896,1.24998749
0.9142857142857143,1.183673469387755,1.24977813,1.24999167
0.9142857142857143,1.1755102040816325,1.2497775,1.24998844
0.9142857142857143,1.1673469387755102,1.24977729,1.24999055
0.9142857142857143,1.1591836734693877,1.24977568,1.24998859
0.9142857142857143,1.1510204081632653,1.24977898,1.24998824
0.9142857142857143,1.1428571428571428,1.24977926,1.24998889
0.9142857142857143,1.1346938775510205,1.24977711,1.24999001
0.9142857142857143,1.126530612244898,1.2497777,1.24998695
0.9142857142857143,1.1183673469387754,1.24978085,1.24999055
0.9142857142857143,1.110204081632653,1.2497777,1.24998799
0.9142857142857143,1.1020408163265305,1.24977969,1.24998895
0.9142857142857143,1.0938775510204082,1.24977754,1.24998775
0.9142857142857143,1.0857142857142856,1.24977908,1.24999012
0.9142857142857143,1.0775510204081633,1.24977838,1.24999027
0.9142857142857143,1.0693877551020408,1.24977954,1.24998902
0.9142857142857143,1.0612244897959184,1.24978044,1.2499893
0.9142857142857143,1.0530612244897959,1.24977636,1.24999001
0.9142857142857143,1.0448979591836736,1.2497785,1.24998951
0.9142857142857143,1.036734693877551,1.24977916,1.24999033
0.9142857142857143,1.0285714285714285,1.24977944,1.24998999
0.9142857142857143,1.0204081632653061,1.24977825,1.24999061
0.9142857142857143,1.0122448979591836,1.24977913,1.24999182
0.9142857142857143,1.0040816326530613,1.24977976,1.24998951
0.9142857142857143,0.9959183673469387,1.24977813,1.24998762
0.9142857142857143,0.9877551020408163,1.24977774,1.24999048
0.9142857142857143,0.9795918367346939,1.24977603,1.24998887
0.9142857142857143,0.9714285714285714,1.24977702,1.24998732
0.9142857142857143,0.963265306122449,1.24977999,1.24998893
0.9142857142857143,0.9551020408163265,1.24978027,1.24999147
0.9142857142857143,0.9469387755102041,1.24977773,1.24999169
0.9142857142857143,0.9387755102040816,1.24977881,1.2499874
0.9142857142857143,0.9306122448979592,1.24977936,1.2499902
0.9142857142857143,0.9224489795918367,1.24977575,1.24999188
0.9142857142857143,0.9142857142857143,1.24977747,1.24999356
0.9142857142857143,0.9061224489795918,1.24977893,1.24998915
0.9142857142857143,0.8979591836734694,1.24977845,1.24999117
0.9142857142857143,0.889795918367347,1.24977777,1.24998895
0.9142857142857143,0.8816326530612244,1.2497779,1.24998923
0.9142857142857143,0.8734693877551021,1.24977893,1.24998902
0.9142857142857143,0.8653061224489795,1.24977742,1.24999027
0.9142857142857143,0.8571428571428572,1.24977876,1.24999162
0.9142857142857143,0.8489795918367347,1.24977795,1.24998949
0.9142857142857143,0.8408163265306122,1.24977873,1.24998859
0.9142857142857143,0.8326530612244898,1.24977964,1.24998895
0.9142857142857143,0.8244897959183674,1.24977648,1.24998803
0.9142857142857143,0.8163265306122449,1.2497806,1.24998949
0.9142857142857143,0.8081632653061225,1.24977774,1.24998943
0.9142857142857143,0.8,1.24977881,1.24998887
0.9061224489795918,1.2,1.24977825,1.24998928
0.9061224489795918,1.1918367346938774,1.24977666,1.24998902
0.9061224489795918,1.183673469387755,1.24977767,1.24998902
0.9061224489795918,1.1755102040816325,1.24977853,1.24999115
0.9061224489795918,1.1673469387755102,1.24977853,1.24999123
0.9061224489795918,1.1591836734693877,1.24977441,1.249989
0.9061224489795918,1.1510204081632653,1.2497746,1.24998837
0.9061224489795918,1.1428571428571428,1.24977825,1.24999188
0.9061224489795918,1.1346938775510205,1.2497781,1.24998887
0.9061224489795918,1.126530612244898,1.24977838,1.24999203
0.9061224489795918,1.1183673469387754,1.24977666,1.24999098
0.9061224489795918,1.110204081632653,1.24977611,1.24998768
0.9061224489795918,1.1020408163265305,1.24977591,1.24998893
0.9061224489795918,1.0938775510204082,1.2497784,1.24998887
0.9061224489795918,1.0857142857142856,1.24977631,1.24998779
0.9061224489795918,1.0775510204081633,1.24977707,1.24998943
0.9061224489795918,1.0693877551020408,1.24977742,1.24999078
0.9061224489795918,1.0612244897959184,1.24977469,1.24999005
0.9061224489795918,1.0530612244897959,1.24977548,1.24998923
0.9061224489795918,1.0448979591836736,1.24977858,1.24998818
0.9061224489795918,1.036734693877551,1.24977881,1.24999139
0.9061224489795918,1.0285714285714285,1.24977976,1.24998783
0.9061224489795918,1.0204081632653061,1.24977807,1.24999029
0.9061224489795918,1.0122448979591836,1.24977714,1.24998964
0.9061224489795918,1.0040816326530613,1.24977671,1.24999104
0.9061224489795918,0.9959183673469387,1.24977944,1.24998979
0.9061224489795918,0.9877551020408163,1.24977916,1.24998902
0.9061224489795918,0.9795918367346939,1.24977762,1.24998986
0.9061224489795918,0.9714285714285714,1.24977913,1.2499882
0.9061224489795918,0.963265306122449,1.24977822,1.24998915
0.9061224489795918,0.9551020408163265,1.24977548,1.24999104
0.9061224489795918,0.9469387755102041,1.24977659,1.24998936
0.9061224489795918,0.9387755102040816,1.24977893,1.2499904
0.9061224489795918,0.9306122448979592,1.24977679,1.24998844
0.9061224489795918,0.9224489795918367,1.24977588,1.24999126
0.9061224489795918,0.9142857142857143,1.24977704,1.24999154
0.9061224489795918,0.9061224489795918,1.24977729,1.24998917
0.9061224489795918,0.8979591836734694,1.24978085,1.24998803
0.9061224489795918,0.889795918367347,1.24977858,1.24999098
0.9061224489795918,0.8816326530612244,1.24977833,1.24998977
0.9061224489795918,0.8734693877551021,1.24977908,1.24998878
0.9061224489795918,0.8653061224489795,1.24977873,1.24998867
0.9061224489795918,0.8571428571428572,1.2497781,1.24998788
0.9061224489795918,0.8489795918367347,1.24977964,1.24998878
0.9061224489795918,0.8408163265306122,1.24977984,1.24999145
0.9061224489795918,0.8326530612244898,1.2497779,1.249989
0.9061224489795918,0.8244897959183674,1.24977833,1.24998912
0.9061224489795918,0.8163265306122449,1.24977659,1.24998912
0.9061224489795918,0.8081632653061225,1.24977924,1.24998971
0.9061224489795918,0.8,1.24977865,1.24998999
0.8979591836734694,1.2,1.24977634,1.2499894
0.8979591836734694,1.1918367346938774,1.24977908,1.24999203
0.8979591836734694,1.183673469387755,1.24977702,1.24998921
0.8979591836734694,1.1755102040816325,1.2497775,1.24998902
0.8979591836734694,1.1673469387755102,1.24977793,1.24998986
0.8979591836734694,1.1591836734693877,1.24977797,1.24998863
0.8979591836734694,1.1510204081632653,1.24977648,1.2499907
0.8979591836734694,1.1428571428571428,1.24977822,1.24999096
0.8979591836734694,1.1346938775510205,1.24977805,1.24998999
0.8979591836734694,1.126530612244898,1.24977643,1.24998908
0.8979591836734694,1.1183673469387754,1.24977765,1.24999083
0.8979591836734694,1.110204081632653,1.24977409,1.24998936
0.8979591836734694,1.1020408163265305,1.24977944,1.24998723
0.8979591836734694,1.0938775510204082,1.24977848,1.24999169
0.8979591836734694,1.0857142857142856,1.24977853,1.24999048
0.8979591836734694,1.0775510204081633,1.24977878,1.2499874
0.8979591836734694,1.0693877551020408,1.24977639,1.24998923
0.8979591836734694,1.0612244897959184,1.24977762,1.24998781
0.8979591836734694,1.0530612244897959,1.24977762,1.24999055
0.8979591836734694,1.0448979591836736,1.24977686,1.24998951
0.8979591836734694,1.036734693877551,1.24977694,1.24999164
0.8979591836734694,1.0285714285714285,1.249778,1.24998781
0.8979591836734694,1.0204081632653061,1.24977941,1.24998958
0.8979591836734694,1.0122448979591836,1.24977788,1.24998837
0.8979591836734694,1.0040816326530613,1.24977694,1.24998908
0.8979591836734694,0.9959183673469387,1.24977568,1.24998727
0.8979591836734694,0.9877551020408163,1.24978075,1.24998852
0.8979591836734694,0.9795918367346939,1.2497777,1.24998822
0.8979591836734694,0.9714285714285714,1.24977845,1.24998956
0.8979591836734694,0.963265306122449,1.24977754,1.24998865
0.8979591836734694,0.9551020408163265,1.2497748,1.24998979
0.8979591836734694,0.9469387755102041,1.24977893,1.24998951
0.8979591836734694,0.9387755102040816,1.24977659,1.24998902
0.8979591836734694,0.9306122448979592,1.2497781,1.24998859
0.8979591836734694,0.9224489795918367,1.24977865,1.24998824
0.8979591836734694,0.9142857142857143,1.24977754,1.24998846
0.8979591836734694,0.9061224489795918,1.24977714,1.2499894
0.8979591836734694,0.8979591836734694,1.24977686,1.24998964
0.8979591836734694,0.889795918367347,1.24977505,1.24998906
0.8979591836734694,0.8816326530612244,1.24977722,1.24998773
0.8979591836734694,0.8734693877551021,1.24977754,1.24998592
0.8979591836734694,0.8653061224489795,1.24977929,1.24998979
0.8979591836734694,0.8571428571428572,1.24977742,1.24998874
0.8979591836734694,0.8489795918367347,1.24977616,1.24998732
0.8979591836734694,0.8408163265306122,1.24977876,1.2499894
0.8979591836734694,0.8326530612244898,1.24977876,1.24999027
0.8979591836734694,0.8244897959183674,1.2497777,1.24998796
0.8979591836734694,0.8163265306122449,1.24977979,1.24998999
0.8979591836734694,0.8081632653061225,1.24977813,1.24998939
0.8979591836734694,0.8,1.24978015,1.24998572
0.889795918367347,1.2,1.24977762,1.24998908
0.889795918367347,1.1918367346938774,1.24977623,1.24999104
0.889795918367347,1.183673469387755,1.24977805,1.24998895
0.889795918367347,1.1755102040816325,1.24977409,1.24999005
0.889795918367347,1.1673469387755102,1.24977759,1.24998951
0.889795918367347,1.1591836734693877,1.24977573,1.24998788
0.889795918367347,1.1510204081632653,1.24977747,1.24998856
0.889795918367347,1.1428571428571428,1.24977893,1.24998867
0.889795918367347,1.1346938775510205,1.24977873,1.2499902
0.889795918367347,1.126530612244898,1.24977842,1.24998809
0.889795918367347,1.1183673469387754,1.24977896,1.24998781
0.889795918367347,1.110204081632653,1.24977868,1.24999104
0.889795918367347,1.1020408163265305,1.24977694,1.24999132
0.889795918367347,1.0938775510204082,1.24977689,1.24998818
0.889795918367347,1.0857142857142856,1.24977742,1.24999012
0.889795918367347,1.0775510204081633,1.24977956,1.24999151
0.889795918367347,1.0693877551020408,1.24977734,1.24999029
0.889795918367347,1.0612244897959184,1.24977707,1.24998958
0.889795918367347,1.0530612244897959,1.2497785,1.24998865
0.889795918367347,1.0448979591836736,1.24977838,1.24998762
0.889795918367347,1.036734693877551,1.24977853,1.24998911
0.889795918367347,1.0285714285714285,1.24978042,1.24998753
0.889795918367347,1.0204081632653061,1.2497811,1.24998844
0.889795918367347,1.0122448979591836,1.24977893,1.2499885
0.889795918367347,1.0040816326530613,1.24977845,1.24998768
0.889795918367347,0.9959183673469387,1.24977976,1.24999012
0.889795918367347,0.9877551020408163,1.2497777,1.24998721
0.889795918367347,0.9795918367346939,1.24977707,1.24998811
0.889795918367347,0.9714285714285714,1.24977833,1.24999132
0.889795918367347,0.963265306122449,1.24977651,1.24999014
0.889795918367347,0.9551020408163265,1.24977699,1.24999076
0.889795918367347,0.9469387755102041,1.24977686,1.24999027
0.889795918367347,0.9387755102040816,1.24977727,1.24998721
0.889795918367347,0.9306122448979592,1.24977845,1.24998908
0.889795918367347,0.9224489795918367,1.2497777,1.24998831
0.889795918367347,0.9142857142857143,1.24977825,1.24998852
0.889795918367347,0.9061224489795918,1.24977972,1.24998908
0.889795918367347,0.8979591836734694,1.24978178,1.24998859
0.889795918367347,0.889795918367347,1.24977822,1.24999033
0.889795918367347,0.8816326530612244,1.2497811,1.24998747
0.889795918367347,0.8734693877551021,1.24977863,1.24998874
0.889795918367347,0.8653061224489795,1.24977608,1.24998958
0.889795918367347,0.8571428571428572,1.24977782,1.24998762
0.889795918367347,0.8489795918367347,1.24978035,1.24998887
0.889795918367347,0.8408163265306122,1.24977663,1.24998908
0.889795918367347,0.8326530612244898,1.24977838,1.24998878
0.889795918367347,0.8244897959183674,1.24977611,1.24998872
0.889795918367347,0.8163265306122449,1.24977704,1.24998824
0.889795918367347,0.8081632653061225,1.24977563,1.24999055
0.889795918367347,0.8,1.24977858,1.24998874
0.8816326530612244,1.2,1.24977623,1.24998803
0.8816326530612244,1.1918367346938774,1.24977797,1.24998934
0.8816326530612244,1.183673469387755,1.24978072,1.2499893
0.8816326530612244,1.1755102040816325,1.24977845,1.24999027
0.8816326530612244,1.1673469387755102,1.24977618,1.24999027
0.8816326530612244,1.1591836734693877,1.24977964,1.24999007
0.8816326530612244,1.1510204081632653,1.24977727,1.24999158
0.8816326530612244,1.1428571428571428,1.24977611,1.24999012
0.8816326530612244,1.1346938775510205,1.2497777,1.24998878
0.8816326530612244,1.126530612244898,1.24977929,1.24999091
0.8816326530612244,1.1183673469387754,1.24977929,1.24998818
0.8816326530612244,1.110204081632653,1.24977825,1.24998799
0.8816326530612244,1.1020408163265305,1.2497775,1.24998956
0.8816326530612244,1.0938775510204082,1.24977631,1.24998923
0.8816326530612244,1.0857142857142856,1.24977861,1.24999012
0.8816326530612244,1.0775510204081633,1.24977777,1.24999007
0.8816326530612244,1.0693877551020408,1.24977543,1.24998796
0.8816326530612244,1.0612244897959184,1.24977853,1.24998992
0.8816326530612244,1.0530612244897959,1.2497779,1.24999065
0.8816326530612244,1.0448979591836736,1.24977616,1.24998839
0.8816326530612244,1.036734693877551,1.24977603,1.24998956
0.8816326530612244,1.0285714285714285,1.24977999,1.24999134
0.8816326530612244,1.0204081632653061,1.24977805,1.24999078
0.8816326530612244,1.0122448979591836,1.24977646,1.24999033
0.8816326530612244,1.0040816326530613,1.2497781,1.24999052
0.8816326530612244,0.9959183673469387,1.24977901,1.24998951
0.8816326530612244,0.9877551020408163,1.24977691,1.24999197
0.8816326530612244,0.9795918367346939,1.24977881,1.24999007
0.8816326530612244,0.9714285714285714,1.24977674,1.249989
0.8816326530612244,0.963265306122449,1.24977797,1.24999104
0.8816326530612244,0.9551020408163265,1.24977656,1.24998958
0.8816326530612244,0.9469387755102041,1.24977802,1.24999132
0.8816326530612244,0.9387755102040816,1.24977711,1.24998884
0.8816326530612244,0.9306122448979592,1.24977825,1.2499907
0.8816326530612244,0.9224489795918367,1.24977707,1.24999007
0.8816326530612244,0.9142857142857143,1.249778,1.24999145
0.8816326530612244,0.9061224489795918,1.24977825,1.24999035
0.8816326530612244,0.8979591836734694,1.24977815,1.24998846
0.8816326530612244,0.889795918367347,1.24977611,1.24998794
0.8816326530612244,0.8816326530612244,1.24977666,1.24998691
0.8816326530612244,0.8734693877551021,1.24977805,1.24999134
0.8816326530612244,0.8653061224489795,1.24977972,1.24998747
0.8816326530612244,0.8571428571428572,1.24977818,1.24999046
0.8816326530612244,0.8489795918367347,1.24977767,1.24998988
0.8816326530612244,0.8408163265306122,1.24977782,1.24998721
0.8816326530612244,0.8326530612244898,1.24977972,1.24999098
0.8816326530612244,0.8244897959183674,1.24977795,1.24998936
0.8816326530612244,0.8163265306122449,1.24977989,1.24998911
0.8816326530612244,0.8081632653061225,1.24977956,1.24998872
0.8816326530612244,0.8,1.24977952,1.24999098
0.8734693877551021,1.2,1.24977639,1.24998908
0.8734693877551021,1.1918367346938774,1.24977449,1.24998992
0.8734693877551021,1.183673469387755,1.24977805,1.24999005
0.8734693877551021,1.1755102040816325,1.24977944,1.24998895
0.8734693877551021,1.1673469387755102,1.24977593,1.2499893
0.8734693877551021,1.1591836734693877,1.24977873,1.24999057
0.8734693877551021,1.1510204081632653,1.24977722,1.24998889
0.8734693877551021,1.1428571428571428,1.24977785,1.24998986
0.8734693877551021,1.1346938775510205,1.24977603,1.24999001
0.8734693877551021,1.126530612244898,1.2497784,1.24999055
0.8734693877551021,1.1183673469387754,1.24977853,1.24998923
0.8734693877551021,1.110204081632653,1.24977532,1.24998962
0.8734693877551021,1.1020408163265305,1.24977671,1.249989
0.8734693877551021,1.0938775510204082,1.2497777,1.2499902
0.8734693877551021,1.0857142857142856,1.24977992,1.24998844
0.8734693877551021,1.0775510204081633,1.24977833,1.2499902
0.8734693877551021,1.0693877551020408,1.2497779,1.24999188
0.8734693877551021,1.0612244897959184,1.24977931,1.24999035
0.8734693877551021,1.0530612244897959,1.24977717,1.24998893
0.8734693877551021,1.0448979591836736,1.24977694,1.2499902
0.8734693877551021,1.036734693877551,1.24977777,1.24999027
0.8734693877551021,1.0285714285714285,1.24977699,1.24998971
0.8734693877551021,1.0204081632653061,1.24977603,1.24999068
0.8734693877551021,1.0122448979591836,1.2497777,1.24999091
0.8734693877551021,1.0040816326530613,1.24977873,1.24998831
0.8734693877551021,0.9959183673469387,1.24977833,1.24998856
0.8734693877551021,0.9877551020408163,1.24977639,1.24998839
0.8734693877551021,0.9795918367346939,1.2497758,1.24998867
0.8734693877551021,0.9714285714285714,1.24977906,1.2499916
0.8734693877551021,0.963265306122449,1.24977956,1.24999063
0.8734693877551021,0.9551020408163265,1.24977856,1.24998824
0.8734693877551021,0.9469387755102041,1.24977671,1.24998805
0.8734693877551021,0.9387755102040816,1.2497777,1.24998977
0.8734693877551021,0.9306122448979592,1.24977961,1.24999014
0.8734693877551021,0.9224489795918367,1.24977845,1.24999033
0.8734693877551021,0.9142857142857143,1.24977722,1.24998986
0.8734693877551021,0.9061224489795918,1.24977901,1.2499874
0.8734693877551021,0.8979591836734694,1.24977805,1.24999035
0.8734693877551021,0.889795918367347,1.24977691,1.24998949
0.8734693877551021,0.8816326530612244,1.24977868,1.24998895
0.8734693877551021,0.8734693877551021,1.24977797,1.24998971
0.8734693877551021,0.8653061224489795,1.2497775,1.2499902
0.8734693877551021,0.8571428571428572,1.24977674,1.24998949
0.8734693877551021,0.8489795918367347,1.24977833,1.24998986
0.8734693877551021,0.8408163265306122,1.24977797,1.2499902
0.8734693877551021,0.8326530612244898,1.24977818,1.24998893
0.8734693877551021,0.8244897959183674,1.24977825,1.24998771
0.8734693877551021,0.8163265306122449,1.24977888,1.24999096
0.8734693877551021,0.8081632653061225,1.24977679,1.24998893
0.8734693877551021,0.8,1.24977389,1.24999029
0.8653061224489795,1.2,1.24978007,1.2499921
0.8653061224489795,1.1918367346938774,1.24977876,1.24998915
0.8653061224489795,1.183673469387755,1.24977659,1.24998943
0.8653061224489795,1.1755102040816325,1.2497754,1.24998889
0.8653061224489795,1.1673469387755102,1.24977595,1.24998928
0.8653061224489795,1.1591836734693877,1.2497779,1.24999223
0.8653061224489795,1.1510204081632653,1.2497785,1.24999104
0.8653061224489795,1.1428571428571428,1.24977853,1.24998936
0.8653061224489795,1.1346938775510205,1.24977858,1.24999145
0.8653061224489795,1.126530612244898,1.24977853,1.24999027
0.8653061224489795,1.1183673469387754,1.24977762,1.24998732
0.8653061224489795,1.110204081632653,1.2497779,1.24998762
0.8653061224489795,1.1020408163265305,1.2497777,1.24998999
0.8653061224489795,1.0938775510204082,1.24977853,1.24999033
0.8653061224489795,1.0857142857142856,1.24977671,1.24998818
0.8653061224489795,1.0775510204081633,1.24977848,1.24998936
0.8653061224489795,1.0693877551020408,1.24977805,1.24999074
0.8653061224489795,1.0612244897959184,1.24977626,1.24998635
0.8653061224489795,1.0530612244897959,1.24977734,1.24998979
0.8653061224489795,1.0448979591836736,1.24977845,1.24998936
0.8653061224489795,1.036734693877551,1.24977552,1.24998921
0.8653061224489795,1.0285714285714285,1.24978047,1.24999024
0.8653061224489795,1.0204081632653061,1.2497779,1.24998992
0.8653061224489795,1.0122448979591836,1.24977818,1.24999057
0.8653061224489795,1.0040816326530613,1.24977782,1.24998878
0.8653061224489795,0.9959183673469387,1.24977901,1.24999035
0.8653061224489795,0.9877551020408163,1.24977896,1.24998818
0.8653061224489795,0.9795918367346939,1.24977742,1.24998999
0.8653061224489795,0.9714285714285714,1.24977679,1.24998915
0.8653061224489795,0.963265306122449,1.2497806,1.24998986
0.8653061224489795,0.9551020408163265,1.24978012,1.24998874
0.8653061224489795,0.9469387755102041,1.2497787,1.24998856
0.8653061224489795,0.9387755102040816,1.24977707,1.24999063
0.8653061224489795,0.9306122448979592,1.24977805,1.2499874
0.8653061224489795,0.9224489795918367,1.24977765,1.2499893
0.8653061224489795,0.9142857142857143,1.24977747,1.24998699
0.8653061224489795,0.9061224489795918,1.24977845,1.24999151
0.8653061224489795,0.8979591836734694,1.24977795,1.24998852
0.8653061224489795,0.889795918367347,1.24977671,1.24998861
0.8653061224489795,0.8816326530612244,1.24977432,1.24999117
0.8653061224489795,0.8734693877551021,1.2497779,1.24998824
0.8653061224489795,0.8653061224489795,1.24977747,1.2499874
0.8653061224489795,0.8571428571428572,1.24977694,1.24998958
0.8653061224489795,0.8489795918367347,1.249778,1.24998887
0.8653061224489795,0.8408163265306122,1.24978044,1.24998951
0.8653061224489795,0.8326530612244898,1.24977742,1.24999091
0.8653061224489795,0.8244897959183674,1.2497781,1.24998859
0.8653061224489795,0.8163265306122449,1.24977573,1.24998977
0.8653061224489795,0.8081632653061225,1.24977979,1.24998865
0.8653061224489795,0.8,1.2497775,1.24998727
0.8571428571428572,1.2,1.24977603,1.24998585
0.8571428571428572,1.1918367346938774,1.24978024,1.24998878
0.8571428571428572,1.183673469387755,1.24977727,1.24999111
0.8571428571428572,1.1755102040816325,1.24977603,1.24998846
0.8571428571428572,1.1673469387755102,1.24977505,1.24999173
0.8571428571428572,1.1591836734693877,1.24978108,1.24999009
0.8571428571428572,1.1510204081632653,1.24977802,1.24998865
0.8571428571428572,1.1428571428571428,1.24977964,1.24999027
0.8571428571428572,1.1346938775510205,1.24977734,1.24999294
0.8571428571428572,1.126530612244898,1.24977825,1.24998794
0.8571428571428572,1.1183673469387754,1.24977863,1.24998628
0.8571428571428572,1.110204081632653,1.24977532,1.24998822
0.8571428571428572,1.1020408163265305,1.24977734,1.24999076
0.8571428571428572,1.0938775510204082,1.24977532,1.24998809
0.8571428571428572,1.0857142857142856,1.24977774,1.24998895
0.8571428571428572,1.0775510204081633,1.24978178,1.24998958
0.8571428571428572,1.0693877551020408,1.24977881,1.24999022
0.8571428571428572,1.0612244897959184,1.24977709,1.24998971
0.8571428571428572,1.0530612244897959,1.24977709,1.24999044
0.8571428571428572,1.0448979591836736,1.24977729,1.24999179
0.8571428571428572,1.036734693877551,1.24977865,1.24998816
0.8571428571428572,1.0285714285714285,1.2497779,1.24998915
0.8571428571428572,1.0204081632653061,1.24977979,1.24998693
0.8571428571428572,1.0122448979591836,1.24977984,1.24999083
0.8571428571428572,1.0040816326530613,1.24977946,1.24998921
0.8571428571428572,0.9959183673469387,1.24977848,1.24998945
0.8571428571428572,0.9877551020408163,1.24977805,1.24998824
0.8571428571428572,0.9795918367346939,1.24977762,1.24998986
0.8571428571428572,0.9714285714285714,1.24977777,1.24998755
0.8571428571428572,0.963265306122449,1.24977949,1.24998999
0.8571428571428572,0.9551020408163265,1.24977747,1.24999203
0.8571428571428572,0.9469387755102041,1.24978004,1.24998872
0.8571428571428572,0.9387755102040816,1.24977825,1.2499899
0.8571428571428572,0.9306122448979592,1.24977936,1.24998887
0.8571428571428572,0.9224489795918367,1.24977984,1.24999132
0.8571428571428572,0.9142857142857143,1.24977833,1.24999048
0.8571428571428572,0.9061224489795918,1.24977908,1.24999014
0.8571428571428572,0.8979591836734694,1.24977686,1.24998872
0.8571428571428572,0.889795918367347,1.24977639,1.24998893
0.8571428571428572,0.8816326530612244,1.24977853,1.24999123
0.8571428571428572,0.8734693877551021,1.24977782,1.24999096
0.8571428571428572,0.8653061224489795,1.24977833,1.24998844
0.8571428571428572,0.8571428571428572,1.24977754,1.2499879
0.8571428571428572,0.8489795918367347,1.24977825,1.24999117
0.8571428571428572,0.8408163265306122,1.24977734,1.24998984
0.8571428571428572,0.8326530612244898,1.24978004,1.24998996
0.8571428571428572,0.8244897959183674,1.24977651,1.24999141
0.8571428571428572,0.8163265306122449,1.2497779,1.24999139
0.8571428571428572,0.8081632653061225,1.24977742,1.24998865
0.8571428571428572,0.8,1.24977707,1.24999117
0.8489795918367347,1.2,1.2497777,1.24998822
0.8489795918367347,1.1918367346938774,1.24977953,1.24999218
0.8489795918367347,1.183673469387755,1.24978035,1.24998936
0.8489795918367347,1.1755102040816325,1.2497775,1.24998939
0.8489795918367347,1.1673469387755102,1.24978151,1.24998932
0.8489795918367347,1.1591836734693877,1.2497783,1.24999111
0.8489795918367347,1.1510204081632653,1.24977969,1.24999057
0.8489795918367347,1.1428571428571428,1.24977976,1.24999119
0.8489795918367347,1.1346938775510205,1.24977822,1.24998949
0.8489795918367347,1.126530612244898,1.24977793,1.24999029
0.8489795918367347,1.1183673469387754,1.24978194,1.24999134
0.8489795918367347,1.110204081632653,1.24977707,1.24998824
0.8489795918367347,1.1020408163265305,1.24977793,1.24998781
0.8489795918367347,1.0938775510204082,1.24977929,1.24998939
0.8489795918367347,1.0857142857142856,1.24977885,1.24998949
0.8489795918367347,1.0775510204081633,1.24977825,1.24999035
0.8489795918367347,1.0693877551020408,1.24977825,1.24999076
0.8489795918367347,1.0612244897959184,1.24977908,1.24998911
0.8489795918367347,1.0530612244897959,1.24978067,1.24999076
0.8489795918367347,1.0448979591836736,1.24978019,1.24998884
0.8489795918367347,1.036734693877551,1.24977949,1.24998949
0.8489795918367347,1.0285714285714285,1.24977921,1.24998923
0.8489795918367347,1.0204081632653061,1.2497782,1.24999042
0.8489795918367347,1.0122448979591836,1.24977563,1.24999068
0.8489795918367347,1.0040816326530613,1.24977989,1.24999132
0.8489795918367347,0.9959183673469387,1.24977853,1.24998956
0.8489795918367347,0.9877551020408163,1.24977704,1.24999042
0.8489795918367347,0.9795918367346939,1.24977959,1.24998906
0.8489795918367347,0.9714285714285714,1.24978078,1.24999012
0.8489795918367347,0.963265306122449,1.24978055,1.24999096
0.8489795918367347,0.9551020408163265,1.24977868,1.24998999
0.8489795918367347,0.9469387755102041,1.24977984,1.24999111
0.8489795918367347,0.9387755102040816,1.24977853,1.24998805
0.8489795918367347,0.9306122448979592,1.24977686,1.24998943
0.8489795918367347,0.9224489795918367,1.24977639,1.24998973
0.8489795918367347,0.9142857142857143,1.24977853,1.2499904
0.8489795918367347,0.9061224489795918,1.24977908,1.24999007
0.8489795918367347,0.8979591836734694,1.24977992,1.24998895
0.8489795918367347,0.889795918367347,1.24977742,1.2499876
0.8489795918367347,0.8816326530612244,1.24977956,1.24999076
0.8489795918367347,0.8734693877551021,1.24977762,1.24999027
0.8489795918367347,0.8653061224489795,1.24977896,1.24999173
0.8489795918367347,0.8571428571428572,1.2497806,1.24998984
0.8489795918367347,0.8489795918367347,1.24977813,1.2499879
0.8489795918367347,0.8408163265306122,1.24977868,1.24999063
0.8489795918367347,0.8326530612244898,1.24977754,1.24998934
0.8489795918367347,0.8244897959183674,1.24977853,1.24998986
0.8489795918367347,0.8163265306122449,1.24977929,1.24999059
0.8489795918367347,0.8081632653061225,1.24977797,1.24999035
0.8489795918367347,0.8,1.24977992,1.24999117
0.8408163265306122,1.2,1.24977953,1.24998915
0.8408163265306122,1.1918367346938774,1.24977921,1.24999167
0.8408163265306122,1.183673469387755,1.24977861,1.24999014
0.8408163265306122,1.1755102040816325,1.2497777,1.24998971
0.8408163265306122,1.1673469387755102,1.24978012,1.24999229
0.8408163265306122,1.1591836734693877,1.24977929,1.24998859
0.8408163265306122,1.1510204081632653,1.24977893,1.24998986
0.8408163265306122,1.1428571428571428,1.24977575,1.24999007
0.8408163265306122,1.1346938775510205,1.24977956,1.24999033
0.8408163265306122,1.126530612244898,1.2497779,1.24998992
0.8408163265306122,1.1183673469387754,1.24977639,1.2499902
0.8408163265306122,1.110204081632653,1.24977881,1.24998908
0.8408163265306122,1.1020408163265305,1.24977797,1.24998923
0.8408163265306122,1.0938775510204082,1.24977742,1.24998971
0.8408163265306122,1.0857142857142856,1.24977863,1.24999111
0.8408163265306122,1.0775510204081633,1.24977999,1.24998887
0.8408163265306122,1.0693877551020408,1.2497783,1.24998967
0.8408163265306122,1.0612244897959184,1.24977908,1.24999238
0.8408163265306122,1.0530612244897959,1.24977944,1.2499904
0.8408163265306122,1.0448979591836736,1.24977719,1.24999113
0.8408163265306122,1.036734693877551,1.2497779,1.249989
0.8408163265306122,1.0285714285714285,1.24978087,1.24998762
0.8408163265306122,1.0204081632653061,1.24977676,1.24999195
0.8408163265306122,1.0122448979591836,1.24977952,1.24999057
0.8408163265306122,1.0040816326530613,1.24977707,1.24999298
0.8408163265306122,0.9959183673469387,1.24978024,1.24999154
0.8408163265306122,0.9877551020408163,1.24977873,1.24999089
0.8408163265306122,0.9795918367346939,1.24977762,1.24999083
0.8408163265306122,0.9714285714285714,1.24977992,1.24999059
0.8408163265306122,0.963265306122449,1.24977964,1.24998992
0.8408163265306122,0.9551020408163265,1.24977953,1.2499902
0.8408163265306122,0.9469387755102041,1.24977825,1.24999319
0.8408163265306122,0.9387755102040816,1.24977663,1.24999175
0.8408163265306122,0.9306122448979592,1.2497756,1.24999055
0.8408163265306122,0.9224489795918367,1.24977896,1.24999363
0.8408163265306122,0.9142857142857143,1.24977759,1.24999511
0.8408163265306122,0.9061224489795918,1.24977654,1.24999096
0.8408163265306122,0.8979591836734694,1.24977959,1.24998934
0.8408163265306122,0.889795918367347,1.2497783,1.24999126
0.8408163265306122,0.8816326530612244,1.24977747,1.24998943
0.8408163265306122,0.8734693877551021,1.24977956,1.24999141
0.8408163265306122,0.8653061224489795,1.24977825,1.24998803
0.8408163265306122,0.8571428571428572,1.24978044,1.24999106
0.8408163265306122,0.8489795918367347,1.24977671,1.24999117
0.8408163265306122,0.8408163265306122,1.24977873,1.24999083
0.8408163265306122,0.8326530612244898,1.24977939,1.2499921
0.8408163265306122,0.8244897959183674,1.24978103,1.24998846
0.8408163265306122,0.8163265306122449,1.24978063,1.24999048
0.8408163265306122,0.8081632653061225,1.24978057,1.24999007
0.8408163265306122,0.8,1.24977881,1.24999014
0.8326530612244898,1.2,1.24977734,1.24999195
0.8326530612244898,1.1918367346938774,1.24977762,1.24998833
0.8326530612244898,1.183673469387755,1.24977956,1.24999201
0.8326530612244898,1.1755102040816325,1.24978095,1.24999126
0.8326530612244898,1.1673469387755102,1.24977956,1.24999035
0.8326530612244898,1.1591836734693877,1.24977952,1.24999091
0.8326530612244898,1.1510204081632653,1.24977719,1.24999132
0.8326530612244898,1.1428571428571428,1.24977858,1.24999014
0.8326530612244898,1.1346938775510205,1.24977972,1.24999229
0.8326530612244898,1.126530612244898,1.24977742,1.24998936
0.8326530612244898,1.1183673469387754,1.24977853,1.24999238
0.8326530612244898,1.110204081632653,1.24977734,1.24998964
0.8326530612244898,1.1020408163265305,1.24977707,1.24999113
0.8326530612244898,1.0938775510204082,1.24977921,1.24999035
0.8326530612244898,1.0857142857142856,1.24977762,1.24998992
0.8326530612244898,1.0775510204081633,1.24977999,1.24999244
0.8326530612244898,1.0693877551020408,1.24977916,1.24999089
0.8326530612244898,1.0612244897959184,1.24977916,1.24998809
0.8326530612244898,1.0530612244897959,1.24977979,1.24998915
0.8326530612244898,1.0448979591836736,1.2497813,1.24998958
0.8326530612244898,1.036734693877551,1.24977858,1.24999132
0.8326530612244898,1.0285714285714285,1.24977961,1.24999083
0.8326530612244898,1.0204081632653061,1.24977904,1.24998945
0.8326530612244898,1.0122448979591836,1.24978047,1.24999055
0.8326530612244898,1.0040816326530613,1.24978019,1.24999164
0.8326530612244898,0.9959183673469387,1.2497777,1.24999218
0.8326530612244898,0.9877551020408163,1.24977969,1.24999048
0.8326530612244898,0.9795918367346939,1.24977881,1.24998992
0.8326530612244898,0.9714285714285714,1.24977833,1.24999018
0.8326530612244898,0.963265306122449,1.24978001,1.24999179
0.8326530612244898,0.9551020408163265,1.24977833,1.24999042
0.8326530612244898,0.9469387755102041,1.24978032,1.24998827
0.8326530612244898,0.9387755102040816,1.24977734,1.2499902
0.8326530612244898,0.9306122448979592,1.24977896,1.24998906
0.8326530612244898,0.9224489795918367,1.24978047,1.24998977
0.8326530612244898,0.9142857142857143,1.24977802,1.24998999
0.8326530612244898,0.9061224489795918,1.24977984,1.24999091
0.8326530612244898,0.8979591836734694,1.24977833,1.24999104
0.8326530612244898,0.889795918367347,1.24977805,1.24998979
0.8326530612244898,0.8816326530612244,1.24977876,1.24999022
0.8326530612244898,0.8734693877551021,1.24978035,1.24999098
0.8326530612244898,0.8653061224489795,1.24977636,1.24999173
0.8326530612244898,0.8571428571428572,1.24977929,1.24998809
0.8326530612244898,0.8489795918367347,1.24977878,1.2499893
0.8326530612244898,0.8408163265306122,1.24977956,1.24998956
0.8326530612244898,0.8326530612244898,1.24977623,1.24999096
0.8326530612244898,0.8244897959183674,1.24977774,1.24999014
0.8326530612244898,0.8163265306122449,1.24977611,1.24999244
0.8326530612244898,0.8081632653061225,1.24977717,1.24999192
0.8326530612244898,0.8,1.24977979,1.24999257
0.8244897959183674,1.2,1.2497783,1.2499888
0.8244897959183674,1.1918367346938774,1.24977873,1.24999055
0.8244897959183674,1.183673469387755,1.24977901,1.24999007
0.8244897959183674,1.1755102040816325,1.24977901,1.24998949
0.8244897959183674,1.1673469387755102,1.24977722,1.24998904
0.8244897959183674,1.1591836734693877,1.24977742,1.24999203
0.8244897959183674,1.1510204081632653,1.24977981,1.24998973
0.8244897959183674,1.1428571428571428,1.24977964,1.24999048
0.8244897959183674,1.1346938775510205,1.24977633,1.24999083
0.8244897959183674,1.126530612244898,1.24977893,1.24999068
0.8244897959183674,1.1183673469387754,1.24977961,1.24999145
0.8244897959183674,1.110204081632653,1.24977969,1.24998921
0.8244897959183674,1.1020408163265305,1.24977793,1.24999061
0.8244897959183674,1.0938775510204082,1.24977772,1.24998945
0.8244897959183674,1.0857142857142856,1.24977873,1.24999046
0.8244897959183674,1.0775510204081633,1.24977989,1.24999195
0.8244897959183674,1.0693877551020408,1.24978055,1.24998943
0.8244897959183674,1.0612244897959184,1.24977926,1.24999083
0.8244897959183674,1.0530612244897959,1.24977896,1.24999111
0.8244897959183674,1.0448979591836736,1.24978138,1.24999096
0.8244897959183674,1.036734693877551,1.24977742,1.24999005
0.8244897959183674,1.0285714285714285,1.24978012,1.24999096
0.8244897959183674,1.0204081632653061,1.24977765,1.24998829
0.8244897959183674,1.0122448979591836,1.24977964,1.2499902
0.8244897959183674,1.0040816326530613,1.24977694,1.24999117
0.8244897959183674,0.9959183673469387,1.24977805,1.24999188
0.8244897959183674,0.9877551020408163,1.24978052,1.24998921
0.8244897959183674,0.9795918367346939,1.24977825,1.2499902
0.8244897959183674,0.9714285714285714,1.24977838,1.2499916
0.8244897959183674,0.963265306122449,1.24978138,1.24998984
0.8244897959183674,0.9551020408163265,1.24977828,1.24998949
0.8244897959183674,0.9469387755102041,1.24977974,1.24998956
0.8244897959183674,0.9387755102040816,1.24977956,1.249989
0.8244897959183674,0.9306122448979592,1.24977888,1.24998992
0.8244897959183674,0.9224489795918367,1.24977987,1.24999111
0.8244897959183674,0.9142857142857143,1.24977858,1.24999085
0.8244897959183674,0.9061224489795918,1.24977802,1.24998923
0.8244897959183674,0.8979591836734694,1.24978024,1.2499908
0.8244897959183674,0.889795918367347,1.24977868,1.24998968
0.8244897959183674,0.8816326530612244,1.24977845,1.24999055
0.8244897959183674,0.8734693877551021,1.2497777,1.24998865
0.8244897959183674,0.8653061224489795,1.24977757,1.24999322
0.8244897959183674,0.8571428571428572,1.24977742,1.2499888
0.8244897959183674,0.8489795918367347,1.24977906,1.24999151
0.8244897959183674,0.8408163265306122,1.24977686,1.24998986
0.8244897959183674,0.8326530612244898,1.24977901,1.24999123
0.8244897959183674,0.8244897959183674,1.24977845,1.24999007
0.8244897959183674,0.8163265306122449,1.24978004,1.24999141
0.8244897959183674,0.8081632653061225,1.24977865,1.24998988
0.8244897959183674,0.8,1.24977924,1.24999229
0.8163265306122449,1.2,1.24977618,1.24999195
0.8163265306122449,1.1918367346938774,1.2497777,1.24999281
0.8163265306122449,1.183673469387755,1.24977818,1.24999173
0.8163265306122449,1.1755102040816325,1.2497762,1.24999048
0.8163265306122449,1.1673469387755102,1.24977865,1.2499908
0.8163265306122449,1.1591836734693877,1.24977884,1.24999147
0.8163265306122449,1.1510204081632653,1.24977944,1.24998712
0.8163265306122449,1.1428571428571428,1.24977707,1.24998956
0.8163265306122449,1.1346938775510205,1.24978113,1.24999055
0.8163265306122449,1.126530612244898,1.24977873,1.24999363
0.8163265306122449,1.1183673469387754,1.24977881,1.24999005
0.8163265306122449,1.110204081632653,1.24977808,1.2499879
0.8163265306122449,1.1020408163265305,1.24977848,1.24998999
0.8163265306122449,1.0938775510204082,1.24977734,1.24998921
0.8163265306122449,1.0857142857142856,1.24977908,1.24998943
0.8163265306122449,1.0775510204081633,1.24977795,1.24999048
0.8163265306122449,1.0693877551020408,1.24977686,1.24998967
0.8163265306122449,1.0612244897959184,1.24977997,1.24999154
0.8163265306122449,1.0530612244897959,1.24978083,1.24998865
0.8163265306122449,1.0448979591836736,1.24977972,1.24999027
0.8163265306122449,1.036734693877551,1.24978055,1.24999123
0.8163265306122449,1.0285714285714285,1.24977754,1.24999033
0.8163265306122449,1.0204081632653061,1.2497789,1.24999076
0.8163265306122449,1.0122448979591836,1.24977865,1.24998986
0.8163265306122449,1.0040816326530613,1.24977956,1.24998986
0.8163265306122449,0.9959183673469387,1.24977822,1.24998951
0.8163265306122449,0.9877551020408163,1.24977947,1.24999042
0.8163265306122449,0.9795918367346939,1.24977924,1.24999042
0.8163265306122449,0.9714285714285714,1.24977729,1.24998859
0.8163265306122449,0.963265306122449,1.24977853,1.2499907
0.8163265306122449,0.9551020408163265,1.24977754,1.24998964
0.8163265306122449,0.9469387755102041,1.24977797,1.24999102
0.8163265306122449,0.9387755102040816,1.24977694,1.24999068
0.8163265306122449,0.9306122448979592,1.24977774,1.24999089
0.8163265306122449,0.9224489795918367,1.24977964,1.24999027
0.8163265306122449,0.9142857142857143,1.24977885,1.2499888
0.8163265306122449,0.9061224489795918,1.24978047,1.24999072
0.8163265306122449,0.8979591836734694,1.24977774,1.24999147
0.8163265306122449,0.889795918367347,1.24977722,1.24999111
0.8163265306122449,0.8816326530612244,1.2497785,1.24998887
0.8163265306122449,0.8734693877551021,1.24977671,1.24999337
0.8163265306122449,0.8653061224489795,1.24977934,1.24998887
0.8163265306122449,0.8571428571428572,1.24978052,1.24999139
0.8163265306122449,0.8489795918367347,1.24977838,1.24998923
0.8163265306122449,0.8408163265306122,1.24977976,1.24998936
0.8163265306122449,0.8326530612244898,1.24978302,1.24999167
0.8163265306122449,0.8244897959183674,1.24978024,1.24999406
0.8163265306122449,0.8163265306122449,1.2497812,1.24998921
0.8163265306122449,0.8081632653061225,1.2497806,1.24998971
0.8163265306122449,0.8,1.24977813,1.24999083
0.8081632653061225,1.2,1.24977679,1.24998915
0.8081632653061225,1.1918367346938774,1.24977972,1.24998923
0.8081632653061225,1.183673469387755,1.2497781,1.2499916
0.8081632653061225,1.1755102040816325,1.24977659,1.24998915
0.8081632653061225,1.1673469387755102,1.2497789,1.24998936
0.8081632653061225,1.1591836734693877,1.24977742,1.24999012
0.8081632653061225,1.1510204081632653,1.24977896,1.24999022
0.8081632653061225,1.1428571428571428,1.24977999,1.24998943
0.8081632653061225,1.1346938775510205,1.24977845,1.2499907
0.8081632653061225,1.126530612244898,1.24977699,1.24999083
0.8081632653061225,1.1183673469387754,1.24977797,1.24998809
0.8081632653061225,1.110204081632653,1.24977908,1.24998956
0.8081632653061225,1.1020408163265305,1.24977805,1.24999132
0.8081632653061225,1.0938775510204082,1.24977731,1.24999005
0.8081632653061225,1.0857142857142856,1.24977842,1.24999317
0.8081632653061225,1.0775510204081633,1.24977936,1.24999033
0.8081632653061225,1.0693877551020408,1.24977848,1.24998915
0.8081632653061225,1.0612244897959184,1.24977825,1.24998984
0.8081632653061225,1.0530612244897959,1.24978113,1.24999033
0.8081632653061225,1.0448979591836736,1.24977777,1.24999007
0.8081632653061225,1.036734693877551,1.24977709,1.24999151
0.8081632653061225,1.0285714285714285,1.24978015,1.24999098
0.8081632653061225,1.0204081632653061,1.24977742,1.24999035
0.8081632653061225,1.0122448979591836,1.24977901,1.24998921
0.8081632653061225,1.0040816326530613,1.24977964,1.24998994
0.8081632653061225,0.9959183673469387,1.24978012,1.24999063
0.8081632653061225,0.9877551020408163,1.2497809,1.24999083
0.8081632653061225,0.9795918367346939,1.24977929,1.24998984
0.8081632653061225,0.9714285714285714,1.24977927,1.24998827
0.8081632653061225,0.963265306122449,1.24977628,1.24999113
0.8081632653061225,0.9551020408163265,1.24977742,1.24998902
0.8081632653061225,0.9469387755102041,1.24977916,1.24998844
0.8081632653061225,0.9387755102040816,1.24978007,1.2499921
0.8081632653061225,0.9306122448979592,1.24977933,1.24999083
0.8081632653061225,0.9224489795918367,1.24977964,1.24999033
0.8081632653061225,0.9142857142857143,1.24977873,1.24999173
0.8081632653061225,0.9061224489795918,1.24977987,1.2499902
0.8081632653061225,0.8979591836734694,1.24978019,1.2499888
0.8081632653061225,0.889795918367347,1.24977662,1.24998833
0.8081632653061225,0.8816326530612244,1.24977981,1.24999104
0.8081632653061225,0.8734693877551021,1.24977984,1.24999085
0.8081632653061225,0.8653061224489795,1.24977949,1.24998818
0.8081632653061225,0.8571428571428572,1.24977813,1.24999182
0.8081632653061225,0.8489795918367347,1.24977908,1.24999005
0.8081632653061225,0.8408163265306122,1.24977679,1.24998992
0.8081632653061225,0.8326530612244898,1.24977785,1.24998908
0.8081632653061225,0.8244897959183674,1.24978214,1.24998887
0.8081632653061225,0.8163265306122449,1.24978012,1.24999201
0.8081632653061225,0.8081632653061225,1.24977797,1.24999229
0.8081632653061225,0.8,1.24977762,1.24999167
0.8,1.2,1.24977873,1.24999113
0.8,1.1918367346938774,1.2497779,1.2499873
0.8,1.183673469387755,1.24977931,1.2499893
0.8,1.1755102040816325,1.24977924,1.24998996
0.8,1.1673469387755102,1.24977628,1.2499893
0.8,1.1591836734693877,1.24977797,1.24998725
0.8,1.1510204081632653,1.24978075,1.24998775
0.8,1.1428571428571428,1.24977908,1.24998837
0.8,1.1346938775510205,1.24977992,1.24999061
0.8,1.126530612244898,1.2497812,1.24999022
0.8,1.1183673469387754,1.24977941,1.24999014
0.8,1.110204081632653,1.24977936,1.24998755
0.8,1.1020408163265305,1.24977838,1.24999119
0.8,1.0938775510204082,1.249781,1.24998999
0.8,1.0857142857142856,1.24977964,1.24999035
0.8,1.0775510204081633,1.2497779,1.24999102
0.8,1.0693877551020408,1.24977818,1.24999169
0.8,1.0612244897959184,1.24977742,1.24998816
0.8,1.0530612244897959,1.24977742,1.24999216
0.8,1.0448979591836736,1.2497784,1.24999012
0.8,1.036734693877551,1.2497777,1.2499902
0.8,1.0285714285714285,1.24978004,1.24999132
0.8,1.0204081632653061,1.2497783,1.24999024
0.8,1.0122448979591836,1.24977805,1.24999035
0.8,1.0040816326530613,1.24977853,1.24998824
0.8,0.9959183673469387,1.24977904,1.2499899
0.8,0.9877551020408163,1.2497779,1.24998951
0.8,0.9795918367346939,1.24977813,1.24998932
0.8,0.9714285714285714,1.24978075,1.24999188
0.8,0.963265306122449,1.24977901,1.24998956
0.8,0.9551020408163265,1.24977848,1.24998796
0.8,0.9469387755102041,1.24978113,1.2499907
0.8,0.9387755102040816,1.24977904,1.2499885
0.8,0.9306122448979592,1.249778,1.24998964
0.8,0.9224489795918367,1.24977699,1.24999033
0.8,0.9142857142857143,1.24977555,1.24999201
0.8,0.9061224489795918,1.24978166,1.24999104
0.8,0.8979591836734694,1.24977805,1.24999014
0.8,0.889795918367347,1.24977729,1.24999052
0.8,0.8816326530612244,1.24977822,1.24999113
0.8,0.8734693877551021,1.24977595,1.24998816
0.8,0.8653061224489795,1.24978032,1.24998928
0.8,0.8571428571428572,1.24977722,1.24999119
0.8,0.8489795918367347,1.24977492,1.24999057
0.8,0.8408163265306122,1.24977603,1.2499916
0.8,0.8326530612244898,1.24977999,1.24999076
0.8,0.8244897959183674,1.24977802,1.24999035
0.8,0.8163265306122449,1.24977805,1.24999169
0.8,0.8081632653061225,1.24977734,1.24999055
0.8,0.8,1.24977929,1.24998986
