spi_rack.module1.dac5.voltage,spi_rack.module2.dac10.voltage,agilent_left.volt,agilent_right.volt
1.2,1.2,0.00058395585,-0.000168109476
1.2,1.1918367346938774,0.000584916955,-0.000168075308
1.2,1.183673469387755,0.000586229766,-0.00016795495
1.2,1.1755102040816325,0.000584855528,-0.000167834175
1.2,1.1673469387755102,0.000585681221,-0.000168024571
1.2,1.1591836734693877,0.000585862919,-0.000167177184
1.2,1.1510204081632653,0.000585851322,-0.000169165531
1.2,1.1428571428571428,0.00058636949,-0.000168525527
1.2,1.1346938775510205,0.000584765349,-0.000166545143
1.2,1.126530612244898,0.00058562947,-0.000168297078
1.2,1.1183673469387754,0.000586599679,-0.000166879114
1.2,1.110204081632653,0.000586706247,-0.000165318218
1.2,1.1020408163265305,0.000585816633,-0.000166799379
1.2,1.0938775510204082,0.000585811361,-0.000167250047
1.2,1.0857142857142856,0.000585788648,-0.000168063266
1.2,1.0775510204081633,0.00058592406,-0.000167557364
1.2,1.0693877551020408,0.000586838972,-0.000167254768
1.2,1.0612244897959184,0.000586896282,-0.000167105412
1.2,1.0530612244897959,0.000586759337,-0.000167716611
1.2,1.0448979591836736,0.000586491006,-0.000169451364
1.2,1.036734693877551,0.000587419814,-0.000168619874
1.2,1.0285714285714285,0.000586398048,-0.000168607414
1.2,1.0204081632653061,0.000587252779,-0.00016899254
1.2,1.0122448979591836,0.000586780804,-0.000168005881
1.2,1.0040816326530613,0.000586849803,-0.000168228742
1.2,0.9959183673469387,0.000587150237,-0.000167108848
1.2,0.9877551020408163,0.000586429098,-0.000167579072
1.2,0.9795918367346939,0.000586985981,-0.000168097209
1.2,0.9714285714285714,0.000587025655,-0.000167094879
1.2,0.963265306122449,0.000586764895,-0.000167645063
1.2,0.9551020408163265,0.000587151483,-0.00016729433
1.2,0.9469387755102041,0.000586052667,-0.00016742262
1.2,0.9387755102040816,0.000586155975,-0.000167243817
1.2,0.9306122448979592,0.000586261583,-0.000168618171
1.2,0.9224489795918367,0.000585666079,-0.000168238633
1.2,0.9142857142857143,0.000585901347,-0.000168719808
1.2,0.9061224489795918,0.000586046629,-0.000168509855
1.2,0.8979591836734694,0.000585127691,-0.000168543799
1.2,0.889795918367347,0.000586469059,-0.000169521209
1.2,0.8816326530612244,0.000586492825,-0.00016747355
1.2,0.8734693877551021,0.000586323491,-0.000168144928
1.2,0.8653061224489795,0.000585920514,-0.000168232178
1.2,0.8571428571428572,0.000585906139,-0.00016840626
1.2,0.8489795918367347,0.000586336907,-0.000168431629
1.2,0.8408163265306122,0.000585828802,-0.000167460448
1.2,0.8326530612244898,0.000585446046,-0.000167690182
1.2,0.8244897959183674,0.000586014525,-0.000167148828
1.2,0.8163265306122449,0.000586406865,-0.000168201447
1.2,0.8081632653061225,0.000586685546,-0.000169115467
1.2,0.8,0.000585313607,-0.000169078698
1.1918367346938774,1.2,0.000590471412,-0.000167668474
1.1918367346938774,1.1918367346938774,0.000590006242,-0.000167753572
1.1918367346938774,1.183673469387755,0.000590457516,-0.000167798498
1.1918367346938774,1.1755102040816325,0.000589678588,-0.000167419184
1.1918367346938774,1.1673469387755102,0.000589779884,-0.000168766884
1.1918367346938774,1.1591836734693877,0.000589581798,-0.000169325001
1.1918367346938774,1.1510204081632653,0.000588951412,-0.000168928282
1.1918367346938774,1.1428571428571428,0.000590392063,-0.0001678028
1.1918367346938774,1.1346938775510205,0.000590941088,-0.000168265061
1.1918367346938774,1.126530612244898,0.000590494412,-0.000167878009
1.1918367346938774,1.1183673469387754,0.000590894609,-0.000168585706
1.1918367346938774,1.110204081632653,0.000590469113,-0.00016730528
1.1918367346938774,1.1020408163265305,0.000590519904,-0.000168637279
1.1918367346938774,1.0938775510204082,0.000590885985,-0.000168810943
1.1918367346938774,1.0857142857142856,0.000591384026,-0.000168953844
1.1918367346938774,1.0775510204081633,0.000590367051,-0.00016929276
1.1918367346938774,1.0693877551020408,0.000590203081,-0.000168975134
1.1918367346938774,1.0612244897959184,0.000590155836,-0.000169961762
1.1918367346938774,1.0530612244897959,0.000591151823,-0.000169384956
1.1918367346938774,1.0448979591836736,0.000590572708,-0.000169364757
1.1918367346938774,1.036734693877551,0.000590282144,-0.000169925892
1.1918367346938774,1.0285714285714285,0.00058975008,-0.000168040915
1.1918367346938774,1.0204081632653061,0.000590724315,-0.000168869388
1.1918367346938774,1.0122448979591836,0.00059011846,-0.000169017459
1.1918367346938774,1.0040816326530613,0.000590382959,-0.000168752467
1.1918367346938774,0.9959183673469387,0.000592179628,-0.000168666083
1.1918367346938774,0.9877551020408163,0.00059044688,-0.000167771202
1.1918367346938774,0.9795918367346939,0.000591826677,-0.000169047773
1.1918367346938774,0.9714285714285714,0.000591688199,-0.000168828124
1.1918367346938774,0.963265306122449,0.000591193991,-0.00016853606
1.1918367346938774,0.9551020408163265,0.000590927959,-0.000168848547
1.1918367346938774,0.9469387755102041,0.000591702861,-0.000170144868
1.1918367346938774,0.9387755102040816,0.000592428985,-0.000169395489
1.1918367346938774,0.9306122448979592,0.000591907272,-0.000170239439
1.1918367346938774,0.9224489795918367,0.000591758444,-0.000168633425
1.1918367346938774,0.9142857142857143,0.000591465867,-0.000168928058
1.1918367346938774,0.9061224489795918,0.000591840286,-0.000169585467
1.1918367346938774,0.8979591836734694,0.000591660408,-0.000170643479
1.1918367346938774,0.889795918367347,0.00059202093,-0.000169089456
1.1918367346938774,0.8816326530612244,0.000590183627,-0.000169731386
1.1918367346938774,0.8734693877551021,0.000590920388,-0.000170275759
1.1918367346938774,0.8653061224489795,0.000590730639,-0.000170647334
1.1918367346938774,0.8571428571428572,0.000591111863,-0.000169585049
1.1918367346938774,0.8489795918367347,0.000591684654,-0.000169532802
1.1918367346938774,0.8408163265306122,0.000590965334,-0.000169268901
1.1918367346938774,0.8326530612244898,0.000592119733,-0.000168869388
1.1918367346938774,0.8244897959183674,0.000591208173,-0.000169238169
1.1918367346938774,0.8163265306122449,0.000591654369,-0.000168926773
1.1918367346938774,0.8081632653061225,0.000591891843,-0.000170380414
1.1918367346938774,0.8,0.000591889544,-0.000169202941
1.183673469387755,1.2,0.000590451192,-0.000168740231
1.183673469387755,1.1918367346938774,0.0005898577,-0.000169795868
1.183673469387755,1.183673469387755,0.000591074007,-0.000169478242
1.183673469387755,1.1755102040816325,0.000590048215,-0.000168737662
1.183673469387755,1.1673469387755102,0.000590648511,-0.000168640939
1.183673469387755,1.1591836734693877,0.000591929505,-0.000168832426
1.183673469387755,1.1510204081632653,0.000590800884,-0.000168172224
1.183673469387755,1.1428571428571428,0.000591071228,-0.000168793313
1.183673469387755,1.1346938775510205,0.000592149058,-0.000168853268
1.183673469387755,1.126530612244898,0.000591455997,-0.00016824528
1.183673469387755,1.1183673469387754,0.000591394089,-0.000168603753
1.183673469387755,1.110204081632653,0.00059219429,-0.000168082598
1.183673469387755,1.1020408163265305,0.000591287235,-0.000168814797
1.183673469387755,1.0938775510204082,0.000590512047,-0.00016938775
1.183673469387755,1.0857142857142856,0.000590937829,-0.000168992958
1.183673469387755,1.0775510204081633,0.000590565617,-0.00016798976
1.183673469387755,1.0693877551020408,0.000590644006,-0.000168617947
1.183673469387755,1.0612244897959184,0.000590644486,-0.000169137817
1.183673469387755,1.0530612244897959,0.000591082058,-0.000169510677
1.183673469387755,1.0448979591836736,0.000590644966,-0.000169232582
1.183673469387755,1.036734693877551,0.000591862805,-0.000168692737
1.183673469387755,1.0285714285714285,0.000591993425,-0.000169564401
1.183673469387755,1.0204081632653061,0.000592063671,-0.000169199698
1.183673469387755,1.0122448979591836,0.000590432218,-0.000169867222
1.183673469387755,1.0040816326530613,0.000591154316,-0.000169702164
1.183673469387755,0.9959183673469387,0.000591111096,-0.000169889348
1.183673469387755,0.9877551020408163,0.000592032047,-0.000169427729
1.183673469387755,0.9795918367346939,0.000590602512,-0.000169551941
1.183673469387755,0.9714285714285714,0.00059039005,-0.000167849428
1.183673469387755,0.963265306122449,0.000590257131,-0.000168978346
1.183673469387755,0.9551020408163265,0.00059022934,-0.000169104067
1.183673469387755,0.9469387755102041,0.000590649758,-0.000168167921
1.183673469387755,0.9387755102040816,0.000591065097,-0.000169125775
1.183673469387755,0.9306122448979592,0.000590614395,-0.000169052494
1.183673469387755,0.9224489795918367,0.000591364285,-0.000170022808
1.183673469387755,0.9142857142857143,0.000591067203,-0.000168886793
1.183673469387755,0.9061224489795918,0.000591365051,-0.000169898596
1.183673469387755,0.8979591836734694,0.00059094492,-0.000170379129
1.183673469387755,0.889795918367347,0.000590741949,-0.000168805131
1.183673469387755,0.8816326530612244,0.000590292494,-0.000169438038
1.183673469387755,0.8734693877551021,0.00059017529,-0.000169231521
1.183673469387755,0.8653061224489795,0.000589338,-0.000170263074
1.183673469387755,0.8571428571428572,0.000589925933,-0.000169302009
1.183673469387755,0.8489795918367347,0.000590560345,-0.000167917346
1.183673469387755,0.8408163265306122,0.000590749041,-0.00016923666
1.183673469387755,0.8326530612244898,0.000590252626,-0.000170085781
1.183673469387755,0.8244897959183674,0.000591289248,-0.000169722363
1.183673469387755,0.8163265306122449,0.000591161407,-0.000170203762
1.183673469387755,0.8081632653061225,0.000590380947,-0.000171132169
1.183673469387755,0.8,0.000591719823,-0.000170490881
1.1755102040816325,1.2,0.000592298365,-0.00017169931
1.1755102040816325,1.1918367346938774,0.000592359027,-0.000171733702
1.1755102040816325,1.183673469387755,0.000592819119,-0.000171608206
1.1755102040816325,1.1755102040816325,0.000593555593,-0.000170680859
1.1755102040816325,1.1673469387755102,0.000591928739,-0.000171231461
1.1755102040816325,1.1591836734693877,0.000593127604,-0.000171090262
1.1755102040816325,1.1510204081632653,0.000592566216,-0.000172532085
1.1755102040816325,1.1428571428571428,0.000592733732,-0.000171962151
1.1755102040816325,1.1346938775510205,0.000592720316,-0.000172458162
1.1755102040816325,1.126530612244898,0.000591839039,-0.000172439248
1.1755102040816325,1.1183673469387754,0.000592879494,-0.000172454084
1.1755102040816325,1.110204081632653,0.000592002243,-0.000172804368
1.1755102040816325,1.1020408163265305,0.000591771094,-0.00017311191
1.1755102040816325,1.0938775510204082,0.000592735458,-0.00017225916
1.1755102040816325,1.0857142857142856,0.000593658422,-0.000172043171
1.1755102040816325,1.0775510204081633,0.000593330482,-0.000171656761
1.1755102040816325,1.0693877551020408,0.000592996218,-0.000172062085
1.1755102040816325,1.0612244897959184,0.000593372936,-0.000172495542
1.1755102040816325,1.0530612244897959,0.000594218563,-0.000171480109
1.1755102040816325,1.0448979591836736,0.000591292314,-0.000171718449
1.1755102040816325,1.036734693877551,0.000593119747,-0.000171440354
1.1755102040816325,1.0285714285714285,0.000593976297,-0.000171892306
1.1755102040816325,1.0204081632653061,0.000593862832,-0.000171995677
1.1755102040816325,1.0122448979591836,0.000593447686,-0.000171979556
1.1755102040816325,1.0040816326530613,0.000592276899,-0.000171748314
1.1755102040816325,0.9959183673469387,0.000592865118,-0.000172252706
1.1755102040816325,0.9877551020408163,0.000591873922,-0.000171864786
1.1755102040816325,0.9795918367346939,0.000592032047,-0.000172630093
1.1755102040816325,0.9714285714285714,0.000592541204,-0.000171613151
1.1755102040816325,0.963265306122449,0.000592205121,-0.00017334145
1.1755102040816325,0.9551020408163265,0.000591709186,-0.000172314812
1.1755102040816325,0.9469387755102041,0.000591614981,-0.000173090427
1.1755102040816325,0.9387755102040816,0.000592536412,-0.000172303861
1.1755102040816325,0.9306122448979592,0.000590586317,-0.000173287502
1.1755102040816325,0.9224489795918367,0.000591112915,-0.000172861753
1.1755102040816325,0.9142857142857143,0.000592052554,-0.000173350892
1.1755102040816325,0.9061224489795918,0.000591282157,-0.000171384478
1.1755102040816325,0.8979591836734694,0.000590515592,-0.000172005985
1.1755102040816325,0.889795918367347,0.000590944634,-0.000173216148
1.1755102040816325,0.8816326530612244,0.000591572241,-0.000173149739
1.1755102040816325,0.8734693877551021,0.000591412297,-0.000172755814
1.1755102040816325,0.8653061224489795,0.000592229173,-0.000173081821
1.1755102040816325,0.8571428571428572,0.00059063059,-0.000172848009
1.1755102040816325,0.8489795918367347,0.000590656849,-0.000172488027
1.1755102040816325,0.8408163265306122,0.000590633083,-0.000171943655
1.1755102040816325,0.8326530612244898,0.000591404726,-0.000172756456
1.1755102040816325,0.8244897959183674,0.000590203081,-0.000174085242
1.1755102040816325,0.8163265306122449,0.000590725081,-0.000173587722
1.1755102040816325,0.8081632653061225,0.000590608357,-0.000172491912
1.1755102040816325,0.8,0.000590933517,-0.000172535746
1.1673469387755102,1.2,0.000590250807,-0.000172767631
1.1673469387755102,1.1918367346938774,0.000590987087,-0.000172140954
1.1673469387755102,1.183673469387755,0.000590574721,-0.000173142224
1.1673469387755102,1.1755102040816325,0.000591058579,-0.000172108713
1.1673469387755102,1.1673469387755102,0.000591051488,-0.000172952888
1.1673469387755102,1.1591836734693877,0.00059123012,-0.000172769558
1.1673469387755102,1.1510204081632653,0.000591697016,-0.000172913775
1.1673469387755102,1.1428571428571428,0.000590514632,-0.000172391111
1.1673469387755102,1.1346938775510205,0.000590279651,-0.000173181755
1.1673469387755102,1.126530612244898,0.000591065383,-0.000173080761
1.1673469387755102,1.1183673469387754,0.000591459063,-0.000173731073
1.1673469387755102,1.110204081632653,0.000591751353,-0.000173244086
1.1673469387755102,1.1020408163265305,0.000592037125,-0.000173745684
1.1673469387755102,1.0938775510204082,0.000592001763,-0.000173324463
1.1673469387755102,1.0857142857142856,0.000592169278,-0.000173676482
1.1673469387755102,1.0775510204081633,0.000590122772,-0.00017319187
1.1673469387755102,1.0693877551020408,0.000590719523,-0.000172545412
1.1673469387755102,1.0612244897959184,0.000590846597,-0.000173235062
1.1673469387755102,1.0530612244897959,0.000590538592,-0.000172954173
1.1673469387755102,1.0448979591836736,0.000590897868,-0.000173602976
1.1673469387755102,1.036734693877551,0.000591324897,-0.000172251421
1.1673469387755102,1.0285714285714285,0.000590710899,-0.000173860005
1.1673469387755102,1.0204081632653061,0.000591686953,-0.0001731332
1.1673469387755102,1.0122448979591836,0.000590296806,-0.000173495527
1.1673469387755102,1.0040816326530613,0.000592455244,-0.000173287502
1.1673469387755102,0.9959183673469387,0.000591080526,-0.000172451932
1.1673469387755102,0.9877551020408163,0.000591117421,-0.000173415792
1.1673469387755102,0.9795918367346939,0.00059137109,-0.000173201536
1.1673469387755102,0.9714285714285714,0.000590319805,-0.000173096657
1.1673469387755102,0.963265306122449,0.000591366298,-0.000172420558
1.1673469387755102,0.9551020408163265,0.000592497504,-0.000171937649
1.1673469387755102,0.9469387755102041,0.000592244315,-0.000172105277
1.1673469387755102,0.9387755102040816,0.000592961049,-0.000172212084
1.1673469387755102,0.9306122448979592,0.000593727707,-0.000172616542
1.1673469387755102,0.9224489795918367,0.00059181652,-0.000172789339
1.1673469387755102,0.9142857142857143,0.00059223799,-0.000172140954
1.1673469387755102,0.9061224489795918,0.000591896155,-0.000174142628
1.1673469387755102,0.8979591836734694,0.00059242496,-0.000173457923
1.1673469387755102,0.889795918367347,0.000592082838,-0.000173915463
1.1673469387755102,0.8816326530612244,0.000592216524,-0.00017408094
1.1673469387755102,0.8734693877551021,0.000591980296,-0.000173469741
1.1673469387755102,0.8653061224489795,0.000592423427,-0.00017347125
1.1673469387755102,0.8571428571428572,0.000591802911,-0.000173559142
1.1673469387755102,0.8489795918367347,0.000592866078,-0.00017315446
1.1673469387755102,0.8408163265306122,0.00059243579,-0.000173252467
1.1673469387755102,0.8326530612244898,0.000591197536,-0.000174106951
1.1673469387755102,0.8244897959183674,0.000591530268,-0.00017328641
1.1673469387755102,0.8163265306122449,0.00059180569,-0.000173360558
1.1673469387755102,0.8081632653061225,0.000590706873,-0.000174637129
1.1673469387755102,0.8,0.000591791508,-0.000174556752
1.1591836734693877,1.2,0.000590004709,-0.000174263403
1.1591836734693877,1.1918367346938774,0.000590502463,-0.000173527992
1.1591836734693877,1.183673469387755,0.000589237664,-0.000173784573
1.1591836734693877,1.1755102040816325,0.00059056389,-0.000174365264
1.1591836734693877,1.1673469387755102,0.000590378934,-0.000174071691
1.1591836734693877,1.1591836734693877,0.000591970426,-0.000174239126
1.1591836734693877,1.1510204081632653,0.00059176199,-0.000174086527
1.1591836734693877,1.1428571428571428,0.000590482242,-0.000174254155
1.1591836734693877,1.1346938775510205,0.0005916215,-0.000174459193
1.1591836734693877,1.126530612244898,0.000591478997,-0.000174582538
1.1591836734693877,1.1183673469387754,0.000590948659,-0.000173865175
1.1591836734693877,1.110204081632653,0.000590673044,-0.000174946598
1.1591836734693877,1.1020408163265305,0.000591887245,-0.000173939965
1.1591836734693877,1.0938775510204082,0.00059144488,-0.000172927744
1.1591836734693877,1.0857142857142856,0.000591512633,-0.000175297332
1.1591836734693877,1.0775510204081633,0.000591143486,-0.000173786724
1.1591836734693877,1.0693877551020408,0.00059124047,-0.000174224066
1.1591836734693877,1.0612244897959184,0.000592166213,-0.000174767571
1.1591836734693877,1.0530612244897959,0.000591737457,-0.000174971967
1.1591836734693877,1.0448979591836736,0.000590610849,-0.000174468217
1.1591836734693877,1.036734693877551,0.000592966894,-0.000174172492
1.1591836734693877,1.0285714285714285,0.000591920115,-0.000174529456
1.1591836734693877,1.0204081632653061,0.000591537839,-0.000173602558
1.1591836734693877,1.0122448979591836,0.000591925959,-0.000174320788
1.1591836734693877,1.0040816326530613,0.000591954231,-0.000172812107
1.1591836734693877,0.9959183673469387,0.0005926195,-0.00017462939
1.1591836734693877,0.9877551020408163,0.000591919635,-0.000174566642
1.1591836734693877,0.9795918367346939,0.000590951438,-0.000174337326
1.1591836734693877,0.9714285714285714,0.000590929205,-0.00017374183
1.1591836734693877,0.963265306122449,0.00059116294,-0.000174169056
1.1591836734693877,0.9551020408163265,0.000591375882,-0.000173613091
1.1591836734693877,0.9469387755102041,0.000591702381,-0.000174213982
1.1591836734693877,0.9387755102040816,0.000592030034,-0.000174500651
1.1591836734693877,0.9306122448979592,0.000592349156,-0.000173470383
1.1591836734693877,0.9224489795918367,0.000591862039,-0.000175381788
1.1591836734693877,0.9142857142857143,0.000591407985,-0.000173846261
1.1591836734693877,0.9061224489795918,0.000592070955,-0.000175000965
1.1591836734693877,0.8979591836734694,0.000591563617,-0.000174939084
1.1591836734693877,0.889795918367347,0.000592844611,-0.000174662916
1.1591836734693877,0.8816326530612244,0.000594005335,-0.000174704405
1.1591836734693877,0.8734693877551021,0.000592916103,-0.000174178722
1.1591836734693877,0.8653061224489795,0.000591544163,-0.000174383536
1.1591836734693877,0.8571428571428572,0.000591876415,-0.000173682936
1.1591836734693877,0.8489795918367347,0.000593146772,-0.000174869657
1.1591836734693877,0.8408163265306122,0.0005916422,-0.000174855045
1.1591836734693877,0.8326530612244898,0.000591746561,-0.000174159808
1.1591836734693877,0.8244897959183674,0.000591639421,-0.000175940547
1.1591836734693877,0.8163265306122449,0.000591096434,-0.000174338836
1.1591836734693877,0.8081632653061225,0.000590864998,-0.000173903003
1.1591836734693877,0.8,0.000592256678,-0.000174597374
1.1510204081632653,1.2,0.000589793014,-0.000174316485
1.1510204081632653,1.1918367346938774,0.000590678602,-0.000174953471
1.1510204081632653,1.183673469387755,0.000590511567,-0.000174154221
1.1510204081632653,1.1755102040816325,0.00059028291,-0.00017336894
1.1510204081632653,1.1673469387755102,0.000589680315,-0.000173764598
1.1510204081632653,1.1591836734693877,0.000589882426,-0.000172116452
1.1510204081632653,1.1510204081632653,0.000590120953,-0.000172759892
1.1510204081632653,1.1428571428571428,0.00059076121,-0.000174334533
1.1510204081632653,1.1346938775510205,0.000590908985,-0.000173644465
1.1510204081632653,1.126530612244898,0.000590757378,-0.000174209679
1.1510204081632653,1.1183673469387754,0.000591609617,-0.000174745445
1.1510204081632653,1.110204081632653,0.000591224561,-0.000174566642
1.1510204081632653,1.1020408163265305,0.000591579812,-0.000174391275
1.1510204081632653,1.0938775510204082,0.000591644213,-0.000173713443
1.1510204081632653,1.0857142857142856,0.000591778378,-0.000174481095
1.1510204081632653,1.0775510204081633,0.000590635095,-0.000174889213
1.1510204081632653,1.0693877551020408,0.000591466634,-0.000174045263
1.1510204081632653,1.0612244897959184,0.000591522697,-0.000173922336
1.1510204081632653,1.0530612244897959,0.000591539851,-0.000173712383
1.1510204081632653,1.0448979591836736,0.00059136074,-0.00017235521
1.1510204081632653,1.036734693877551,0.000591496918,-0.000173170804
1.1510204081632653,1.0285714285714285,0.000592204354,-0.000173098166
1.1510204081632653,1.0204081632653061,0.000591484841,-0.000172116452
1.1510204081632653,1.0122448979591836,0.000591382973,-0.000172690914
1.1510204081632653,1.0040816326530613,0.00059006537,-0.000171258115
1.1510204081632653,0.9959183673469387,0.000591615175,-0.000170908666
1.1510204081632653,0.9877551020408163,0.000591247561,-0.000171329244
1.1510204081632653,0.9795918367346939,0.000592115708,-0.000171014605
1.1510204081632653,0.9714285714285714,0.000592895402,-0.000171750465
1.1510204081632653,0.963265306122449,0.000592594488,-0.000172517474
1.1510204081632653,0.9551020408163265,0.000592834741,-0.000171530397
1.1510204081632653,0.9469387755102041,0.000592141487,-0.000172050043
1.1510204081632653,0.9387755102040816,0.000593311795,-0.000172541334
1.1510204081632653,0.9306122448979592,0.000592262523,-0.000172855972
1.1510204081632653,0.9224489795918367,0.000592135162,-0.000173243443
1.1510204081632653,0.9142857142857143,0.000592388831,-0.000174744803
1.1510204081632653,0.9061224489795918,0.00059230421,-0.000173093863
1.1510204081632653,0.8979591836734694,0.000591476217,-0.000173464153
1.1510204081632653,0.889795918367347,0.000591455997,-0.00017454471
1.1510204081632653,0.8816326530612244,0.000592209433,-0.000173751272
1.1510204081632653,0.8734693877551021,0.000592273353,-0.000173246013
1.1510204081632653,0.8653061224489795,0.000591454751,-0.000174699878
1.1510204081632653,0.8571428571428572,0.000590934763,-0.000172737542
1.1510204081632653,0.8489795918367347,0.00059074051,-0.000173514666
1.1510204081632653,0.8408163265306122,0.000591284456,-0.000173547967
1.1510204081632653,0.8326530612244898,0.000592395156,-0.000173051956
1.1510204081632653,0.8244897959183674,0.000592643266,-0.000173268363
1.1510204081632653,0.8163265306122449,0.000592122799,-0.000173791894
1.1510204081632653,0.8081632653061225,0.000592116954,-0.000173800693
1.1510204081632653,0.8,0.000591991126,-0.000173796615
1.1428571428571428,1.2,0.000592927986,-0.000172268826
1.1428571428571428,1.1918367346938774,0.000593357027,-0.000171663215
1.1428571428571428,1.183673469387755,0.000593678162,-0.000172719494
1.1428571428571428,1.1755102040816325,0.000593727134,-0.000172731954
1.1428571428571428,1.1673469387755102,0.000592715524,-0.000172092399
1.1428571428571428,1.1591836734693877,0.0005915548,-0.000172671133
1.1428571428571428,1.1510204081632653,0.000593751666,-0.000172798363
1.1428571428571428,1.1428571428571428,0.000593587697,-0.000172490179
1.1428571428571428,1.1346938775510205,0.000594762316,-0.000171647095
1.1428571428571428,1.126530612244898,0.00059453462,-0.000172738826
1.1428571428571428,1.1183673469387754,0.000594192785,-0.00017205091
1.1428571428571428,1.110204081632653,0.000594617801,-0.000173252885
1.1428571428571428,1.1020408163265305,0.000593529334,-0.000171412834
1.1428571428571428,1.0938775510204082,0.000594095801,-0.000172321908
1.1428571428571428,1.0857142857142856,0.000593296366,-0.000171940025
1.1428571428571428,1.0775510204081633,0.000592771587,-0.00017238273
1.1428571428571428,1.0693877551020408,0.000592969193,-0.000172603439
1.1428571428571428,1.0612244897959184,0.000593204174,-0.000171628598
1.1428571428571428,1.0530612244897959,0.000593572268,-0.00017147237
1.1428571428571428,1.0448979591836736,0.000593395649,-0.000171358467
1.1428571428571428,1.036734693877551,0.000593467427,-0.000171962793
1.1428571428571428,1.0285714285714285,0.000594122826,-0.000171798826
1.1428571428571428,1.0204081632653061,0.000593738731,-0.000172334593
1.1428571428571428,1.0122448979591836,0.000593448453,-0.000171938292
1.1428571428571428,1.0040816326530613,0.000593689759,-0.000172395832
1.1428571428571428,0.9959183673469387,0.000593457363,-0.000171633126
1.1428571428571428,0.9877551020408163,0.000593648551,-0.000171230595
1.1428571428571428,0.9795918367346939,0.000594095514,-0.000171380593
1.1428571428571428,0.9714285714285714,0.000592939389,-0.0001707131
1.1428571428571428,0.963265306122449,0.000592713225,-0.00017033658
1.1428571428571428,0.9551020408163265,0.000593712472,-0.000171855987
1.1428571428571428,0.9469387755102041,0.000593818366,-0.000170770903
1.1428571428571428,0.9387755102040816,0.000593345911,-0.000171747447
1.1428571428571428,0.9306122448979592,0.000593488414,-0.000171034611
1.1428571428571428,0.9224489795918367,0.000593141214,-0.000170526976
1.1428571428571428,0.9142857142857143,0.000592406272,-0.000171274877
1.1428571428571428,0.9061224489795918,0.000593627371,-0.000170482724
1.1428571428571428,0.8979591836734694,0.000592785003,-0.00017103718
1.1428571428571428,0.889795918367347,0.000592780691,-0.000171514277
1.1428571428571428,0.8816326530612244,0.000592173784,-0.000172143106
1.1428571428571428,0.8734693877551021,0.000593524543,-0.000171397162
1.1428571428571428,0.8653061224489795,0.000592994685,-0.000170892545
1.1428571428571428,0.8571428571428572,0.000592296353,-0.000170512365
1.1428571428571428,0.8489795918367347,0.000592805223,-0.000170618529
1.1428571428571428,0.8408163265306122,0.000592425726,-0.000170038062
1.1428571428571428,0.8326530612244898,0.000593973232,-0.000170362142
1.1428571428571428,0.8244897959183674,0.000594245108,-0.000170220943
1.1428571428571428,0.8163265306122449,0.000592426206,-0.000170860529
1.1428571428571428,0.8081632653061225,0.000591671811,-0.000169782541
1.1428571428571428,0.8,0.000591967647,-0.000169514755
1.1346938775510205,1.2,0.00059131656,-0.000170060636
1.1346938775510205,1.1918367346938774,0.00059099897,-0.000170534073
1.1346938775510205,1.183673469387755,0.000591651304,-0.000169989925
1.1346938775510205,1.1755102040816325,0.000591139174,-0.000170419751
1.1346938775510205,1.1673469387755102,0.000591986621,-0.000170056109
1.1346938775510205,1.1591836734693877,0.000590731406,-0.000169722363
1.1346938775510205,1.1510204081632653,0.000591378661,-0.000169941563
1.1346938775510205,1.1428571428571428,0.000591106591,-0.000169287173
1.1346938775510205,1.1346938775510205,0.000589744522,-0.000170420394
1.1346938775510205,1.126530612244898,0.000590685886,-0.000170435872
1.1346938775510205,1.1183673469387754,0.000591771094,-0.000170330768
1.1346938775510205,1.110204081632653,0.0005910558,-0.000169858616
1.1346938775510205,1.1020408163265305,0.000591175303,-0.000171030308
1.1346938775510205,1.0938775510204082,0.000591588916,-0.000170770261
1.1346938775510205,1.0857142857142856,0.00059118364,-0.000170755007
1.1346938775510205,1.0775510204081633,0.000592661667,-0.000169958775
1.1346938775510205,1.0693877551020408,0.000592893389,-0.000170067091
1.1346938775510205,1.0612244897959184,0.000592577333,-0.000171533834
1.1346938775510205,1.0530612244897959,0.000592037125,-0.000170917047
1.1346938775510205,1.0448979591836736,0.000592513893,-0.00016979802
1.1346938775510205,1.036734693877551,0.000592683421,-0.000170788532
1.1346938775510205,1.0285714285714285,0.000592965647,-0.000170868686
1.1346938775510205,1.0204081632653061,0.000592387012,-0.000170927804
1.1346938775510205,1.0122448979591836,0.000592372442,-0.000170816246
1.1346938775510205,1.0040816326530613,0.000592835027,-0.000171174719
1.1346938775510205,0.9959183673469387,0.000593294353,-0.000170335938
1.1346938775510205,0.9877551020408163,0.000594138734,-0.000171477958
1.1346938775510205,0.9795918367346939,0.000592670771,-0.000170736959
1.1346938775510205,0.9714285714285714,0.000593119747,-0.000170977644
1.1346938775510205,0.963265306122449,0.000591499503,-0.000170240306
1.1346938775510205,0.9551020408163265,0.0005926862,-0.000169597927
1.1346938775510205,0.9469387755102041,0.000592813561,-0.00017070793
1.1346938775510205,0.9387755102040816,0.000593215771,-0.000171545876
1.1346938775510205,0.9306122448979592,0.000593516685,-0.000170415448
1.1346938775510205,0.9224489795918367,0.000593354248,-0.000170368178
1.1346938775510205,0.9142857142857143,0.000592201862,-0.000170535357
1.1346938775510205,0.9061224489795918,0.000592866844,-0.000170309702
1.1346938775510205,0.8979591836734694,0.000592966127,-0.00017060199
1.1346938775510205,0.889795918367347,0.000593297132,-0.000170820549
1.1346938775510205,0.8816326530612244,0.000591843065,-0.000171227383
1.1346938775510205,0.8734693877551021,0.000591941102,-0.000171034386
1.1346938775510205,0.8653061224489795,0.000592109863,-0.000170359348
1.1346938775510205,0.8571428571428572,0.000592149824,-0.000170490239
1.1346938775510205,0.8489795918367347,0.000592529801,-0.000170112209
1.1346938775510205,0.8408163265306122,0.000592853235,-0.000170027111
1.1346938775510205,0.8326530612244898,0.000593846444,-0.000170629062
1.1346938775510205,0.8244897959183674,0.000593330482,-0.000169427281
1.1346938775510205,0.8163265306122449,0.000592779924,-0.000170796914
1.1346938775510205,0.8081632653061225,0.000592699329,-0.000170761879
1.1346938775510205,0.8,0.000591948193,-0.000170818397
1.126530612244898,1.2,0.000589536852,-0.000171266272
1.126530612244898,1.1918367346938774,0.000588818779,-0.000171051149
1.126530612244898,1.183673469387755,0.000589042357,-0.000170659151
1.126530612244898,1.1755102040816325,0.000589165886,-0.000170228906
1.126530612244898,1.1673469387755102,0.000588602485,-0.000170110925
1.126530612244898,1.1591836734693877,0.000589136848,-0.000171405961
1.126530612244898,1.1510204081632653,0.000588596161,-0.000170873407
1.126530612244898,1.1428571428571428,0.000588989073,-0.000170314872
1.126530612244898,1.1346938775510205,0.000588779104,-0.00016997618
1.126530612244898,1.126530612244898,0.000588564824,-0.000169709903
1.126530612244898,1.1183673469387754,0.000588551214,-0.000170760146
1.126530612244898,1.110204081632653,0.000588062084,-0.000170353985
1.126530612244898,1.1020408163265305,0.000587929931,-0.00017099248
1.126530612244898,1.0938775510204082,0.000590347597,-0.00017044875
1.126530612244898,1.0857142857142856,0.000588540098,-0.000171246073
1.126530612244898,1.0775510204081633,0.000589993879,-0.000170182054
1.126530612244898,1.0693877551020408,0.000589580552,-0.000171216626
1.126530612244898,1.0612244897959184,0.000590720769,-0.000170958087
1.126530612244898,1.0530612244897959,0.000588513073,-0.00017107093
1.126530612244898,1.0448979591836736,0.000588742209,-0.000169804025
1.126530612244898,1.036734693877551,0.000588492566,-0.00017061445
1.126530612244898,1.0285714285714285,0.000587941528,-0.000170589306
1.126530612244898,1.0204081632653061,0.000588634109,-0.000171109819
1.126530612244898,1.0122448979591836,0.00058953302,-0.000170994855
1.126530612244898,1.0040816326530613,0.000588524669,-0.00017010447
1.126530612244898,0.9959183673469387,0.000588305403,-0.000170896206
1.126530612244898,0.9877551020408163,0.00058903124,-0.000171778627
1.126530612244898,0.9795918367346939,0.000588820025,-0.000171231461
1.126530612244898,0.9714285714285714,0.000587379374,-0.000171314633
1.126530612244898,0.963265306122449,0.000587732325,-0.000171690511
1.126530612244898,0.9551020408163265,0.000588928412,-0.000170937888
1.126530612244898,0.9469387755102041,0.000588496111,-0.000171153235
1.126530612244898,0.9387755102040816,0.000588845038,-0.000170464228
1.126530612244898,0.9306122448979592,0.000588423853,-0.000171705122
1.126530612244898,0.9224489795918367,0.000588677522,-0.000171317427
1.126530612244898,0.9142857142857143,0.000589935516,-0.000170364293
1.126530612244898,0.9061224489795918,0.000589691431,-0.000170330125
1.126530612244898,0.8979591836734694,0.000589395309,-0.000169737841
1.126530612244898,0.889795918367347,0.000587850296,-0.000170027529
1.126530612244898,0.8816326530612244,0.000588278571,-0.000170444671
1.126530612244898,0.8734693877551021,0.000588323038,-0.000170022166
1.126530612244898,0.8653061224489795,0.000588904932,-0.00016938518
1.126530612244898,0.8571428571428572,0.000588047902,-0.00017043006
1.126530612244898,0.8489795918367347,0.00058806381,-0.000170853432
1.126530612244898,0.8408163265306122,0.000588387724,-0.00017108962
1.126530612244898,0.8326530612244898,0.000588264962,-0.000170696755
1.126530612244898,0.8244897959183674,0.000587969319,-0.00017115452
1.126530612244898,0.8163265306122449,0.000587281337,-0.000170416315
1.126530612244898,0.8081632653061225,0.000587176496,-0.000169747731
1.126530612244898,0.8,0.000588178042,-0.000171220928
1.1183673469387754,1.2,0.000590596474,-0.000171403392
1.1183673469387754,1.1918367346938774,0.000590719236,-0.000170803144
1.1183673469387754,1.183673469387755,0.000591033566,-0.000169916644
1.1183673469387754,1.1755102040816325,0.000590226081,-0.000170425981
1.1183673469387754,1.1673469387755102,0.000589896322,-0.000170872346
1.1183673469387754,1.1591836734693877,0.000591070462,-0.00017007589
1.1183673469387754,1.1510204081632653,0.000590852922,-0.000170285007
1.1183673469387754,1.1428571428571428,0.000590306676,-0.000170597045
1.1183673469387754,1.1346938775510205,0.000589802117,-0.000171679753
1.1183673469387754,1.126530612244898,0.000590312234,-0.000172753438
1.1183673469387754,1.1183673469387754,0.000590428479,-0.000171926474
1.1183673469387754,1.110204081632653,0.000589908011,-0.000172358452
1.1183673469387754,1.1020408163265305,0.000590339259,-0.000172071334
1.1183673469387754,1.0938775510204082,0.000590246301,-0.000172145257
1.1183673469387754,1.0857142857142856,0.000590367051,-0.000172750868
1.1183673469387754,1.0775510204081633,0.000591233185,-0.000171358049
1.1183673469387754,1.0693877551020408,0.000590483489,-0.000171462704
1.1183673469387754,1.0612244897959184,0.000590867298,-0.000171799887
1.1183673469387754,1.0530612244897959,0.000590297286,-0.000171544591
1.1183673469387754,1.0448979591836736,0.000590887804,-0.000172892067
1.1183673469387754,1.036734693877551,0.000589862012,-0.000171927341
1.1183673469387754,1.0285714285714285,0.000590352389,-0.000171728757
1.1183673469387754,1.0204081632653061,0.000590585644,-0.000171438202
1.1183673469387754,1.0122448979591836,0.000590186693,-0.000172281286
1.1183673469387754,1.0040816326530613,0.000590106577,-0.000172026408
1.1183673469387754,0.9959183673469387,0.000590224068,-0.000172245609
1.1183673469387754,0.9877551020408163,0.000590397335,-0.000171696098
1.1183673469387754,0.9795918367346939,0.000589875142,-0.000171327735
1.1183673469387754,0.9714285714285714,0.000589790714,-0.000172044456
1.1183673469387754,0.963265306122449,0.000590061345,-0.00017182031
1.1183673469387754,0.9551020408163265,0.000590541371,-0.000171240485
1.1183673469387754,0.9469387755102041,0.000589865271,-0.000171012678
1.1183673469387754,0.9387755102040816,0.000589592148,-0.000171300664
1.1183673469387754,0.9306122448979592,0.000590486074,-0.000171294852
1.1183673469387754,0.9224489795918367,0.000590421867,-0.000171058246
1.1183673469387754,0.9142857142857143,0.000590554787,-0.000171297228
1.1183673469387754,0.9061224489795918,0.000589847064,-0.000171824388
1.1183673469387754,0.8979591836734694,0.000589254625,-0.000171117334
1.1183673469387754,0.889795918367347,0.000588793766,-0.000172456653
1.1183673469387754,0.8816326530612244,0.000590072461,-0.000171838582
1.1183673469387754,0.8734693877551021,0.000589985541,-0.000172087872
1.1183673469387754,0.8653061224489795,0.000589689419,-0.000171866295
1.1183673469387754,0.8571428571428572,0.000589832974,-0.000171402301
1.1183673469387754,0.8489795918367347,0.000589600772,-0.000171364697
1.1183673469387754,0.8408163265306122,0.000589979216,-0.00017170297
1.1183673469387754,0.8326530612244898,0.00059069499,-0.000171551881
1.1183673469387754,0.8244897959183674,0.00058970734,-0.000171338268
1.1183673469387754,0.8163265306122449,0.000589274079,-0.000172660825
1.1183673469387754,0.8081632653061225,0.000588611589,-0.000171545009
1.1183673469387754,0.8,0.000589885972,-0.000171092414
1.110204081632653,1.2,0.000586873569,-0.00017174295
1.110204081632653,1.1918367346938774,0.000586915449,-0.000173219808
1.110204081632653,1.183673469387755,0.000587396815,-0.000171755186
1.110204081632653,1.1755102040816325,0.00058734679,-0.000172653085
1.110204081632653,1.1673469387755102,0.000587810908,-0.000172051777
1.110204081632653,1.1591836734693877,0.000587528201,-0.00017230171
1.110204081632653,1.1510204081632653,0.000587698976,-0.000172811689
1.110204081632653,1.1428571428571428,0.000586942281,-0.000173207766
1.110204081632653,1.1346938775510205,0.000588008994,-0.000172173613
1.110204081632653,1.126530612244898,0.000587758391,-0.000173059695
1.110204081632653,1.1183673469387754,0.000589331388,-0.000172934392
1.110204081632653,1.110204081632653,0.000589719989,-0.000173363994
1.110204081632653,1.1020408163265305,0.000588788688,-0.000173109341
1.110204081632653,1.0938775510204082,0.000589013319,-0.000173249449
1.110204081632653,1.0857142857142856,0.000588700042,-0.000173295241
1.110204081632653,1.0775510204081633,0.000587547175,-0.000173601691
1.110204081632653,1.0693877551020408,0.000587947086,-0.000174496573
1.110204081632653,1.0612244897959184,0.00058887005,-0.000172413461
1.110204081632653,1.0530612244897959,0.000590014865,-0.000173803069
1.110204081632653,1.0448979591836736,0.000589221469,-0.000175510303
1.110204081632653,1.036734693877551,0.000589276092,-0.000173849055
1.110204081632653,1.0285714285714285,0.000587799791,-0.000173801784
1.110204081632653,1.0204081632653061,0.000587708079,-0.000173026812
1.110204081632653,1.0122448979591836,0.000587621926,-0.000173165859
1.110204081632653,1.0040816326530613,0.000587483448,-0.000172814259
1.110204081632653,0.9959183673469387,0.000588775559,-0.00017327912
1.110204081632653,0.9877551020408163,0.000588703301,-0.000172526722
1.110204081632653,0.9795918367346939,0.000588843311,-0.000172562175
1.110204081632653,0.9714285714285714,0.000589234405,-0.000172506299
1.110204081632653,0.963265306122449,0.000588375361,-0.000172177916
1.110204081632653,0.9551020408163265,0.000589548928,-0.00017368056
1.110204081632653,0.9469387755102041,0.000589990813,-0.000173020582
1.110204081632653,0.9387755102040816,0.000590030774,-0.000173682069
1.110204081632653,0.9306122448979592,0.000589181314,-0.000173834443
1.110204081632653,0.9224489795918367,0.000589347297,-0.000171675257
1.110204081632653,0.9142857142857143,0.000588986008,-0.00017374289
1.110204081632653,0.9061224489795918,0.000588900141,-0.000174899522
1.110204081632653,0.8979591836734694,0.000589136368,-0.000173657149
1.110204081632653,0.889795918367347,0.000588625965,-0.000173217432
1.110204081632653,0.8816326530612244,0.000588723041,-0.000173837879
1.110204081632653,0.8734693877551021,0.000588446087,-0.000173885374
1.110204081632653,0.8653061224489795,0.000587907412,-0.000172998007
1.110204081632653,0.8571428571428572,0.000587088523,-0.000173601691
1.110204081632653,0.8489795918367347,0.000587205534,-0.000173147587
1.110204081632653,0.8408163265306122,0.000586738637,-0.000172043171
1.110204081632653,0.8326530612244898,0.000586365944,-0.000173139848
1.110204081632653,0.8244897959183674,0.000586269727,-0.000173253334
1.110204081632653,0.8163265306122449,0.000586499344,-0.000173094087
1.110204081632653,0.8081632653061225,0.000587668691,-0.000171963018
1.110204081632653,0.8,0.000588920361,-0.000172498784
1.1020408163265305,1.2,0.000588954957,-0.000170741038
1.1020408163265305,1.1918367346938774,0.00058930465,-0.00017034904
1.1020408163265305,1.183673469387755,0.000589322571,-0.000170615959
1.1020408163265305,1.1755102040816325,0.000587769987,-0.000170158195
1.1020408163265305,1.1673469387755102,0.000588434204,-0.000170759952
1.1020408163265305,1.1591836734693877,0.000588266688,-0.000170860529
1.1020408163265305,1.1510204081632653,0.000588277325,-0.000172227786
1.1020408163265305,1.1428571428571428,0.000589229326,-0.0001717092
1.1020408163265305,1.1346938775510205,0.000588423373,-0.000170818622
1.1020408163265305,1.126530612244898,0.00058697793,-0.00017122931
1.1020408163265305,1.1183673469387754,0.000586939502,-0.000170739529
1.1020408163265305,1.110204081632653,0.0005871189,-0.000170519686
1.1020408163265305,1.1020408163265305,0.000586803803,-0.000170313587
1.1020408163265305,1.0938775510204082,0.000587198729,-0.000170090501
1.1020408163265305,1.0857142857142856,0.000587361166,-0.000170912102
1.1020408163265305,1.0775510204081633,0.000587183587,-0.000171608399
1.1020408163265305,1.0693877551020408,0.000585650937,-0.000169799304
1.1020408163265305,1.0612244897959184,0.000587643873,-0.000169793074
1.1020408163265305,1.0530612244897959,0.00058756481,-0.000170095447
1.1020408163265305,1.0448979591836736,0.00058658703,-0.00016988527
1.1020408163265305,1.036734693877551,0.000587559252,-0.000170004118
1.1020408163265305,1.0285714285714285,0.000586970552,-0.00017074425
1.1020408163265305,1.0204081632653061,0.00058710951,-0.000170758443
1.1020408163265305,1.0122448979591836,0.000587234378,-0.000170967335
1.1020408163265305,1.0040816326530613,0.000586897048,-0.000171168071
1.1020408163265305,0.9959183673469387,0.000585947059,-0.000171218135
1.1020408163265305,0.9877551020408163,0.000587014252,-0.000170752213
1.1020408163265305,0.9795918367346939,0.000585755298,-0.000169871301
1.1020408163265305,0.9714285714285714,0.000585306036,-0.000170450034
1.1020408163265305,0.963265306122449,0.000585198702,-0.000170964317
1.1020408163265305,0.9551020408163265,0.000585167079,-0.000171509974
1.1020408163265305,0.9469387755102041,0.000586334894,-0.000170348815
1.1020408163265305,0.9387755102040816,0.000584868463,-0.00016932285
1.1020408163265305,0.9306122448979592,0.000586671171,-0.000170130257
1.1020408163265305,0.9224489795918367,0.000586713338,-0.0001688752
1.1020408163265305,0.9142857142857143,0.00058696758,-0.000170402122
1.1020408163265305,0.9061224489795918,0.000585685819,-0.000170516892
1.1020408163265305,0.8979591836734694,0.000585791907,-0.000169818218
1.1020408163265305,0.889795918367347,0.000585888411,-0.000168949766
1.1020408163265305,0.8816326530612244,0.000585295972,-0.000169278791
1.1020408163265305,0.8734693877551021,0.000585723961,-0.000168731207
1.1020408163265305,0.8653061224489795,0.00058573987,-0.000169509616
1.1020408163265305,0.8571428571428572,0.000584761037,-0.000168669295
1.1020408163265305,0.8489795918367347,0.00058667347,-0.000167957744
1.1020408163265305,0.8408163265306122,0.000586015292,-0.000169237527
1.1020408163265305,0.8326530612244898,0.0005856403,-0.000168665217
1.1020408163265305,0.8244897959183674,0.00058619565,-0.000167958386
1.1020408163265305,0.8163265306122449,0.000585698182,-0.000167827945
1.1020408163265305,0.8081632653061225,0.000586752532,-0.000167922067
1.1020408163265305,0.8,0.000587387711,-0.000168526394
1.0938775510204082,1.2,0.000589236611,-0.000171203523
1.0938775510204082,1.1918367346938774,0.0005893817,-0.000170484875
1.0938775510204082,1.183673469387755,0.000589755352,-0.000170503565
1.0938775510204082,1.1755102040816325,0.000588945087,-0.000171610133
1.0938775510204082,1.1673469387755102,0.000589694211,-0.000171013963
1.0938775510204082,1.1591836734693877,0.000589841985,-0.000170759952
1.0938775510204082,1.1510204081632653,0.000590695757,-0.000168816948
1.0938775510204082,1.1428571428571428,0.000590284443,-0.000170708573
1.0938775510204082,1.1346938775510205,0.000590789481,-0.000170627135
1.0938775510204082,1.126530612244898,0.000590173277,-0.000170779284
1.0938775510204082,1.1183673469387754,0.000590868064,-0.000171603036
1.0938775510204082,1.110204081632653,0.000590613629,-0.000171175361
1.0938775510204082,1.1020408163265305,0.000590539838,-0.000170944985
1.0938775510204082,1.0938775510204082,0.000590583824,-0.000170574052
1.0938775510204082,1.0857142857142856,0.000590339259,-0.000172169759
1.0938775510204082,1.0775510204081633,0.000588943074,-0.000170816888
1.0938775510204082,1.0693877551020408,0.000589443607,-0.000170945627
1.0938775510204082,1.0612244897959184,0.000589592915,-0.000171860708
1.0938775510204082,1.0530612244897959,0.00059067381,-0.000172971803
1.0938775510204082,1.0448979591836736,0.000589323817,-0.000172157074
1.0938775510204082,1.036734693877551,0.000590791781,-0.000172375857
1.0938775510204082,1.0285714285714285,0.000590349323,-0.00017177304
1.0938775510204082,1.0204081632653061,0.000591459063,-0.00017228408
1.0938775510204082,1.0122448979591836,0.000590729873,-0.000173079894
1.0938775510204082,1.0040816326530613,0.000591129304,-0.000173313288
1.0938775510204082,0.9959183673469387,0.000591612682,-0.00017296233
1.0938775510204082,0.9877551020408163,0.000591389297,-0.000172534879
1.0938775510204082,0.9795918367346939,0.000591837987,-0.00017331393
1.0938775510204082,0.9714285714285714,0.000591263756,-0.000172071109
1.0938775510204082,0.963265306122449,0.000591771574,-0.000171142478
1.0938775510204082,0.9551020408163265,0.000592647005,-0.000173415149
1.0938775510204082,0.9469387755102041,0.000591187952,-0.00017259721
1.0938775510204082,0.9387755102040816,0.000590709652,-0.000172581731
1.0938775510204082,0.9306122448979592,0.000590875155,-0.000173492315
1.0938775510204082,0.9224489795918367,0.000589495358,-0.000173299319
1.0938775510204082,0.9142857142857143,0.000589733885,-0.000173228832
1.0938775510204082,0.9061224489795918,0.000590431738,-0.000173101826
1.0938775510204082,0.8979591836734694,0.000590987374,-0.000173137921
1.0938775510204082,0.889795918367347,0.000592407039,-0.00017340741
1.0938775510204082,0.8816326530612244,0.000591868077,-0.000172730027
1.0938775510204082,0.8734693877551021,0.000593137955,-0.0001733726
1.0938775510204082,0.8653061224489795,0.00059023921,-0.000172148693
1.0938775510204082,0.8571428571428572,0.000590078019,-0.00017312437
1.0938775510204082,0.8489795918367347,0.000590163693,-0.000173633932
1.0938775510204082,0.8408163265306122,0.000590105524,-0.000174223423
1.0938775510204082,0.8326530612244898,0.000591472958,-0.00017350606
1.0938775510204082,0.8244897959183674,0.000590625032,-0.000173070003
1.0938775510204082,0.8163265306122449,0.000590914063,-0.000173834219
1.0938775510204082,0.8081632653061225,0.000591369843,-0.000173764598
1.0938775510204082,0.8,0.000591711679,-0.000173534416
1.0857142857142856,1.2,0.000590191198,-0.000168674465
1.0857142857142856,1.1918367346938774,0.000591212965,-0.000170202478
1.0857142857142856,1.183673469387755,0.00059060759,-0.000169101273
1.0857142857142856,1.1755102040816325,0.000590360533,-0.000169679813
1.0857142857142856,1.1673469387755102,0.000591756431,-0.000168844886
1.0857142857142856,1.1591836734693877,0.000592243069,-0.000167622488
1.0857142857142856,1.1510204081632653,0.000591677369,-0.00016853972
1.0857142857142856,1.1428571428571428,0.000592034346,-0.000168351669
1.0857142857142856,1.1346938775510205,0.000591024943,-0.000167672552
1.0857142857142856,1.126530612244898,0.000592353182,-0.000167375125
1.0857142857142856,1.1183673469387754,0.000592665979,-0.00016835899
1.0857142857142856,1.110204081632653,0.000592918402,-0.000169352939
1.0857142857142856,1.1020408163265305,0.000592490413,-0.000168960941
1.0857142857142856,1.0938775510204082,0.000593066177,-0.000169188972
1.0857142857142856,1.0857142857142856,0.000594074334,-0.000169998306
1.0857142857142856,1.0775510204081633,0.000592430518,-0.000169784051
1.0857142857142856,1.0693877551020408,0.000593009347,-0.000170133917
1.0857142857142856,1.0612244897959184,0.000593158941,-0.000169259235
1.0857142857142856,1.0530612244897959,0.000591240756,-0.000170126178
1.0857142857142856,1.0448979591836736,0.000590989866,-0.000169470279
1.0857142857142856,1.036734693877551,0.000591873156,-0.000171049222
1.0857142857142856,1.0285714285714285,0.000592088683,-0.00017104964
1.0857142857142856,1.0204081632653061,0.000591220056,-0.000170646691
1.0857142857142856,1.0122448979591836,0.000592407519,-0.000170588021
1.0857142857142856,1.0040816326530613,0.00059149088,-0.000170842257
1.0857142857142856,0.9959183673469387,0.000591948959,-0.00017074168
1.0857142857142856,0.9877551020408163,0.000592344364,-0.00017011693
1.0857142857142856,0.9795918367346939,0.000591170991,-0.000170266093
1.0857142857142856,0.9714285714285714,0.00059177282,-0.000169772875
1.0857142857142856,0.963265306122449,0.000592582318,-0.000170455428
1.0857142857142856,0.9551020408163265,0.000592955297,-0.000170172388
1.0857142857142856,0.9469387755102041,0.000592295106,-0.00017179022
1.0857142857142856,0.9387755102040816,0.000592775612,-0.000170746401
1.0857142857142856,0.9306122448979592,0.000592059839,-0.000170114585
1.0857142857142856,0.9224489795918367,0.000591806936,-0.00017133525
1.0857142857142856,0.9142857142857143,0.000591629357,-0.000170635934
1.0857142857142856,0.9061224489795918,0.000591379714,-0.000171487624
1.0857142857142856,0.8979591836734694,0.000591354221,-0.000170525691
1.0857142857142856,0.889795918367347,0.000591291261,-0.000171816874
1.0857142857142856,0.8816326530612244,0.000590914063,-0.000170578773
1.0857142857142856,0.8734693877551021,0.000590879181,-0.000170063206
1.0857142857142856,0.8653061224489795,0.000591223315,-0.000171156671
1.0857142857142856,0.8571428571428572,0.000591940335,-0.000170465737
1.0857142857142856,0.8489795918367347,0.000591230886,-0.000171133036
1.0857142857142856,0.8408163265306122,0.000590727094,-0.000170988401
1.0857142857142856,0.8326530612244898,0.000592046709,-0.000170553211
1.0857142857142856,0.8244897959183674,0.000591419868,-0.000170930374
1.0857142857142856,0.8163265306122449,0.000592627071,-0.000171131945
1.0857142857142856,0.8081632653061225,0.000591959309,-0.000169700655
1.0857142857142856,0.8,0.000593365078,-0.000170171746
1.0775510204081633,1.2,0.000590434517,-0.000170893188
1.0775510204081633,1.1918367346938774,0.000588679055,-0.000170770036
1.0775510204081633,1.183673469387755,0.000589956983,-0.000170889109
1.0775510204081633,1.1755102040816325,0.000590286456,-0.000170236646
1.0775510204081633,1.1673469387755102,0.00059062024,-0.000170327974
1.0775510204081633,1.1591836734693877,0.000590770794,-0.000170291879
1.0775510204081633,1.1510204081632653,0.000591075734,-0.000171307536
1.0775510204081633,1.1428571428571428,0.000590345584,-0.000169500786
1.0775510204081633,1.1346938775510205,0.000590054253,-0.000170405558
1.0775510204081633,1.126530612244898,0.000589777299,-0.000170418242
1.0775510204081633,1.1183673469387754,0.000589966853,-0.000170889751
1.0775510204081633,1.110204081632653,0.000590855415,-0.000170752855
1.0775510204081633,1.1020408163265305,0.00058990092,-0.000170835385
1.0775510204081633,1.0938775510204082,0.000591539371,-0.000171918511
1.0775510204081633,1.0857142857142856,0.000590702081,-0.000172273129
1.0775510204081633,1.0775510204081633,0.000590711952,-0.000170771127
1.0775510204081633,1.0693877551020408,0.00059097923,-0.000171097777
1.0775510204081633,1.0612244897959184,0.000590713198,-0.000171383835
1.0775510204081633,1.0530612244897959,0.000591916856,-0.000171686208
1.0775510204081633,1.0448979591836736,0.000591030787,-0.000171389841
1.0775510204081633,1.036734693877551,0.000591573488,-0.000172023839
1.0775510204081633,1.0285714285714285,0.000590899401,-0.000172280644
1.0775510204081633,1.0204081632653061,0.000591656096,-0.000171751974
1.0775510204081633,1.0122448979591836,0.000590757184,-0.000172667054
1.0775510204081633,1.0040816326530613,0.000591077266,-0.000172385523
1.0775510204081633,0.9959183673469387,0.000590582578,-0.000171348158
1.0775510204081633,0.9877551020408163,0.000588494578,-0.000172114943
1.0775510204081633,0.9795918367346939,0.000588496878,-0.000170624341
1.0775510204081633,0.9714285714285714,0.000587339699,-0.000172738184
1.0775510204081633,0.963265306122449,0.000587562317,-0.000172935901
1.0775510204081633,0.9551020408163265,0.000588644459,-0.000171860065
1.0775510204081633,0.9469387755102041,0.000589657602,-0.000171461195
1.0775510204081633,0.9387755102040816,0.000590254352,-0.000171950109
1.0775510204081633,0.9306122448979592,0.000591240756,-0.000171842018
1.0775510204081633,0.9224489795918367,0.000590643433,-0.000172693483
1.0775510204081633,0.9142857142857143,0.00058991453,-0.000172477076
1.0775510204081633,0.9061224489795918,0.000590988047,-0.00017224304
1.0775510204081633,0.8979591836734694,0.00059115307,-0.000171617005
1.0775510204081633,0.889795918367347,0.000591552787,-0.000172530576
1.0775510204081633,0.8816326530612244,0.00059120616,-0.000173220226
1.0775510204081633,0.8734693877551021,0.000590536579,-0.000171767646
1.0775510204081633,0.8653061224489795,0.00059071751,-0.000172978675
1.0775510204081633,0.8571428571428572,0.000590908985,-0.000173306834
1.0775510204081633,0.8489795918367347,0.000589809975,-0.000173174241
1.0775510204081633,0.8408163265306122,0.000591068449,-0.000173137921
1.0775510204081633,0.8326530612244898,0.000590353635,-0.000171870823
1.0775510204081633,0.8244897959183674,0.00059059724,-0.000172322775
1.0775510204081633,0.8163265306122449,0.000589859999,-0.000171875543
1.0775510204081633,0.8081632653061225,0.000590803377,-0.000171480751
1.0775510204081633,0.8,0.000590435763,-0.000172025766
1.0693877551020408,1.2,0.000589125731,-0.000170154983
1.0693877551020408,1.1918367346938774,0.000588986488,-0.000169802098
1.0693877551020408,1.183673469387755,0.000588126678,-0.000170467246
1.0693877551020408,1.1755102040816325,0.000587922074,-0.00016897491
1.0693877551020408,1.1673469387755102,0.000588717963,-0.000169352715
1.0693877551020408,1.1591836734693877,0.0005888367,-0.000169319414
1.0693877551020408,1.1510204081632653,0.000588915283,-0.000168956863
1.0693877551020408,1.1428571428571428,0.000589700535,-0.000169402361
1.0693877551020408,1.1346938775510205,0.000590228093,-0.000170059127
1.0693877551020408,1.126530612244898,0.000588817246,-0.00016988376
1.0693877551020408,1.1183673469387754,0.00058792332,-0.000168691228
1.0693877551020408,1.110204081632653,0.000588992619,-0.000169809837
1.0693877551020408,1.1020408163265305,0.000588986008,-0.000169626731
1.0693877551020408,1.0938775510204082,0.000589441788,-0.000169910414
1.0693877551020408,1.0857142857142856,0.000590161107,-0.000169852162
1.0693877551020408,1.0775510204081633,0.000589608537,-0.000170119948
1.0693877551020408,1.0693877551020408,0.000590135135,-0.00016942256
1.0693877551020408,1.0612244897959184,0.000590199536,-0.000169135023
1.0693877551020408,1.0530612244897959,0.000590206627,-0.000169621144
1.0693877551020408,1.0448979591836736,0.000589710885,-0.000169366908
1.0693877551020408,1.036734693877551,0.00059048962,-0.000169704958
1.0693877551020408,1.0285714285714285,0.00058977126,-0.000169222916
1.0693877551020408,1.0204081632653061,0.000589327363,-0.000169782124
1.0693877551020408,1.0122448979591836,0.000590526515,-0.000169302427
1.0693877551020408,1.0040816326530613,0.000589478203,-0.000169329304
1.0693877551020408,0.9959183673469387,0.000589309922,-0.000169709036
1.0693877551020408,0.9877551020408163,0.000588776519,-0.000169814782
1.0693877551020408,0.9795918367346939,0.000587599693,-0.000170712233
1.0693877551020408,0.9714285714285714,0.000588399607,-0.000168898835
1.0693877551020408,0.963265306122449,0.000588519111,-0.000170212368
1.0693877551020408,0.9551020408163265,0.000588886725,-0.000170255335
1.0693877551020408,0.9469387755102041,0.000587879907,-0.000169687552
1.0693877551020408,0.9387755102040816,0.000587355608,-0.000169448571
1.0693877551020408,0.9306122448979592,0.000588115368,-0.000169926534
1.0693877551020408,0.9224489795918367,0.00058857546,-0.000170882655
1.0693877551020408,0.9142857142857143,0.000589252326,-0.000170287576
1.0693877551020408,0.9061224489795918,0.000589175276,-0.000170180127
1.0693877551020408,0.8979591836734694,0.000589303311,-0.000169973162
1.0693877551020408,0.889795918367347,0.000588791467,-0.000169952096
1.0693877551020408,0.8816326530612244,0.000590182094,-0.000169236018
1.0693877551020408,0.8734693877551021,0.00058977078,-0.000169493496
1.0693877551020408,0.8653061224489795,0.000588243209,-0.000169888063
1.0693877551020408,0.8571428571428572,0.000588552941,-0.000168387122
1.0693877551020408,0.8489795918367347,0.000588897841,-0.000170615317
1.0693877551020408,0.8408163265306122,0.000588955723,-0.00016985001
1.0693877551020408,0.8326530612244898,0.000588026149,-0.00017029037
1.0693877551020408,0.8244897959183674,0.000587773246,-0.000170695695
1.0693877551020408,0.8163265306122449,0.0005889471,-0.000171077578
1.0693877551020408,0.8081632653061225,0.000588473878,-0.000171276804
1.0693877551020408,0.8,0.000589269481,-0.000171985786
1.0612244897959184,1.2,0.000586055926,-0.000170325405
1.0612244897959184,1.1918367346938774,0.000587563564,-0.000169593624
1.0612244897959184,1.183673469387755,0.000587281817,-0.000169372496
1.0612244897959184,1.1755102040816325,0.000588103005,-0.000169232806
1.0612244897959184,1.1673469387755102,0.000587064563,-0.000168859722
1.0612244897959184,1.1591836734693877,0.000587214157,-0.000169188105
1.0612244897959184,1.1510204081632653,0.000586627951,-0.00016825045
1.0612244897959184,1.1428571428571428,0.000587923607,-0.00016779914
1.0612244897959184,1.1346938775510205,0.00058744684,-0.000167323552
1.0612244897959184,1.126530612244898,0.000587925619,-0.000168761297
1.0612244897959184,1.1183673469387754,0.000587601419,-0.000168802337
1.0612244897959184,1.110204081632653,0.000588306363,-0.000168816306
1.0612244897959184,1.1020408163265305,0.000587720729,-0.000168899702
1.0612244897959184,1.0938775510204082,0.000587895049,-0.000170286934
1.0612244897959184,1.0857142857142856,0.000587473865,-0.000169896445
1.0612244897959184,1.0775510204081633,0.000588123705,-0.000168293866
1.0612244897959184,1.0693877551020408,0.000586235611,-0.000169568704
1.0612244897959184,1.0612244897959184,0.000588479916,-0.000169995737
1.0612244897959184,1.0530612244897959,0.000587263129,-0.000169151562
1.0612244897959184,1.0448979591836736,0.000588116134,-0.000168473311
1.0612244897959184,1.036734693877551,0.000588045889,-0.000169752452
1.0612244897959184,1.0285714285714285,0.000587034953,-0.00016967551
1.0612244897959184,1.0204081632653061,0.000586913723,-0.000168703687
1.0612244897959184,1.0122448979591836,0.000588077226,-0.000169246551
1.0612244897959184,1.0040816326530613,0.000588058539,-0.000169812406
1.0612244897959184,0.9959183673469387,0.000587688145,-0.000169424069
1.0612244897959184,0.9877551020408163,0.000587787908,-0.000169754604
1.0612244897959184,0.9795918367346939,0.000586783103,-0.000169210456
1.0612244897959184,0.9714285714285714,0.000587519097,-0.000168728189
1.0612244897959184,0.963265306122449,0.00058601098,-0.000169536687
1.0612244897959184,0.9551020408163265,0.000588019344,-0.000170965184
1.0612244897959184,0.9469387755102041,0.000588114315,-0.000170508286
1.0612244897959184,0.9387755102040816,0.000586729533,-0.000171465498
1.0612244897959184,0.9306122448979592,0.000588089589,-0.000170534715
1.0612244897959184,0.9224489795918367,0.000587632276,-0.000170091368
1.0612244897959184,0.9142857142857143,0.000586720715,-0.000170063848
1.0612244897959184,0.9061224489795918,0.000588182067,-0.000170414806
1.0612244897959184,0.8979591836734694,0.000587570655,-0.000169739125
1.0612244897959184,0.889795918367347,0.000588151497,-0.000170631855
1.0612244897959184,0.8816326530612244,0.000587905399,-0.000170234494
1.0612244897959184,0.8734693877551021,0.000587020577,-0.000170860529
1.0612244897959184,0.8653061224489795,0.000586931644,-0.000170016578
1.0612244897959184,0.8571428571428572,0.000587314973,-0.000171035253
1.0612244897959184,0.8489795918367347,0.000587291974,-0.000169741052
1.0612244897959184,0.8408163265306122,0.000588017045,-0.000168954711
1.0612244897959184,0.8326530612244898,0.000588461515,-0.00017057598
1.0612244897959184,0.8244897959183674,0.000587855661,-0.000170484009
1.0612244897959184,0.8163265306122449,0.000587181288,-0.000169797153
1.0612244897959184,0.8081632653061225,0.000587891503,-0.000170563938
1.0612244897959184,0.8,0.000587795479,-0.000171612927
1.0530612244897959,1.2,0.000588340192,-0.000169528724
1.0530612244897959,1.1918367346938774,0.000589834701,-0.000168524884
1.0530612244897959,1.183673469387755,0.000589258171,-0.000169519058
1.0530612244897959,1.1755102040816325,0.00058905376,-0.000170265868
1.0530612244897959,1.1673469387755102,0.000588280584,-0.000169485532
1.0530612244897959,1.1591836734693877,0.000587218663,-0.000170327974
1.0530612244897959,1.1510204081632653,0.000586806869,-0.000170032474
1.0530612244897959,1.1428571428571428,0.000586772753,-0.00016975547
1.0530612244897959,1.1346938775510205,0.000587211858,-0.000169814558
1.0530612244897959,1.126530612244898,0.000586063304,-0.000170178618
1.0530612244897959,1.1183673469387754,0.000587653743,-0.000170448332
1.0530612244897959,1.110204081632653,0.000587505968,-0.000171481394
1.0530612244897959,1.1020408163265305,0.000587464281,-0.000170077817
1.0530612244897959,1.0938775510204082,0.000587764909,-0.000169647797
1.0530612244897959,1.0857142857142856,0.000588559552,-0.000171519222
1.0530612244897959,1.0775510204081633,0.000589311168,-0.000169623071
1.0530612244897959,1.0693877551020408,0.00058835792,-0.000169225067
1.0530612244897959,1.0612244897959184,0.000588921321,-0.000170265226
1.0530612244897959,1.0530612244897959,0.000588983515,-0.00017029037
1.0530612244897959,1.0448979591836736,0.000589355634,-0.000170183339
1.0530612244897959,1.036734693877551,0.000589990047,-0.000170090726
1.0530612244897959,1.0285714285714285,0.000590706107,-0.000169663051
1.0530612244897959,1.0204081632653061,0.000590166666,-0.000171209753
1.0530612244897959,1.0122448979591836,0.000589932737,-0.000170096731
1.0530612244897959,1.0040816326530613,0.000589185626,-0.000170817337
1.0530612244897959,0.9959183673469387,0.000588634302,-0.000170916405
1.0530612244897959,0.9877551020408163,0.000589155822,-0.000170067509
1.0530612244897959,0.9795918367346939,0.00059075182,-0.00017092758
1.0530612244897959,0.9714285714285714,0.00058967447,-0.000170683653
1.0530612244897959,0.963265306122449,0.00058933848,-0.000171406828
1.0530612244897959,0.9551020408163265,0.000589301104,-0.000170293388
1.0530612244897959,0.9469387755102041,0.000589432204,-0.000171143345
1.0530612244897959,0.9387755102040816,0.000589804417,-0.000170202478
1.0530612244897959,0.9306122448979592,0.000589604798,-0.000170341943
1.0530612244897959,0.9224489795918367,0.000589767041,-0.000171462704
1.0530612244897959,0.9142857142857143,0.000588963008,-0.000169922231
1.0530612244897959,0.9061224489795918,0.00059032661,-0.000170390947
1.0530612244897959,0.8979591836734694,0.000590332455,-0.000170507001
1.0530612244897959,0.889795918367347,0.00058998784,-0.000170542678
1.0530612244897959,0.8816326530612244,0.000589654056,-0.000170307357
1.0530612244897959,0.8734693877551021,0.000589932451,-0.000170232985
1.0530612244897959,0.8653061224489795,0.000588940009,-0.000171086184
1.0530612244897959,0.8571428571428572,0.000588832388,-0.000169623295
1.0530612244897959,0.8489795918367347,0.000589991866,-0.00016896245
1.0530612244897959,0.8408163265306122,0.000589041111,-0.00016955345
1.0530612244897959,0.8326530612244898,0.000590067669,-0.000170188509
1.0530612244897959,0.8244897959183674,0.000589352662,-0.000169961344
1.0530612244897959,0.8163265306122449,0.000590133602,-0.00016946726
1.0530612244897959,0.8081632653061225,0.000590107824,-0.000170005403
1.0530612244897959,0.8,0.000589528708,-0.000170807222
1.0448979591836736,1.2,0.000590556033,-0.000170771127
1.0448979591836736,1.1918367346938774,0.00059148762,-0.000171504387
1.0448979591836736,1.183673469387755,0.000590977217,-0.000171243279
1.0448979591836736,1.1755102040816325,0.000591382013,-0.000170703434
1.0448979591836736,1.1673469387755102,0.000590771274,-0.000171453456
1.0448979591836736,1.1591836734693877,0.000591746561,-0.000171716297
1.0448979591836736,1.1510204081632653,0.000591393609,-0.000171563505
1.0448979591836736,1.1428571428571428,0.000590972425,-0.000171737556
1.0448979591836736,1.1346938775510205,0.000590524216,-0.000171793657
1.0448979591836736,1.126530612244898,0.000590238157,-0.000171863084
1.0448979591836736,1.1183673469387754,0.000590485308,-0.000172158584
1.0448979591836736,1.110204081632653,0.000590753639,-0.000172279359
1.0448979591836736,1.1020408163265305,0.000592198316,-0.000171967739
1.0448979591836736,1.0938775510204082,0.000590832221,-0.00017168685
1.0448979591836736,1.0857142857142856,0.000591628591,-0.000171615078
1.0448979591836736,1.0775510204081633,0.000591606357,-0.000170512589
1.0448979591836736,1.0693877551020408,0.000591975504,-0.000170248463
1.0448979591836736,1.0612244897959184,0.000591517905,-0.000170862038
1.0448979591836736,1.0530612244897959,0.000592322325,-0.000171197293
1.0448979591836736,1.0448979591836736,0.000593274133,-0.000173075591
1.0448979591836736,1.036734693877551,0.000592321845,-0.00017076554
1.0448979591836736,1.0285714285714285,0.000592666266,-0.000171824613
1.0448979591836736,1.0204081632653061,0.000592516192,-0.000171369
1.0448979591836736,1.0122448979591836,0.000591835494,-0.000170421036
1.0448979591836736,1.0040816326530613,0.000592351936,-0.000171209753
1.0448979591836736,0.9959183673469387,0.00059121651,-0.000171767228
1.0448979591836736,0.9877551020408163,0.000592060411,-0.000170202478
1.0448979591836736,0.9795918367346939,0.000592885532,-0.000170630795
1.0448979591836736,0.9714285714285714,0.000593626605,-0.000170601348
1.0448979591836736,0.963265306122449,0.00059171829,-0.000171367491
1.0448979591836736,0.9551020408163265,0.000592410778,-0.000171540064
1.0448979591836736,0.9469387755102041,0.000592017385,-0.000170371166
1.0448979591836736,0.9387755102040816,0.000592537372,-0.000171144629
1.0448979591836736,0.9306122448979592,0.000592809249,-0.000171376514
1.0448979591836736,0.9224489795918367,0.000592173304,-0.000171608848
1.0448979591836736,0.9142857142857143,0.000592893103,-0.000171869956
1.0448979591836736,0.9061224489795918,0.000593248641,-0.000171420797
1.0448979591836736,0.8979591836734694,0.000592095201,-0.000170266735
1.0448979591836736,0.889795918367347,0.000592685433,-0.000171529755
1.0448979591836736,0.8816326530612244,0.000590531787,-0.000171446808
1.0448979591836736,0.8734693877551021,0.000590996958,-0.000172199848
1.0448979591836736,0.8653061224489795,0.00058995727,-0.000172095835
1.0448979591836736,0.8571428571428572,0.000590130823,-0.000172785261
1.0448979591836736,0.8489795918367347,0.000589447153,-0.000172534461
1.0448979591836736,0.8408163265306122,0.000590093928,-0.000171418646
1.0448979591836736,0.8326530612244898,0.000590690965,-0.000171270574
1.0448979591836736,0.8244897959183674,0.000589567136,-0.000171447226
1.0448979591836736,0.8163265306122449,0.000589298805,-0.000171485697
1.0448979591836736,0.8081632653061225,0.000589862492,-0.000170799065
1.0448979591836736,0.8,0.000590625992,-0.000171687717
1.036734693877551,1.2,0.00059082513,-0.000174005732
1.036734693877551,1.1918367346938774,0.000591210666,-0.000173349383
1.036734693877551,1.183673469387755,0.000590818806,-0.000173568808
1.036734693877551,1.1755102040816325,0.000590754599,-0.000172390244
1.036734693877551,1.1673469387755102,0.000590348077,-0.000171708782
1.036734693877551,1.1591836734693877,0.000589867571,-0.00017395371
1.036734693877551,1.1510204081632653,0.000590007294,-0.000173074306
1.036734693877551,1.1428571428571428,0.000590623785,-0.000172960403
1.036734693877551,1.1346938775510205,0.000590661927,-0.000172847366
1.036734693877551,1.126530612244898,0.000590504475,-0.00017241131
1.036734693877551,1.1183673469387754,0.000590069682,-0.000172547339
1.036734693877551,1.110204081632653,0.000589061525,-0.000171839866
1.036734693877551,1.1020408163265305,0.000588818012,-0.000171230819
1.036734693877551,1.0938775510204082,0.00058907446,-0.000171340419
1.036734693877551,1.0857142857142856,0.000589800105,-0.000173114286
1.036734693877551,1.0775510204081633,0.000588779104,-0.000171662573
1.036734693877551,1.0693877551020408,0.0005888597,-0.000171879846
1.036734693877551,1.0612244897959184,0.000589550175,-0.000171529755
1.036734693877551,1.0530612244897959,0.000589421374,-0.000173425682
1.036734693877551,1.0448979591836736,0.000588675796,-0.000172380996
1.036734693877551,1.036734693877551,0.000589464308,-0.000172471489
1.036734693877551,1.0285714285714285,0.000590850623,-0.000172869717
1.036734693877551,1.0204081632653061,0.000590452438,-0.000173294374
1.036734693877551,1.0122448979591836,0.000590171744,-0.000172971578
1.036734693877551,1.0040816326530613,0.000590968113,-0.000172377784
1.036734693877551,0.9959183673469387,0.000590496904,-0.000171998022
1.036734693877551,0.9877551020408163,0.000590521437,-0.000172369179
1.036734693877551,0.9795918367346939,0.00059058689,-0.000171564147
1.036734693877551,0.9714285714285714,0.000590737444,-0.000172550357
1.036734693877551,0.963265306122449,0.000592135928,-0.000171824613
1.036734693877551,0.9551020408163265,0.000591952505,-0.000172332217
1.036734693877551,0.9469387755102041,0.000592146759,-0.00017196366
1.036734693877551,0.9387755102040816,0.00059180569,-0.000172890783
1.036734693877551,0.9306122448979592,0.000593809262,-0.000172808896
1.036734693877551,0.9224489795918367,0.000592541398,-0.00017292752
1.036734693877551,0.9142857142857143,0.000591716757,-0.000172289668
1.036734693877551,0.9061224489795918,0.000592077566,-0.000172503505
1.036734693877551,0.8979591836734694,0.000592038658,-0.000172979093
1.036734693877551,0.889795918367347,0.000592167265,-0.000173055616
1.036734693877551,0.8816326530612244,0.000591843831,-0.0001736795
1.036734693877551,0.8734693877551021,0.000591984322,-0.000174405887
1.036734693877551,0.8653061224489795,0.000592581645,-0.000173541737
1.036734693877551,0.8571428571428572,0.000592367364,-0.000174086527
1.036734693877551,0.8489795918367347,0.000592461569,-0.000173885374
1.036734693877551,0.8408163265306122,0.000591982309,-0.000173663155
1.036734693877551,0.8326530612244898,0.000592167745,-0.000173567941
1.036734693877551,0.8244897959183674,0.000592032333,-0.000172108071
1.036734693877551,0.8163265306122449,0.00059202371,-0.000172998874
1.036734693877551,0.8081632653061225,0.000591785949,-0.00017369668
1.036734693877551,0.8,0.000591464621,-0.000174465199
1.0285714285714285,1.2,0.000591776652,-0.000174187971
1.0285714285714285,1.1918367346938774,0.000592615955,-0.000174236107
1.0285714285714285,1.183673469387755,0.000592382506,-0.000174809478
1.0285714285714285,1.1755102040816325,0.000592132383,-0.000175995139
1.0285714285714285,1.1673469387755102,0.000591966114,-0.000176912819
1.0285714285714285,1.1591836734693877,0.000591770807,-0.000176568734
1.0285714285714285,1.1510204081632653,0.000591848143,-0.000175232208
1.0285714285714285,1.1428571428571428,0.000592044696,-0.00017482152
1.0285714285714285,1.1346938775510205,0.000592479776,-0.000175895429
1.0285714285714285,1.126530612244898,0.000592475464,-0.000175803009
1.0285714285714285,1.1183673469387754,0.000591867117,-0.000176920752
1.0285714285714285,1.110204081632653,0.000591305157,-0.000176939248
1.0285714285714285,1.1020408163265305,0.00059237139,-0.000176339642
1.0285714285714285,1.0938775510204082,0.000590985555,-0.000175806027
1.0285714285714285,1.0857142857142856,0.000591124032,-0.000175599929
1.0285714285714285,1.0775510204081633,0.00059237139,-0.000175211367
1.0285714285714285,1.0693877551020408,0.000592678629,-0.000175576712
1.0285714285714285,1.0612244897959184,0.00059245783,-0.000175755097
1.0285714285714285,1.0530612244897959,0.000592355481,-0.000175852655
1.0285714285714285,1.0448979591836736,0.000592636941,-0.000174806909
1.0285714285714285,1.036734693877551,0.000591496438,-0.000176079819
1.0285714285714285,1.0285714285714285,0.000592020451,-0.00017525671
1.0285714285714285,1.0204081632653061,0.000592199562,-0.000174863427
1.0285714285714285,1.0122448979591836,0.000591963621,-0.000174530741
1.0285714285714285,1.0040816326530613,0.000592035113,-0.000174216551
1.0285714285714285,0.9959183673469387,0.000592061371,-0.000174124356
1.0285714285714285,0.9877551020408163,0.000592205407,-0.000173976284
1.0285714285714285,0.9795918367346939,0.000591949439,-0.000175820639
1.0285714285714285,0.9714285714285714,0.000591621979,-0.000173419228
1.0285714285714285,0.963265306122449,0.000591574734,-0.000174434243
1.0285714285714285,0.9551020408163265,0.000591987387,-0.00017598117
1.0285714285714285,0.9469387755102041,0.00059006489,-0.000175373407
1.0285714285714285,0.9387755102040816,0.00059049058,-0.000173862381
1.0285714285714285,0.9306122448979592,0.000589388024,-0.000174760056
1.0285714285714285,0.9224489795918367,0.000589543657,-0.000175597777
1.0285714285714285,0.9142857142857143,0.000590601552,-0.000174897819
1.0285714285714285,0.9061224489795918,0.000591155369,-0.000175283139
1.0285714285714285,0.8979591836734694,0.000590599253,-0.00017554598
1.0285714285714285,0.889795918367347,0.000592481789,-0.000176030173
1.0285714285714285,0.8816326530612244,0.000590644966,-0.000176693812
1.0285714285714285,0.8734693877551021,0.000591355948,-0.000175783677
1.0285714285714285,0.8653061224489795,0.000590760444,-0.000176111836
1.0285714285714285,0.8571428571428572,0.00059083874,-0.000175311943
1.0285714285714285,0.8489795918367347,0.000590822351,-0.000175820414
1.0285714285714285,0.8408163265306122,0.000590584591,-0.000175370837
1.0285714285714285,0.8326530612244898,0.000589491333,-0.000175643763
1.0285714285714285,0.8244897959183674,0.000591328443,-0.000175388885
1.0285714285714285,0.8163265306122449,0.000591458296,-0.00017492017
1.0285714285714285,0.8081632653061225,0.000593123579,-0.000175890901
1.0285714285714285,0.8,0.000591800131,-0.000175405648
1.0204081632653061,1.2,0.000589368284,-0.000173181337
1.0204081632653061,1.1918367346938774,0.000589658082,-0.000172514038
1.0204081632653061,1.183673469387755,0.000590178069,-0.000172073261
1.0204081632653061,1.1755102040816325,0.000589308195,-0.000172050686
1.0204081632653061,1.1673469387755102,0.000589394542,-0.00017238122
1.0204081632653061,1.1591836734693877,0.000589032773,-0.000172440533
1.0204081632653061,1.1510204081632653,0.00058944562,-0.000171747896
1.0204081632653061,1.1428571428571428,0.000589521137,-0.000173126104
1.0204081632653061,1.1346938775510205,0.000589877154,-0.000173496169
1.0204081632653061,1.126530612244898,0.000590634135,-0.000172480512
1.0204081632653061,1.1183673469387754,0.000590137628,-0.00017297739
1.0204081632653061,1.110204081632653,0.000591806936,-0.000172383372
1.0204081632653061,1.1020408163265305,0.000590719523,-0.000172860051
1.0204081632653061,1.0938775510204082,0.000591517905,-0.00017353464
1.0204081632653061,1.0857142857142856,0.000591807702,-0.000174159808
1.0204081632653061,1.0775510204081633,0.000589763976,-0.000172653952
1.0204081632653061,1.0693877551020408,0.000591117421,-0.000174095775
1.0204081632653061,1.0612244897959184,0.000590211132,-0.000173595461
1.0204081632653061,1.0530612244897959,0.000591062124,-0.00017563323
1.0204081632653061,1.0448979591836736,0.000590830402,-0.000175815469
1.0204081632653061,1.036734693877551,0.000591548955,-0.000175161945
1.0204081632653061,1.0285714285714285,0.000590319519,-0.000175660301
1.0204081632653061,1.0204081632653061,0.000591441621,-0.000175655805
1.0204081632653061,1.0122448979591836,0.000591895389,-0.000174543425
1.0204081632653061,1.0040816326530613,0.000591063371,-0.00017466571
1.0204081632653061,0.9959183673469387,0.000590789961,-0.000175627867
1.0204081632653061,0.9877551020408163,0.000589757651,-0.000174658195
1.0204081632653061,0.9795918367346939,0.000591510334,-0.000175130989
1.0204081632653061,0.9714285714285714,0.000590831455,-0.000175331724
1.0204081632653061,0.963265306122449,0.000590904479,-0.000173083972
1.0204081632653061,0.9551020408163265,0.000592301431,-0.000174395996
1.0204081632653061,0.9469387755102041,0.000591079279,-0.000174470786
1.0204081632653061,0.9387755102040816,0.000591543683,-0.000173768677
1.0204081632653061,0.9306122448979592,0.000590923933,-0.000173338432
1.0204081632653061,0.9224489795918367,0.00059081478,-0.000173437275
1.0204081632653061,0.9142857142857143,0.000590836247,-0.000174190764
1.0204081632653061,0.9061224489795918,0.000591709186,-0.000174414492
1.0204081632653061,0.8979591836734694,0.00059135748,-0.000173986817
1.0204081632653061,0.889795918367347,0.000590384206,-0.000175369746
1.0204081632653061,0.8816326530612244,0.000591948193,-0.000174441339
1.0204081632653061,0.8734693877551021,0.000591393129,-0.000174778971
1.0204081632653061,0.8653061224489795,0.0005914881,-0.000175279702
1.0204081632653061,0.8571428571428572,0.000590841805,-0.000175656865
1.0204081632653061,0.8489795918367347,0.000592469713,-0.000175610237
1.0204081632653061,0.8408163265306122,0.000590672757,-0.000176118066
1.0204081632653061,0.8326530612244898,0.000592065683,-0.000175193737
1.0204081632653061,0.8244897959183674,0.00059219525,-0.00017599106
1.0204081632653061,0.8163265306122449,0.000591916856,-0.000175887465
1.0204081632653061,0.8081632653061225,0.000591528541,-0.000175712965
1.0204081632653061,0.8,0.000591543683,-0.000175682876
1.0122448979591836,1.2,0.000590798872,-0.000172773219
1.0122448979591836,1.1918367346938774,0.000590448892,-0.000172171043
1.0122448979591836,1.183673469387755,0.000589986021,-0.000173118365
1.0122448979591836,1.1755102040816325,0.000591969659,-0.000171955921
1.0122448979591836,1.1673469387755102,0.00059194618,-0.000172610536
1.0122448979591836,1.1591836734693877,0.000591987101,-0.000173343153
1.0122448979591836,1.1510204081632653,0.000591532567,-0.000172489536
1.0122448979591836,1.1428571428571428,0.000590928725,-0.000173016279
1.0122448979591836,1.1346938775510205,0.000590722015,-0.000172743129
1.0122448979591836,1.126530612244898,0.000590145199,-0.000171952261
1.0122448979591836,1.1183673469387754,0.000590097187,-0.000171598733
1.0122448979591836,1.110204081632653,0.000591000217,-0.000172961912
1.0122448979591836,1.1020408163265305,0.000592105071,-0.000173226038
1.0122448979591836,1.0938775510204082,0.000591515125,-0.000173295016
1.0122448979591836,1.0857142857142856,0.000591688486,-0.000172597852
1.0122448979591836,1.0775510204081633,0.000591134862,-0.000172351131
1.0122448979591836,1.0693877551020408,0.000592210965,-0.000172777297
1.0122448979591836,1.0612244897959184,0.000591204627,-0.000172004058
1.0122448979591836,1.0530612244897959,0.000591624279,-0.000172157074
1.0122448979591836,1.0448979591836736,0.000592343885,-0.000172651801
1.0122448979591836,1.036734693877551,0.000591912544,-0.000173414283
1.0122448979591836,1.0285714285714285,0.00059202323,-0.000172828452
1.0122448979591836,1.0204081632653061,0.000590964374,-0.000172504148
1.0122448979591836,1.0122448979591836,0.000590611616,-0.00017259204
1.0122448979591836,1.0040816326530613,0.000590264702,-0.000173454487
1.0122448979591836,0.9959183673469387,0.000590303417,-0.00017362083
1.0122448979591836,0.9877551020408163,0.000590785456,-0.000173599764
1.0122448979591836,0.9795918367346939,0.000590853688,-0.000174325284
1.0122448979591836,0.9714285714285714,0.000591748094,-0.000173722467
1.0122448979591836,0.963265306122449,0.000591800898,-0.000173371958
1.0122448979591836,0.9551020408163265,0.000592478244,-0.000173330693
1.0122448979591836,0.9469387755102041,0.000593200342,-0.000173984023
1.0122448979591836,0.9387755102040816,0.000592848157,-0.000173977569
1.0122448979591836,0.9306122448979592,0.000592682174,-0.000173028321
1.0122448979591836,0.9224489795918367,0.000592486581,-0.000172679514
1.0122448979591836,0.9142857142857143,0.000592162667,-0.000173173374
1.0122448979591836,0.9061224489795918,0.000592206653,-0.000172681666
1.0122448979591836,0.8979591836734694,0.000592611163,-0.000172653085
1.0122448979591836,0.889795918367347,0.00059177186,-0.000173305773
1.0122448979591836,0.8816326530612244,0.000592559125,-0.000172653085
1.0122448979591836,0.8734693877551021,0.000590913583,-0.000171603036
1.0122448979591836,0.8653061224489795,0.000591704874,-0.000172569914
1.0122448979591836,0.8571428571428572,0.000590902946,-0.000172983396
1.0122448979591836,0.8489795918367347,0.000592919648,-0.000172776655
1.0122448979591836,0.8408163265306122,0.000592413557,-0.00017434635
1.0122448979591836,0.8326530612244898,0.000592044216,-0.000173198742
1.0122448979591836,0.8244897959183674,0.000592554047,-0.000173509078
1.0122448979591836,0.8163265306122449,0.000591596487,-0.00017363695
1.0122448979591836,0.8081632653061225,0.00059126021,-0.000173446106
1.0122448979591836,0.8,0.00059204297,-0.000173603843
1.0040816326530613,1.2,0.000592740536,-0.000173673463
1.0040816326530613,1.1918367346938774,0.000591613162,-0.000174037106
1.0040816326530613,1.183673469387755,0.000592068176,-0.000173711292
1.0040816326530613,1.1755102040816325,0.000591752599,-0.000172893352
1.0040816326530613,1.1673469387755102,0.000591901427,-0.000173408277
1.0040816326530613,1.1591836734693877,0.000591833195,-0.000173561936
1.0040816326530613,1.1510204081632653,0.000592045943,-0.000172472773
1.0040816326530613,1.1428571428571428,0.000590830689,-0.000172533595
1.0040816326530613,1.1346938775510205,0.000591375402,-0.000173026812
1.0040816326530613,1.126530612244898,0.000591828689,-0.000171949467
1.0040816326530613,1.1183673469387754,0.000590314727,-0.0001721906
1.0040816326530613,1.110204081632653,0.00059203406,-0.000172919138
1.0040816326530613,1.1020408163265305,0.000591302377,-0.000172439248
1.0040816326530613,1.0938775510204082,0.000592197836,-0.000171707916
1.0040816326530613,1.0857142857142856,0.000591734678,-0.000171920887
1.0040816326530613,1.0775510204081633,0.000592747055,-0.000171609908
1.0040816326530613,1.0693877551020408,0.000590735431,-0.000172117319
1.0040816326530613,1.0612244897959184,0.000591909571,-0.000171679111
1.0040816326530613,1.0530612244897959,0.000590525749,-0.000171133678
1.0040816326530613,1.0448979591836736,0.000591677082,-0.000171898761
1.0040816326530613,1.036734693877551,0.000593182707,-0.000172994571
1.0040816326530613,1.0285714285714285,0.000592492712,-0.000172253348
1.0040816326530613,1.0204081632653061,0.000592764016,-0.000172086587
1.0040816326530613,1.0122448979591836,0.000593021997,-0.000171312706
1.0040816326530613,1.0040816326530613,0.000594705201,-0.000171417779
1.0040816326530613,0.9959183673469387,0.00059512006,-0.000171883925
1.0040816326530613,0.9877551020408163,0.00059422872,-0.000172114525
1.0040816326530613,0.9795918367346939,0.000594099826,-0.000171644719
1.0040816326530613,0.9714285714285714,0.000594555607,-0.000171592503
1.0040816326530613,0.963265306122449,0.000593648071,-0.000172151487
1.0040816326530613,0.9551020408163265,0.000594130397,-0.000172707452
1.0040816326530613,0.9469387755102041,0.000595464674,-0.000172024033
1.0040816326530613,0.9387755102040816,0.000594531647,-0.00017241754
1.0040816326530613,0.9306122448979592,0.000593917362,-0.000172554018
1.0040816326530613,0.9224489795918367,0.000594054307,-0.000173142
1.0040816326530613,0.9142857142857143,0.000594589243,-0.0001728465
1.0040816326530613,0.9061224489795918,0.000594862846,-0.000172364458
1.0040816326530613,0.8979591836734694,0.000593936336,-0.000173085481
1.0040816326530613,0.889795918367347,0.00059445757,-0.000172577429
1.0040816326530613,0.8816326530612244,0.00059514354,-0.000172537897
1.0040816326530613,0.8734693877551021,0.000593298665,-0.00017114206
1.0040816326530613,0.8653061224489795,0.000593908545,-0.000171666651
1.0040816326530613,0.8571428571428572,0.000594237537,-0.000171294852
1.0040816326530613,0.8489795918367347,0.000595196343,-0.000171701461
1.0040816326530613,0.8408163265306122,0.000593881233,-0.000172685102
1.0040816326530613,0.8326530612244898,0.000594011373,-0.000172986832
1.0040816326530613,0.8244897959183674,0.000594701369,-0.000172239604
1.0040816326530613,0.8163265306122449,0.000594059385,-0.000171673748
1.0040816326530613,0.8081632653061225,0.00059452149,-0.000172236585
1.0040816326530613,0.8,0.000595257771,-0.00017148483
0.9959183673469387,1.2,0.000593378014,-0.000172994795
0.9959183673469387,1.1918367346938774,0.000592292807,-0.000172824792
0.9959183673469387,1.183673469387755,0.000593043463,-0.000173950498
0.9959183673469387,1.1755102040816325,0.000592746288,-0.000173341226
0.9959183673469387,1.1673469387755102,0.000592907765,-0.000172870135
0.9959183673469387,1.1591836734693877,0.000593806963,-0.000173456414
0.9959183673469387,1.1510204081632653,0.000593895896,-0.00017370185
0.9959183673469387,1.1428571428571428,0.000593619034,-0.000173814662
0.9959183673469387,1.1346938775510205,0.000593986648,-0.000173344438
0.9959183673469387,1.126530612244898,0.000592875468,-0.000173824777
0.9959183673469387,1.1183673469387754,0.000592285716,-0.000174228368
0.9959183673469387,1.110204081632653,0.000591854948,-0.00017262579
0.9959183673469387,1.1020408163265305,0.000592969673,-0.000174381609
0.9959183673469387,1.0938775510204082,0.000593429285,-0.000172985547
0.9959183673469387,1.0857142857142856,0.000592945907,-0.000173076233
0.9959183673469387,1.0775510204081633,0.000592935077,-0.000172520268
0.9959183673469387,1.0693877551020408,0.000591581825,-0.000172308582
0.9959183673469387,1.0612244897959184,0.000592137175,-0.000172614615
0.9959183673469387,1.0530612244897959,0.000592746861,-0.000171813213
0.9959183673469387,1.0448979591836736,0.000592763249,-0.000172434303
0.9959183673469387,1.036734693877551,0.000591194757,-0.000172341465
0.9959183673469387,1.0285714285714285,0.000591486088,-0.000172517474
0.9959183673469387,1.0204081632653061,0.000589623965,-0.000173346589
0.9959183673469387,1.0122448979591836,0.000591274872,-0.000172261954
0.9959183673469387,1.0040816326530613,0.000591344351,-0.000173394308
0.9959183673469387,0.9959183673469387,0.000591823131,-0.000173629211
0.9959183673469387,0.9877551020408163,0.000592092422,-0.000174477016
0.9959183673469387,0.9795918367346939,0.000591876415,-0.000172825434
0.9959183673469387,0.9714285714285714,0.000592388831,-0.00017348737
0.9959183673469387,0.963265306122449,0.000592935557,-0.000173246237
0.9959183673469387,0.9551020408163265,0.000592584618,-0.000172575502
0.9959183673469387,0.9469387755102041,0.00059241183,-0.000173503042
0.9959183673469387,0.9387755102040816,0.000592585384,-0.000172714325
0.9959183673469387,0.9306122448979592,0.000592090696,-0.000172869075
0.9959183673469387,0.9224489795918367,0.000592581838,-0.000172795987
0.9959183673469387,0.9142857142857143,0.000593272406,-0.000173150381
0.9959183673469387,0.9061224489795918,0.000592671538,-0.000173651337
0.9959183673469387,0.8979591836734694,0.000591891077,-0.000173936529
0.9959183673469387,0.889795918367347,0.000591936596,-0.000173417943
0.9959183673469387,0.8816326530612244,0.000593366325,-0.000172998231
0.9959183673469387,0.8734693877551021,0.000592643746,-0.000173207542
0.9959183673469387,0.8653061224489795,0.000592096254,-0.000173775773
0.9959183673469387,0.8571428571428572,0.00059357706,-0.000172499427
0.9959183673469387,0.8489795918367347,0.000593450466,-0.000173217657
0.9959183673469387,0.8408163265306122,0.000592859753,-0.000173872272
0.9959183673469387,0.8326530612244898,0.000591696823,-0.000171985786
0.9959183673469387,0.8244897959183674,0.000592934597,-0.000173150381
0.9959183673469387,0.8163265306122449,0.00059245553,-0.000173426325
0.9959183673469387,0.8081632653061225,0.000592441921,-0.000173812511
0.9959183673469387,0.8,0.000592813754,-0.000173909876
0.9877551020408163,1.2,0.000596317393,-0.000172941489
0.9877551020408163,1.1918367346938774,0.000595908858,-0.000172857899
0.9877551020408163,1.183673469387755,0.000596213798,-0.000172527365
0.9877551020408163,1.1755102040816325,0.000597250227,-0.000171628823
0.9877551020408163,1.1673469387755102,0.000596781797,-0.000172148275
0.9877551020408163,1.1591836734693877,0.000596946053,-0.000171980423
0.9877551020408163,1.1510204081632653,0.000596681268,-0.000172448272
0.9877551020408163,1.1428571428571428,0.000597668152,-0.000172031354
0.9877551020408163,1.1346938775510205,0.000596196357,-0.000172440757
0.9877551020408163,1.126530612244898,0.000596018778,-0.000172541334
0.9877551020408163,1.1183673469387754,0.0005965771,-0.000173016697
0.9877551020408163,1.110204081632653,0.000596662294,-0.000172180934
0.9877551020408163,1.1020408163265305,0.00059705492,-0.000172018251
0.9877551020408163,1.0938775510204082,0.000596575087,-0.000172193394
0.9877551020408163,1.0857142857142856,0.000596748447,-0.000173557633
0.9877551020408163,1.0775510204081633,0.000595954091,-0.00017289637
0.9877551020408163,1.0693877551020408,0.00059630503,-0.000171602394
0.9877551020408163,1.0612244897959184,0.000595983415,-0.000171633126
0.9877551020408163,1.0530612244897959,0.000597090283,-0.000173707856
0.9877551020408163,1.0448979591836736,0.000595529361,-0.000172047474
0.9877551020408163,1.036734693877551,0.000595799705,-0.00017209346
0.9877551020408163,1.0285714285714285,0.000595466974,-0.000173236346
0.9877551020408163,1.0204081632653061,0.000595296393,-0.000172466543
0.9877551020408163,1.0122448979591836,0.000595172864,-0.000172613106
0.9877551020408163,1.0040816326530613,0.000594365378,-0.000172806744
0.9877551020408163,0.9959183673469387,0.00059671711,-0.00017195743
0.9877551020408163,0.9877551020408163,0.000595689785,-0.000173507987
0.9877551020408163,0.9795918367346939,0.000596731486,-0.000172826301
0.9877551020408163,0.9714285714285714,0.000596085957,-0.000172957609
0.9877551020408163,0.963265306122449,0.000596368471,-0.00017250479
0.9877551020408163,0.9551020408163265,0.000597036999,-0.000172233149
0.9877551020408163,0.9469387755102041,0.000596841886,-0.000172774085
0.9877551020408163,0.9387755102040816,0.000597260577,-0.000172385523
0.9877551020408163,0.9306122448979592,0.000597043997,-0.000172660825
0.9877551020408163,0.9224489795918367,0.000597447546,-0.000173518744
0.9877551020408163,0.9142857142857143,0.000595895729,-0.000174102648
0.9877551020408163,0.9061224489795918,0.000596396742,-0.000173008764
0.9877551020408163,0.8979591836734694,0.000596526596,-0.000172244324
0.9877551020408163,0.889795918367347,0.000597584491,-0.000172723573
0.9877551020408163,0.8816326530612244,0.000596164346,-0.000173042708
0.9877551020408163,0.8734693877551021,0.000595888638,-0.00017373666
0.9877551020408163,0.8653061224489795,0.00059501244,-0.000173629854
0.9877551020408163,0.8571428571428572,0.000594144486,-0.000172987699
0.9877551020408163,0.8489795918367347,0.000595081632,-0.000172451065
0.9877551020408163,0.8408163265306122,0.000594860833,-0.000173755575
0.9877551020408163,0.8326530612244898,0.00059484847,-0.000172774728
0.9877551020408163,0.8244897959183674,0.000594834574,-0.00017253854
0.9877551020408163,0.8163265306122449,0.000595119294,-0.000174291983
0.9877551020408163,0.8081632653061225,0.000595149384,-0.000173042065
0.9877551020408163,0.8,0.000595410338,-0.000172749584
0.9795918367346939,1.2,0.000594547556,-0.000171415852
0.9795918367346939,1.1918367346938774,0.000594768835,-0.000172220047
0.9795918367346939,1.183673469387755,0.000594628344,-0.000172309449
0.9795918367346939,1.1755102040816325,0.000593939882,-0.000172182443
0.9795918367346939,1.1673469387755102,0.000594388091,-0.00017217448
0.9795918367346939,1.1591836734693877,0.000594078839,-0.00017226022
0.9795918367346939,1.1510204081632653,0.000595616568,-0.000171423366
0.9795918367346939,1.1428571428571428,0.000595193084,-0.000171499666
0.9795918367346939,1.1346938775510205,0.000593655643,-0.000172233792
0.9795918367346939,1.126530612244898,0.000593393923,-0.000172701865
0.9795918367346939,1.1183673469387754,0.000594456324,-0.000173103978
0.9795918367346939,1.110204081632653,0.000594091969,-0.00017241754
0.9795918367346939,1.1020408163265305,0.000594169591,-0.000172007494
0.9795918367346939,1.0938775510204082,0.000593290041,-0.000171619157
0.9795918367346939,1.0857142857142856,0.000594311042,-0.000172462883
0.9795918367346939,1.0775510204081633,0.000594052101,-0.000172386808
0.9795918367346939,1.0693877551020408,0.000593371883,-0.00017226173
0.9795918367346939,1.0612244897959184,0.000594177642,-0.000172277208
0.9795918367346939,1.0530612244897959,0.000595206214,-0.000171425742
0.9795918367346939,1.0448979591836736,0.000594568256,-0.00017297996
0.9795918367346939,1.036734693877551,0.00059392522,-0.000170606711
0.9795918367346939,1.0285714285714285,0.000594659201,-0.000172530158
0.9795918367346939,1.0204081632653061,0.000594464181,-0.00017262579
0.9795918367346939,1.0122448979591836,0.000593992686,-0.000172118604
0.9795918367346939,1.0040816326530613,0.000593560865,-0.000172749584
0.9795918367346939,0.9959183673469387,0.000593806003,-0.000172304279
0.9795918367346939,0.9877551020408163,0.000593896948,-0.0001714137
0.9795918367346939,0.9795918367346939,0.000593992686,-0.000172600003
0.9795918367346939,0.9714285714285714,0.000593410311,-0.000171094565
0.9795918367346939,0.963265306122449,0.000594058619,-0.000171825673
0.9795918367346939,0.9551020408163265,0.00059450031,-0.000170789175
0.9795918367346939,0.9469387755102041,0.000594157708,-0.000171558335
0.9795918367346939,0.9387755102040816,0.000593210499,-0.00017212098
0.9795918367346939,0.9306122448979592,0.000593286496,-0.000171214056
0.9795918367346939,0.9224489795918367,0.000593126358,-0.000170699131
0.9795918367346939,0.9142857142857143,0.000593117254,-0.000170828288
0.9795918367346939,0.9061224489795918,0.000594379274,-0.000170821191
0.9795918367346939,0.8979591836734694,0.000593101539,-0.000171447226
0.9795918367346939,0.889795918367347,0.000593260237,-0.00016986764
0.9795918367346939,0.8816326530612244,0.000594663513,-0.000169264822
0.9795918367346939,0.8734693877551021,0.000593654396,-0.000169964781
0.9795918367346939,0.8653061224489795,0.000593431298,-0.000170957669
0.9795918367346939,0.8571428571428572,0.000592721082,-0.000171286695
0.9795918367346939,0.8489795918367347,0.000592253133,-0.000170118664
0.9795918367346939,0.8408163265306122,0.000592989893,-0.000170491523
0.9795918367346939,0.8326530612244898,0.000592178096,-0.000170065357
0.9795918367346939,0.8244897959183674,0.000592535359,-0.000170651412
0.9795918367346939,0.8163265306122449,0.00059254245,-0.000170484651
0.9795918367346939,0.8081632653061225,0.000592254185,-0.00017089749
0.9795918367346939,0.8,0.00059105628,-0.000170636158
0.9714285714285714,1.2,0.000593170058,-0.000171100795
0.9714285714285714,1.1918367346938774,0.000593230913,-0.000170866759
0.9714285714285714,1.183673469387755,0.000593636475,-0.000171091547
0.9714285714285714,1.1755102040816325,0.000593521763,-0.000170115003
0.9714285714285714,1.1673469387755102,0.00059333882,-0.000170107264
0.9714285714285714,1.1591836734693877,0.000594542477,-0.000169650366
0.9714285714285714,1.1510204081632653,0.000595558686,-0.000170539018
0.9714285714285714,1.1428571428571428,0.000595058632,-0.000170224604
0.9714285714285714,1.1346938775510205,0.000593766042,-0.000170586737
0.9714285714285714,1.126530612244898,0.000595091982,-0.000170402989
0.9714285714285714,1.1183673469387754,0.000594242616,-0.000169606308
0.9714285714285714,1.110204081632653,0.000593138241,-0.000170580282
0.9714285714285714,1.1020408163265305,0.000593474231,-0.000171059531
0.9714285714285714,1.0938775510204082,0.000592974271,-0.000171294852
0.9714285714285714,1.0857142857142856,0.00059346896,-0.000170547399
0.9714285714285714,1.0775510204081633,0.000594694564,-0.000170740813
0.9714285714285714,1.0693877551020408,0.000594633423,-0.000171331396
0.9714285714285714,1.0612244897959184,0.000593970453,-0.000170841615
0.9714285714285714,1.0530612244897959,0.000591392843,-0.000170924786
0.9714285714285714,1.0448979591836736,0.000593042697,-0.000170239857
0.9714285714285714,1.036734693877551,0.000592303637,-0.000171025363
0.9714285714285714,1.0285714285714285,0.000592869144,-0.000170611657
0.9714285714285714,1.0204081632653061,0.000593347637,-0.000170643897
0.9714285714285714,1.0122448979591836,0.000592998997,-0.000169995512
0.9714285714285714,1.0040816326530613,0.000593118021,-0.000171800111
0.9714285714285714,0.9959183673469387,0.000593381753,-0.00017081904
0.9714285714285714,0.9877551020408163,0.000593641747,-0.00017012833
0.9714285714285714,0.9795918367346939,0.000593011647,-0.000170281989
0.9714285714285714,0.9714285714285714,0.000594066956,-0.000170576846
0.9714285714285714,0.963265306122449,0.000593113422,-0.000170877292
0.9714285714285714,0.9551020408163265,0.000593342845,-0.000170977868
0.9714285714285714,0.9469387755102041,0.000593603605,-0.000171053076
0.9714285714285714,0.9387755102040816,0.000592684953,-0.000170749195
0.9714285714285714,0.9306122448979592,0.000591588916,-0.000169571916
0.9714285714285714,0.9224489795918367,0.000592397168,-0.000170372032
0.9714285714285714,0.9142857142857143,0.000592495971,-0.000171460553
0.9714285714285714,0.9061224489795918,0.000591523463,-0.000171312257
0.9714285714285714,0.8979591836734694,0.000591343298,-0.000172486742
0.9714285714285714,0.889795918367347,0.000591226574,-0.000171894233
0.9714285714285714,0.8816326530612244,0.000592171771,-0.000172226919
0.9714285714285714,0.8734693877551021,0.000593363832,-0.000170982589
0.9714285714285714,0.8653061224489795,0.000593528088,-0.000171278956
0.9714285714285714,0.8571428571428572,0.000593180122,-0.000171728533
0.9714285714285714,0.8489795918367347,0.000593363832,-0.000172087647
0.9714285714285714,0.8408163265306122,0.000594090722,-0.000172193169
0.9714285714285714,0.8326530612244898,0.000592884766,-0.000171923038
0.9714285714285714,0.8244897959183674,0.000593866378,-0.000172059067
0.9714285714285714,0.8163265306122449,0.000593057646,-0.000170981304
0.9714285714285714,0.8081632653061225,0.000593076527,-0.00017238745
0.9714285714285714,0.8,0.000592734692,-0.000172946016
0.963265306122449,1.2,0.000594372949,-0.000169705182
0.963265306122449,1.1918367346938774,0.00059407606,-0.000170851281
0.963265306122449,1.183673469387755,0.000592922427,-0.000170216222
0.963265306122449,1.1755102040816325,0.000593039918,-0.000170565029
0.963265306122449,1.1673469387755102,0.000593598333,-0.000168454622
0.963265306122449,1.1591836734693877,0.000593714291,-0.000169058724
0.963265306122449,1.1510204081632653,0.000594358287,-0.000169330589
0.963265306122449,1.1428571428571428,0.000594806016,-0.000170410085
0.963265306122449,1.1346938775510205,0.00059480573,-0.000170968202
0.963265306122449,1.126530612244898,0.000595109423,-0.000170649485
0.963265306122449,1.1183673469387754,0.00059471833,-0.000170694828
0.963265306122449,1.110204081632653,0.000594395662,-0.000170441235
0.963265306122449,1.1020408163265305,0.000595323704,-0.000169381937
0.963265306122449,1.0938775510204082,0.000594475778,-0.000170971414
0.963265306122449,1.0857142857142856,0.000594594035,-0.000169948018
0.963265306122449,1.0775510204081633,0.000594960116,-0.000168414642
0.963265306122449,1.0693877551020408,0.000595164813,-0.000169450498
0.963265306122449,1.0612244897959184,0.000595941442,-0.000168267213
0.963265306122449,1.0530612244897959,0.000595889884,-0.00016829666
0.963265306122449,1.0448979591836736,0.000595513933,-0.000168063908
0.963265306122449,1.036734693877551,0.000595701189,-0.000167509452
0.963265306122449,1.0285714285714285,0.000596332535,-0.000168123445
0.963265306122449,1.0204081632653061,0.000596203734,-0.000167767123
0.963265306122449,1.0122448979591836,0.00059660949,-0.000167833308
0.963265306122449,1.0040816326530613,0.000596581412,-0.000168245729
0.963265306122449,0.9959183673469387,0.000596579686,-0.000168292133
0.963265306122449,0.9877551020408163,0.000596626931,-0.000167783662
0.963265306122449,0.9795918367346939,0.000595464195,-0.000168757636
0.963265306122449,0.9714285714285714,0.000595790601,-0.000167500846
0.963265306122449,0.963265306122449,0.000595924287,-0.000168625461
0.963265306122449,0.9551020408163265,0.000596550075,-0.000169377859
0.963265306122449,0.9469387755102041,0.000596662007,-0.000168561846
0.963265306122449,0.9387755102040816,0.000596873989,-0.000168476748
0.963265306122449,0.9306122448979592,0.000597821485,-0.000167491822
0.963265306122449,0.9224489795918367,0.000598941288,-0.00016700355
0.963265306122449,0.9142857142857143,0.000597796953,-0.000169055288
0.963265306122449,0.9061224489795918,0.000598352302,-0.000168917525
0.963265306122449,0.8979591836734694,0.000597209306,-0.000169429656
0.963265306122449,0.889795918367347,0.000597087217,-0.00016800116
0.963265306122449,0.8816326530612244,0.00059781746,-0.00016869187
0.963265306122449,0.8734693877551021,0.000597378068,-0.000169510901
0.963265306122449,0.8653061224489795,0.000596414183,-0.000169290833
0.963265306122449,0.8571428571428572,0.000596439196,-0.000170203762
0.963265306122449,0.8489795918367347,0.000597430392,-0.00016929427
0.963265306122449,0.8408163265306122,0.000597085971,-0.000170356779
0.963265306122449,0.8326530612244898,0.000596695357,-0.000169193693
0.963265306122449,0.8244897959183674,0.000595935403,-0.000168848547
0.963265306122449,0.8163265306122449,0.00059740356,-0.000168023928
0.963265306122449,0.8081632653061225,0.000598927393,-0.000169061518
0.963265306122449,0.8,0.000597873043,-0.000168478257
0.9551020408163265,1.2,0.000596573361,-0.000168512425
0.9551020408163265,1.1918367346938774,0.000594915649,-0.000169577728
0.9551020408163265,1.183673469387755,0.000594786276,-0.000170226755
0.9551020408163265,1.1755102040816325,0.000596022803,-0.000170053122
0.9551020408163265,1.1673469387755102,0.000594972959,-0.00016946726
0.9551020408163265,1.1591836734693877,0.000594834574,-0.000170565671
0.9551020408163265,1.1510204081632653,0.000594546503,-0.000169205286
0.9551020408163265,1.1428571428571428,0.000594745641,-0.000169465558
0.9551020408163265,1.1346938775510205,0.000594359053,-0.000169388392
0.9551020408163265,1.126530612244898,0.000594370936,-0.000169183578
0.9551020408163265,1.1183673469387754,0.000595375262,-0.000169003715
0.9551020408163265,1.110204081632653,0.000595296199,-0.000169526155
0.9551020408163265,1.1020408163265305,0.000594603618,-0.000169105994
0.9551020408163265,1.0938775510204082,0.000594652877,-0.000168905708
0.9551020408163265,1.0857142857142856,0.000594701369,-0.000168895175
0.9551020408163265,1.0775510204081633,0.000595156955,-0.0001681632
0.9551020408163265,1.0693877551020408,0.000596307809,-0.000167534372
0.9551020408163265,1.0612244897959184,0.000595926779,-0.000168689943
0.9551020408163265,1.0530612244897959,0.000594013673,-0.000169491762
0.9551020408163265,1.0448979591836736,0.000594375728,-0.000168216925
0.9551020408163265,1.036734693877551,0.000596014466,-0.00016726681
0.9551020408163265,1.0285714285714285,0.000595779485,-0.000167611956
0.9551020408163265,1.0204081632653061,0.000595953805,-0.000166709335
0.9551020408163265,1.0122448979591836,0.000595378807,-0.000168097434
0.9551020408163265,1.0040816326530613,0.000596368471,-0.000167694485
0.9551020408163265,0.9959183673469387,0.000596071582,-0.000167116587
0.9551020408163265,0.9877551020408163,0.000595927546,-0.000167142598
0.9551020408163265,0.9795918367346939,0.000595655956,-0.000167737034
0.9551020408163265,0.9714285714285714,0.000594755225,-0.000167608295
0.9551020408163265,0.963265306122449,0.000594850963,-0.000166438755
0.9551020408163265,0.9551020408163265,0.000595181488,-0.000166699669
0.9551020408163265,0.9469387755102041,0.000594484595,-0.000167180202
0.9551020408163265,0.9387755102040816,0.000595852795,-0.000167674061
0.9551020408163265,0.9306122448979592,0.000594300691,-0.000167786038
0.9551020408163265,0.9224489795918367,0.000595650397,-0.000167555213
0.9551020408163265,0.9142857142857143,0.00059583938,-0.000167246386
0.9551020408163265,0.9061224489795918,0.000596059699,-0.000166328737
0.9551020408163265,0.8979591836734694,0.000595606125,-0.000166976673
0.9551020408163265,0.889795918367347,0.000595608424,-0.000167290669
0.9551020408163265,0.8816326530612244,0.00059612036,-0.000166996036
0.9551020408163265,0.8734693877551021,0.000595157435,-0.000167034507
0.9551020408163265,0.8653061224489795,0.000595622606,-0.000167978167
0.9551020408163265,0.8571428571428572,0.000594489673,-0.000167645481
0.9551020408163265,0.8489795918367347,0.000594996245,-0.000168370583
0.9551020408163265,0.8408163265306122,0.000594911624,-0.000168583779
0.9551020408163265,0.8326530612244898,0.000596126112,-0.000167963107
0.9551020408163265,0.8244897959183674,0.000596146332,-0.000168626103
0.9551020408163265,0.8163265306122449,0.000595127918,-0.000167957744
0.9551020408163265,0.8081632653061225,0.00059447731,-0.000167526633
0.9551020408163265,0.8,0.000594726187,-0.00016713701
0.9469387755102041,1.2,0.00059534795,-0.0001662692
0.9469387755102041,1.1918367346938774,0.000595383313,-0.000167219539
0.9469387755102041,1.183673469387755,0.000593911611,-0.000166876545
0.9469387755102041,1.1755102040816325,0.000594943921,-0.00016610716
0.9469387755102041,1.1673469387755102,0.000595058152,-0.000165235913
0.9469387755102041,1.1591836734693877,0.000595004869,-0.000166138952
0.9469387755102041,1.1510204081632653,0.000595060932,-0.000166247492
0.9469387755102041,1.1428571428571428,0.000595756005,-0.000167631512
0.9469387755102041,1.1346938775510205,0.000595266589,-0.000166652817
0.9469387755102041,1.126530612244898,0.000595437649,-0.000166073634
0.9469387755102041,1.1183673469387754,0.000594202655,-0.000165947271
0.9469387755102041,1.110204081632653,0.000594782537,-0.000166712129
0.9469387755102041,1.1020408163265305,0.000594774966,-0.000166504521
0.9469387755102041,1.0938775510204082,0.000593292054,-0.000165605561
0.9469387755102041,1.0857142857142856,0.000594687759,-0.000166290908
0.9469387755102041,1.0775510204081633,0.000595258251,-0.000166283169
0.9469387755102041,1.0693877551020408,0.000594124072,-0.00016620687
0.9469387755102041,1.0612244897959184,0.000593867624,-0.000166276939
0.9469387755102041,1.0530612244897959,0.000593989907,-0.000167345903
0.9469387755102041,1.0448979591836736,0.000594418468,-0.000166669355
0.9469387755102041,1.036734693877551,0.000595005829,-0.000166786052
0.9469387755102041,1.0285714285714285,0.000593458609,-0.000167719405
0.9469387755102041,1.0204081632653061,0.000593236471,-0.000167400912
0.9469387755102041,1.0122448979591836,0.000594530594,-0.000167905304
0.9469387755102041,1.0040816326530613,0.000594606684,-0.000167373616
0.9469387755102041,0.9959183673469387,0.00059497957,-0.000167236078
0.9469387755102041,0.9877551020408163,0.000594296379,-0.000166633036
0.9469387755102041,0.9795918367346939,0.000593501543,-0.000167019446
0.9469387755102041,0.9714285714285714,0.000595036972,-0.000167784304
0.9469387755102041,0.963265306122449,0.000593621813,-0.000166552883
0.9469387755102041,0.9551020408163265,0.000593447493,-0.000166316695
0.9469387755102041,0.9469387755102041,0.000593831495,-0.000166489268
0.9469387755102041,0.9387755102040816,0.000593642513,-0.000166347426
0.9469387755102041,0.9306122448979592,0.000594235238,-0.000165927072
0.9469387755102041,0.9224489795918367,0.000594443194,-0.000164717777
0.9469387755102041,0.9142857142857143,0.00059358693,-0.000166550731
0.9469387755102041,0.9061224489795918,0.000593946207,-0.00016524924
0.9469387755102041,0.8979591836734694,0.000594019231,-0.000167092727
0.9469387755102041,0.889795918367347,0.000593546009,-0.000167849428
0.9469387755102041,0.8816326530612244,0.000592751367,-0.000167359872
0.9469387755102041,0.8734693877551021,0.000594594321,-0.000166705899
0.9469387755102041,0.8653061224489795,0.000593090423,-0.000167339866
0.9469387755102041,0.8571428571428572,0.000594112476,-0.000166987848
0.9469387755102041,0.8489795918367347,0.000593953298,-0.000166007226
0.9469387755102041,0.8408163265306122,0.00059310911,-0.000166717299
0.9469387755102041,0.8326530612244898,0.000592866558,-0.000166771023
0.9469387755102041,0.8244897959183674,0.000593582618,-0.00016638397
0.9469387755102041,0.8163265306122449,0.000594644059,-0.000167033415
0.9469387755102041,0.8081632653061225,0.000594381287,-0.000166323791
0.9469387755102041,0.8,0.000593846157,-0.000166833547
0.9387755102040816,1.2,0.000596713851,-0.000167065238
0.9387755102040816,1.1918367346938774,0.000597464988,-0.000166804324
0.9387755102040816,1.183673469387755,0.00059743643,-0.000166872018
0.9387755102040816,1.1755102040816325,0.000598064324,-0.000165917182
0.9387755102040816,1.1673469387755102,0.000598097387,-0.000167104127
0.9387755102040816,1.1591836734693877,0.000600061285,-0.000167219315
0.9387755102040816,1.1510204081632653,0.0005986858,-0.000167253707
0.9387755102040816,1.1428571428571428,0.000598212292,-0.000167041154
0.9387755102040816,1.1346938775510205,0.000597845731,-0.000167074038
0.9387755102040816,1.126530612244898,0.000599066064,-0.000166654968
0.9387755102040816,1.1183673469387754,0.000597995805,-0.000166571797
0.9387755102040816,1.110204081632653,0.000598606738,-0.000166333682
0.9387755102040816,1.1020408163265305,0.000598378561,-0.000167415523
0.9387755102040816,1.0938775510204082,0.000597018791,-0.000167345036
0.9387755102040816,1.0857142857142856,0.000597807109,-0.000166933706
0.9387755102040816,1.0775510204081633,0.000597846977,-0.000167585945
0.9387755102040816,1.0693877551020408,0.000597580179,-0.000167744549
0.9387755102040816,1.0612244897959184,0.000598158048,-0.000166138758
0.9387755102040816,1.0530612244897959,0.000598009987,-0.00016641512
0.9387755102040816,1.0448979591836736,0.000597858574,-0.00016688406
0.9387755102040816,1.036734693877551,0.000598285123,-0.000167131198
0.9387755102040816,1.0285714285714285,0.000599032234,-0.000165615227
0.9387755102040816,1.0204081632653061,0.000599688113,-0.000166056872
0.9387755102040816,1.0122448979591836,0.000600289942,-0.000166245565
0.9387755102040816,1.0040816326530613,0.000599278045,-0.000166848158
0.9387755102040816,0.9959183673469387,0.000598468067,-0.000165436649
0.9387755102040816,0.9877551020408163,0.000599429938,-0.000165085915
0.9387755102040816,0.9795918367346939,0.00059942438,-0.000166053435
0.9387755102040816,0.9714285714285714,0.000600071155,-0.000166301665
0.9387755102040816,0.963265306122449,0.000600385965,-0.000165741173
0.9387755102040816,0.9551020408163265,0.00060066388,-0.000166258025
0.9387755102040816,0.9469387755102041,0.00060003378,-0.000166191841
0.9387755102040816,0.9387755102040816,0.000600050455,-0.000167045875
0.9387755102040816,0.9306122448979592,0.000600227268,-0.000168001578
0.9387755102040816,0.9224489795918367,0.000599360173,-0.000167180202
0.9387755102040816,0.9142857142857143,0.000599895303,-0.000166940578
0.9387755102040816,0.9061224489795918,0.000599644893,-0.000168216282
0.9387755102040816,0.8979591836734694,0.000599353562,-0.000167146901
0.9387755102040816,0.889795918367347,0.00059999008,-0.000167787965
0.9387755102040816,0.8816326530612244,0.000600239723,-0.000168199295
0.9387755102040816,0.8734693877551021,0.000599216618,-0.000167397476
0.9387755102040816,0.8653061224489795,0.000601039832,-0.000166868581
0.9387755102040816,0.8571428571428572,0.000599563338,-0.000167837611
0.9387755102040816,0.8489795918367347,0.000599757112,-0.000166448645
0.9387755102040816,0.8408163265306122,0.000599963535,-0.000167456563
0.9387755102040816,0.8326530612244898,0.000598660308,-0.000166732328
0.9387755102040816,0.8244897959183674,0.000598439989,-0.000167124968
0.9387755102040816,0.8163265306122449,0.000599249007,-0.000166493988
0.9387755102040816,0.8081632653061225,0.000599034247,-0.000167291311
0.9387755102040816,0.8,0.000599960469,-0.000167030397
0.9306122448979592,1.2,0.000599322512,-0.0001669698
0.9306122448979592,1.1918367346938774,0.000599401861,-0.000165481768
0.9306122448979592,1.183673469387755,0.000598395809,-0.000166890289
0.9306122448979592,1.1755102040816325,0.000598216891,-0.000166375364
0.9306122448979592,1.1673469387755102,0.000598448613,-0.000167083061
0.9306122448979592,1.1591836734693877,0.00059850065,-0.000167018162
0.9306122448979592,1.1510204081632653,0.000598462988,-0.000166566627
0.9306122448979592,1.1428571428571428,0.000598792174,-0.000166595656
0.9306122448979592,1.1346938775510205,0.000597127944,-0.000167403063
0.9306122448979592,1.126530612244898,0.000596693344,-0.000167536941
0.9306122448979592,1.1183673469387754,0.000597990533,-0.000167619695
0.9306122448979592,1.110204081632653,0.000598029921,-0.000167405633
0.9306122448979592,1.1020408163265305,0.000597619087,-0.000167131423
0.9306122448979592,1.0938775510204082,0.000597685307,-0.000166618425
0.9306122448979592,1.0857142857142856,0.000597849757,-0.000165427176
0.9306122448979592,1.0775510204081633,0.000598430885,-0.000165941459
0.9306122448979592,1.0693877551020408,0.000597255019,-0.000166809912
0.9306122448979592,1.0612244897959184,0.000599196204,-0.000167431226
0.9306122448979592,1.0530612244897959,0.000596669099,-0.000166868581
0.9306122448979592,1.0448979591836736,0.000597291914,-0.00016802974
0.9306122448979592,1.036734693877551,0.000598223215,-0.000167359872
0.9306122448979592,1.0285714285714285,0.000596800198,-0.000168282691
0.9306122448979592,1.0204081632653061,0.000595326963,-0.000168063266
0.9306122448979592,1.0122448979591836,0.000596844185,-0.000168101094
0.9306122448979592,1.0040816326530613,0.000595436403,-0.000167547698
0.9306122448979592,0.9959183673469387,0.000595759744,-0.000168340076
0.9306122448979592,0.9877551020408163,0.000596801538,-0.000168551538
0.9306122448979592,0.9795918367346939,0.000596621853,-0.000167845125
0.9306122448979592,0.9714285714285714,0.000596229993,-0.000166948317
0.9306122448979592,0.963265306122449,0.000597525363,-0.000167792043
0.9306122448979592,0.9551020408163265,0.000598134569,-0.000168319428
0.9306122448979592,0.9469387755102041,0.000597781811,-0.000167855658
0.9306122448979592,0.9387755102040816,0.000597307823,-0.000167934109
0.9306122448979592,0.9306122448979592,0.000597673137,-0.000167899717
0.9306122448979592,0.9224489795918367,0.000597284343,-0.000167876948
0.9306122448979592,0.9142857142857143,0.000597153917,-0.000167091443
0.9306122448979592,0.9061224489795918,0.000596728513,-0.000167211158
0.9306122448979592,0.8979591836734694,0.000597298239,-0.000166921021
0.9306122448979592,0.889795918367347,0.000596611983,-0.000167459582
0.9306122448979592,0.8816326530612244,0.000596820705,-0.000167574127
0.9306122448979592,0.8734693877551021,0.000597002883,-0.00016731151
0.9306122448979592,0.8653061224489795,0.00059670724,-0.00016741122
0.9306122448979592,0.8571428571428572,0.000597170398,-0.000167794195
0.9306122448979592,0.8489795918367347,0.000596592049,-0.00016723929
0.9306122448979592,0.8408163265306122,0.000597009687,-0.000165961465
0.9306122448979592,0.8326530612244898,0.000597928339,-0.000167440667
0.9306122448979592,0.8244897959183674,0.000598063271,-0.000167998591
0.9306122448979592,0.8163265306122449,0.000597866718,-0.000168002445
0.9306122448979592,0.8081632653061225,0.000598138594,-0.000166751884
0.9306122448979592,0.8,0.000597368198,-0.000166820445
0.9224489795918367,1.2,0.000595655189,-0.000168770096
0.9224489795918367,1.1918367346938774,0.000595219343,-0.000168057678
0.9224489795918367,1.183673469387755,0.00059683786,-0.000167899074
0.9224489795918367,1.1755102040816325,0.000596020024,-0.000167680291
0.9224489795918367,1.1673469387755102,0.000596166839,-0.000167211158
0.9224489795918367,1.1591836734693877,0.000596368184,-0.000167426923
0.9224489795918367,1.1510204081632653,0.000595261797,-0.000167933884
0.9224489795918367,1.1428571428571428,0.000596470246,-0.000166224081
0.9224489795918367,1.1346938775510205,0.000596505129,-0.000166418138
0.9224489795918367,1.126530612244898,0.000596178722,-0.000166913282
0.9224489795918367,1.1183673469387754,0.000596139528,-0.0001672118
0.9224489795918367,1.110204081632653,0.00059616406,-0.000167333218
0.9224489795918367,1.1020408163265305,0.00059654557,-0.000167468605
0.9224489795918367,1.0938775510204082,0.000596007661,-0.000167163439
0.9224489795918367,1.0857142857142856,0.000595471766,-0.00016784018
0.9224489795918367,1.0775510204081633,0.000595475311,-0.000168240142
0.9224489795918367,1.0693877551020408,0.000595489207,-0.000167812467
0.9224489795918367,1.0612244897959184,0.000596375562,-0.000168386928
0.9224489795918367,1.0530612244897959,0.000595523323,-0.000168432271
0.9224489795918367,1.0448979591836736,0.000595866405,-0.000168291072
0.9224489795918367,1.036734693877551,0.000595067256,-0.000168369299
0.9224489795918367,1.0285714285714285,0.000595689785,-0.000168034043
0.9224489795918367,1.0204081632653061,0.000595576607,-0.000167797855
0.9224489795918367,1.0122448979591836,0.000596450792,-0.00016667581
0.9224489795918367,1.0040816326530613,0.000596370963,-0.000166897386
0.9224489795918367,0.9959183673469387,0.000595921988,-0.000167798498
0.9224489795918367,0.9877551020408163,0.000595138268,-0.000167952156
0.9224489795918367,0.9795918367346939,0.000594999024,-0.000168270649
0.9224489795918367,0.9714285714285714,0.000595350729,-0.000166696008
0.9224489795918367,0.963265306122449,0.000593502023,-0.00016666958
0.9224489795918367,0.9551020408163265,0.000595449532,-0.000167639894
0.9224489795918367,0.9469387755102041,0.000596018491,-0.000168084107
0.9224489795918367,0.9387755102040816,0.000595925053,-0.000167147319
0.9224489795918367,0.9306122448979592,0.000594773433,-0.000168040915
0.9224489795918367,0.9224489795918367,0.000594900794,-0.000167625058
0.9224489795918367,0.9142857142857143,0.000595188006,-0.000167374483
0.9224489795918367,0.9061224489795918,0.000596486921,-0.000167165366
0.9224489795918367,0.8979591836734694,0.000595876275,-0.000167268319
0.9224489795918367,0.889795918367347,0.000595330795,-0.000166661198
0.9224489795918367,0.8816326530612244,0.000595916716,-0.000167273264
0.9224489795918367,0.8734693877551021,0.000595762043,-0.000168149874
0.9224489795918367,0.8653061224489795,0.000596363872,-0.000168336415
0.9224489795918367,0.8571428571428572,0.000595185227,-0.000167390603
0.9224489795918367,0.8489795918367347,0.000594506348,-0.000167694903
0.9224489795918367,0.8408163265306122,0.000594669838,-0.000167631512
0.9224489795918367,0.8326530612244898,0.000596329276,-0.000167403706
0.9224489795918367,0.8244897959183674,0.000596142787,-0.000167792268
0.9224489795918367,0.8163265306122449,0.000595938949,-0.000167841689
0.9224489795918367,0.8081632653061225,0.000596166073,-0.000167917122
0.9224489795918367,0.8,0.00059622798,-0.000168446883
0.9142857142857143,1.2,0.000593729147,-0.000168999187
0.9142857142857143,1.1918367346938774,0.000593386352,-0.00016935143
0.9142857142857143,1.183673469387755,0.000593726654,-0.000168248717
0.9142857142857143,1.1755102040816325,0.000593791821,-0.000169076771
0.9142857142857143,1.1673469387755102,0.000593024776,-0.000169748149
0.9142857142857143,1.1591836734693877,0.000593340066,-0.000168097209
0.9142857142857143,1.1510204081632653,0.000593454777,-0.000168075308
0.9142857142857143,1.1428571428571428,0.000593806483,-0.0001692242
0.9142857142857143,1.1346938775510205,0.00059350049,-0.000168977062
0.9142857142857143,1.126530612244898,0.000593998724,-0.000170197532
0.9142857142857143,1.1183673469387754,0.000593767095,-0.000169027992
0.9142857142857143,1.110204081632653,0.000594259771,-0.000168433556
0.9142857142857143,1.1020408163265305,0.000594906832,-0.00016920702
0.9142857142857143,1.0938775510204082,0.000595526582,-0.000168404109
0.9142857142857143,1.0857142857142856,0.000596473792,-0.000169511961
0.9142857142857143,1.0775510204081633,0.000595345651,-0.000170152832
0.9142857142857143,1.0693877551020408,0.000594769887,-0.000169670565
0.9142857142857143,1.0612244897959184,0.000594000543,-0.000170003251
0.9142857142857143,1.0530612244897959,0.000595172384,-0.000170584585
0.9142857142857143,1.0448979591836736,0.000595930805,-0.000169896445
0.9142857142857143,1.036734693877551,0.000594519764,-0.000168887436
0.9142857142857143,1.0285714285714285,0.000594213005,-0.000169813916
0.9142857142857143,1.0204081632653061,0.00059510032,-0.000169238394
0.9142857142857143,1.0122448979591836,0.000594438882,-0.000170032698
0.9142857142857143,1.0040816326530613,0.000595909145,-0.000169427505
0.9142857142857143,0.9959183673469387,0.000595701668,-0.000170269947
0.9142857142857143,0.9877551020408163,0.000594434857,-0.000169014666
0.9142857142857143,0.9795918367346939,0.000596113269,-0.0001699362
0.9142857142857143,0.9714285714285714,0.000595580632,-0.000169769857
0.9142857142857143,0.963265306122449,0.000595472246,-0.000169193468
0.9142857142857143,0.9551020408163265,0.00059443735,-0.000170283498
0.9142857142857143,0.9469387755102041,0.000594682967,-0.000170353118
0.9142857142857143,0.9387755102040816,0.00059451114,-0.000169219255
0.9142857142857143,0.9306122448979592,0.000593326937,-0.000169081299
0.9142857142857143,0.9224489795918367,0.000593590189,-0.000169481678
0.9142857142857143,0.9142857142857143,0.000593991439,-0.000170002609
0.9142857142857143,0.9061224489795918,0.000594595567,-0.000170547175
0.9142857142857143,0.8979591836734694,0.000594454311,-0.000169499083
0.9142857142857143,0.889795918367347,0.000594783017,-0.000170321102
0.9142857142857143,0.8816326530612244,0.000593414623,-0.00016844258
0.9142857142857143,0.8734693877551021,0.000592786535,-0.000168904423
0.9142857142857143,0.8653061224489795,0.000595162994,-0.000169667771
0.9142857142857143,0.8571428571428572,0.000594372469,-0.000168590875
0.9142857142857143,0.8489795918367347,0.000594014153,-0.000170474761
0.9142857142857143,0.8408163265306122,0.000593486881,-0.000169557304
0.9142857142857143,0.8326530612244898,0.000594960882,-0.000169014023
0.9142857142857143,0.8244897959183674,0.000594308742,-0.000169107728
0.9142857142857143,0.8163265306122449,0.000593942181,-0.000168954711
0.9142857142857143,0.8081632653061225,0.000594251913,-0.000167760027
0.9142857142857143,0.8,0.000593175616,-0.000168598808
0.9061224489795918,1.2,0.000595068023,-0.000169547638
0.9061224489795918,1.1918367346938774,0.000595999037,-0.000169424069
0.9061224489795918,1.183673469387755,0.000594509894,-0.000169240321
0.9061224489795918,1.1755102040816325,0.00059514076,-0.000168216058
0.9061224489795918,1.1673469387755102,0.000594590969,-0.000169735047
0.9061224489795918,1.1591836734693877,0.000595183214,-0.000169955114
0.9061224489795918,1.1510204081632653,0.000594516505,-0.000169631452
0.9061224489795918,1.1428571428571428,0.000594406299,-0.00016917327
0.9061224489795918,1.1346938775510205,0.000595174683,-0.000170164007
0.9061224489795918,1.126530612244898,0.000594112476,-0.000169822297
0.9061224489795918,1.1183673469387754,0.000594435623,-0.000169842078
0.9061224489795918,1.110204081632653,0.000595051828,-0.00017027425
0.9061224489795918,1.1020408163265305,0.000594852782,-0.000170682368
0.9061224489795918,1.0938775510204082,0.000594724175,-0.000170135427
0.9061224489795918,1.0857142857142856,0.000595237551,-0.000170273189
0.9061224489795918,1.0775510204081633,0.000594948233,-0.00017006966
0.9061224489795918,1.0693877551020408,0.000594709993,-0.000169899014
0.9061224489795918,1.0612244897959184,0.000596324004,-0.000169096328
0.9061224489795918,1.0530612244897959,0.000595765589,-0.000169139102
0.9061224489795918,1.0448979591836736,0.000595064764,-0.000169383671
0.9061224489795918,1.036734693877551,0.000594530114,-0.000169533027
0.9061224489795918,1.0285714285714285,0.000595301471,-0.000170832366
0.9061224489795918,1.0204081632653061,0.000594609943,-0.000169518191
0.9061224489795918,1.0122448979591836,0.000594614735,-0.000170311436
0.9061224489795918,1.0040816326530613,0.000593989427,-0.000168439786
0.9061224489795918,0.9959183673469387,0.000595890937,-0.00016902735
0.9061224489795918,0.9877551020408163,0.000596036219,-0.000169895802
0.9061224489795918,0.9795918367346939,0.000595758304,-0.000170604784
0.9061224489795918,0.9714285714285714,0.000595931858,-0.000170020656
0.9061224489795918,0.963265306122449,0.000595502336,-0.000170100167
0.9061224489795918,0.9551020408163265,0.000595417429,-0.000170077175
0.9061224489795918,0.9469387755102041,0.000596246668,-0.000169668638
0.9061224489795918,0.9387755102040816,0.000595326483,-0.000170379771
0.9061224489795918,0.9306122448979592,0.000595133669,-0.000169188105
0.9061224489795918,0.9224489795918367,0.000595329263,-0.00016973675
0.9061224489795918,0.9142857142857143,0.000596165786,-0.000170179485
0.9061224489795918,0.9061224489795918,0.0005963816,-0.000170273607
0.9061224489795918,0.8979591836734694,0.000596684241,-0.000170713518
0.9061224489795918,0.889795918367347,0.00059711127,-0.000170300036
0.9061224489795918,0.8816326530612244,0.000596685773,-0.000169197771
0.9061224489795918,0.8734693877551021,0.000596285576,-0.000169942012
0.9061224489795918,0.8653061224489795,0.000596433637,-0.000170543096
0.9061224489795918,0.8571428571428572,0.000595804783,-0.000169613629
0.9061224489795918,0.8489795918367347,0.000596046283,-0.000170039571
0.9061224489795918,0.8408163265306122,0.000595494765,-0.000170542036
0.9061224489795918,0.8326530612244898,0.000594941428,-0.000171086826
0.9061224489795918,0.8244897959183674,0.000595768654,-0.000171679111
0.9061224489795918,0.8163265306122449,0.000595082878,-0.000170655715
0.9061224489795918,0.8081632653061225,0.000595323991,-0.00017107822
0.9061224489795918,0.8,0.000596171631,-0.00017041137
0.8979591836734694,1.2,0.000593036372,-0.000172493615
0.8979591836734694,1.1918367346938774,0.000593222862,-0.000171807208
0.8979591836734694,1.183673469387755,0.000591909285,-0.0001705272
0.8979591836734694,1.1755102040816325,0.000592488114,-0.000171112613
0.8979591836734694,1.1673469387755102,0.000593413857,-0.000172115168
0.8979591836734694,1.1591836734693877,0.000592430518,-0.00017066689
0.8979591836734694,1.1510204081632653,0.000593742562,-0.000171364921
0.8979591836734694,1.1428571428571428,0.000592992672,-0.000170826779
0.8979591836734694,1.1346938775510205,0.000593153383,-0.000171789578
0.8979591836734694,1.126530612244898,0.000594465427,-0.000171747029
0.8979591836734694,1.1183673469387754,0.000594596814,-0.000170408576
0.8979591836734694,1.110204081632653,0.000595289108,-0.000171603261
0.8979591836734694,1.1020408163265305,0.000595472532,-0.000171329244
0.8979591836734694,1.0938775510204082,0.000595813601,-0.000171136248
0.8979591836734694,1.0857142857142856,0.000596758798,-0.000171439487
0.8979591836734694,1.0775510204081633,0.000596378534,-0.000171996319
0.8979591836734694,1.0693877551020408,0.00059689047,-0.000171977405
0.8979591836734694,1.0612244897959184,0.000595658448,-0.00017172789
0.8979591836734694,1.0530612244897959,0.00059464128,-0.000170839463
0.8979591836734694,1.0448979591836736,0.000594668019,-0.000171069197
0.8979591836734694,1.036734693877551,0.00059578351,-0.000169879458
0.8979591836734694,1.0285714285714285,0.000595003622,-0.000171147872
0.8979591836734694,1.0204081632653061,0.000594793367,-0.0001708876
0.8979591836734694,1.0122448979591836,0.000595758304,-0.0001699362
0.8979591836734694,1.0040816326530613,0.000594598347,-0.000170452635
0.8979591836734694,0.9959183673469387,0.000593674137,-0.000171403392
0.8979591836734694,0.9877551020408163,0.000593647305,-0.000171951618
0.8979591836734694,0.9795918367346939,0.000594104138,-0.000172384881
0.8979591836734694,0.9714285714285714,0.000594008594,-0.000170906514
0.8979591836734694,0.963265306122449,0.000593355494,-0.000171370509
0.8979591836734694,0.9551020408163265,0.000592954817,-0.000172172553
0.8979591836734694,0.9469387755102041,0.000594489193,-0.000172014591
0.8979591836734694,0.9387755102040816,0.00059515389,-0.000172424637
0.8979591836734694,0.9306122448979592,0.000593376481,-0.000171281107
0.8979591836734694,0.9224489795918367,0.000593852482,-0.000171164186
0.8979591836734694,0.9142857142857143,0.000594864378,-0.000170327974
0.8979591836734694,0.9061224489795918,0.000594410324,-0.000170233852
0.8979591836734694,0.8979591836734694,0.000595086424,-0.000170475627
0.8979591836734694,0.889795918367347,0.000594903767,-0.000169968441
0.8979591836734694,0.8816326530612244,0.000593480076,-0.000170322162
0.8979591836734694,0.8734693877551021,0.000594167292,-0.000169933182
0.8979591836734694,0.8653061224489795,0.000592292614,-0.000171407246
0.8979591836734694,0.8571428571428572,0.000592820365,-0.000171300439
0.8979591836734694,0.8489795918367347,0.000592917922,-0.000170278552
0.8979591836734694,0.8408163265306122,0.000594528581,-0.000170658509
0.8979591836734694,0.8326530612244898,0.0005937946,-0.000169453516
0.8979591836734694,0.8244897959183674,0.000594297912,-0.000170706228
0.8979591836734694,0.8163265306122449,0.000593065217,-0.000171053301
0.8979591836734694,0.8081632653061225,0.000592692044,-0.000171742726
0.8979591836734694,0.8,0.000593943428,-0.000170960463
0.889795918367347,1.2,0.000595017712,-0.000169895802
0.889795918367347,1.1918367346938774,0.000595225668,-0.000169884821
0.889795918367347,1.183673469387755,0.000594614255,-0.000169347352
0.889795918367347,1.1755102040816325,0.000594399494,-0.000169930388
0.889795918367347,1.1673469387755102,0.000593382806,-0.000170177333
0.889795918367347,1.1591836734693877,0.000593658708,-0.000169471788
0.889795918367347,1.1510204081632653,0.000593412804,-0.000169070766
0.889795918367347,1.1428571428571428,0.000593992206,-0.000170776073
0.889795918367347,1.1346938775510205,0.000594286796,-0.000169637906
0.889795918367347,1.126530612244898,0.000596106178,-0.000170070302
0.889795918367347,1.1183673469387754,0.000595007648,-0.000171520731
0.889795918367347,1.110204081632653,0.000595362899,-0.00017013822
0.889795918367347,1.1020408163265305,0.000594699642,-0.000169744295
0.889795918367347,1.0938775510204082,0.000593936336,-0.000169948436
0.889795918367347,1.0857142857142856,0.000594333275,-0.000169741919
0.889795918367347,1.0775510204081633,0.000594333275,-0.000170168085
0.889795918367347,1.0693877551020408,0.000593583385,-0.000170161437
0.889795918367347,1.0612244897959184,0.000594987427,-0.000169070541
0.889795918367347,1.0530612244897959,0.000593815587,-0.000169401718
0.889795918367347,1.0448979591836736,0.000594568256,-0.000170109834
0.889795918367347,1.036734693877551,0.000594312288,-0.000169244399
0.889795918367347,1.0285714285714285,0.000594245875,-0.000169265689
0.889795918367347,1.0204081632653061,0.000595358587,-0.000169609326
0.889795918367347,1.0122448979591836,0.000595536166,-0.000169829394
0.889795918367347,1.0040816326530613,0.000595165773,-0.000168944178
0.889795918367347,0.9959183673469387,0.000595569036,-0.000168673822
0.889795918367347,0.9877551020408163,0.000595687773,-0.000169500368
0.889795918367347,0.9795918367346939,0.000594678369,-0.000168531981
0.889795918367347,0.9714285714285714,0.000594656902,-0.000168321804
0.889795918367347,0.963265306122449,0.000596171631,-0.000168343288
0.889795918367347,0.9551020408163265,0.000595944987,-0.000168209186
0.889795918367347,0.9469387755102041,0.000596177189,-0.00016918422
0.889795918367347,0.9387755102040816,0.000596525063,-0.00016850597
0.889795918367347,0.9306122448979592,0.000596640827,-0.000168726262
0.889795918367347,0.9224489795918367,0.000596747395,-0.000169307372
0.889795918367347,0.9142857142857143,0.000595944221,-0.000169458461
0.889795918367347,0.9061224489795918,0.000595235732,-0.000168953202
0.889795918367347,0.8979591836734694,0.000594839366,-0.000168821894
0.889795918367347,0.889795918367347,0.000596335601,-0.000169858392
0.889795918367347,0.8816326530612244,0.000596239577,-0.000169836266
0.889795918367347,0.8734693877551021,0.000595150631,-0.000168662229
0.889795918367347,0.8653061224489795,0.000594921974,-0.000169379593
0.889795918367347,0.8571428571428572,0.000595253746,-0.000169955757
0.889795918367347,0.8489795918367347,0.000594247888,-0.000169386465
0.889795918367347,0.8408163265306122,0.000595351496,-0.000169702806
0.889795918367347,0.8326530612244898,0.00059529438,-0.000170667532
0.889795918367347,0.8244897959183674,0.000595459116,-0.000171577892
0.889795918367347,0.8163265306122449,0.00059658927,-0.00017081024
0.889795918367347,0.8081632653061225,0.000595766835,-0.000169840569
0.889795918367347,0.8,0.000596514999,-0.000170494542
0.8816326530612244,1.2,0.000595026335,-0.00017084762
0.8816326530612244,1.1918367346938774,0.000594398248,-0.000171897251
0.8816326530612244,1.183673469387755,0.000596214851,-0.000170542036
0.8816326530612244,1.1755102040816325,0.000595108657,-0.000171227158
0.8816326530612244,1.1673469387755102,0.000594919961,-0.000171829558
0.8816326530612244,1.1591836734693877,0.000593336807,-0.000171837073
0.8816326530612244,1.1510204081632653,0.000595659501,-0.000171930553
0.8816326530612244,1.1428571428571428,0.000595018478,-0.000170897266
0.8816326530612244,1.1346938775510205,0.000595650397,-0.000171626029
0.8816326530612244,1.126530612244898,0.000596888651,-0.000172739469
0.8816326530612244,1.1183673469387754,0.000595871197,-0.000172651801
0.8816326530612244,1.110204081632653,0.00059627168,-0.000172073903
0.8816326530612244,1.1020408163265305,0.000596225201,-0.000171800111
0.8816326530612244,1.0938775510204082,0.000595832768,-0.000171283901
0.8816326530612244,1.0857142857142856,0.000595967987,-0.000171712412
0.8816326530612244,1.0775510204081633,0.000595698889,-0.000172140954
0.8816326530612244,1.0693877551020408,0.000596634022,-0.00017123554
0.8816326530612244,1.0612244897959184,0.000597068529,-0.000172129137
0.8816326530612244,1.0530612244897959,0.00059762062,-0.000171220928
0.8816326530612244,1.0448979591836736,0.000596194344,-0.000171811286
0.8816326530612244,1.036734693877551,0.000596082698,-0.000170670326
0.8816326530612244,1.0285714285714285,0.000596373742,-0.000171762925
0.8816326530612244,1.0204081632653061,0.000596414183,-0.000171390708
0.8816326530612244,1.0122448979591836,0.000595973545,-0.00017213193
0.8816326530612244,1.0040816326530613,0.000595204967,-0.000171230177
0.8816326530612244,0.9959183673469387,0.00059601322,-0.000170698264
0.8816326530612244,0.9877551020408163,0.000594899741,-0.000172709604
0.8816326530612244,0.9795918367346939,0.000595309042,-0.00017098108
0.8816326530612244,0.9714285714285714,0.00059452101,-0.000170777357
0.8816326530612244,0.963265306122449,0.000595305017,-0.000171070063
0.8816326530612244,0.9551020408163265,0.000595832768,-0.000170779284
0.8816326530612244,0.9469387755102041,0.000595773926,-0.000170768976
0.8816326530612244,0.9387755102040816,0.000594964428,-0.000170674629
0.8816326530612244,0.9306122448979592,0.000595644073,-0.000170033983
0.8816326530612244,0.9224489795918367,0.000594435143,-0.000169863562
0.8816326530612244,0.9142857142857143,0.000595017232,-0.000169194753
0.8816326530612244,0.9061224489795918,0.000594993752,-0.000170910175
0.8816326530612244,0.8979591836734694,0.000596469766,-0.000171208469
0.8816326530612244,0.889795918367347,0.0005952939,-0.000171134739
0.8816326530612244,0.8816326530612244,0.000596396262,-0.000171218135
0.8816326530612244,0.8734693877551021,0.000595824717,-0.000171520507
0.8816326530612244,0.8653061224489795,0.00059609966,-0.000170397177
0.8816326530612244,0.8571428571428572,0.000595801718,-0.00017179173
0.8816326530612244,0.8489795918367347,0.000594587424,-0.000170506553
0.8816326530612244,0.8408163265306122,0.000596142787,-0.000170721706
0.8816326530612244,0.8326530612244898,0.000595571815,-0.000170492808
0.8816326530612244,0.8244897959183674,0.000596302251,-0.000170499262
0.8816326530612244,0.8163265306122449,0.000597079166,-0.000171074366
0.8816326530612244,0.8081632653061225,0.000596619074,-0.000170832591
0.8816326530612244,0.8,0.000597376055,-0.00017117064
0.8734693877551021,1.2,0.000597032207,-0.00017155856
0.8734693877551021,1.1918367346938774,0.000596437663,-0.000171838582
0.8734693877551021,1.183673469387755,0.00059618524,-0.000171895742
0.8734693877551021,1.1755102040816325,0.000596951325,-0.000172058649
0.8734693877551021,1.1673469387755102,0.000597009687,-0.000171422724
0.8734693877551021,1.1591836734693877,0.000597574141,-0.000171685983
0.8734693877551021,1.1510204081632653,0.000597072841,-0.000171751107
0.8734693877551021,1.1428571428571428,0.000597270734,-0.000171655251
0.8734693877551021,1.1346938775510205,0.000598308122,-0.000171912505
0.8734693877551021,1.126530612244898,0.000597782291,-0.000172076697
0.8734693877551021,1.1183673469387754,0.00059736973,-0.000171116049
0.8734693877551021,1.110204081632653,0.000596997804,-0.000171036538
0.8734693877551021,1.1020408163265305,0.000597339926,-0.000171149574
0.8734693877551021,1.0938775510204082,0.000597234798,-0.000170516667
0.8734693877551021,1.0857142857142856,0.000595985908,-0.000171628823
0.8734693877551021,1.0775510204081633,0.000596503882,-0.000171315051
0.8734693877551021,1.0693877551020408,0.000596785823,-0.00017194131
0.8734693877551021,1.0612244897959184,0.000596120074,-0.000170677423
0.8734693877551021,1.0530612244897959,0.000595740577,-0.000171119709
0.8734693877551021,1.0448979591836736,0.00059491517,-0.000170427266
0.8734693877551021,1.036734693877551,0.000595289588,-0.000170576204
0.8734693877551021,1.0285714285714285,0.000594677123,-0.000169998531
0.8734693877551021,1.0204081632653061,0.000594991739,-0.000170355912
0.8734693877551021,1.0122448979591836,0.000594895429,-0.000170309284
0.8734693877551021,1.0040816326530613,0.000593447686,-0.000170919198
0.8734693877551021,0.9959183673469387,0.000593174083,-0.000169611253
0.8734693877551021,0.9877551020408163,0.000594181954,-0.000170588664
0.8734693877551021,0.9795918367346939,0.00059385804,-0.000169925025
0.8734693877551021,0.9714285714285714,0.000593611176,-0.00017018183
0.8734693877551021,0.963265306122449,0.000593768628,-0.000168570452
0.8734693877551021,0.9551020408163265,0.00059443735,-0.000169776312
0.8734693877551021,0.9469387755102041,0.000593767575,-0.000169500593
0.8734693877551021,0.9387755102040816,0.000592426493,-0.000170038704
0.8734693877551021,0.9306122448979592,0.000592173304,-0.000169411385
0.8734693877551021,0.9224489795918367,0.000591856481,-0.000169088813
0.8734693877551021,0.9142857142857143,0.00059240196,-0.000170072454
0.8734693877551021,0.9061224489795918,0.000593121086,-0.000170553211
0.8734693877551021,0.8979591836734694,0.000592715524,-0.000170386868
0.8734693877551021,0.889795918367347,0.000593045476,-0.000170104052
0.8734693877551021,0.8816326530612244,0.000592669811,-0.000170329483
0.8734693877551021,0.8734693877551021,0.000593542464,-0.000171015472
0.8734693877551021,0.8653061224489795,0.000593401974,-0.00016925172
0.8734693877551021,0.8571428571428572,0.000594508361,-0.000169909771
0.8734693877551021,0.8489795918367347,0.000592757211,-0.000170753722
0.8734693877551021,0.8408163265306122,0.000592748107,-0.000170378905
0.8734693877551021,0.8326530612244898,0.000592087436,-0.000170203762
0.8734693877551021,0.8244897959183674,0.000592708433,-0.000168962226
0.8734693877551021,0.8163265306122449,0.000593595554,-0.000170957445
0.8734693877551021,0.8081632653061225,0.00059219755,-0.00017074168
0.8734693877551021,0.8,0.000593189226,-0.000169187239
0.8653061224489795,1.2,0.000593126072,-0.000167970204
0.8653061224489795,1.1918367346938774,0.00059338252,-0.000168860364
0.8653061224489795,1.183673469387755,0.000593811561,-0.000169081941
0.8653061224489795,1.1755102040816325,0.000595722655,-0.000170337222
0.8653061224489795,1.1673469387755102,0.000594762316,-0.000168933003
0.8653061224489795,1.1591836734693877,0.000594000543,-0.000168571094
0.8653061224489795,1.1510204081632653,0.000594918715,-0.000169409458
0.8653061224489795,1.1428571428571428,0.000595705214,-0.000169422784
0.8653061224489795,1.1346938775510205,0.000595874742,-0.000168989521
0.8653061224489795,1.126530612244898,0.000594933857,-0.000169084093
0.8653061224489795,1.1183673469387754,0.000594387611,-0.00016952487
0.8653061224489795,1.110204081632653,0.000593321378,-0.000169127926
0.8653061224489795,1.1020408163265305,0.00059447961,-0.000170024959
0.8653061224489795,1.0938775510204082,0.000593885832,-0.000169326928
0.8653061224489795,1.0857142857142856,0.000594363365,-0.000169618992
0.8653061224489795,1.0775510204081633,0.00059356575,-0.000168897326
0.8653061224489795,1.0693877551020408,0.000593900974,-0.000169866355
0.8653061224489795,1.0612244897959184,0.000594426039,-0.000169037658
0.8653061224489795,1.0530612244897959,0.000593695797,-0.000168377038
0.8653061224489795,1.0448979591836736,0.0005943373,-0.000169829169
0.8653061224489795,1.036734693877551,0.000594181188,-0.000169713339
0.8653061224489795,1.0285714285714285,0.000594808029,-0.000169557111
0.8653061224489795,1.0204081632653061,0.000593737291,-0.000169484248
0.8653061224489795,1.0122448979591836,0.000594426233,-0.000168715729
0.8653061224489795,1.0040816326530613,0.000594129151,-0.000168544665
0.8653061224489795,0.9959183673469387,0.000593564697,-0.000168492868
0.8653061224489795,0.9877551020408163,0.000593691291,-0.000169603739
0.8653061224489795,0.9795918367346939,0.000593758471,-0.00016973052
0.8653061224489795,0.9714285714285714,0.000594210992,-0.000169458237
0.8653061224489795,0.963265306122449,0.00059476155,-0.000168581627
0.8653061224489795,0.9551020408163265,0.000593357507,-0.000169950169
0.8653061224489795,0.9469387755102041,0.00059334917,-0.000170050104
0.8653061224489795,0.9387755102040816,0.000592139187,-0.000170087708
0.8653061224489795,0.9306122448979592,0.000591726341,-0.000169357018
0.8653061224489795,0.9224489795918367,0.000591355181,-0.000169255156
0.8653061224489795,0.9142857142857143,0.000591176836,-0.000170539885
0.8653061224489795,0.9061224489795918,0.000591858973,-0.000169252363
0.8653061224489795,0.8979591836734694,0.000592060125,-0.000169401076
0.8653061224489795,0.889795918367347,0.000592340819,-0.000168415926
0.8653061224489795,0.8816326530612244,0.000592568996,-0.000169228921
0.8653061224489795,0.8734693877551021,0.000592446713,-0.00016873185
0.8653061224489795,0.8653061224489795,0.00059354275,-0.000169873228
0.8653061224489795,0.8571428571428572,0.000591776172,-0.00017014702
0.8653061224489795,0.8489795918367347,0.000593132396,-0.000169695067
0.8653061224489795,0.8408163265306122,0.000592226107,-0.000170197308
0.8653061224489795,0.8326530612244898,0.000593568723,-0.000169595133
0.8653061224489795,0.8244897959183674,0.000593437623,-0.00016938624
0.8653061224489795,0.8163265306122449,0.000594314587,-0.000169156089
0.8653061224489795,0.8081632653061225,0.00059356671,-0.000169427087
0.8653061224489795,0.8,0.000595026815,-0.000168085392
0.8571428571428572,1.2,0.000591667499,-0.000168212204
0.8571428571428572,1.1918367346938774,0.000591843351,-0.000169589127
0.8571428571428572,1.183673469387755,0.000591100552,-0.000167642045
0.8571428571428572,1.1755102040816325,0.000592831195,-0.00016898737
0.8571428571428572,1.1673469387755102,0.000592416622,-0.000168008675
0.8571428571428572,1.1591836734693877,0.000591048229,-0.000168777835
0.8571428571428572,1.1510204081632653,0.000591822651,-0.000168182757
0.8571428571428572,1.1428571428571428,0.000591289728,-0.000168300096
0.8571428571428572,1.1346938775510205,0.000590279844,-0.0001694101
0.8571428571428572,1.126530612244898,0.000590724795,-0.00016882533
0.8571428571428572,1.1183673469387754,0.000591873156,-0.000167791401
0.8571428571428572,1.110204081632653,0.000591160161,-0.000169200565
0.8571428571428572,1.1020408163265305,0.000590981815,-0.000168829633
0.8571428571428572,1.0938775510204082,0.000591576267,-0.000168336833
0.8571428571428572,1.0857142857142856,0.000590785936,-0.000169219897
0.8571428571428572,1.0775510204081633,0.000589732352,-0.000169148768
0.8571428571428572,1.0693877551020408,0.000589729573,-0.000169655312
0.8571428571428572,1.0612244897959184,0.00059041353,-0.000168612583
0.8571428571428572,1.0530612244897959,0.000590014099,-0.000167916255
0.8571428571428572,1.0448979591836736,0.000589624252,-0.000168517145
0.8571428571428572,1.036734693877551,0.000589115381,-0.000168578609
0.8571428571428572,1.0285714285714285,0.000590015345,-0.000169328855
0.8571428571428572,1.0204081632653061,0.000589420321,-0.000169233224
0.8571428571428572,1.0122448979591836,0.000589648784,-0.00016968325
0.8571428571428572,1.0040816326530613,0.000590561591,-0.000169902675
0.8571428571428572,0.9959183673469387,0.000589028461,-0.000169823164
0.8571428571428572,0.9877551020408163,0.00058942588,-0.000170310793
0.8571428571428572,0.9795918367346939,0.000588972112,-0.000169071408
0.8571428571428572,0.9714285714285714,0.000590550761,-0.000170121233
0.8571428571428572,0.963265306122449,0.000589942608,-0.000170145093
0.8571428571428572,0.9551020408163265,0.000589415816,-0.000169716775
0.8571428571428572,0.9469387755102041,0.000590122486,-0.00017071933
0.8571428571428572,0.9387755102040816,0.000591055033,-0.000168404109
0.8571428571428572,0.9306122448979592,0.000589594161,-0.000169596642
0.8571428571428572,0.9224489795918367,0.000590478983,-0.000169563983
0.8571428571428572,0.9142857142857143,0.000590270547,-0.000169745355
0.8571428571428572,0.9061224489795918,0.00059110937,-0.000169522494
0.8571428571428572,0.8979591836734694,0.000590841805,-0.000170010124
0.8571428571428572,0.889795918367347,0.000590775872,-0.000169902675
0.8571428571428572,0.8816326530612244,0.000591036346,-0.000169139102
0.8571428571428572,0.8734693877551021,0.000591935063,-0.000168682204
0.8571428571428572,0.8653061224489795,0.000590179602,-0.00016967079
0.8571428571428572,0.8571428571428572,0.000589880413,-0.000168667593
0.8571428571428572,0.8489795918367347,0.000590227613,-0.000169879458
0.8571428571428572,0.8408163265306122,0.00059060855,-0.000169157791
0.8571428571428572,0.8326530612244898,0.000589569435,-0.000169375065
0.8571428571428572,0.8244897959183674,0.000589998191,-0.000168851983
0.8571428571428572,0.8163265306122449,0.00059043605,-0.00016985518
0.8571428571428572,0.8081632653061225,0.0005895335,-0.000169023914
0.8571428571428572,0.8,0.00058935822,-0.000168899478
0.8489795918367347,1.2,0.000589448113,-0.000170200969
0.8489795918367347,1.1918367346938774,0.000588797506,-0.000169841211
0.8489795918367347,1.183673469387755,0.000590224068,-0.000169825733
0.8489795918367347,1.1755102040816325,0.000590946166,-0.000169831321
0.8489795918367347,1.1673469387755102,0.000590230873,-0.00016926052
0.8489795918367347,1.1591836734693877,0.00059064094,-0.000168851341
0.8489795918367347,1.1510204081632653,0.000590572228,-0.000170434138
0.8489795918367347,1.1428571428571428,0.000591078513,-0.000169378726
0.8489795918367347,1.1346938775510205,0.000592282937,-0.000168775908
0.8489795918367347,1.126530612244898,0.000593003023,-0.000168698324
0.8489795918367347,1.1183673469387754,0.000592384039,-0.000169236018
0.8489795918367347,1.110204081632653,0.000592259744,-0.000169421917
0.8489795918367347,1.1020408163265305,0.000591681394,-0.000169178857
0.8489795918367347,1.0938775510204082,0.000591332468,-0.000168123863
0.8489795918367347,1.0857142857142856,0.000592324624,-0.00016924549
0.8489795918367347,1.0775510204081633,0.000592286769,-0.000169798662
0.8489795918367347,1.0693877551020408,0.000592364871,-0.000170735675
0.8489795918367347,1.0612244897959184,0.000591714744,-0.000168571319
0.8489795918367347,1.0530612244897959,0.000592392376,-0.000170721257
0.8489795918367347,1.0448979591836736,0.000592458023,-0.000169591697
0.8489795918367347,1.036734693877551,0.000592354428,-0.000170752213
0.8489795918367347,1.0285714285714285,0.000592453518,-0.000169337461
0.8489795918367347,1.0204081632653061,0.000592216524,-0.000170857093
0.8489795918367347,1.0122448979591836,0.00059198988,-0.000170035268
0.8489795918367347,1.0040816326530613,0.000593658708,-0.000170241366
0.8489795918367347,0.9959183673469387,0.000593491673,-0.000169816709
0.8489795918367347,0.9877551020408163,0.000592800625,-0.000170036777
0.8489795918367347,0.9795918367346939,0.000593391143,-0.000170395892
0.8489795918367347,0.9714285714285714,0.000592236458,-0.00017045241
0.8489795918367347,0.963265306122449,0.000593229666,-0.000170540109
0.8489795918367347,0.9551020408163265,0.000593894649,-0.000170268886
0.8489795918367347,0.9469387755102041,0.000593246055,-0.000170536224
0.8489795918367347,0.9387755102040816,0.000593140734,-0.000170453052
0.8489795918367347,0.9306122448979592,0.000591695484,-0.000170457355
0.8489795918367347,0.9224489795918367,0.000592909298,-0.000171527828
0.8489795918367347,0.9142857142857143,0.000592925206,-0.000171180531
0.8489795918367347,0.9061224489795918,0.000592318872,-0.000171427669
0.8489795918367347,0.8979591836734694,0.000592361039,-0.000171691571
0.8489795918367347,0.889795918367347,0.0005932726,-0.000170351191
0.8489795918367347,0.8816326530612244,0.00059385804,-0.000171522434
0.8489795918367347,0.8734693877551021,0.000593180888,-0.000171543082
0.8489795918367347,0.8653061224489795,0.000592638954,-0.00017122308
0.8489795918367347,0.8571428571428572,0.000592881507,-0.000170229773
0.8489795918367347,0.8489795918367347,0.00059417611,-0.000171043635
0.8489795918367347,0.8408163265306122,0.000593353482,-0.000171283901
0.8489795918367347,0.8326530612244898,0.000593574567,-0.000171496647
0.8489795918367347,0.8244897959183674,0.000593641747,-0.000171343213
0.8489795918367347,0.8163265306122449,0.000592753186,-0.000171385762
0.8489795918367347,0.8081632653061225,0.000593527035,-0.000171071348
0.8489795918367347,0.8,0.000594254692,-0.000171336759
0.8408163265306122,1.2,0.000592636175,-0.00017082893
0.8408163265306122,1.1918367346938774,0.000592785483,-0.000170912744
0.8408163265306122,1.183673469387755,0.000593129137,-0.00017159854
0.8408163265306122,1.1755102040816325,0.000592651317,-0.000170834518
0.8408163265306122,1.1673469387755102,0.000592135162,-0.000171250151
0.8408163265306122,1.1591836734693877,0.000591102279,-0.000172076697
0.8408163265306122,1.1510204081632653,0.000591626291,-0.000170611014
0.8408163265306122,1.1428571428571428,0.000591315313,-0.000171200505
0.8408163265306122,1.1346938775510205,0.000591610383,-0.000171740799
0.8408163265306122,1.126530612244898,0.000591773393,-0.000170374184
0.8408163265306122,1.1183673469387754,0.000590606344,-0.000171883282
0.8408163265306122,1.110204081632653,0.000591235391,-0.000172292686
0.8408163265306122,1.1020408163265305,0.000591264236,-0.000172378427
0.8408163265306122,1.0938775510204082,0.000591698549,-0.000170045801
0.8408163265306122,1.0857142857142856,0.000592309768,-0.000171489775
0.8408163265306122,1.0775510204081633,0.000592326923,-0.000171060397
0.8408163265306122,1.0693877551020408,0.000591415076,-0.000170684295
0.8408163265306122,1.0612244897959184,0.000592004828,-0.000171677826
0.8408163265306122,1.0530612244897959,0.00059212098,-0.000171143345
0.8408163265306122,1.0448979591836736,0.000590503516,-0.000170494317
0.8408163265306122,1.036734693877551,0.00059083826,-0.000169837775
0.8408163265306122,1.0285714285714285,0.000591712731,-0.000170763806
0.8408163265306122,1.0204081632653061,0.000592101526,-0.000169698728
0.8408163265306122,1.0122448979591836,0.00059163137,-0.000169253647
0.8408163265306122,1.0040816326530613,0.000593039152,-0.000169741277
0.8408163265306122,0.9959183673469387,0.000591550488,-0.000169646063
0.8408163265306122,0.9877551020408163,0.000591169458,-0.000169099764
0.8408163265306122,0.9795918367346939,0.00059127334,-0.00016979285
0.8408163265306122,0.9714285714285714,0.000591180381,-0.000170089859
0.8408163265306122,0.963265306122449,0.00059239113,-0.000169144689
0.8408163265306122,0.9551020408163265,0.000592198316,-0.000169250629
0.8408163265306122,0.9469387755102041,0.000592509867,-0.000169909547
0.8408163265306122,0.9387755102040816,0.000592596787,-0.000170131124
0.8408163265306122,0.9306122448979592,0.000592031087,-0.000170521613
0.8408163265306122,0.9224489795918367,0.000592177329,-0.000170002191
0.8408163265306122,0.9142857142857143,0.000592923194,-0.000170404916
0.8408163265306122,0.9061224489795918,0.00059440352,-0.000171445299
0.8408163265306122,0.8979591836734694,0.000593923207,-0.000170755649
0.8408163265306122,0.889795918367347,0.000593941415,-0.000170154534
0.8408163265306122,0.8816326530612244,0.00059298836,-0.000171086602
0.8408163265306122,0.8734693877551021,0.000593333741,-0.000170528709
0.8408163265306122,0.8653061224489795,0.00059296814,-0.00017171543
0.8408163265306122,0.8571428571428572,0.000593564411,-0.000171005164
0.8408163265306122,0.8489795918367347,0.000593887845,-0.000171366206
0.8408163265306122,0.8408163265306122,0.000593746108,-0.000171119709
0.8408163265306122,0.8326530612244898,0.000593516972,-0.00017146614
0.8408163265306122,0.8244897959183674,0.000593942661,-0.000171081239
0.8408163265306122,0.8163265306122449,0.000593535086,-0.000171495363
0.8408163265306122,0.8081632653061225,0.0005942936,-0.000170623698
0.8408163265306122,0.8,0.000593687746,-0.000171142702
0.8326530612244898,1.2,0.000594319379,-0.000170748135
0.8326530612244898,1.1918367346938774,0.000594649618,-0.000168630406
0.8326530612244898,1.183673469387755,0.000593618267,-0.000169774802
0.8326530612244898,1.1755102040816325,0.000594172564,-0.000170093071
0.8326530612244898,1.1673469387755102,0.00059393509,-0.000169449855
0.8326530612244898,1.1591836734693877,0.000594575061,-0.000169577952
0.8326530612244898,1.1510204081632653,0.000594028815,-0.000169605666
0.8326530612244898,1.1428571428571428,0.000594757238,-0.000170286709
0.8326530612244898,1.1346938775510205,0.000594507595,-0.000170324538
0.8326530612244898,1.126530612244898,0.000594661981,-0.000169808746
0.8326530612244898,1.1183673469387754,0.000594382053,-0.00017045241
0.8326530612244898,1.110204081632653,0.000592768041,-0.000170716536
0.8326530612244898,1.1020408163265305,0.000595236018,-0.00017074791
0.8326530612244898,1.0938775510204082,0.000594645306,-0.000171453456
0.8326530612244898,1.0857142857142856,0.000593578593,-0.000170622832
0.8326530612244898,1.0775510204081633,0.000593165552,-0.000171371793
0.8326530612244898,1.0693877551020408,0.000593447493,-0.000170944985
0.8326530612244898,1.0612244897959184,0.00059340322,-0.000170011857
0.8326530612244898,1.0530612244897959,0.000593941701,-0.000170119306
0.8326530612244898,1.0448979591836736,0.000594295899,-0.000169940503
0.8326530612244898,1.036734693877551,0.00059443687,-0.000171268841
0.8326530612244898,1.0285714285714285,0.000594406299,-0.00016968797
0.8326530612244898,1.0204081632653061,0.000596310588,-0.000170226979
0.8326530612244898,1.0122448979591836,0.000595883846,-0.000171181173
0.8326530612244898,1.0040816326530613,0.000595585424,-0.000169803383
0.8326530612244898,0.9959183673469387,0.000594746888,-0.000169936843
0.8326530612244898,0.9877551020408163,0.000595355808,-0.00016919928
0.8326530612244898,0.9795918367346939,0.000594829496,-0.000170800574
0.8326530612244898,0.9714285714285714,0.000594491206,-0.000171510841
0.8326530612244898,0.963265306122449,0.000594095514,-0.000171452813
0.8326530612244898,0.9551020408163265,0.000593942181,-0.000171751107
0.8326530612244898,0.9469387755102041,0.000595710006,-0.000171283901
0.8326530612244898,0.9387755102040816,0.000594361353,-0.000170052031
0.8326530612244898,0.9306122448979592,0.000595396729,-0.000171033102
0.8326530612244898,0.9224489795918367,0.000594420675,-0.000170581567
0.8326530612244898,0.9142857142857143,0.000594235525,-0.000170254051
0.8326530612244898,0.9061224489795918,0.000594464661,-0.000172130646
0.8326530612244898,0.8979591836734694,0.000595217617,-0.000171366848
0.8326530612244898,0.889795918367347,0.000594723888,-0.000171351595
0.8326530612244898,0.8816326530612244,0.000594593268,-0.000171725321
0.8326530612244898,0.8734693877551021,0.000594779471,-0.000172155565
0.8326530612244898,0.8653061224489795,0.00059558801,-0.000171457759
0.8326530612244898,0.8571428571428572,0.00059322842,-0.000171707273
0.8326530612244898,0.8489795918367347,0.00059417467,-0.000171444432
0.8326530612244898,0.8408163265306122,0.000593243849,-0.000171851042
0.8326530612244898,0.8326530612244898,0.00059359958,-0.000172554018
0.8326530612244898,0.8244897959183674,0.000594268588,-0.000171264987
0.8326530612244898,0.8163265306122449,0.000594223642,-0.000171502459
0.8326530612244898,0.8081632653061225,0.000594531361,-0.000170933167
0.8326530612244898,0.8,0.000594622786,-0.000170468113
0.8244897959183674,1.2,0.000595466687,-0.000171343213
0.8244897959183674,1.1918367346938774,0.00059421933,-0.000170304757
0.8244897959183674,1.183673469387755,0.000595403053,-0.000171200505
0.8244897959183674,1.1755102040816325,0.000594343625,-0.000170676138
0.8244897959183674,1.1673469387755102,0.000595659501,-0.000169916644
0.8244897959183674,1.1591836734693877,0.000595616281,-0.000169595357
0.8244897959183674,1.1510204081632653,0.000595516998,-0.000171725096
0.8244897959183674,1.1428571428571428,0.00059458771,-0.000170922635
0.8244897959183674,1.1346938775510205,0.000593880754,-0.000170206332
0.8244897959183674,1.126530612244898,0.000594145539,-0.000171543724
0.8244897959183674,1.1183673469387754,0.000593829482,-0.000171983859
0.8244897959183674,1.110204081632653,0.000594095801,-0.000170517952
0.8244897959183674,1.1020408163265305,0.000594166526,-0.000171506538
0.8244897959183674,1.0938775510204082,0.000594937883,-0.000170974208
0.8244897959183674,1.0857142857142856,0.000593947453,-0.00017190756
0.8244897959183674,1.0775510204081633,0.000593205134,-0.000171716297
0.8244897959183674,1.0693877551020408,0.000593461869,-0.000171079312
0.8244897959183674,1.0612244897959184,0.00059524033,-0.000171003655
0.8244897959183674,1.0530612244897959,0.000594475011,-0.000170957669
0.8244897959183674,1.0448979591836736,0.000595010141,-0.000171311197
0.8244897959183674,1.036734693877551,0.00059663345,-0.000171682772
0.8244897959183674,1.0285714285714285,0.000596770201,-0.000171498157
0.8244897959183674,1.0204081632653061,0.000596871016,-0.000172125476
0.8244897959183674,1.0122448979591836,0.000596619074,-0.000171368775
0.8244897959183674,1.0040816326530613,0.00059508719,-0.000171032459
0.8244897959183674,0.9959183673469387,0.000595945467,-0.000171246715
0.8244897959183674,0.9877551020408163,0.000595951312,-0.000171356315
0.8244897959183674,0.9795918367346939,0.000596347484,-0.000170539885
0.8244897959183674,0.9714285714285714,0.000595772394,-0.00017168062
0.8244897959183674,0.963265306122449,0.000596432871,-0.000171155386
0.8244897959183674,0.9551020408163265,0.000595602866,-0.000171395011
0.8244897959183674,0.9469387755102041,0.000596698709,-0.000170886958
0.8244897959183674,0.9387755102040816,0.000596648878,-0.000171630332
0.8244897959183674,0.9306122448979592,0.000596195111,-0.000171031593
0.8244897959183674,0.9224489795918367,0.000596787356,-0.000170932943
0.8244897959183674,0.9142857142857143,0.000595846184,-0.000171848472
0.8244897959183674,0.9061224489795918,0.000596564257,-0.00017199998
0.8244897959183674,0.8979591836734694,0.000596669099,-0.000172893994
0.8244897959183674,0.889795918367347,0.000597347497,-0.000171698668
0.8244897959183674,0.8816326530612244,0.000596931585,-0.000171758204
0.8244897959183674,0.8734693877551021,0.000597045336,-0.000170766824
0.8244897959183674,0.8653061224489795,0.00059715267,-0.000170606711
0.8244897959183674,0.8571428571428572,0.000596540491,-0.000171807208
0.8244897959183674,0.8489795918367347,0.000597029141,-0.000171122503
0.8244897959183674,0.8408163265306122,0.00059546774,-0.000171952903
0.8244897959183674,0.8326530612244898,0.000594812341,-0.000170972923
0.8244897959183674,0.8244897959183674,0.000594829496,-0.000171666651
0.8244897959183674,0.8163265306122449,0.000594760304,-0.000171772173
0.8244897959183674,0.8081632653061225,0.000593764029,-0.000171874259
0.8244897959183674,0.8,0.000594306536,-0.000172405947
0.8163265306122449,1.2,0.000592454764,-0.000169594908
0.8163265306122449,1.1918367346938774,0.000593036659,-0.000169687328
0.8163265306122449,1.183673469387755,0.000591085604,-0.000169747507
0.8163265306122449,1.1755102040816325,0.000592180108,-0.00017002968
0.8163265306122449,1.1673469387755102,0.00059197905,-0.000170813677
0.8163265306122449,1.1591836734693877,0.000592406272,-0.000169962854
0.8163265306122449,1.1510204081632653,0.000592151837,-0.000170236003
0.8163265306122449,1.1428571428571428,0.000592152603,-0.000170412012
0.8163265306122449,1.1346938775510205,0.000592413843,-0.000169042828
0.8163265306122449,1.126530612244898,0.000592309002,-0.000170190436
0.8163265306122449,1.1183673469387754,0.000593004555,-0.000169456952
0.8163265306122449,1.110204081632653,0.000592417102,-0.000170716536
0.8163265306122449,1.1020408163265305,0.000592444414,-0.000169679813
0.8163265306122449,1.0938775510204082,0.000593230913,-0.000170468306
0.8163265306122449,1.0857142857142856,0.000593199862,-0.000170236003
0.8163265306122449,1.0775510204081633,0.00059321855,-0.000170789175
0.8163265306122449,1.0693877551020408,0.00059413241,-0.000170475627
0.8163265306122449,1.0612244897959184,0.000593202928,-0.000170037419
0.8163265306122449,1.0530612244897959,0.000592810975,-0.000170446598
0.8163265306122449,1.0448979591836736,0.000593013373,-0.000170438859
0.8163265306122449,1.036734693877551,0.00059250201,-0.000170891036
0.8163265306122449,1.0285714285714285,0.000593037905,-0.000168680919
0.8163265306122449,1.0204081632653061,0.000590991113,-0.000170620262
0.8163265306122449,1.0122448979591836,0.000592222848,-0.000169243757
0.8163265306122449,1.0040816326530613,0.000592763249,-0.000169486399
0.8163265306122449,0.9959183673469387,0.00059215337,-0.000168949124
0.8163265306122449,0.9877551020408163,0.000591935063,-0.000169901808
0.8163265306122449,0.9795918367346939,0.000591783457,-0.000171123563
0.8163265306122449,0.9714285714285714,0.000592089929,-0.000170158837
0.8163265306122449,0.963265306122449,0.000592247094,-0.00017100343
0.8163265306122449,0.9551020408163265,0.000593428999,-0.000170725142
0.8163265306122449,0.9469387755102041,0.00059461119,-0.00017092135
0.8163265306122449,0.9387755102040816,0.00059329512,-0.000170960463
0.8163265306122449,0.9306122448979592,0.000593454297,-0.000170020239
0.8163265306122449,0.9224489795918367,0.000593943714,-0.000170893412
0.8163265306122449,0.9142857142857143,0.000593097034,-0.000169601587
0.8163265306122449,0.9061224489795918,0.000593916402,-0.0001709437
0.8163265306122449,0.8979591836734694,0.000594373236,-0.000171405961
0.8163265306122449,0.889795918367347,0.000594844638,-0.000170612748
0.8163265306122449,0.8816326530612244,0.000593716784,-0.000170774981
0.8163265306122449,0.8734693877551021,0.000593746108,-0.000171421439
0.8163265306122449,0.8653061224489795,0.000593601592,-0.00017133891
0.8163265306122449,0.8571428571428572,0.000594192305,-0.000171324941
0.8163265306122449,0.8489795918367347,0.000592186719,-0.000171485697
0.8163265306122449,0.8408163265306122,0.000594067243,-0.000170825494
0.8163265306122449,0.8326530612244898,0.000593443661,-0.000170657642
0.8163265306122449,0.8244897959183674,0.000593486881,-0.000169971653
0.8163265306122449,0.8163265306122449,0.000592613655,-0.000170613166
0.8163265306122449,0.8081632653061225,0.000592601579,-0.000171016115
0.8163265306122449,0.8,0.000592883039,-0.000170807447
0.8081632653061225,1.2,0.000594398728,-0.000170093938
0.8081632653061225,1.1918367346938774,0.000594374962,-0.000170646049
0.8081632653061225,1.183673469387755,0.000595409858,-0.000169814782
0.8081632653061225,1.1755102040816325,0.000594997778,-0.000169679813
0.8081632653061225,1.1673469387755102,0.000595178902,-0.000169738483
0.8081632653061225,1.1591836734693877,0.000593109397,-0.000169585691
0.8081632653061225,1.1510204081632653,0.000594611762,-0.000170664096
0.8081632653061225,1.1428571428571428,0.00059508901,-0.000170592742
0.8081632653061225,1.1346938775510205,0.000595113735,-0.000170107489
0.8081632653061225,1.126530612244898,0.000594566723,-0.000170484009
0.8081632653061225,1.1183673469387754,0.000595583698,-0.00016903981
0.8081632653061225,1.110204081632653,0.000594574581,-0.000169949527
0.8081632653061225,1.1020408163265305,0.000595268121,-0.000169998306
0.8081632653061225,1.0938775510204082,0.000594515932,-0.00016992008
0.8081632653061225,1.0857142857142856,0.000594539985,-0.000169604381
0.8081632653061225,1.0775510204081633,0.000593411077,-0.000169199056
0.8081632653061225,1.0693877551020408,0.000593194304,-0.000170325823
0.8081632653061225,1.0612244897959184,0.000595014452,-0.000169511319
0.8081632653061225,1.0530612244897959,0.000594222395,-0.000168927416
0.8081632653061225,1.0448979591836736,0.000595029881,-0.000170931658
0.8081632653061225,1.036734693877551,0.000594287276,-0.000169864846
0.8081632653061225,1.0285714285714285,0.000594520244,-0.000169806177
0.8081632653061225,1.0204081632653061,0.000594458336,-0.000169586751
0.8081632653061225,1.0122448979591836,0.000593569489,-0.000169764912
0.8081632653061225,1.0040816326530613,0.000593195264,-0.000170189151
0.8081632653061225,0.9959183673469387,0.000594908558,-0.000169579879
0.8081632653061225,0.9877551020408163,0.000594308262,-0.00016992631
0.8081632653061225,0.9795918367346939,0.000593236471,-0.000170611014
0.8081632653061225,0.9714285714285714,0.000593739017,-0.000169111806
0.8081632653061225,0.963265306122449,0.000592233679,-0.00016971183
0.8081632653061225,0.9551020408163265,0.000592176083,-0.000171076069
0.8081632653061225,0.9469387755102041,0.000593122046,-0.000170815186
0.8081632653061225,0.9387755102040816,0.000592438089,-0.000169957266
0.8081632653061225,0.9306122448979592,0.000592978297,-0.000170186133
0.8081632653061225,0.9224489795918367,0.000592186913,-0.000170112852
0.8081632653061225,0.9142857142857143,0.000594861313,-0.000170542036
0.8081632653061225,0.9061224489795918,0.000592759224,-0.000169384089
0.8081632653061225,0.8979591836734694,0.000592873649,-0.000169687552
0.8081632653061225,0.889795918367347,0.000591752119,-0.000170462301
0.8081632653061225,0.8816326530612244,0.000591865012,-0.000170263717
0.8081632653061225,0.8734693877551021,0.000593182421,-0.000170671193
0.8081632653061225,0.8653061224489795,0.000592380207,-0.000170233852
0.8081632653061225,0.8571428571428572,0.000592058592,-0.000170162498
0.8081632653061225,0.8489795918367347,0.000591066436,-0.000170148529
0.8081632653061225,0.8408163265306122,0.000591918102,-0.000169336176
0.8081632653061225,0.8326530612244898,0.000591417089,-0.00016920702
0.8081632653061225,0.8244897959183674,0.00059252223,-0.000169385822
0.8081632653061225,0.8163265306122449,0.000591758924,-0.000169370344
0.8081632653061225,0.8081632653061225,0.000592139954,-0.000169376156
0.8081632653061225,0.8,0.000592590942,-0.000169292985
0.8,1.2,0.000589424633,-0.000169961987
0.8,1.1918367346938774,0.000588529461,-0.000169936843
0.8,1.183673469387755,0.000589663926,-0.00017062951
0.8,1.1755102040816325,0.000590081279,-0.000169705824
0.8,1.1673469387755102,0.000589380933,-0.000168836087
0.8,1.1591836734693877,0.000590453204,-0.000169961987
0.8,1.1510204081632653,0.000590156316,-0.000169294045
0.8,1.1428571428571428,0.000588520164,-0.000169396998
0.8,1.1346938775510205,0.000591563617,-0.000169483381
0.8,1.126530612244898,0.000590018891,-0.000169731386
0.8,1.1183673469387754,0.000590087603,-0.000169429014
0.8,1.110204081632653,0.000591075254,-0.000169903959
0.8,1.1020408163265305,0.000591230406,-0.000169629301
0.8,1.0938775510204082,0.000590212665,-0.000170214295
0.8,1.0857142857142856,0.000591143486,-0.000170457998
0.8,1.0775510204081633,0.000591096241,-0.000170764897
0.8,1.0693877551020408,0.000590577786,-0.000170941324
0.8,1.0612244897959184,0.000591132849,-0.00017149472
0.8,1.0530612244897959,0.000591524516,-0.00017209346
0.8,1.0448979591836736,0.000590808169,-0.000171758846
0.8,1.036734693877551,0.000591000217,-0.000172209514
0.8,1.0285714285714285,0.000591016412,-0.000171229534
0.8,1.0204081632653061,0.00059047745,-0.000170641746
0.8,1.0122448979591836,0.000590574241,-0.000169959193
0.8,1.0040816326530613,0.000590741469,-0.000170893412
0.8,0.9959183673469387,0.000590386505,-0.000171021702
0.8,0.9877551020408163,0.000590186406,-0.000171193408
0.8,0.9795918367346939,0.000590182094,-0.00017117064
0.8,0.9714285714285714,0.000591932478,-0.000170607578
0.8,0.963265306122449,0.000591528255,-0.000171217492
0.8,0.9551020408163265,0.000591280624,-0.000171498799
0.8,0.9469387755102041,0.000592307469,-0.000171087469
0.8,0.9387755102040816,0.000591797639,-0.000170178618
0.8,0.9306122448979592,0.000591524516,-0.000170278777
0.8,0.9224489795918367,0.00059156515,-0.000169736556
0.8,0.9142857142857143,0.000591453218,-0.000170164425
0.8,0.9061224489795918,0.000591796106,-0.000169587394
0.8,0.8979591836734694,0.000591796106,-0.000168661138
0.8,0.889795918367347,0.000592535839,-0.000170437799
0.8,0.8816326530612244,0.000591569749,-0.000169994646
0.8,0.8734693877551021,0.000592155096,-0.000170145959
0.8,0.8653061224489795,0.00059135748,-0.000169835206
0.8,0.8571428571428572,0.00059326177,-0.000169941788
0.8,0.8489795918367347,0.000592297119,-0.000168930209
0.8,0.8408163265306122,0.00059402201,-0.000170228264
0.8,0.8326530612244898,0.000593545723,-0.000169643494
0.8,0.8244897959183674,0.000593321665,-0.000168344155
0.8,0.8163265306122449,0.000592867131,-0.000169700012
0.8,0.8081632653061225,0.000592282457,-0.000169259235
0.8,0.8,0.000592948972,-0.000170240082
