spi_rack.module1.dac5.voltage,spi_rack.module2.dac10.voltage,agilent_left.volt,agilent_right.volt
1.2,1.2,0.000592111396,-0.000165075382
1.2,1.1918367346938774,0.000593254199,-0.000165295226
1.2,1.183673469387755,0.000592752419,-0.000164365534
1.2,1.1755102040816325,0.00059190296,-0.000164977375
1.2,1.1673469387755102,0.000593919948,-0.000164579371
1.2,1.1591836734693877,0.000592725874,-0.000164956309
1.2,1.1510204081632653,0.000592126825,-0.000164507375
1.2,1.1428571428571428,0.000592613942,-0.000163761432
1.2,1.1346938775510205,0.000594130397,-0.000164534446
1.2,1.126530612244898,0.000592904986,-0.000164482231
1.2,1.1183673469387754,0.000592064917,-0.000164382297
1.2,1.110204081632653,0.00059273929,-0.000163124864
1.2,1.1020408163265305,0.000593267328,-0.000164342541
1.2,1.0938775510204082,0.000592646812,-0.000164348996
1.2,1.0857142857142856,0.000592526542,-0.000164623205
1.2,1.0775510204081633,0.000593569009,-0.000164134933
1.2,1.0693877551020408,0.00059255558,-0.000163977839
1.2,1.0612244897959184,0.000591877468,-0.000165027663
1.2,1.0530612244897959,0.000592017671,-0.000165349399
1.2,1.0448979591836736,0.000592081592,-0.000164912476
1.2,1.036734693877551,0.000591454751,-0.000165333054
1.2,1.0285714285714285,0.000592236458,-0.000165509063
1.2,1.0204081632653061,0.000592397648,-0.000165658001
1.2,1.0122448979591836,0.00059303436,-0.000164458371
1.2,1.0040816326530613,0.00059280321,-0.000165178111
1.2,0.9959183673469387,0.000591294806,-0.000164744848
1.2,0.9877551020408163,0.000591401947,-0.000165224738
1.2,0.9795918367346939,0.000592195537,-0.000165305758
1.2,0.9714285714285714,0.000591292507,-0.000163757771
1.2,0.963265306122449,0.000592461375,-0.000164934408
1.2,0.9551020408163265,0.000592577813,-0.000164609685
1.2,0.9469387755102041,0.000593042984,-0.000164872078
1.2,0.9387755102040816,0.000593203121,-0.000163955264
1.2,0.9306122448979592,0.000592856974,-0.000163435618
1.2,0.9224489795918367,0.000591092695,-0.000164748926
1.2,0.9142857142857143,0.000593258704,-0.00016542891
1.2,0.9061224489795918,0.000591980776,-0.00016498126
1.2,0.8979591836734694,0.000592400714,-0.000164776446
1.2,0.889795918367347,0.000592316287,-0.000162745968
1.2,0.8816326530612244,0.000591698549,-0.000164202851
1.2,0.8734693877551021,0.000592887831,-0.000163768946
1.2,0.8653061224489795,0.000592623526,-0.000164348771
1.2,0.8571428571428572,0.000592408765,-0.000164070901
1.2,0.8489795918367347,0.000593605138,-0.00016376551
1.2,0.8408163265306122,0.000593066463,-0.000165460508
1.2,0.8326530612244898,0.00059302171,-0.000164658882
1.2,0.8244897959183674,0.00059456423,-0.000164283647
1.2,0.8163265306122449,0.000593657175,-0.00016512718
1.2,0.8081632653061225,0.000594569216,-0.00016529028
1.2,0.8,0.000593905766,-0.000165495961
1.1918367346938774,1.2,0.000593785016,-0.000166866206
1.1918367346938774,1.1918367346938774,0.000593135175,-0.000166232881
1.1918367346938774,1.183673469387755,0.000593605904,-0.000167250914
1.1918367346938774,1.1755102040816325,0.000593896948,-0.000167408008
1.1918367346938774,1.1673469387755102,0.000593564983,-0.000167610446
1.1918367346938774,1.1591836734693877,0.000593831495,-0.000166674943
1.1918367346938774,1.1510204081632653,0.000595348717,-0.000166721153
1.1918367346938774,1.1428571428571428,0.000594727434,-0.000167192019
1.1918367346938774,1.1346938775510205,0.000594931844,-0.00016639643
1.1918367346938774,1.126530612244898,0.000595006881,-0.000166324209
1.1918367346938774,1.1183673469387754,0.000595178422,-0.00016641878
1.1918367346938774,1.110204081632653,0.000595705694,-0.000165943611
1.1918367346938774,1.1020408163265305,0.000595562231,-0.000166166472
1.1918367346938774,1.0938775510204082,0.000594307016,-0.000166480019
1.1918367346938774,1.0857142857142856,0.000594659488,-0.000165916539
1.1918367346938774,1.0775510204081633,0.000594051528,-0.000166046339
1.1918367346938774,1.0693877551020408,0.000595238604,-0.000166436828
1.1918367346938774,1.0612244897959184,0.000594246641,-0.000166411041
1.1918367346938774,1.0530612244897959,0.000593898195,-0.000165811884
1.1918367346938774,1.0448979591836736,0.000595179669,-0.000166111238
1.1918367346938774,1.036734693877551,0.000595068503,-0.000166863636
1.1918367346938774,1.0285714285714285,0.000594240796,-0.000166884702
1.1918367346938774,1.0204081632653061,0.000593851429,-0.000166463899
1.1918367346938774,1.0122448979591836,0.000594760304,-0.000167293463
1.1918367346938774,1.0040816326530613,0.000594827963,-0.000167474193
1.1918367346938774,0.9959183673469387,0.000594322925,-0.00016739876
1.1918367346938774,0.9877551020408163,0.000593487361,-0.000167321401
1.1918367346938774,0.9795918367346939,0.000592955011,-0.000167527275
1.1918367346938774,0.9714285714285714,0.000591467114,-0.000167628494
1.1918367346938774,0.963265306122449,0.000592643266,-0.000167043306
1.1918367346938774,0.9551020408163265,0.000592715238,-0.000167274967
1.1918367346938774,0.9469387755102041,0.000592400234,-0.000167014083
1.1918367346938774,0.9387755102040816,0.000592799378,-0.000165928133
1.1918367346938774,0.9306122448979592,0.000592497218,-0.00016588645
1.1918367346938774,0.9224489795918367,0.000592848157,-0.000166051702
1.1918367346938774,0.9142857142857143,0.000592558072,-0.000165022076
1.1918367346938774,0.9061224489795918,0.00059125034,-0.000165488222
1.1918367346938774,0.8979591836734694,0.000591208173,-0.000166169266
1.1918367346938774,0.889795918367347,0.000591381246,-0.000165953919
1.1918367346938774,0.8816326530612244,0.000591421881,-0.000167237363
1.1918367346938774,0.8734693877551021,0.000591164473,-0.000165592235
1.1918367346938774,0.8653061224489795,0.000591057812,-0.000166819802
1.1918367346938774,0.8571428571428572,0.000590869597,-0.000168084332
1.1918367346938774,0.8489795918367347,0.000590755652,-0.000166724589
1.1918367346938774,0.8408163265306122,0.000591667212,-0.000167082419
1.1918367346938774,0.8326530612244898,0.000591617474,-0.000165646184
1.1918367346938774,0.8244897959183674,0.000590919621,-0.000166928985
1.1918367346938774,0.8163265306122449,0.000592163433,-0.000166721795
1.1918367346938774,0.8081632653061225,0.000592328456,-0.000167316231
1.1918367346938774,0.8,0.000592059359,-0.000165147379
1.183673469387755,1.2,0.000592853715,-0.000168335773
1.183673469387755,1.1918367346938774,0.000591994192,-0.000167486235
1.183673469387755,1.183673469387755,0.000592745615,-0.000167343109
1.183673469387755,1.1755102040816325,0.000592714471,-0.000167272397
1.183673469387755,1.1673469387755102,0.000592156629,-0.000166764987
1.183673469387755,1.1591836734693877,0.000591870856,-0.000167423904
1.183673469387755,1.1510204081632653,0.000591762756,-0.000166228353
1.183673469387755,1.1428571428571428,0.000592751653,-0.000166271351
1.183673469387755,1.1346938775510205,0.000592452751,-0.000165449751
1.183673469387755,1.126530612244898,0.000591638941,-0.000165399463
1.183673469387755,1.1183673469387754,0.000590476204,-0.000164972879
1.183673469387755,1.110204081632653,0.000592330949,-0.000166828184
1.183673469387755,1.1020408163265305,0.000591481296,-0.000164577638
1.183673469387755,1.0938775510204082,0.000592203874,-0.000166502594
1.183673469387755,1.0857142857142856,0.000592031567,-0.00016447857
1.183673469387755,1.0775510204081633,0.00059084909,-0.000165991105
1.183673469387755,1.0693877551020408,0.000590143186,-0.000166021419
1.183673469387755,1.0612244897959184,0.000591100266,-0.000166179156
1.183673469387755,1.0530612244897959,0.000590734185,-0.000165189061
1.183673469387755,1.0448979591836736,0.000590990633,-0.000163899388
1.183673469387755,1.036734693877551,0.000591407505,-0.000165382476
1.183673469387755,1.0285714285714285,0.000591296339,-0.000166087603
1.183673469387755,1.0204081632653061,0.000591122499,-0.000164411744
1.183673469387755,1.0122448979591836,0.000590791014,-0.000164840704
1.183673469387755,1.0040816326530613,0.000591848623,-0.000164901525
1.183673469387755,0.9959183673469387,0.000591166199,-0.000164547997
1.183673469387755,0.9877551020408163,0.000591856961,-0.00016488518
1.183673469387755,0.9795918367346939,0.000592201862,-0.000165514875
1.183673469387755,0.9714285714285714,0.000590796092,-0.000165340793
1.183673469387755,0.963265306122449,0.000590503229,-0.000165713877
1.183673469387755,0.9551020408163265,0.000593015672,-0.000165812302
1.183673469387755,0.9469387755102041,0.000590503995,-0.000165255694
1.183673469387755,0.9387755102040816,0.000592091462,-0.00016530168
1.183673469387755,0.9306122448979592,0.000590906972,-0.000165864518
1.183673469387755,0.9224489795918367,0.000589240443,-0.000165536359
1.183673469387755,0.9142857142857143,0.000589858467,-0.000164894428
1.183673469387755,0.9061224489795918,0.00059036983,-0.000165429328
1.183673469387755,0.8979591836734694,0.000589474658,-0.000166299289
1.183673469387755,0.889795918367347,0.000589745002,-0.000166461105
1.183673469387755,0.8816326530612244,0.000588409191,-0.000165655625
1.183673469387755,0.8734693877551021,0.000589608343,-0.000166359468
1.183673469387755,0.8653061224489795,0.000589916062,-0.000165550328
1.183673469387755,0.8571428571428572,0.000590677549,-0.0001649127
1.183673469387755,0.8489795918367347,0.00058988118,-0.000165097508
1.183673469387755,0.8408163265306122,0.00058936953,-0.000165218733
1.183673469387755,0.8326530612244898,0.000589982762,-0.000165598689
1.183673469387755,0.8244897959183674,0.000591075254,-0.000164497709
1.183673469387755,0.8163265306122449,0.000591126811,-0.000165291371
1.183673469387755,0.8081632653061225,0.000590870843,-0.000165077952
1.183673469387755,0.8,0.000590886272,-0.000164776222
1.1755102040816325,1.2,0.000592367078,-0.000164606667
1.1755102040816325,1.1918367346938774,0.000592754432,-0.000165231835
1.1755102040816325,1.183673469387755,0.000592461855,-0.000166311749
1.1755102040816325,1.1755102040816325,0.000592912077,-0.000165279554
1.1755102040816325,1.1673469387755102,0.000593430052,-0.000165220017
1.1755102040816325,1.1591836734693877,0.000591977997,-0.000165601258
1.1755102040816325,1.1510204081632653,0.000592772353,-0.000165859797
1.1755102040816325,1.1428571428571428,0.000592911311,-0.000166188822
1.1755102040816325,1.1346938775510205,0.000593430818,-0.00016628532
1.1755102040816325,1.126530612244898,0.000592442881,-0.000165600616
1.1755102040816325,1.1183673469387754,0.000592858027,-0.000165775758
1.1755102040816325,1.110204081632653,0.000591771574,-0.000166862994
1.1755102040816325,1.1020408163265305,0.000591156329,-0.000166086094
1.1755102040816325,1.0938775510204082,0.000590549995,-0.000166165187
1.1755102040816325,1.0857142857142856,0.000590770027,-0.000166220839
1.1755102040816325,1.0775510204081633,0.000591157862,-0.000165808866
1.1755102040816325,1.0693877551020408,0.00059144488,-0.000168319653
1.1755102040816325,1.0612244897959184,0.000591702095,-0.000169175421
1.1755102040816325,1.0530612244897959,0.000591475737,-0.000167881445
1.1755102040816325,1.0448979591836736,0.000591733912,-0.000166719868
1.1755102040816325,1.036734693877551,0.000591937556,-0.000167194171
1.1755102040816325,1.0285714285714285,0.000592219303,-0.000166802397
1.1755102040816325,1.0204081632653061,0.000590822351,-0.000168378322
1.1755102040816325,1.0122448979591836,0.000591658395,-0.000167124968
1.1755102040816325,1.0040816326530613,0.00059337926,-0.000167817412
1.1755102040816325,0.9959183673469387,0.000591702861,-0.000167483665
1.1755102040816325,0.9877551020408163,0.000590997438,-0.00016672051
1.1755102040816325,0.9795918367346939,0.000593325404,-0.000166086094
1.1755102040816325,0.9714285714285714,0.000592652084,-0.000166361171
1.1755102040816325,0.963265306122449,0.000592911597,-0.000167535656
1.1755102040816325,0.9551020408163265,0.000592274119,-0.000166395788
1.1755102040816325,0.9469387755102041,0.000593101826,-0.00016682539
1.1755102040816325,0.9387755102040816,0.000592856974,-0.000167363083
1.1755102040816325,0.9306122448979592,0.000593119267,-0.000166575875
1.1755102040816325,0.9224489795918367,0.000592798132,-0.000166800246
1.1755102040816325,0.9142857142857143,0.000593823158,-0.000165382924
1.1755102040816325,0.9061224489795918,0.000592818352,-0.000165496603
1.1755102040816325,0.8979591836734694,0.000592665019,-0.000166909622
1.1755102040816325,0.889795918367347,0.000592713991,-0.000165771038
1.1755102040816325,0.8816326530612244,0.000591717237,-0.000167055123
1.1755102040816325,0.8734693877551021,0.000593183187,-0.00016665818
1.1755102040816325,0.8653061224489795,0.000592842598,-0.000167888541
1.1755102040816325,0.8571428571428572,0.000592230899,-0.000167403063
1.1755102040816325,0.8489795918367347,0.000592621513,-0.000167026319
1.1755102040816325,0.8408163265306122,0.000591433764,-0.000167453769
1.1755102040816325,0.8326530612244898,0.000592228887,-0.000167329558
1.1755102040816325,0.8244897959183674,0.000592415856,-0.000167106279
1.1755102040816325,0.8163265306122449,0.000592617967,-0.000166782616
1.1755102040816325,0.8081632653061225,0.000592070955,-0.000166496364
1.1755102040816325,0.8,0.00059243483,-0.000166742861
1.1673469387755102,1.2,0.000591948673,-0.000170565671
1.1673469387755102,1.1918367346938774,0.000593090709,-0.000168763224
1.1673469387755102,1.183673469387755,0.000593552814,-0.000168512425
1.1673469387755102,1.1755102040816325,0.000593070775,-0.000168640297
1.1673469387755102,1.1673469387755102,0.00059231504,-0.000168965886
1.1673469387755102,1.1591836734693877,0.000592388064,-0.000168085392
1.1673469387755102,1.1510204081632653,0.000592253133,-0.000168800828
1.1673469387755102,1.1428571428571428,0.000592484855,-0.000168942027
1.1673469387755102,1.1346938775510205,0.000592700575,-0.000168630182
1.1673469387755102,1.126530612244898,0.000592640487,-0.000168880145
1.1673469387755102,1.1183673469387754,0.000593137955,-0.000169438262
1.1673469387755102,1.110204081632653,0.000593995751,-0.000169899881
1.1673469387755102,1.1020408163265305,0.000593380507,-0.000168248523
1.1673469387755102,1.0938775510204082,0.000592252366,-0.000168568301
1.1673469387755102,1.0857142857142856,0.000593262536,-0.000167794419
1.1673469387755102,1.0775510204081633,0.000592998231,-0.000168463645
1.1673469387755102,1.0693877551020408,0.000593953298,-0.000168682846
1.1673469387755102,1.0612244897959184,0.000592548775,-0.000169366041
1.1673469387755102,1.0530612244897959,0.000593108917,-0.00016828677
1.1673469387755102,1.0448979591836736,0.000592634642,-0.00016978039
1.1673469387755102,1.036734693877551,0.000593863312,-0.000168462136
1.1673469387755102,1.0285714285714285,0.000592436843,-0.000168984158
1.1673469387755102,1.0204081632653061,0.000593640214,-0.000167587454
1.1673469387755102,1.0122448979591836,0.000593907299,-0.000168923979
1.1673469387755102,1.0040816326530613,0.000592766795,-0.000168095507
1.1673469387755102,0.9959183673469387,0.000595120347,-0.000169107728
1.1673469387755102,0.9877551020408163,0.000594015685,-0.000168271934
1.1673469387755102,0.9795918367346939,0.00059421933,-0.000168248299
1.1673469387755102,0.9714285714285714,0.000593704901,-0.000169225291
1.1673469387755102,0.963265306122449,0.000593043463,-0.000168960941
1.1673469387755102,0.9551020408163265,0.00059367433,-0.000168443447
1.1673469387755102,0.9469387755102041,0.000594407065,-0.000168567016
1.1673469387755102,0.9387755102040816,0.000593254679,-0.000169303293
1.1673469387755102,0.9306122448979592,0.000593085631,-0.000169280943
1.1673469387755102,0.9224489795918367,0.000594068009,-0.000167963974
1.1673469387755102,0.9142857142857143,0.000594633136,-0.000168151801
1.1673469387755102,0.9061224489795918,0.000594318613,-0.000169067105
1.1673469387755102,0.8979591836734694,0.000595780731,-0.000168755067
1.1673469387755102,0.889795918367347,0.000593699342,-0.000168020941
1.1673469387755102,0.8816326530612244,0.000595078373,-0.000168228967
1.1673469387755102,0.8734693877551021,0.000595208706,-0.000167344811
1.1673469387755102,0.8653061224489795,0.000595049049,-0.000168005238
1.1673469387755102,0.8571428571428572,0.000595305497,-0.000167616676
1.1673469387755102,0.8489795918367347,0.000596530907,-0.000168432271
1.1673469387755102,0.8408163265306122,0.000596063724,-0.000168878412
1.1673469387755102,0.8326530612244898,0.00059531786,-0.000168597748
1.1673469387755102,0.8244897959183674,0.000595116801,-0.000167467096
1.1673469387755102,0.8163265306122449,0.000594546503,-0.000167625282
1.1673469387755102,0.8081632653061225,0.000594714784,-0.000167646348
1.1673469387755102,0.8,0.000594304237,-0.000169083001
1.1591836734693877,1.2,0.000591278418,-0.00016906839
1.1591836734693877,1.1918367346938774,0.000590746548,-0.000170276177
1.1591836734693877,1.183673469387755,0.0005920538,-0.000168791386
1.1591836734693877,1.1755102040816325,0.000591405492,-0.000168891096
1.1591836734693877,1.1673469387755102,0.000591499217,-0.000169277507
1.1591836734693877,1.1591836734693877,0.000591895389,-0.000169658748
1.1591836734693877,1.1510204081632653,0.000590242469,-0.000171432615
1.1591836734693877,1.1428571428571428,0.000590531307,-0.000170993764
1.1591836734693877,1.1346938775510205,0.000591540424,-0.000170303054
1.1591836734693877,1.126530612244898,0.00059093505,-0.000170202702
1.1591836734693877,1.1183673469387754,0.000589885972,-0.000170606936
1.1591836734693877,1.110204081632653,0.000589788702,-0.000170569974
1.1591836734693877,1.1020408163265305,0.000590769261,-0.000169943939
1.1591836734693877,1.0938775510204082,0.000593143513,-0.000169667129
1.1591836734693877,1.0857142857142856,0.000592685433,-0.000169987998
1.1591836734693877,1.0775510204081633,0.000591861273,-0.00017013822
1.1591836734693877,1.0693877551020408,0.000592902493,-0.000169475
1.1591836734693877,1.0612244897959184,0.000592360273,-0.000168760848
1.1591836734693877,1.0530612244897959,0.000592320599,-0.000170127687
1.1591836734693877,1.0448979591836736,0.000592817586,-0.00017058587
1.1591836734693877,1.036734693877551,0.000591071708,-0.000170028396
1.1591836734693877,1.0285714285714285,0.0005925551,-0.000169466618
1.1591836734693877,1.0204081632653061,0.000591221782,-0.000168821027
1.1591836734693877,1.0122448979591836,0.000590866818,-0.000169237527
1.1591836734693877,1.0040816326530613,0.000591633862,-0.00016805466
1.1591836734693877,0.9959183673469387,0.000592398415,-0.000168447525
1.1591836734693877,0.9877551020408163,0.000592128357,-0.000168063266
1.1591836734693877,0.9795918367346939,0.000592980789,-0.000170743607
1.1591836734693877,0.9714285714285714,0.000591320585,-0.000169022405
1.1591836734693877,0.963265306122449,0.000592185187,-0.000169476509
1.1591836734693877,0.9551020408163265,0.000592497984,-0.000169324135
1.1591836734693877,0.9469387755102041,0.000591256665,-0.000168674465
1.1591836734693877,0.9387755102040816,0.000591872389,-0.000168273443
1.1591836734693877,0.9306122448979592,0.000591804923,-0.000168129032
1.1591836734693877,0.9224489795918367,0.000592080825,-0.000169377859
1.1591836734693877,0.9142857142857143,0.000591378467,-0.000168791162
1.1591836734693877,0.9061224489795918,0.000592500763,-0.000170240082
1.1591836734693877,0.8979591836734694,0.000592124812,-0.000169684534
1.1591836734693877,0.889795918367347,0.000592677862,-0.000170199684
1.1591836734693877,0.8816326530612244,0.000592940635,-0.000169884403
1.1591836734693877,0.8734693877551021,0.000592531814,-0.000169856465
1.1591836734693877,0.8653061224489795,0.000592237511,-0.00016918422
1.1591836734693877,0.8571428571428572,0.000593894456,-0.00016989622
1.1591836734693877,0.8489795918367347,0.00059307806,-0.00016898114
1.1591836734693877,0.8408163265306122,0.000592997464,-0.000170103828
1.1591836734693877,0.8326530612244898,0.000592844611,-0.000170206556
1.1591836734693877,0.8244897959183674,0.000592031854,-0.000169706885
1.1591836734693877,0.8163265306122449,0.000592575034,-0.000170184848
1.1591836734693877,0.8081632653061225,0.000592160174,-0.000169628883
1.1591836734693877,0.8,0.000593017685,-0.000170148753
1.1510204081632653,1.2,0.000590512813,-0.000169141029
1.1510204081632653,1.1918367346938774,0.000591077553,-0.000169725799
1.1510204081632653,1.183673469387755,0.000590178549,-0.000169217328
1.1510204081632653,1.1755102040816325,0.000590391777,-0.000170601348
1.1510204081632653,1.1673469387755102,0.000590016112,-0.000169635113
1.1510204081632653,1.1591836734693877,0.00058997749,-0.000169994228
1.1510204081632653,1.1510204081632653,0.000590451192,-0.00016992631
1.1510204081632653,1.1428571428571428,0.000590264509,-0.000168668235
1.1510204081632653,1.1346938775510205,0.000590365804,-0.000169767063
1.1510204081632653,1.126530612244898,0.000589837766,-0.00016942622
1.1510204081632653,1.1183673469387754,0.000589354388,-0.000168673822
1.1510204081632653,1.110204081632653,0.000590292014,-0.000170179261
1.1510204081632653,1.1020408163265305,0.000590179602,-0.000168758279
1.1510204081632653,1.0938775510204082,0.000590095941,-0.00016911203
1.1510204081632653,1.0857142857142856,0.000590301884,-0.000169255799
1.1510204081632653,1.0775510204081633,0.000590241223,-0.000169565043
1.1510204081632653,1.0693877551020408,0.000590982775,-0.000169188748
1.1510204081632653,1.0612244897959184,0.00059022934,-0.000169343691
1.1510204081632653,1.0530612244897959,0.000591282923,-0.000169850235
1.1510204081632653,1.0448979591836736,0.000591645745,-0.000170217731
1.1510204081632653,1.036734693877551,0.000591308702,-0.000170105979
1.1510204081632653,1.0285714285714285,0.000592250353,-0.000169163603
1.1510204081632653,1.0204081632653061,0.000591839039,-0.00016856981
1.1510204081632653,1.0122448979591836,0.000590928725,-0.00016955602
1.1510204081632653,1.0040816326530613,0.000591492412,-0.000169347127
1.1510204081632653,0.9959183673469387,0.000593110929,-0.000169536463
1.1510204081632653,0.9877551020408163,0.00059191331,-0.000168648454
1.1510204081632653,0.9795918367346939,0.000591715511,-0.000168579476
1.1510204081632653,0.9714285714285714,0.000592071242,-0.000168343288
1.1510204081632653,0.963265306122449,0.000592278625,-0.000167441534
1.1510204081632653,0.9551020408163265,0.000592135162,-0.000168330603
1.1510204081632653,0.9469387755102041,0.000592630617,-0.00016798353
1.1510204081632653,0.9387755102040816,0.000592319546,-0.000168959432
1.1510204081632653,0.9306122448979592,0.000591964388,-0.000168223155
1.1510204081632653,0.9224489795918367,0.000591582591,-0.000168363069
1.1510204081632653,0.9142857142857143,0.000591160641,-0.000167916479
1.1510204081632653,0.9061224489795918,0.000590739457,-0.000168735286
1.1510204081632653,0.8979591836734694,0.000591984802,-0.000167842974
1.1510204081632653,0.889795918367347,0.000591093461,-0.00016869553
1.1510204081632653,0.8816326530612244,0.000591896635,-0.000167961822
1.1510204081632653,0.8734693877551021,0.000592517438,-0.000167946793
1.1510204081632653,0.8653061224489795,0.000591647758,-0.000167755948
1.1510204081632653,0.8571428571428572,0.000591503529,-0.00016848728
1.1510204081632653,0.8489795918367347,0.000592012879,-0.000167944417
1.1510204081632653,0.8408163265306122,0.00059231504,-0.000168097434
1.1510204081632653,0.8326530612244898,0.000591576267,-0.000168980498
1.1510204081632653,0.8244897959183674,0.000590811235,-0.000168178454
1.1510204081632653,0.8163265306122449,0.000590981529,-0.00017030026
1.1510204081632653,0.8081632653061225,0.000591208653,-0.00016924806
1.1510204081632653,0.8,0.00059068464,-0.000169048416
1.1428571428571428,1.2,0.000592854961,-0.000168083689
1.1428571428571428,1.1918367346938774,0.000592141967,-0.000170093295
1.1428571428571428,1.183673469387755,0.000592796886,-0.000168978346
1.1428571428571428,1.1755102040816325,0.000592089449,-0.000169614689
1.1428571428571428,1.1673469387755102,0.000591889831,-0.000169573425
1.1428571428571428,1.1591836734693877,0.000592276899,-0.000169684116
1.1428571428571428,1.1510204081632653,0.000592887831,-0.000169190032
1.1428571428571428,1.1428571428571428,0.000590560345,-0.000169210456
1.1428571428571428,1.1346938775510205,0.000591065383,-0.000169431583
1.1428571428571428,1.126530612244898,0.000591698836,-0.000169384956
1.1428571428571428,1.1183673469387754,0.000590903713,-0.000168177811
1.1428571428571428,1.110204081632653,0.000591699316,-0.000168187702
1.1428571428571428,1.1020408163265305,0.000592408765,-0.000168324598
1.1428571428571428,1.0938775510204082,0.000592356727,-0.000169063027
1.1428571428571428,1.0857142857142856,0.000592688979,-0.000168136771
1.1428571428571428,1.0775510204081633,0.000590716457,-0.000169142987
1.1428571428571428,1.0693877551020408,0.000591384506,-0.000169104067
1.1428571428571428,1.0612244897959184,0.000590841325,-0.000168232821
1.1428571428571428,1.0530612244897959,0.000590376441,-0.000168145795
1.1428571428571428,1.0448979591836736,0.000589748547,-0.000169143822
1.1428571428571428,1.036734693877551,0.000589796273,-0.000170545472
1.1428571428571428,1.0285714285714285,0.000590010553,-0.000168708215
1.1428571428571428,1.0204081632653061,0.000589741263,-0.00016803597
1.1428571428571428,1.0122448979591836,0.000591290494,-0.00016857453
1.1428571428571428,1.0040816326530613,0.000590210939,-0.00016892764
1.1428571428571428,0.9959183673469387,0.000591005295,-0.000169071184
1.1428571428571428,0.9877551020408163,0.000591246601,-0.000168661138
1.1428571428571428,0.9795918367346939,0.000590827909,-0.000169193468
1.1428571428571428,0.9714285714285714,0.000591789301,-0.000169795868
1.1428571428571428,0.963265306122449,0.000590843338,-0.000169866355
1.1428571428571428,0.9551020408163265,0.000590579799,-0.00017058587
1.1428571428571428,0.9469387755102041,0.000590245055,-0.00016911826
1.1428571428571428,0.9387755102040816,0.000591058099,-0.000170202478
1.1428571428571428,0.9306122448979592,0.000590516931,-0.000169004582
1.1428571428571428,0.9224489795918367,0.000590488567,-0.000169101273
1.1428571428571428,0.9142857142857143,0.000590430205,-0.00016895879
1.1428571428571428,0.9061224489795918,0.000590375868,-0.000169433959
1.1428571428571428,0.8979591836734694,0.000590711665,-0.000170774981
1.1428571428571428,0.889795918367347,0.000591935543,-0.000170926071
1.1428571428571428,0.8816326530612244,0.000590201835,-0.000171472595
1.1428571428571428,0.8734693877551021,0.000589072928,-0.000171383193
1.1428571428571428,0.8653061224489795,0.000590222535,-0.000171093699
1.1428571428571428,0.8571428571428572,0.000590879181,-0.000171784633
1.1428571428571428,0.8489795918367347,0.000589541357,-0.000172565611
1.1428571428571428,0.8408163265306122,0.000589770014,-0.000172697786
1.1428571428571428,0.8326530612244898,0.0005897059,-0.000171574456
1.1428571428571428,0.8244897959183674,0.000589227027,-0.000171694589
1.1428571428571428,0.8163265306122449,0.000589507528,-0.000172560248
1.1428571428571428,0.8081632653061225,0.000589739443,-0.000172199624
1.1428571428571428,0.8,0.000590459529,-0.000171735629
1.1346938775510205,1.2,0.000591725094,-0.000172376275
1.1346938775510205,1.1918367346938774,0.000591349909,-0.000172972445
1.1346938775510205,1.183673469387755,0.00059140118,-0.000172854239
1.1346938775510205,1.1755102040816325,0.000591368311,-0.000171937007
1.1346938775510205,1.1673469387755102,0.000591009034,-0.000172745056
1.1346938775510205,1.1591836734693877,0.000590573474,-0.000172443969
1.1346938775510205,1.1510204081632653,0.000591092695,-0.000172333308
1.1346938775510205,1.1428571428571428,0.000590902946,-0.000172685102
1.1346938775510205,1.1346938775510205,0.000591041424,-0.00017257958
1.1346938775510205,1.126530612244898,0.000590279078,-0.00017238896
1.1346938775510205,1.1183673469387754,0.000590132356,-0.000172005985
1.1346938775510205,1.110204081632653,0.000590431738,-0.000171863726
1.1346938775510205,1.1020408163265305,0.000591304677,-0.000172076697
1.1346938775510205,1.0938775510204082,0.000589902647,-0.000171387914
1.1346938775510205,1.0857142857142856,0.000590429438,-0.000172688538
1.1346938775510205,1.0775510204081633,0.000591636642,-0.000172071751
1.1346938775510205,1.0693877551020408,0.000591141187,-0.000171896385
1.1346938775510205,1.0612244897959184,0.000591542151,-0.000172898297
1.1346938775510205,1.0530612244897959,0.000590852635,-0.000173675839
1.1346938775510205,1.0448979591836736,0.000590872856,-0.000172605591
1.1346938775510205,1.036734693877551,0.000591345597,-0.000172304279
1.1346938775510205,1.0285714285714285,0.000591934777,-0.000172079266
1.1346938775510205,1.0204081632653061,0.000591177316,-0.000172445478
1.1346938775510205,1.0122448979591836,0.000592114175,-0.000171384478
1.1346938775510205,1.0040816326530613,0.000592174836,-0.000172484815
1.1346938775510205,0.9959183673469387,0.000591630317,-0.000172360155
1.1346938775510205,0.9877551020408163,0.000593088696,-0.000172788054
1.1346938775510205,0.9795918367346939,0.000591905739,-0.000173208184
1.1346938775510205,0.9714285714285714,0.000590993892,-0.000172396474
1.1346938775510205,0.963265306122449,0.000590601266,-0.000172720779
1.1346938775510205,0.9551020408163265,0.000590882246,-0.000173078385
1.1346938775510205,0.9469387755102041,0.000590308975,-0.000173402047
1.1346938775510205,0.9387755102040816,0.000591613162,-0.000173501115
1.1346938775510205,0.9306122448979592,0.000589953724,-0.000171243921
1.1346938775510205,0.9224489795918367,0.00059049058,-0.000172049177
1.1346938775510205,0.9142857142857143,0.000589519124,-0.00017298619
1.1346938775510205,0.9061224489795918,0.000589889517,-0.000171721242
1.1346938775510205,0.8979591836734694,0.000590333415,-0.00017216308
1.1346938775510205,0.889795918367347,0.000590089616,-0.000172796854
1.1346938775510205,0.8816326530612244,0.000589836713,-0.000171233613
1.1346938775510205,0.8734693877551021,0.000590490866,-0.000171689001
1.1346938775510205,0.8653061224489795,0.000590370883,-0.000171385987
1.1346938775510205,0.8571428571428572,0.000590207873,-0.000171973326
1.1346938775510205,0.8489795918367347,0.000589608343,-0.000172381863
1.1346938775510205,0.8408163265306122,0.000589694211,-0.000172228428
1.1346938775510205,0.8326530612244898,0.000590313481,-0.000171993107
1.1346938775510205,0.8244897959183674,0.000589999723,-0.000172106144
1.1346938775510205,0.8163265306122449,0.000590904673,-0.000171390708
1.1346938775510205,0.8081632653061225,0.000589578253,-0.00017241754
1.1346938775510205,0.8,0.000590049942,-0.000172609027
1.126530612244898,1.2,0.000591106304,-0.000172941489
1.126530612244898,1.1918367346938774,0.000590957283,-0.000173917615
1.126530612244898,1.183673469387755,0.000592333728,-0.000173312421
1.126530612244898,1.1755102040816325,0.000589881946,-0.000173685505
1.126530612244898,1.1673469387755102,0.000591198303,-0.000173381624
1.126530612244898,1.1591836734693877,0.00059056389,-0.000174181741
1.126530612244898,1.1510204081632653,0.000590808935,-0.000172575502
1.126530612244898,1.1428571428571428,0.000590599733,-0.00017340635
1.126530612244898,1.1346938775510205,0.000591075254,-0.000174428655
1.126530612244898,1.126530612244898,0.000590931218,-0.000173930717
1.126530612244898,1.1183673469387754,0.000590256651,-0.000174407814
1.126530612244898,1.110204081632653,0.000589915296,-0.000172844573
1.126530612244898,1.1020408163265305,0.000589736664,-0.000173408053
1.126530612244898,1.0938775510204082,0.000590617174,-0.000173901494
1.126530612244898,1.0857142857142856,0.000592027542,-0.000173121158
1.126530612244898,1.0775510204081633,0.000591067396,-0.000173367879
1.126530612244898,1.0693877551020408,0.000591987867,-0.000173569675
1.126530612244898,1.0612244897959184,0.000591406452,-0.000172620202
1.126530612244898,1.0530612244897959,0.000590299105,-0.000172416897
1.126530612244898,1.0448979591836736,0.000589954204,-0.000172001907
1.126530612244898,1.036734693877551,0.000591262989,-0.000172489118
1.126530612244898,1.0285714285714285,0.000591136109,-0.000171720376
1.126530612244898,1.0204081632653061,0.000590588616,-0.000171661706
1.126530612244898,1.0122448979591836,0.000590825897,-0.000172021463
1.126530612244898,1.0040816326530613,0.000590444101,-0.000172053062
1.126530612244898,0.9959183673469387,0.000590757184,-0.000172873795
1.126530612244898,0.9877551020408163,0.000590789768,-0.000172847784
1.126530612244898,0.9795918367346939,0.000590944154,-0.000173297168
1.126530612244898,0.9714285714285714,0.000589684627,-0.0001729675
1.126530612244898,0.963265306122449,0.000589594448,-0.000172062728
1.126530612244898,0.9551020408163265,0.000589588889,-0.000171616138
1.126530612244898,0.9469387755102041,0.000589670731,-0.000172538764
1.126530612244898,0.9387755102040816,0.000589158601,-0.000172091308
1.126530612244898,0.9306122448979592,0.000589997904,-0.000172357585
1.126530612244898,0.9224489795918367,0.000589851856,-0.000171224589
1.126530612244898,0.9142857142857143,0.000589597707,-0.000171691153
1.126530612244898,0.9061224489795918,0.00058985818,-0.000172165456
1.126530612244898,0.8979591836734694,0.000591137641,-0.000172664903
1.126530612244898,0.889795918367347,0.00059026221,-0.000171811928
1.126530612244898,0.8816326530612244,0.000590524982,-0.000170760594
1.126530612244898,0.8734693877551021,0.000590635095,-0.000171800753
1.126530612244898,0.8653061224489795,0.000590043137,-0.000171499023
1.126530612244898,0.8571428571428572,0.00058840162,-0.000171680396
1.126530612244898,0.8489795918367347,0.000589271014,-0.000170784872
1.126530612244898,0.8408163265306122,0.000589492865,-0.000172105919
1.126530612244898,0.8326530612244898,0.000589748067,-0.0001714786
1.126530612244898,0.8244897959183674,0.000590114148,-0.000171424233
1.126530612244898,0.8163265306122449,0.000590513866,-0.000173240007
1.126530612244898,0.8081632653061225,0.000590946646,-0.000173024885
1.126530612244898,0.8,0.000590486841,-0.000173464795
1.1183673469387754,1.2,0.00058957624,-0.000171408113
1.1183673469387754,1.1918367346938774,0.00058997845,-0.000171805474
1.1183673469387754,1.183673469387755,0.000590875155,-0.000172538764
1.1183673469387754,1.1755102040816325,0.000591002229,-0.000172361022
1.1183673469387754,1.1673469387755102,0.000590494125,-0.000173079252
1.1183673469387754,1.1591836734693877,0.000590443334,-0.000172375857
1.1183673469387754,1.1510204081632653,0.000591267015,-0.000172686387
1.1183673469387754,1.1428571428571428,0.000590591682,-0.000172056273
1.1183673469387754,1.1346938775510205,0.000591045929,-0.000171293567
1.1183673469387754,1.126530612244898,0.00059126069,-0.0001724861
1.1183673469387754,1.1183673469387754,0.000590084344,-0.000171912087
1.1183673469387754,1.110204081632653,0.000590076487,-0.000172084854
1.1183673469387754,1.1020408163265305,0.000590517125,-0.000172754304
1.1183673469387754,1.0938775510204082,0.000589906959,-0.00017322045
1.1183673469387754,1.0857142857142856,0.000591220249,-0.000173075591
1.1183673469387754,1.0775510204081633,0.000591265769,-0.000173336281
1.1183673469387754,1.0693877551020408,0.000591424466,-0.000173062489
1.1183673469387754,1.0612244897959184,0.000591286755,-0.000174501743
1.1183673469387754,1.0530612244897959,0.00059132691,-0.000173658434
1.1183673469387754,1.0448979591836736,0.000591253886,-0.000173550118
1.1183673469387754,1.036734693877551,0.000591156615,-0.000173552045
1.1183673469387754,1.0285714285714285,0.000592808962,-0.000173591383
1.1183673469387754,1.0204081632653061,0.000591547709,-0.000173258921
1.1183673469387754,1.0122448979591836,0.000591118187,-0.000172119888
1.1183673469387754,1.0040816326530613,0.000591338026,-0.000172882819
1.1183673469387754,0.9959183673469387,0.000591746275,-0.000172991135
1.1183673469387754,0.9877551020408163,0.000591028488,-0.000173514666
1.1183673469387754,0.9795918367346939,0.00059176199,-0.000173530337
1.1183673469387754,0.9714285714285714,0.000592072488,-0.000173788458
1.1183673469387754,0.963265306122449,0.000591134096,-0.000172871644
1.1183673469387754,0.9551020408163265,0.000592042684,-0.000171863726
1.1183673469387754,0.9469387755102041,0.000590939075,-0.000172107653
1.1183673469387754,0.9387755102040816,0.000590547695,-0.000173187343
1.1183673469387754,0.9306122448979592,0.000591415843,-0.000172972863
1.1183673469387754,0.9224489795918367,0.000591586423,-0.000172876589
1.1183673469387754,0.9142857142857143,0.000590513579,-0.000173276326
1.1183673469387754,0.9061224489795918,0.000591170225,-0.000172657164
1.1183673469387754,0.8979591836734694,0.000592128837,-0.000174261252
1.1183673469387754,0.889795918367347,0.000592408285,-0.000173206899
1.1183673469387754,0.8816326530612244,0.000591679382,-0.000173452111
1.1183673469387754,0.8734693877551021,0.00059132739,-0.000173448033
1.1183673469387754,0.8653061224489795,0.000590579319,-0.000173657567
1.1183673469387754,0.8571428571428572,0.000589049928,-0.000173982932
1.1183673469387754,0.8489795918367347,0.000588897361,-0.000174694932
1.1183673469387754,0.8408163265306122,0.000589679068,-0.000174482604
1.1183673469387754,0.8326530612244898,0.000589670251,-0.00017408094
1.1183673469387754,0.8244897959183674,0.000590586604,-0.000174339253
1.1183673469387754,0.8163265306122449,0.000590116927,-0.00017403839
1.1183673469387754,0.8081632653061225,0.000589183327,-0.000174090188
1.1183673469387754,0.8,0.00058995497,-0.000174107817
1.110204081632653,1.2,0.000590101499,-0.000173138564
1.110204081632653,1.1918367346938774,0.000589991099,-0.000173995617
1.110204081632653,1.183673469387755,0.000590863272,-0.000173899985
1.110204081632653,1.1755102040816325,0.000590422634,-0.000174990432
1.110204081632653,1.1673469387755102,0.000589852908,-0.000174876753
1.110204081632653,1.1591836734693877,0.000591048229,-0.00017519181
1.110204081632653,1.1510204081632653,0.000590724795,-0.000175123892
1.110204081632653,1.1428571428571428,0.000590552007,-0.000175784737
1.110204081632653,1.1346938775510205,0.000591854182,-0.000175638175
1.110204081632653,1.126530612244898,0.00059284739,-0.000174811854
1.110204081632653,1.1183673469387754,0.000593023529,-0.000175823208
1.110204081632653,1.110204081632653,0.000591647278,-0.000174870524
1.110204081632653,1.1020408163265305,0.000592885052,-0.00017357096
1.110204081632653,1.0938775510204082,0.000593390377,-0.000174076219
1.110204081632653,1.0857142857142856,0.000593086684,-0.000174321848
1.110204081632653,1.0775510204081633,0.000592485335,-0.000173921693
1.110204081632653,1.0693877551020408,0.000592221796,-0.000173485861
1.110204081632653,1.0612244897959184,0.000593189992,-0.000175243383
1.110204081632653,1.0530612244897959,0.000592754912,-0.000175069301
1.110204081632653,1.0448979591836736,0.000593460336,-0.000175305489
1.110204081632653,1.036734693877551,0.000593009347,-0.000175005268
1.110204081632653,1.0285714285714285,0.000592999477,-0.00017480906
1.110204081632653,1.0204081632653061,0.000594254692,-0.000174228368
1.110204081632653,1.0122448979591836,0.000593111216,-0.000175788622
1.110204081632653,1.0040816326530613,0.000592916869,-0.000175075755
1.110204081632653,0.9959183673469387,0.000592547242,-0.000174787352
1.110204081632653,0.9877551020408163,0.000591493659,-0.000174743936
1.110204081632653,0.9795918367346939,0.000592198316,-0.000174732761
1.110204081632653,0.9714285714285714,0.000590895375,-0.000173699474
1.110204081632653,0.963265306122449,0.000591166199,-0.000174436843
1.110204081632653,0.9551020408163265,0.000590872376,-0.000174363755
1.110204081632653,0.9469387755102041,0.000590975491,-0.000173554421
1.110204081632653,0.9387755102040816,0.000590374622,-0.000173990896
1.110204081632653,0.9306122448979592,0.000590130057,-0.000173093221
1.110204081632653,0.9224489795918367,0.000591205394,-0.00017443983
1.110204081632653,0.9142857142857143,0.000591411531,-0.00017351123
1.110204081632653,0.9061224489795918,0.000591061644,-0.000173575905
1.110204081632653,0.8979591836734694,0.000592432531,-0.000173867744
1.110204081632653,0.889795918367347,0.000593786549,-0.000173844752
1.110204081632653,0.8816326530612244,0.000593870403,-0.000173937814
1.110204081632653,0.8734693877551021,0.000593051801,-0.00017354604
1.110204081632653,0.8653061224489795,0.00059356719,-0.000173003177
1.110204081632653,0.8571428571428572,0.000594581099,-0.000172479003
1.110204081632653,0.8489795918367347,0.000594804484,-0.000172277208
1.110204081632653,0.8408163265306122,0.000594957143,-0.000173043575
1.110204081632653,0.8326530612244898,0.00059490204,-0.000173102244
1.110204081632653,0.8244897959183674,0.000593763549,-0.000173709589
1.110204081632653,0.8163265306122449,0.000596206993,-0.000173520253
1.110204081632653,0.8081632653061225,0.000593955791,-0.000173988326
1.110204081632653,0.8,0.000593929052,-0.000172818562
1.1020408163265305,1.2,0.000594163747,-0.000172362306
1.1020408163265305,1.1918367346938774,0.000593448259,-0.000172149335
1.1020408163265305,1.183673469387755,0.000592918402,-0.000172571199
1.1020408163265305,1.1755102040816325,0.000593605904,-0.00017191122
1.1020408163265305,1.1673469387755102,0.000594656422,-0.000171393501
1.1020408163265305,1.1591836734693877,0.000594748901,-0.000172235943
1.1020408163265305,1.1510204081632653,0.000594745641,-0.000172222616
1.1020408163265305,1.1428571428571428,0.000594837833,-0.000172740335
1.1020408163265305,1.1346938775510205,0.00059482873,-0.000171774324
1.1020408163265305,1.126530612244898,0.000594833041,-0.000172377784
1.1020408163265305,1.1183673469387754,0.000595077606,-0.000172245191
1.1020408163265305,1.110204081632653,0.000594863132,-0.000172600003
1.1020408163265305,1.1020408163265305,0.00059475216,-0.000171711994
1.1020408163265305,1.0938775510204082,0.000594074814,-0.000172111731
1.1020408163265305,1.0857142857142856,0.000593833028,-0.000172366191
1.1020408163265305,1.0775510204081633,0.000594734718,-0.000171568001
1.1020408163265305,1.0693877551020408,0.000594869457,-0.000171763567
1.1020408163265305,1.0612244897959184,0.000595420208,-0.000171768095
1.1020408163265305,1.0530612244897959,0.000594908845,-0.000171301082
1.1020408163265305,1.0448979591836736,0.000594426233,-0.000171813438
1.1020408163265305,1.036734693877551,0.000594755225,-0.000172298273
1.1020408163265305,1.0285714285714285,0.000595303004,-0.000172883461
1.1020408163265305,1.0204081632653061,0.000593866091,-0.000172855748
1.1020408163265305,1.0122448979591836,0.00059312176,-0.000172108938
1.1020408163265305,1.0040816326530613,0.000593811275,-0.000171552105
1.1020408163265305,0.9959183673469387,0.000594299159,-0.00017181408
1.1020408163265305,0.9877551020408163,0.000593982336,-0.000172803726
1.1020408163265305,0.9795918367346939,0.000594609943,-0.000172687253
1.1020408163265305,0.9714285714285714,0.00059399949,-0.000171865011
1.1020408163265305,0.963265306122449,0.000593985595,-0.000172303219
1.1020408163265305,0.9551020408163265,0.00059386082,-0.000172032863
1.1020408163265305,0.9469387755102041,0.0005932289,-0.000172108938
1.1020408163265305,0.9387755102040816,0.000594964141,-0.000171934438
1.1020408163265305,0.9306122448979592,0.000593783197,-0.00017108339
1.1020408163265305,0.9224489795918367,0.000595197876,-0.000171787427
1.1020408163265305,0.9142857142857143,0.000594563944,-0.000173155551
1.1020408163265305,0.9061224489795918,0.000595471286,-0.000171409622
1.1020408163265305,0.8979591836734694,0.000595224421,-0.000172229071
1.1020408163265305,0.889795918367347,0.000595068023,-0.000172343392
1.1020408163265305,0.8816326530612244,0.000595198836,-0.00017175541
1.1020408163265305,0.8734693877551021,0.000594578606,-0.000172398626
1.1020408163265305,0.8653061224489795,0.000594607164,-0.000172309224
1.1020408163265305,0.8571428571428572,0.000595441675,-0.00017122931
1.1020408163265305,0.8489795918367347,0.00059527368,-0.000171879204
1.1020408163265305,0.8408163265306122,0.000594663513,-0.00017184266
1.1020408163265305,0.8326530612244898,0.000595730226,-0.000171853193
1.1020408163265305,0.8244897959183674,0.000595386092,-0.000171910996
1.1020408163265305,0.8163265306122449,0.000595032374,-0.000171473012
1.1020408163265305,0.8081632653061225,0.000596696124,-0.00017131399
1.1020408163265305,0.8,0.000595829509,-0.000172369403
1.0938775510204082,1.2,0.000592287729,-0.000171878337
1.0938775510204082,1.1918367346938774,0.000591407985,-0.000170118664
1.0938775510204082,1.183673469387755,0.000591629551,-0.000169984979
1.0938775510204082,1.1755102040816325,0.000593135655,-0.000170756516
1.0938775510204082,1.1673469387755102,0.000593276912,-0.000171024078
1.0938775510204082,1.1591836734693877,0.000592552321,-0.000170279195
1.0938775510204082,1.1510204081632653,0.000592507568,-0.000170347113
1.0938775510204082,1.1428571428571428,0.00059457736,-0.000170718045
1.0938775510204082,1.1346938775510205,0.000591953465,-0.000171036313
1.0938775510204082,1.126530612244898,0.000592621513,-0.000171700177
1.0938775510204082,1.1183673469387754,0.000591833195,-0.000171735854
1.0938775510204082,1.110204081632653,0.000592208186,-0.00016900349
1.0938775510204082,1.1020408163265305,0.000592796313,-0.00017027168
1.0938775510204082,1.0938775510204082,0.00059259928,-0.000169688837
1.0938775510204082,1.0857142857142856,0.000593165746,-0.000170211501
1.0938775510204082,1.0775510204081633,0.000592951272,-0.000171267138
1.0938775510204082,1.0693877551020408,0.000593137188,-0.000169572364
1.0938775510204082,1.0612244897959184,0.000592842598,-0.000170267795
1.0938775510204082,1.0530612244897959,0.000592791614,-0.000169807461
1.0938775510204082,1.0448979591836736,0.000593528568,-0.000170443611
1.0938775510204082,1.036734693877551,0.000592374935,-0.00017144745
1.0938775510204082,1.0285714285714285,0.000593505855,-0.000170537733
1.0938775510204082,1.0204081632653061,0.000593176863,-0.000171607981
1.0938775510204082,1.0122448979591836,0.000592726641,-0.000171223722
1.0938775510204082,1.0040816326530613,0.000592657162,-0.000170409219
1.0938775510204082,0.9959183673469387,0.000592457063,-0.000170669684
1.0938775510204082,0.9877551020408163,0.000592878727,-0.000170474761
1.0938775510204082,0.9795918367346939,0.000592866844,-0.000170380638
1.0938775510204082,0.9714285714285714,0.000594129631,-0.000170486578
1.0938775510204082,0.963265306122449,0.000592594488,-0.000170201611
1.0938775510204082,0.9551020408163265,0.000593642993,-0.000169788547
1.0938775510204082,0.9469387755102041,0.000594309795,-0.000170666248
1.0938775510204082,0.9387755102040816,0.000593127318,-0.000171127224
1.0938775510204082,0.9306122448979592,0.000594000543,-0.000170182054
1.0938775510204082,0.9224489795918367,0.000594829496,-0.000170358063
1.0938775510204082,0.9142857142857143,0.000594063697,-0.000170085556
1.0938775510204082,0.9061224489795918,0.000594227954,-0.000169932764
1.0938775510204082,0.8979591836734694,0.000593474231,-0.000169951036
1.0938775510204082,0.889795918367347,0.000594362313,-0.00016956225
1.0938775510204082,0.8816326530612244,0.000593775432,-0.000170090501
1.0938775510204082,0.8734693877551021,0.000593079592,-0.000170743832
1.0938775510204082,0.8653061224489795,0.000593725121,-0.000169727308
1.0938775510204082,0.8571428571428572,0.00059269655,-0.00017078789
1.0938775510204082,0.8489795918367347,0.000591995438,-0.000169784051
1.0938775510204082,0.8408163265306122,0.00059234839,-0.000171065118
1.0938775510204082,0.8326530612244898,0.000593007815,-0.000171403392
1.0938775510204082,0.8244897959183674,0.000592579826,-0.000170866116
1.0938775510204082,0.8163265306122449,0.000593253912,-0.000170979377
1.0938775510204082,0.8081632653061225,0.000592839819,-0.000170152189
1.0938775510204082,0.8,0.000592538138,-0.000171147423
1.0857142857142856,1.2,0.000593896662,-0.000170459507
1.0857142857142856,1.1918367346938774,0.000594913157,-0.000171368357
1.0857142857142856,1.183673469387755,0.000593726654,-0.00017128798
1.0857142857142856,1.1755102040816325,0.000594729927,-0.000171742726
1.0857142857142856,1.1673469387755102,0.000594080852,-0.000170534297
1.0857142857142856,1.1591836734693877,0.000592852182,-0.000171751107
1.0857142857142856,1.1510204081632653,0.000594359053,-0.000172592907
1.0857142857142856,1.1428571428571428,0.000593127318,-0.000170243518
1.0857142857142856,1.1346938775510205,0.000593534126,-0.000170918556
1.0857142857142856,1.126530612244898,0.000592894922,-0.000171394368
1.0857142857142856,1.1183673469387754,0.000593343325,-0.000170249105
1.0857142857142856,1.110204081632653,0.000593437623,-0.000171393726
1.0857142857142856,1.1020408163265305,0.000593032347,-0.000170177333
1.0857142857142856,1.0938775510204082,0.00059307528,-0.000170889109
1.0857142857142856,1.0857142857142856,0.0005937739,-0.000171017399
1.0857142857142856,1.0775510204081633,0.000593072021,-0.000170406425
1.0857142857142856,1.0693877551020408,0.000594866391,-0.000170680217
1.0857142857142856,1.0612244897959184,0.000594174097,-0.000170748135
1.0857142857142856,1.0530612244897959,0.000593144279,-0.000169264822
1.0857142857142856,1.0448979591836736,0.000592909584,-0.000169706467
1.0857142857142856,1.036734693877551,0.000593810028,-0.000169893427
1.0857142857142856,1.0285714285714285,0.000594401027,-0.000171194275
1.0857142857142856,1.0204081632653061,0.000592375702,-0.000171148932
1.0857142857142856,1.0122448979591836,0.000592982322,-0.000170101034
1.0857142857142856,1.0040816326530613,0.000593909598,-0.000170587797
1.0857142857142856,0.9959183673469387,0.000592853715,-0.000170461016
1.0857142857142856,0.9877551020408163,0.000593340352,-0.000171960642
1.0857142857142856,0.9795918367346939,0.00059396844,-0.000171057379
1.0857142857142856,0.9714285714285714,0.000593314574,-0.000171380175
1.0857142857142856,0.963265306122449,0.000594140747,-0.000170851281
1.0857142857142856,0.9551020408163265,0.000593240303,-0.000171651397
1.0857142857142856,0.9469387755102041,0.000593677876,-0.000171107667
1.0857142857142856,0.9387755102040816,0.000593420181,-0.000171192766
1.0857142857142856,0.9306122448979592,0.000594492933,-0.000170715894
1.0857142857142856,0.9224489795918367,0.000593810795,-0.000170745116
1.0857142857142856,0.9142857142857143,0.000593568243,-0.000170964542
1.0857142857142856,0.9061224489795918,0.000593976777,-0.000170382565
1.0857142857142856,0.8979591836734694,0.00059504301,-0.000170597688
1.0857142857142856,0.889795918367347,0.000593908065,-0.000170336998
1.0857142857142856,0.8816326530612244,0.000594400261,-0.000171012678
1.0857142857142856,0.8734693877551021,0.000594908365,-0.000169859483
1.0857142857142856,0.8653061224489795,0.000594927532,-0.000170199459
1.0857142857142856,0.8571428571428572,0.000595582932,-0.000170526976
1.0857142857142856,0.8489795918367347,0.000594627384,-0.00017101483
1.0857142857142856,0.8408163265306122,0.000594507115,-0.000171872525
1.0857142857142856,0.8326530612244898,0.000595035153,-0.000171162034
1.0857142857142856,0.8244897959183674,0.000595279718,-0.000171589067
1.0857142857142856,0.8163265306122449,0.000594550815,-0.000171318069
1.0857142857142856,0.8081632653061225,0.00059439413,-0.000170982589
1.0857142857142856,0.8,0.000594006868,-0.000170461434
1.0775510204081633,1.2,0.000591319819,-0.000172289025
1.0775510204081633,1.1918367346938774,0.000590677069,-0.000171485697
1.0775510204081633,1.183673469387755,0.000591726341,-0.000171493854
1.0775510204081633,1.1755102040816325,0.000592256198,-0.000172151487
1.0775510204081633,1.1673469387755102,0.000591187666,-0.00017185406
1.0775510204081633,1.1591836734693877,0.000590649278,-0.000171735854
1.0775510204081633,1.1510204081632653,0.000591654849,-0.000171597449
1.0775510204081633,1.1428571428571428,0.00059156515,-0.000172574635
1.0775510204081633,1.1346938775510205,0.000592446427,-0.000172081642
1.0775510204081633,1.126530612244898,0.000591545216,-0.000171151726
1.0775510204081633,1.1183673469387754,0.000593435323,-0.000171996961
1.0775510204081633,1.110204081632653,0.000593413857,-0.000172054346
1.0775510204081633,1.1020408163265305,0.000592770821,-0.000172073261
1.0775510204081633,1.0938775510204082,0.000593241263,-0.00017241131
1.0775510204081633,1.0857142857142856,0.000593492919,-0.000171866938
1.0775510204081633,1.0775510204081633,0.000592589696,-0.000172568629
1.0775510204081633,1.0693877551020408,0.00059333652,-0.000171519222
1.0775510204081633,1.0612244897959184,0.000592833015,-0.000172075188
1.0775510204081633,1.0530612244897959,0.000593402454,-0.000171735629
1.0775510204081633,1.0448979591836736,0.000592497504,-0.000171834279
1.0775510204081633,1.036734693877551,0.000591516658,-0.000171853193
1.0775510204081633,1.0285714285714285,0.000592424193,-0.000171897894
1.0775510204081633,1.0204081632653061,0.000591198303,-0.000172354149
1.0775510204081633,1.0122448979591836,0.000591841819,-0.000171604545
1.0775510204081633,1.0040816326530613,0.000592540631,-0.000172057365
1.0775510204081633,0.9959183673469387,0.0005926632,-0.000172424637
1.0775510204081633,0.9877551020408163,0.000592473452,-0.000172223483
1.0775510204081633,0.9795918367346939,0.000593038672,-0.000172655879
1.0775510204081633,0.9714285714285714,0.000593322911,-0.000172952888
1.0775510204081633,0.963265306122449,0.00059245879,-0.00017288391
1.0775510204081633,0.9551020408163265,0.00059329512,-0.000173082912
1.0775510204081633,0.9469387755102041,0.000593315054,-0.000173246879
1.0775510204081633,0.9387755102040816,0.000594013193,-0.00017301843
1.0775510204081633,0.9306122448979592,0.000593427752,-0.000172712622
1.0775510204081633,0.9224489795918367,0.000592584138,-0.000172465901
1.0775510204081633,0.9142857142857143,0.000592286482,-0.00017315189
1.0775510204081633,0.9061224489795918,0.000593720809,-0.000172504372
1.0775510204081633,0.8979591836734694,0.000592909298,-0.000171870823
1.0775510204081633,0.889795918367347,0.000592756445,-0.000172779449
1.0775510204081633,0.8816326530612244,0.00059238126,-0.00017187275
1.0775510204081633,0.8734693877551021,0.000592978777,-0.000173834443
1.0775510204081633,0.8653061224489795,0.000591834728,-0.000172310091
1.0775510204081633,0.8571428571428572,0.000593392103,-0.000173445881
1.0775510204081633,0.8489795918367347,0.000590763223,-0.000173209918
1.0775510204081633,0.8408163265306122,0.000592329702,-0.000173006613
1.0775510204081633,0.8326530612244898,0.000590992359,-0.0001731867
1.0775510204081633,0.8244897959183674,0.000591891843,-0.00017270058
1.0775510204081633,0.8163265306122449,0.000591933531,-0.000171402525
1.0775510204081633,0.8081632653061225,0.000591864532,-0.000172387033
1.0775510204081633,0.8,0.000592706134,-0.000171094341
1.0693877551020408,1.2,0.000592810781,-0.00017241497
1.0693877551020408,1.1918367346938774,0.000591164953,-0.000171683414
1.0693877551020408,1.183673469387755,0.000592577047,-0.000171325808
1.0693877551020408,1.1755102040816325,0.000593245095,-0.000171294209
1.0693877551020408,1.1673469387755102,0.000594190005,-0.000171252945
1.0693877551020408,1.1591836734693877,0.000593150604,-0.000170879861
1.0693877551020408,1.1510204081632653,0.000592821418,-0.000171423591
1.0693877551020408,1.1428571428571428,0.000592964401,-0.000171730684
1.0693877551020408,1.1346938775510205,0.00059214254,-0.000171042768
1.0693877551020408,1.126530612244898,0.000593279211,-0.000170646049
1.0693877551020408,1.1183673469387754,0.000593394883,-0.000170826779
1.0693877551020408,1.110204081632653,0.0005925321,-0.000171886719
1.0693877551020408,1.1020408163265305,0.00059183674,-0.00017116958
1.0693877551020408,1.0938775510204082,0.000592006075,-0.000170861171
1.0693877551020408,1.0857142857142856,0.000592677382,-0.000171134739
1.0693877551020408,1.0775510204081633,0.000591299118,-0.0001714786
1.0693877551020408,1.0693877551020408,0.000589695743,-0.000170678708
1.0693877551020408,1.0612244897959184,0.000591469893,-0.000170958312
1.0693877551020408,1.0530612244897959,0.000592195823,-0.000171795808
1.0693877551020408,1.0448979591836736,0.000591613162,-0.000172208647
1.0693877551020408,1.036734693877551,0.000591725861,-0.000171509332
1.0693877551020408,1.0285714285714285,0.000590975204,-0.000172520268
1.0693877551020408,1.0204081632653061,0.000591903726,-0.000172410025
1.0693877551020408,1.0122448979591836,0.000592920895,-0.000171093281
1.0693877551020408,1.0040816326530613,0.000592689745,-0.000170242651
1.0693877551020408,0.9959183673469387,0.000592001763,-0.000171009885
1.0693877551020408,0.9877551020408163,0.000593004555,-0.000170820773
1.0693877551020408,0.9795918367346939,0.000593046723,-0.000171642149
1.0693877551020408,0.9714285714285714,0.000592542164,-0.000170779927
1.0693877551020408,0.963265306122449,0.000592083125,-0.000170845917
1.0693877551020408,0.9551020408163265,0.000592375415,-0.000171851684
1.0693877551020408,0.9469387755102041,0.000591706887,-0.00017192991
1.0693877551020408,0.9387755102040816,0.000592620747,-0.000170618753
1.0693877551020408,0.9306122448979592,0.000592367364,-0.000171332038
1.0693877551020408,0.9224489795918367,0.000593209446,-0.000170884388
1.0693877551020408,0.9142857142857143,0.000592520697,-0.000170022808
1.0693877551020408,0.9061224489795918,0.00059283656,-0.000170408352
1.0693877551020408,0.8979591836734694,0.000593506815,-0.000170189151
1.0693877551020408,0.889795918367347,0.000592742836,-0.000170658091
1.0693877551020408,0.8816326530612244,0.000592048528,-0.000171153653
1.0693877551020408,0.8734693877551021,0.000594605631,-0.00017088137
1.0693877551020408,0.8653061224489795,0.000593413377,-0.000170932525
1.0693877551020408,0.8571428571428572,0.000593507295,-0.000171102722
1.0693877551020408,0.8489795918367347,0.000592316093,-0.000170138863
1.0693877551020408,0.8408163265306122,0.00059269607,-0.000170793478
1.0693877551020408,0.8326530612244898,0.000592834741,-0.000172099047
1.0693877551020408,0.8244897959183674,0.000593167759,-0.00017109479
1.0693877551020408,0.8163265306122449,0.000592382026,-0.000170354627
1.0693877551020408,0.8081632653061225,0.000591601279,-0.000171747896
1.0693877551020408,0.8,0.000592861286,-0.00017186135
1.0612244897959184,1.2,0.000591243535,-0.000169830678
1.0612244897959184,1.1918367346938774,0.000592542164,-0.000170242009
1.0612244897959184,1.183673469387755,0.000592337273,-0.000170663678
1.0612244897959184,1.1755102040816325,0.000592564204,-0.000171353104
1.0612244897959184,1.1673469387755102,0.000592417102,-0.000172357585
1.0612244897959184,1.1591836734693877,0.000591055033,-0.000170395667
1.0612244897959184,1.1510204081632653,0.000591595241,-0.000170217956
1.0612244897959184,1.1428571428571428,0.000590697003,-0.00017104341
1.0612244897959184,1.1346938775510205,0.000591607317,-0.000171493211
1.0612244897959184,1.126530612244898,0.000592097787,-0.000170761879
1.0612244897959184,1.1183673469387754,0.000592672304,-0.000171760773
1.0612244897959184,1.110204081632653,0.00059195653,-0.000171039107
1.0612244897959184,1.1020408163265305,0.000591386518,-0.000169648021
1.0612244897959184,1.0938775510204082,0.000591484555,-0.000169706885
1.0612244897959184,1.0857142857142856,0.0005914467,-0.000171745102
1.0612244897959184,1.0775510204081633,0.000591082631,-0.000170475403
1.0612244897959184,1.0693877551020408,0.000591118187,-0.000170852565
1.0612244897959184,1.0612244897959184,0.000590957763,-0.00017033658
1.0612244897959184,1.0530612244897959,0.000590783637,-0.000170727069
1.0612244897959184,1.0448979591836736,0.000591029541,-0.000171783766
1.0612244897959184,1.036734693877551,0.000589900634,-0.000170359573
1.0612244897959184,1.0285714285714285,0.000590828676,-0.000171302591
1.0612244897959184,1.0204081632653061,0.00059192548,-0.000170941324
1.0612244897959184,1.0122448979591836,0.000590710705,-0.000171220286
1.0612244897959184,1.0040816326530613,0.000591825144,-0.000170600481
1.0612244897959184,0.9959183673469387,0.000591359493,-0.000172030487
1.0612244897959184,0.9877551020408163,0.000591897688,-0.00017075048
1.0612244897959184,0.9795918367346939,0.000591199069,-0.000170749419
1.0612244897959184,0.9714285714285714,0.000592114175,-0.000169809195
1.0612244897959184,0.963265306122449,0.000590850623,-0.000170370523
1.0612244897959184,0.9551020408163265,0.000591365818,-0.000169303936
1.0612244897959184,0.9469387755102041,0.00059190296,-0.00017123554
1.0612244897959184,0.9387755102040816,0.000591350389,-0.000172155565
1.0612244897959184,0.9306122448979592,0.000591374922,-0.000169661124
1.0612244897959184,0.9224489795918367,0.000591249574,-0.000170500323
1.0612244897959184,0.9142857142857143,0.000593139007,-0.000170244385
1.0612244897959184,0.9061224489795918,0.00059171877,-0.000170932301
1.0612244897959184,0.8979591836734694,0.000593200629,-0.000171648379
1.0612244897959184,0.889795918367347,0.000591933531,-0.000170839463
1.0612244897959184,0.8816326530612244,0.000593086397,-0.000170758219
1.0612244897959184,0.8734693877551021,0.000592292327,-0.000170828288
1.0612244897959184,0.8653061224489795,0.000592271054,-0.000170238573
1.0612244897959184,0.8571428571428572,0.000592675563,-0.000169982186
1.0612244897959184,0.8489795918367347,0.00059239161,-0.000171142702
1.0612244897959184,0.8408163265306122,0.00059393557,-0.000171604545
1.0612244897959184,0.8326530612244898,0.000592113695,-0.000171382102
1.0612244897959184,0.8244897959183674,0.000593143033,-0.0001717855
1.0612244897959184,0.8163265306122449,0.000593949272,-0.000170921126
1.0612244897959184,0.8081632653061225,0.000593545243,-0.000172396056
1.0612244897959184,0.8,0.000592687446,-0.000172013082
1.0530612244897959,1.2,0.000591278418,-0.000171343213
1.0530612244897959,1.1918367346938774,0.000591440088,-0.000171123146
1.0530612244897959,1.183673469387755,0.000592317819,-0.000169978332
1.0530612244897959,1.1755102040816325,0.000593045476,-0.000171343213
1.0530612244897959,1.1673469387755102,0.000591878714,-0.000171067045
1.0530612244897959,1.1591836734693877,0.000591233952,-0.000170284782
1.0530612244897959,1.1510204081632653,0.000590798872,-0.000169567195
1.0530612244897959,1.1428571428571428,0.000592433297,-0.00016894633
1.0530612244897959,1.1346938775510205,0.000592188732,-0.000168599257
1.0530612244897959,1.126530612244898,0.000592716484,-0.000169718927
1.0530612244897959,1.1183673469387754,0.000592944374,-0.000169806819
1.0530612244897959,1.110204081632653,0.000591518671,-0.00016899877
1.0530612244897959,1.1020408163265305,0.00059171925,-0.000170026244
1.0530612244897959,1.0938775510204082,0.000590671991,-0.00016920185
1.0530612244897959,1.0857142857142856,0.000591549722,-0.000169219479
1.0530612244897959,1.0775510204081633,0.000591139174,-0.000169615556
1.0530612244897959,1.0693877551020408,0.000592234445,-0.000169655954
1.0530612244897959,1.0612244897959184,0.00059195701,-0.000169700237
1.0530612244897959,1.0530612244897959,0.000593328949,-0.000169647573
1.0530612244897959,1.0448979591836736,0.000592283703,-0.000170661303
1.0530612244897959,1.036734693877551,0.000592309482,-0.000170246954
1.0530612244897959,1.0285714285714285,0.000591519151,-0.00016971549
1.0530612244897959,1.0204081632653061,0.000591883219,-0.000170699131
1.0530612244897959,1.0122448979591836,0.000591727107,-0.000170570616
1.0530612244897959,1.0040816326530613,0.000591636928,-0.000170931658
1.0530612244897959,0.9959183673469387,0.000591784223,-0.000171514695
1.0530612244897959,0.9877551020408163,0.000592075267,-0.000170610372
1.0530612244897959,0.9795918367346939,0.000591297586,-0.000171005164
1.0530612244897959,0.9714285714285714,0.000590798872,-0.000170345379
1.0530612244897959,0.963265306122449,0.00059074051,-0.000171520731
1.0530612244897959,0.9551020408163265,0.000592413843,-0.000170569107
1.0530612244897959,0.9469387755102041,0.000591760263,-0.000170070945
1.0530612244897959,0.9387755102040816,0.000591171757,-0.00017077649
1.0530612244897959,0.9306122448979592,0.000591265482,-0.000170872989
1.0530612244897959,0.9224489795918367,0.000591038358,-0.000170886315
1.0530612244897959,0.9142857142857143,0.000592332482,-0.000171572947
1.0530612244897959,0.9061224489795918,0.000592114175,-0.000170492166
1.0530612244897959,0.8979591836734694,0.000591803391,-0.000170244385
1.0530612244897959,0.889795918367347,0.00059190296,-0.000170231058
1.0530612244897959,0.8816326530612244,0.000591379427,-0.000171589709
1.0530612244897959,0.8734693877551021,0.000590863752,-0.000170793253
1.0530612244897959,0.8653061224489795,0.000592151837,-0.000170775206
1.0530612244897959,0.8571428571428572,0.000592409531,-0.000171867804
1.0530612244897959,0.8489795918367347,0.000593460336,-0.00017094993
1.0530612244897959,0.8408163265306122,0.000592980309,-0.000171019133
1.0530612244897959,0.8326530612244898,0.000593348403,-0.000170769618
1.0530612244897959,0.8244897959183674,0.00059318472,-0.000172474058
1.0530612244897959,0.8163265306122449,0.000593015672,-0.000172401644
1.0530612244897959,0.8081632653061225,0.0005932289,-0.000172024257
1.0530612244897959,0.8,0.000592974465,-0.000171607339
1.0448979591836736,1.2,0.000591029541,-0.000170266735
1.0448979591836736,1.1918367346938774,0.000589967333,-0.000170364293
1.0448979591836736,1.183673469387755,0.000591108123,-0.000170054824
1.0448979591836736,1.1755102040816325,0.000591059345,-0.000170368821
1.0448979591836736,1.1673469387755102,0.000590703614,-0.000171190197
1.0448979591836736,1.1591836734693877,0.000590371363,-0.000169418481
1.0448979591836736,1.1510204081632653,0.000589876868,-0.000169608459
1.0448979591836736,1.1428571428571428,0.000590690005,-0.000170681726
1.0448979591836736,1.1346938775510205,0.000589633836,-0.000169957908
1.0448979591836736,1.126530612244898,0.000590453971,-0.000170251257
1.0448979591836736,1.1183673469387754,0.000589841025,-0.000169736974
1.0448979591836736,1.110204081632653,0.000589625018,-0.000170611014
1.0448979591836736,1.1020408163265305,0.00059017577,-0.000169290609
1.0448979591836736,1.0938775510204082,0.000590455697,-0.000170726202
1.0448979591836736,1.0857142857142856,0.000590153823,-0.000170814961
1.0448979591836736,1.0775510204081633,0.000591208173,-0.000170835385
1.0448979591836736,1.0693877551020408,0.000590203081,-0.000170969487
1.0448979591836736,1.0612244897959184,0.000589922387,-0.000170602633
1.0448979591836736,1.0530612244897959,0.000590442088,-0.00017082893
1.0448979591836736,1.0448979591836736,0.000590715977,-0.000169866773
1.0448979591836736,1.036734693877551,0.000590938309,-0.000170054182
1.0448979591836736,1.0285714285714285,0.000590838546,-0.000171287337
1.0448979591836736,1.0204081632653061,0.000591590162,-0.000170066642
1.0448979591836736,1.0122448979591836,0.000592571488,-0.00017015325
1.0448979591836736,1.0040816326530613,0.000590852155,-0.000169924383
1.0448979591836736,0.9959183673469387,0.000591659161,-0.000170140147
1.0448979591836736,0.9877551020408163,0.000591390544,-0.000170463585
1.0448979591836736,0.9795918367346939,0.00059025991,-0.00017061962
1.0448979591836736,0.9714285714285714,0.000590005282,-0.000169828527
1.0448979591836736,0.963265306122449,0.000590915596,-0.000169382804
1.0448979591836736,0.9551020408163265,0.000592018438,-0.000169041737
1.0448979591836736,0.9469387755102041,0.00059189261,-0.000170588664
1.0448979591836736,0.9387755102040816,0.000591468646,-0.000169763627
1.0448979591836736,0.9306122448979592,0.000591692797,-0.000169248284
1.0448979591836736,0.9224489795918367,0.000591538605,-0.000169719569
1.0448979591836736,0.9142857142857143,0.000592539385,-0.000169598151
1.0448979591836736,0.9061224489795918,0.000592392856,-0.000169284155
1.0448979591836736,0.8979591836734694,0.00059196688,-0.000169637682
1.0448979591836736,0.889795918367347,0.000591592942,-0.000170453277
1.0448979591836736,0.8816326530612244,0.000591839519,-0.000169679813
1.0448979591836736,0.8734693877551021,0.000592527788,-0.000169304802
1.0448979591836736,0.8653061224489795,0.000591885039,-0.000168985218
1.0448979591836736,0.8571428571428572,0.000592772353,-0.000169165979
1.0448979591836736,0.8489795918367347,0.000591155369,-0.000169117394
1.0448979591836736,0.8408163265306122,0.000592238277,-0.000169945642
1.0448979591836736,0.8326530612244898,0.000593003309,-0.000170015069
1.0448979591836736,0.8244897959183674,0.000593180408,-0.00016963704
1.0448979591836736,0.8163265306122449,0.000592114462,-0.000169044755
1.0448979591836736,0.8081632653061225,0.000592380973,-0.000169494781
1.0448979591836736,0.8,0.000591925193,-0.000170273832
1.036734693877551,1.2,0.000590267001,-0.000168225306
1.036734693877551,1.1918367346938774,0.000590361493,-0.000168320937
1.036734693877551,1.183673469387755,0.000590773573,-0.00016739876
1.036734693877551,1.1755102040816325,0.000590963321,-0.000168917525
1.036734693877551,1.1673469387755102,0.000590619473,-0.000168922052
1.036734693877551,1.1591836734693877,0.000590830689,-0.00016869187
1.036734693877551,1.1510204081632653,0.000590925946,-0.000167193529
1.036734693877551,1.1428571428571428,0.000590183627,-0.000167472041
1.036734693877551,1.1346938775510205,0.000590647745,-0.000168033594
1.036734693877551,1.126530612244898,0.000591234432,-0.000168118499
1.036734693877551,1.1183673469387754,0.00059104219,-0.000168535642
1.036734693877551,1.110204081632653,0.000590535333,-0.000169017459
1.036734693877551,1.1020408163265305,0.000589753625,-0.000167876082
1.036734693877551,1.0938775510204082,0.000590136095,-0.000167113793
1.036734693877551,1.0857142857142856,0.00059034961,-0.00016761324
1.036734693877551,1.0775510204081633,0.000590002982,-0.000166411041
1.036734693877551,1.0693877551020408,0.000588680588,-0.0001673416
1.036734693877551,1.0612244897959184,0.000589364545,-0.000167661602
1.036734693877551,1.0530612244897959,0.000588951698,-0.000167523196
1.036734693877551,1.0448979591836736,0.0005886182,-0.000167329558
1.036734693877551,1.036734693877551,0.000590709939,-0.000167764972
1.036734693877551,1.0285714285714285,0.000589732639,-0.000167904019
1.036734693877551,1.0204081632653061,0.000590241223,-0.000169210231
1.036734693877551,1.0122448979591836,0.000589008241,-0.000168527036
1.036734693877551,1.0040816326530613,0.000589287975,-0.000168169655
1.036734693877551,0.9959183673469387,0.000589898621,-0.000167745833
1.036734693877551,0.9877551020408163,0.000588947866,-0.000168152249
1.036734693877551,0.9795918367346939,0.000589863739,-0.00016751976
1.036734693877551,0.9714285714285714,0.000589155822,-0.000168091204
1.036734693877551,0.963265306122449,0.000589927945,-0.000168165994
1.036734693877551,0.9551020408163265,0.000589866038,-0.000167477853
1.036734693877551,0.9469387755102041,0.000590458763,-0.000167247253
1.036734693877551,0.9387755102040816,0.00059027256,-0.000168544441
1.036734693877551,0.9306122448979592,0.000591494425,-0.000167963974
1.036734693877551,0.9224489795918367,0.000590367817,-0.000167432928
1.036734693877551,0.9142857142857143,0.000590421387,-0.000168940518
1.036734693877551,0.9061224489795918,0.000589834701,-0.000168346306
1.036734693877551,0.8979591836734694,0.00059134761,-0.000169656596
1.036734693877551,0.889795918367347,0.000590082811,-0.000168374662
1.036734693877551,0.8816326530612244,0.000590370116,-0.00016802974
1.036734693877551,0.8734693877551021,0.000589724781,-0.000168144286
1.036734693877551,0.8653061224489795,0.000589002969,-0.000169475
1.036734693877551,0.8571428571428572,0.000589321805,-0.00016882533
1.036734693877551,0.8489795918367347,0.000590078499,-0.000167593684
1.036734693877551,0.8408163265306122,0.000589820805,-0.000168845753
1.036734693877551,0.8326530612244898,0.000590781144,-0.000168613226
1.036734693877551,0.8244897959183674,0.000591725574,-0.000168058321
1.036734693877551,0.8163265306122449,0.000591711965,-0.000168594087
1.036734693877551,0.8081632653061225,0.000591773106,-0.000168647394
1.036734693877551,0.8,0.000590864805,-0.000167979452
1.0285714285714285,1.2,0.000592449492,-0.000167823642
1.0285714285714285,1.1918367346938774,0.000592514659,-0.000167593684
1.0285714285714285,1.183673469387755,0.000593103838,-0.00016783395
1.0285714285714285,1.1755102040816325,0.000592510153,-0.000167476987
1.0285714285714285,1.1673469387755102,0.000593723395,-0.000167137877
1.0285714285714285,1.1591836734693877,0.000594190005,-0.000166519357
1.0285714285714285,1.1510204081632653,0.000594168539,-0.000168113554
1.0285714285714285,1.1428571428571428,0.000594793367,-0.000167573485
1.0285714285714285,1.1346938775510205,0.000594192305,-0.000166872242
1.0285714285714285,1.126530612244898,0.00059471881,-0.000168501667
1.0285714285714285,1.1183673469387754,0.000594177642,-0.000169129854
1.0285714285714285,1.110204081632653,0.000593376961,-0.000168198235
1.0285714285714285,1.1020408163265305,0.000594573048,-0.000167628076
1.0285714285714285,1.0938775510204082,0.000594334808,-0.000168297302
1.0285714285714285,1.0857142857142856,0.000593428999,-0.000167894996
1.0285714285714285,1.0775510204081633,0.000593995751,-0.000168532624
1.0285714285714285,1.0693877551020408,0.000593815587,-0.000168411206
1.0285714285714285,1.0612244897959184,0.000592912844,-0.000167913686
1.0285714285714285,1.0530612244897959,0.000593989427,-0.000167760027
1.0285714285714285,1.0448979591836736,0.000593785783,-0.000168633425
1.0285714285714285,1.036734693877551,0.000593568243,-0.000168314065
1.0285714285714285,1.0285714285714285,0.000593042217,-0.000169102782
1.0285714285714285,1.0204081632653061,0.0005938176,-0.000167898432
1.0285714285714285,1.0122448979591836,0.000593652383,-0.000168184041
1.0285714285714285,1.0040816326530613,0.000593261003,-0.000167450558
1.0285714285714285,0.9959183673469387,0.000593053047,-0.000168687149
1.0285714285714285,0.9877551020408163,0.000592882753,-0.000167574994
1.0285714285714285,0.9795918367346939,0.000594495232,-0.000168292582
1.0285714285714285,0.9714285714285714,0.000592507088,-0.000167747342
1.0285714285714285,0.963265306122449,0.000593524256,-0.000169192184
1.0285714285714285,0.9551020408163265,0.000593748601,-0.000167761311
1.0285714285714285,0.9469387755102041,0.000593369104,-0.000168096791
1.0285714285714285,0.9387755102040816,0.000593375428,-0.000169515622
1.0285714285714285,0.9306122448979592,0.000592322131,-0.000167199758
1.0285714285714285,0.9224489795918367,0.000593601592,-0.000167978167
1.0285714285714285,0.9142857142857143,0.000593805523,-0.000168161691
1.0285714285714285,0.9061224489795918,0.000593182707,-0.000169101498
1.0285714285714285,0.8979591836734694,0.000593400441,-0.00016888766
1.0285714285714285,0.889795918367347,0.000593569489,-0.000169037016
1.0285714285714285,0.8816326530612244,0.000593797379,-0.000168990388
1.0285714285714285,0.8734693877551021,0.000593704901,-0.000169191317
1.0285714285714285,0.8653061224489795,0.000593075567,-0.000169394622
1.0285714285714285,0.8571428571428572,0.000593377248,-0.000169096552
1.0285714285714285,0.8489795918367347,0.000592845378,-0.000168823178
1.0285714285714285,0.8408163265306122,0.000593930778,-0.000168400673
1.0285714285714285,0.8326530612244898,0.000593355974,-0.000170090501
1.0285714285714285,0.8244897959183674,0.000593416156,-0.000169025198
1.0285714285714285,0.8163265306122449,0.000593088696,-0.000169295554
1.0285714285714285,0.8081632653061225,0.000593312754,-0.000169371629
1.0285714285714285,0.8,0.000594311042,-0.000168454173
1.0204081632653061,1.2,0.000592196303,-0.00016986141
1.0204081632653061,1.1918367346938774,0.000593781757,-0.00016991385
1.0204081632653061,1.183673469387755,0.000593551854,-0.000169750525
1.0204081632653061,1.1755102040816325,0.000593706147,-0.000169713339
1.0204081632653061,1.1673469387755102,0.00059339239,-0.000169423427
1.0204081632653061,1.1591836734693877,0.000593133163,-0.000170100392
1.0204081632653061,1.1510204081632653,0.000593655643,-0.000168809852
1.0204081632653061,1.1428571428571428,0.000591688199,-0.000169060233
1.0204081632653061,1.1346938775510205,0.000592724628,-0.00016810604
1.0204081632653061,1.126530612244898,0.000593331249,-0.000167646766
1.0204081632653061,1.1183673469387754,0.000593487361,-0.000167990627
1.0204081632653061,1.110204081632653,0.000592928272,-0.000168462136
1.0204081632653061,1.1020408163265305,0.00059171877,-0.000167536523
1.0204081632653061,1.0938775510204082,0.000593072021,-0.000167891335
1.0204081632653061,1.0857142857142856,0.000593264069,-0.000168110342
1.0204081632653061,1.0775510204081633,0.000592039425,-0.000166821087
1.0204081632653061,1.0693877551020408,0.000592490893,-0.000168538211
1.0204081632653061,1.0612244897959184,0.000591373389,-0.000168322447
1.0204081632653061,1.0530612244897959,0.000591108603,-0.000167752512
1.0204081632653061,1.0448979591836736,0.000591760457,-0.000168381116
1.0204081632653061,1.036734693877551,0.000591357,-0.000169526797
1.0204081632653061,1.0285714285714285,0.000592655149,-0.000168463003
1.0204081632653061,1.0204081632653061,0.000592856494,-0.000169104934
1.0204081632653061,1.0122448979591836,0.000593124345,-0.000168768169
1.0204081632653061,1.0040816326530613,0.000592485621,-0.000169377859
1.0204081632653061,0.9959183673469387,0.000592613462,-0.00016960072
1.0204081632653061,0.9877551020408163,0.000592485335,-0.000168615153
1.0204081632653061,0.9795918367346939,0.000592766315,-0.000167625282
1.0204081632653061,0.9714285714285714,0.000592764782,-0.000167160003
1.0204081632653061,0.963265306122449,0.000593329236,-0.000167160645
1.0204081632653061,0.9551020408163265,0.000593701355,-0.0001666296
1.0204081632653061,0.9469387755102041,0.000592384805,-0.000166883417
1.0204081632653061,0.9387755102040816,0.000593039918,-0.000167669116
1.0204081632653061,0.9306122448979592,0.00059368698,-0.000167275191
1.0204081632653061,0.9224489795918367,0.000593777925,-0.00016684151
1.0204081632653061,0.9142857142857143,0.000593447973,-0.000168379189
1.0204081632653061,0.9061224489795918,0.000595067736,-0.000166806476
1.0204081632653061,0.8979591836734694,0.000594358287,-0.00016620581
1.0204081632653061,0.889795918367347,0.000594101839,-0.000167501071
1.0204081632653061,0.8816326530612244,0.000594334328,-0.000167805594
1.0204081632653061,0.8734693877551021,0.000594104618,-0.000167879518
1.0204081632653061,0.8653061224489795,0.000593939402,-0.000168434841
1.0204081632653061,0.8571428571428572,0.000594616268,-0.000167962689
1.0204081632653061,0.8489795918367347,0.000594959349,-0.000167011932
1.0204081632653061,0.8408163265306122,0.000595291121,-0.000166881266
1.0204081632653061,0.8326530612244898,0.000596158215,-0.000167243175
1.0204081632653061,0.8244897959183674,0.000594449519,-0.000166735346
1.0204081632653061,0.8163265306122449,0.000594203421,-0.000167254992
1.0204081632653061,0.8081632653061225,0.000594644539,-0.000166895235
1.0204081632653061,0.8,0.000594673864,-0.000166970443
1.0122448979591836,1.2,0.000596434884,-0.000169625864
1.0122448979591836,1.1918367346938774,0.000595067256,-0.000168359408
1.0122448979591836,1.183673469387755,0.000595844938,-0.000168543156
1.0122448979591836,1.1755102040816325,0.000596674177,-0.000168194574
1.0122448979591836,1.1673469387755102,0.000596592815,-0.000168550671
1.0122448979591836,1.1591836734693877,0.000596079153,-0.00016861708
1.0122448979591836,1.1510204081632653,0.000595416183,-0.000169525512
1.0122448979591836,1.1428571428571428,0.00059535878,-0.000168624176
1.0122448979591836,1.1346938775510205,0.000596161281,-0.000169759324
1.0122448979591836,1.126530612244898,0.000595809289,-0.000169892142
1.0122448979591836,1.1183673469387754,0.000596338093,-0.0001694101
1.0122448979591836,1.110204081632653,0.000596104931,-0.000169057857
1.0122448979591836,1.1020408163265305,0.00059672037,-0.000169275998
1.0122448979591836,1.0938775510204082,0.000595573828,-0.000169782766
1.0122448979591836,1.0857142857142856,0.000595552074,-0.000170559441
1.0122448979591836,1.0775510204081633,0.000595495532,-0.000168870897
1.0122448979591836,1.0693877551020408,0.000594047789,-0.000169943073
1.0122448979591836,1.0612244897959184,0.000594863612,-0.000170542036
1.0122448979591836,1.0530612244897959,0.000594649618,-0.000170803144
1.0122448979591836,1.0448979591836736,0.000595019724,-0.000170310569
1.0122448979591836,1.036734693877551,0.000595595294,-0.000170736317
1.0122448979591836,1.0285714285714285,0.000594525036,-0.000170244802
1.0122448979591836,1.0204081632653061,0.000595035919,-0.000169581806
1.0122448979591836,1.0122448979591836,0.000595476271,-0.000169614689
1.0122448979591836,1.0040816326530613,0.000594395182,-0.000169961344
1.0122448979591836,0.9959183673469387,0.000594914883,-0.000168988237
1.0122448979591836,0.9877551020408163,0.000595290835,-0.000170067509
1.0122448979591836,0.9795918367346939,0.000595485661,-0.00016943139
1.0122448979591836,0.9714285714285714,0.000596050595,-0.000168664156
1.0122448979591836,0.963265306122449,0.000595695344,-0.000169087529
1.0122448979591836,0.9551020408163265,0.000595202382,-0.000168955996
1.0122448979591836,0.9469387755102041,0.000595932338,-0.000168861649
1.0122448979591836,0.9387755102040816,0.00059490252,-0.000169037658
1.0122448979591836,0.9306122448979592,0.000594885079,-0.000169229788
1.0122448979591836,0.9224489795918367,0.000594529348,-0.00016992008
1.0122448979591836,0.9142857142857143,0.000595020777,-0.00016950101
1.0122448979591836,0.9061224489795918,0.000594498297,-0.000168963093
1.0122448979591836,0.8979591836734694,0.000594498011,-0.000169809195
1.0122448979591836,0.889795918367347,0.000595039465,-0.000170289085
1.0122448979591836,0.8816326530612244,0.000594719576,-0.000169730744
1.0122448979591836,0.8734693877551021,0.000593856508,-0.000168698324
1.0122448979591836,0.8653061224489795,0.000594935104,-0.000170338731
1.0122448979591836,0.8571428571428572,0.000594819912,-0.00016981154
1.0122448979591836,0.8489795918367347,0.000594565477,-0.000168964602
1.0122448979591836,0.8408163265306122,0.000593908065,-0.000169700012
1.0122448979591836,0.8326530612244898,0.000594174097,-0.000169019611
1.0122448979591836,0.8244897959183674,0.000594465907,-0.000169312317
1.0122448979591836,0.8163265306122449,0.000593793067,-0.000169928686
1.0122448979591836,0.8081632653061225,0.000593103358,-0.000169975956
1.0122448979591836,0.8,0.0005936635,-0.000169966932
1.0040816326530613,1.2,0.000592640201,-0.000171350085
1.0040816326530613,1.1918367346938774,0.000594017985,-0.000169075487
1.0040816326530613,1.183673469387755,0.000592920895,-0.000170367087
1.0040816326530613,1.1755102040816325,0.000595177176,-0.000169065596
1.0040816326530613,1.1673469387755102,0.000594039165,-0.000168813512
1.0040816326530613,1.1591836734693877,0.00059452427,-0.000169593848
1.0040816326530613,1.1510204081632653,0.000594099826,-0.000169951454
1.0040816326530613,1.1428571428571428,0.000592563917,-0.000169626089
1.0040816326530613,1.1346938775510205,0.000591677369,-0.000169668638
1.0040816326530613,1.126530612244898,0.000592534113,-0.000169604156
1.0040816326530613,1.1183673469387754,0.000593016152,-0.000169596
1.0040816326530613,1.110204081632653,0.000593136422,-0.000169276864
1.0040816326530613,1.1020408163265305,0.000592145992,-0.000170189793
1.0040816326530613,1.0938775510204082,0.000592551841,-0.000169426863
1.0040816326530613,1.0857142857142856,0.000594143526,-0.000169973162
1.0040816326530613,1.0775510204081633,0.000592133629,-0.000169638549
1.0040816326530613,1.0693877551020408,0.000592403493,-0.000169475866
1.0040816326530613,1.0612244897959184,0.000593552334,-0.000170192587
1.0040816326530613,1.0530612244897959,0.000592995932,-0.000170207198
1.0040816326530613,1.0448979591836736,0.000593105371,-0.00016936283
1.0040816326530613,1.036734693877551,0.000593686213,-0.000170015711
1.0040816326530613,1.0285714285714285,0.000592495205,-0.000169435244
1.0040816326530613,1.0204081632653061,0.000592709486,-0.000170171521
1.0040816326530613,1.0122448979591836,0.000593105851,-0.000170056333
1.0040816326530613,1.0040816326530613,0.000592547242,-0.000168774817
1.0040816326530613,0.9959183673469387,0.000592211732,-0.00016846493
1.0040816326530613,0.9877551020408163,0.00059241279,-0.000168979631
1.0040816326530613,0.9795918367346939,0.000593148305,-0.000168914956
1.0040816326530613,0.9714285714285714,0.000593611463,-0.000168912804
1.0040816326530613,0.963265306122449,0.000593789808,-0.000170137996
1.0040816326530613,0.9551020408163265,0.000592582125,-0.00016925429
1.0040816326530613,0.9469387755102041,0.000592984621,-0.000169690764
1.0040816326530613,0.9387755102040816,0.000594253159,-0.000168873691
1.0040816326530613,0.9306122448979592,0.000593340832,-0.000167963974
1.0040816326530613,0.9224489795918367,0.000592367844,-0.000168910653
1.0040816326530613,0.9142857142857143,0.000592413077,-0.000168969322
1.0040816326530613,0.9061224489795918,0.000592902973,-0.000168779987
1.0040816326530613,0.8979591836734694,0.000592004542,-0.000169466394
1.0040816326530613,0.889795918367347,0.000593137188,-0.000169021762
1.0040816326530613,0.8816326530612244,0.000593145046,-0.000169359169
1.0040816326530613,0.8734693877551021,0.000593056879,-0.000168555616
1.0040816326530613,0.8653061224489795,0.000592856494,-0.000168948481
1.0040816326530613,0.8571428571428572,0.000593093008,-0.000168324598
1.0040816326530613,0.8489795918367347,0.000592902973,-0.000169503804
1.0040816326530613,0.8408163265306122,0.000591121733,-0.000169418063
1.0040816326530613,0.8326530612244898,0.000593133643,-0.000169217328
1.0040816326530613,0.8244897959183674,0.000593352715,-0.000169224425
1.0040816326530613,0.8163265306122449,0.000593341119,-0.000169082583
1.0040816326530613,0.8081632653061225,0.000593470206,-0.00016841249
1.0040816326530613,0.8,0.000593221809,-0.000169426638
0.9959183673469387,1.2,0.000591550008,-0.000168631049
0.9959183673469387,1.1918367346938774,0.000591426193,-0.000169427505
0.9959183673469387,1.183673469387755,0.000590666432,-0.000168756127
0.9959183673469387,1.1755102040816325,0.000592031087,-0.000168653624
0.9959183673469387,1.1673469387755102,0.000591582305,-0.000169219479
0.9959183673469387,1.1591836734693877,0.000591498451,-0.000169007793
0.9959183673469387,1.1510204081632653,0.000591068449,-0.000168767302
0.9959183673469387,1.1428571428571428,0.000590329389,-0.000168062623
0.9959183673469387,1.1346938775510205,0.000590123446,-0.000169528948
0.9959183673469387,1.126530612244898,0.000590209119,-0.000169081941
0.9959183673469387,1.1183673469387754,0.000590958529,-0.000168076592
0.9959183673469387,1.110204081632653,0.00058989105,-0.0001678028
0.9959183673469387,1.1020408163265305,0.000590309455,-0.000168819324
0.9959183673469387,1.0938775510204082,0.000590877168,-0.000167495034
0.9959183673469387,1.0857142857142856,0.000590860013,-0.000168158255
0.9959183673469387,1.0775510204081633,0.000590741276,-0.000167891335
0.9959183673469387,1.0693877551020408,0.000590814014,-0.000168107967
0.9959183673469387,1.0612244897959184,0.000591381726,-0.000168380474
0.9959183673469387,1.0530612244897959,0.000589856168,-0.000168680052
0.9959183673469387,1.0448979591836736,0.000592220549,-0.00016831535
0.9959183673469387,1.036734693877551,0.000592128837,-0.000168681561
0.9959183673469387,1.0285714285714285,0.000591709186,-0.000169315529
0.9959183673469387,1.0204081632653061,0.000590914543,-0.000169205928
0.9959183673469387,1.0122448979591836,0.000590322584,-0.000169229145
0.9959183673469387,1.0040816326530613,0.000591581539,-0.000168530472
0.9959183673469387,0.9959183673469387,0.000590668732,-0.000168902914
0.9959183673469387,0.9877551020408163,0.000589633356,-0.000169312541
0.9959183673469387,0.9795918367346939,0.000589444854,-0.000167888766
0.9959183673469387,0.9714285714285714,0.000589931491,-0.000168796107
0.9959183673469387,0.963265306122449,0.000590844584,-0.000168654266
0.9959183673469387,0.9551020408163265,0.000590295559,-0.00016921174
0.9959183673469387,0.9469387755102041,0.000589298039,-0.000169115885
0.9959183673469387,0.9387755102040816,0.00059101162,-0.00016906733
0.9959183673469387,0.9306122448979592,0.000590003462,-0.000169424069
0.9959183673469387,0.9224489795918367,0.000590743769,-0.000168513934
0.9959183673469387,0.9142857142857143,0.000589711652,-0.000169046906
0.9959183673469387,0.9061224489795918,0.000589583811,-0.000167458297
0.9959183673469387,0.8979591836734694,0.000589497657,-0.000169137593
0.9959183673469387,0.889795918367347,0.000588764442,-0.000168885284
0.9959183673469387,0.8816326530612244,0.000588658068,-0.000167783886
0.9959183673469387,0.8734693877551021,0.000589363012,-0.000167997499
0.9959183673469387,0.8653061224489795,0.000588940295,-0.000167727144
0.9959183673469387,0.8571428571428572,0.00058853128,-0.00016844624
0.9959183673469387,0.8489795918367347,0.000590166952,-0.00016768954
0.9959183673469387,0.8408163265306122,0.000590004995,-0.000168707348
0.9959183673469387,0.8326530612244898,0.000589965321,-0.000168543799
0.9959183673469387,0.8244897959183674,0.000590425127,-0.000167827078
0.9959183673469387,0.8163265306122449,0.000590026748,-0.000168021359
0.9959183673469387,0.8081632653061225,0.000591061644,-0.000167888317
0.9959183673469387,0.8,0.000590866531,-0.000167953665
0.9877551020408163,1.2,0.0005942936,-0.000170251481
0.9877551020408163,1.1918367346938774,0.00059343609,-0.000169636622
0.9877551020408163,1.183673469387755,0.00059273977,-0.000169806401
0.9877551020408163,1.1755102040816325,0.000593875962,-0.000170448107
0.9877551020408163,1.1673469387755102,0.000594034853,-0.000169504447
0.9877551020408163,1.1591836734693877,0.000593821625,-0.000169522076
0.9877551020408163,1.1510204081632653,0.000594372469,-0.00016950724
0.9877551020408163,1.1428571428571428,0.000594470219,-0.000168920961
0.9877551020408163,1.1346938775510205,0.000594085931,-0.000168987594
0.9877551020408163,1.126530612244898,0.000594991739,-0.00016884768
0.9877551020408163,1.1183673469387754,0.000595522077,-0.000168649321
0.9877551020408163,1.110204081632653,0.000593259277,-0.000168770963
0.9877551020408163,1.1020408163265305,0.000594222589,-0.00016890012
0.9877551020408163,1.0938775510204082,0.000594594515,-0.000168330828
0.9877551020408163,1.0857142857142856,0.000593393923,-0.000169266107
0.9877551020408163,1.0775510204081633,0.000593351469,-0.000168574755
0.9877551020408163,1.0693877551020408,0.00059457736,-0.000168104306
0.9877551020408163,1.0612244897959184,0.000593938636,-0.00016895256
0.9877551020408163,1.0530612244897959,0.000593367377,-0.000169438905
0.9877551020408163,1.0448979591836736,0.000592759224,-0.000169670147
0.9877551020408163,1.036734693877551,0.000592310248,-0.000168582912
0.9877551020408163,1.0285714285714285,0.000592851702,-0.000169307596
0.9877551020408163,1.0204081632653061,0.000592296353,-0.00016812322
0.9877551020408163,1.0122448979591836,0.000593345144,-0.000169492629
0.9877551020408163,1.0040816326530613,0.000593498764,-0.000169196487
0.9877551020408163,0.9959183673469387,0.000594125125,-0.000168166636
0.9877551020408163,0.9877551020408163,0.000594669838,-0.000168979855
0.9877551020408163,0.9795918367346939,0.000595994245,-0.000169072693
0.9877551020408163,0.9714285714285714,0.00059524033,-0.000168410563
0.9877551020408163,0.963265306122449,0.000595667072,-0.000169383895
0.9877551020408163,0.9551020408163265,0.000595388105,-0.00016856981
0.9877551020408163,0.9469387755102041,0.000595200942,-0.000169207437
0.9877551020408163,0.9387755102040816,0.000596657502,-0.000168331246
0.9877551020408163,0.9306122448979592,0.000595263809,-0.000169722363
0.9877551020408163,0.9224489795918367,0.000595451545,-0.000168968038
0.9877551020408163,0.9142857142857143,0.00059491335,-0.000168312138
0.9877551020408163,0.9061224489795918,0.000595922274,-0.000168916883
0.9877551020408163,0.8979591836734694,0.000595822225,-0.000169834757
0.9877551020408163,0.889795918367347,0.000595418962,-0.000169219255
0.9877551020408163,0.8816326530612244,0.000595669372,-0.000170092428
0.9877551020408163,0.8734693877551021,0.000595104152,-0.000169828109
0.9877551020408163,0.8653061224489795,0.000596822718,-0.000170344094
0.9877551020408163,0.8571428571428572,0.000596351029,-0.000168074441
0.9877551020408163,0.8489795918367347,0.000595123606,-0.00016908602
0.9877551020408163,0.8408163265306122,0.000596424533,-0.000170435647
0.9877551020408163,0.8326530612244898,0.000595958883,-0.000170292297
0.9877551020408163,0.8244897959183674,0.000595926779,-0.000169721496
0.9877551020408163,0.8163265306122449,0.000596066023,-0.000169736107
0.9877551020408163,0.8081632653061225,0.000596369717,-0.000168407321
0.9877551020408163,0.8,0.000595179475,-0.000170519043
0.9795918367346939,1.2,0.000595962142,-0.000166618425
0.9795918367346939,1.1918367346938774,0.000595531181,-0.000167340315
0.9795918367346939,1.183673469387755,0.000593975817,-0.000166387182
0.9795918367346939,1.1755102040816325,0.0005953813,-0.000165500906
0.9795918367346939,1.1673469387755102,0.000594962129,-0.000166388691
0.9795918367346939,1.1591836734693877,0.000594435623,-0.000166438755
0.9795918367346939,1.1510204081632653,0.000594940182,-0.000166526872
0.9795918367346939,1.1428571428571428,0.000594909325,-0.000166269424
0.9795918367346939,1.1346938775510205,0.000595135682,-0.000164540034
0.9795918367346939,1.126530612244898,0.00059578351,-0.000165680127
0.9795918367346939,1.1183673469387754,0.000595765109,-0.000166242547
0.9795918367346939,1.110204081632653,0.000594944974,-0.000166101572
0.9795918367346939,1.1020408163265305,0.000594513153,-0.000166325076
0.9795918367346939,1.0938775510204082,0.00059574872,-0.000166218269
0.9795918367346939,1.0857142857142856,0.000594920728,-0.000167585945
0.9795918367346939,1.0775510204081633,0.000594973532,-0.000167491822
0.9795918367346939,1.0693877551020408,0.000595120826,-0.00016711832
0.9795918367346939,1.0612244897959184,0.000594906352,-0.000165994317
0.9795918367346939,1.0530612244897959,0.000594427766,-0.00016704093
0.9795918367346939,1.0448979591836736,0.000595146605,-0.000167701999
0.9795918367346939,1.036734693877551,0.000595860366,-0.000167324837
0.9795918367346939,1.0285714285714285,0.000595443688,-0.000166079222
0.9795918367346939,1.0204081632653061,0.000595507894,-0.000166825165
0.9795918367346939,1.0122448979591836,0.000595493712,-0.000166960134
0.9795918367346939,1.0040816326530613,0.000596498804,-0.000167808388
0.9795918367346939,0.9959183673469387,0.000596713085,-0.000167365459
0.9795918367346939,0.9877551020408163,0.000596905326,-0.000166605098
0.9795918367346939,0.9795918367346939,0.000595949013,-0.000165958864
0.9795918367346939,0.9714285714285714,0.000596570102,-0.000165956295
0.9795918367346939,0.963265306122449,0.000596408911,-0.000166074052
0.9795918367346939,0.9551020408163265,0.000596507621,-0.000165549461
0.9795918367346939,0.9469387755102041,0.000598055414,-0.000166768229
0.9795918367346939,0.9387755102040816,0.000595821172,-0.000165991972
0.9795918367346939,0.9306122448979592,0.000596116242,-0.000166049133
0.9795918367346939,0.9224489795918367,0.00059727342,-0.000165930508
0.9795918367346939,0.9142857142857143,0.000596727461,-0.000166033879
0.9795918367346939,0.9061224489795918,0.000597973092,-0.000165751705
0.9795918367346939,0.8979591836734694,0.000596072828,-0.000165941459
0.9795918367346939,0.889795918367347,0.000596206993,-0.00016617206
0.9795918367346939,0.8816326530612244,0.000597242369,-0.000165879353
0.9795918367346939,0.8734693877551021,0.000595966454,-0.000166904901
0.9795918367346939,0.8653061224489795,0.000595611776,-0.000166211173
0.9795918367346939,0.8571428571428572,0.000595216564,-0.00016636785
0.9795918367346939,0.8489795918367347,0.000595413403,-0.000166403527
0.9795918367346939,0.8408163265306122,0.000595181968,-0.000167084571
0.9795918367346939,0.8326530612244898,0.000595439182,-0.000167134859
0.9795918367346939,0.8244897959183674,0.000595461415,-0.000166173569
0.9795918367346939,0.8163265306122449,0.000594688046,-0.000166107802
0.9795918367346939,0.8081632653061225,0.000594894949,-0.000167333861
0.9795918367346939,0.8,0.000593698383,-0.000166876963
0.9714285714285714,1.2,0.000593110929,-0.000167917764
0.9714285714285714,1.1918367346938774,0.000593987128,-0.000167725217
0.9714285714285714,1.183673469387755,0.000593941415,-0.000167545771
0.9714285714285714,1.1755102040816325,0.000593482089,-0.00016700355
0.9714285714285714,1.1673469387755102,0.00059413241,-0.000167858676
0.9714285714285714,1.1591836734693877,0.000591848143,-0.000168077877
0.9714285714285714,1.1510204081632653,0.00059437017,-0.000167294105
0.9714285714285714,1.1428571428571428,0.000594678176,-0.000167328273
0.9714285714285714,1.1346938775510205,0.000595039945,-0.000167660959
0.9714285714285714,1.126530612244898,0.000593695317,-0.00016786876
0.9714285714285714,1.1183673469387754,0.000594076347,-0.000168221228
0.9714285714285714,1.110204081632653,0.000593960869,-0.000167372107
0.9714285714285714,1.1020408163265305,0.000593280937,-0.000168000293
0.9714285714285714,1.0938775510204082,0.000593565463,-0.00016823176
0.9714285714285714,1.0857142857142856,0.000592113409,-0.000167490956
0.9714285714285714,1.0775510204081633,0.000591486854,-0.000166565985
0.9714285714285714,1.0693877551020408,0.000592009334,-0.000166755321
0.9714285714285714,1.0612244897959184,0.000592679395,-0.000167285306
0.9714285714285714,1.0530612244897959,0.000591688965,-0.000168368432
0.9714285714285714,1.0448979591836736,0.000592669045,-0.000168929567
0.9714285714285714,1.036734693877551,0.000592461569,-0.000167757233
0.9714285714285714,1.0285714285714285,0.000593916116,-0.000167766257
0.9714285714285714,1.0204081632653061,0.000592354715,-0.00016775293
0.9714285714285714,1.0122448979591836,0.000592198316,-0.000168025662
0.9714285714285714,1.0040816326530613,0.000591731419,-0.000167837611
0.9714285714285714,0.9959183673469387,0.000592488114,-0.000167731446
0.9714285714285714,0.9877551020408163,0.000592410298,-0.000168003954
0.9714285714285714,0.9795918367346939,0.00059180569,-0.000168149231
0.9714285714285714,0.9714285714285714,0.000592678629,-0.00016781526
0.9714285714285714,0.963265306122449,0.000592831002,-0.000168756994
0.9714285714285714,0.9551020408163265,0.000592661667,-0.000169366266
0.9714285714285714,0.9469387755102041,0.000592705654,-0.000168834578
0.9714285714285714,0.9387755102040816,0.000593261003,-0.000168805131
0.9714285714285714,0.9306122448979592,0.000592801391,-0.000168662229
0.9714285714285714,0.9224489795918367,0.000592655629,-0.000168348875
0.9714285714285714,0.9142857142857143,0.000592500477,-0.000168093131
0.9714285714285714,0.9061224489795918,0.000593259471,-0.000168655775
0.9714285714285714,0.8979591836734694,0.000593142746,-0.000167695127
0.9714285714285714,0.889795918367347,0.000591932284,-0.00016847116
0.9714285714285714,0.8816326530612244,0.000592669525,-0.000167516742
0.9714285714285714,0.8734693877551021,0.000592213745,-0.00016839014
0.9714285714285714,0.8653061224489795,0.000592076033,-0.00016878278
0.9714285714285714,0.8571428571428572,0.000592057346,-0.000169059366
0.9714285714285714,0.8489795918367347,0.000591925959,-0.000169143405
0.9714285714285714,0.8408163265306122,0.000592602059,-0.000168721317
0.9714285714285714,0.8326530612244898,0.000592677862,-0.000168355972
0.9714285714285714,0.8244897959183674,0.000592708433,-0.000167822999
0.9714285714285714,0.8163265306122449,0.000592506801,-0.000169159301
0.9714285714285714,0.8081632653061225,0.000592825924,-0.000168596239
0.9714285714285714,0.8,0.000593886598,-0.000168496304
0.963265306122449,1.2,0.000593082372,-0.000168662423
0.963265306122449,1.1918367346938774,0.000593016918,-0.000169086662
0.963265306122449,1.183673469387755,0.000594351962,-0.000168984801
0.963265306122449,1.1755102040816325,0.000593937103,-0.000167680291
0.963265306122449,1.1673469387755102,0.000593085631,-0.000168925489
0.963265306122449,1.1591836734693877,0.000593656409,-0.000169876246
0.963265306122449,1.1510204081632653,0.00059336939,-0.00016828054
0.963265306122449,1.1428571428571428,0.000593390377,-0.000168485129
0.963265306122449,1.1346938775510205,0.00059316402,-0.000168756352
0.963265306122449,1.126530612244898,0.000593464648,-0.000169209589
0.963265306122449,1.1183673469387754,0.000593807729,-0.000167618828
0.963265306122449,1.110204081632653,0.000592614228,-0.000168553689
0.963265306122449,1.1020408163265305,0.000592889364,-0.00016911826
0.963265306122449,1.0938775510204082,0.000592829949,-0.000168608923
0.963265306122449,1.0857142857142856,0.000593148591,-0.000168625461
0.963265306122449,1.0775510204081633,0.000592157875,-0.00016788016
0.963265306122449,1.0693877551020408,0.000591847663,-0.000168589142
0.963265306122449,1.0612244897959184,0.000592074787,-0.000168031892
0.963265306122449,1.0530612244897959,0.000592327403,-0.000168874976
0.963265306122449,1.0448979591836736,0.000591752119,-0.000168258189
0.963265306122449,1.036734693877551,0.000591734198,-0.00016891152
0.963265306122449,1.0285714285714285,0.000593829482,-0.00016882533
0.963265306122449,1.0204081632653061,0.000593159421,-0.00016904604
0.963265306122449,1.0122448979591836,0.000593757511,-0.000170791102
0.963265306122449,1.0040816326530613,0.000592574267,-0.000168798901
0.963265306122449,0.9959183673469387,0.000593455544,-0.000169692273
0.963265306122449,0.9877551020408163,0.000591251106,-0.000169271919
0.963265306122449,0.9795918367346939,0.000592600046,-0.000169692916
0.963265306122449,0.9714285714285714,0.000592236458,-0.000169108145
0.963265306122449,0.963265306122449,0.000590827143,-0.000170343452
0.963265306122449,0.9551020408163265,0.000591882453,-0.000170251899
0.963265306122449,0.9469387755102041,0.000592781457,-0.00017031789
0.963265306122449,0.9387755102040816,0.000591841339,-0.000169854538
0.963265306122449,0.9306122448979592,0.000592210679,-0.00017039525
0.963265306122449,0.9224489795918367,0.000591335727,-0.000170271456
0.963265306122449,0.9142857142857143,0.000591830988,-0.000171276162
0.963265306122449,0.9061224489795918,0.000592358547,-0.000170242233
0.963265306122449,0.8979591836734694,0.000592036645,-0.000170429417
0.963265306122449,0.889795918367347,0.000591382493,-0.000170960239
0.963265306122449,0.8816326530612244,0.000591021683,-0.000170379129
0.963265306122449,0.8734693877551021,0.000591225328,-0.00017039374
0.963265306122449,0.8653061224489795,0.000592158162,-0.000170232985
0.963265306122449,0.8571428571428572,0.000590685407,-0.000169325001
0.963265306122449,0.8489795918367347,0.000590779131,-0.000170867177
0.963265306122449,0.8408163265306122,0.000591807702,-0.000170978735
0.963265306122449,0.8326530612244898,0.00059333652,-0.000170884388
0.963265306122449,0.8244897959183674,0.000592182601,-0.000170291012
0.963265306122449,0.8163265306122449,0.000592587203,-0.000170726844
0.963265306122449,0.8081632653061225,0.000591766782,-0.000170951215
0.963265306122449,0.8,0.000591736977,-0.000170643255
0.9551020408163265,1.2,0.000594540464,-0.000168921186
0.9551020408163265,1.1918367346938774,0.000593887845,-0.000169255156
0.9551020408163265,1.183673469387755,0.000594518231,-0.00016887626
0.9551020408163265,1.1755102040816325,0.000595709046,-0.000169057439
0.9551020408163265,1.1673469387755102,0.000593910844,-0.000170669042
0.9551020408163265,1.1591836734693877,0.000595670618,-0.000169190257
0.9551020408163265,1.1510204081632653,0.000594667059,-0.000169406664
0.9551020408163265,1.1428571428571428,0.000594853742,-0.000169901808
0.9551020408163265,1.1346938775510205,0.000595576607,-0.000169109012
0.9551020408163265,1.126530612244898,0.000595459596,-0.0001703527
0.9551020408163265,1.1183673469387754,0.000595243589,-0.000169596642
0.9551020408163265,1.110204081632653,0.000594802951,-0.00017084656
0.9551020408163265,1.1020408163265305,0.000595875222,-0.000169729459
0.9551020408163265,1.0938775510204082,0.000596038712,-0.000170009481
0.9551020408163265,1.0857142857142856,0.000596143839,-0.000169396773
0.9551020408163265,1.0775510204081633,0.00059700087,-0.00016928287
0.9551020408163265,1.0693877551020408,0.000596953338,-0.000169728817
0.9551020408163265,1.0612244897959184,0.000597591296,-0.000169044531
0.9551020408163265,1.0530612244897959,0.00059720902,-0.000169330364
0.9551020408163265,1.0448979591836736,0.000597105425,-0.000170288219
0.9551020408163265,1.036734693877551,0.000596995312,-0.000169372496
0.9551020408163265,1.0285714285714285,0.00059723911,-0.000170187866
0.9551020408163265,1.0204081632653061,0.000596611023,-0.00016946877
0.9551020408163265,1.0122448979591836,0.000596362626,-0.000169699146
0.9551020408163265,1.0040816326530613,0.000595700616,-0.000167686103
0.9551020408163265,0.9959183673469387,0.00059485882,-0.000168422381
0.9551020408163265,0.9877551020408163,0.00059468546,-0.000168387122
0.9551020408163265,0.9795918367346939,0.000594169305,-0.000167546832
0.9551020408163265,0.9714285714285714,0.000594692838,-0.00016809464
0.9551020408163265,0.963265306122449,0.000594803237,-0.000168722602
0.9551020408163265,0.9551020408163265,0.000595615035,-0.000169166173
0.9551020408163265,0.9469387755102041,0.000594345444,-0.000168946105
0.9551020408163265,0.9387755102040816,0.000595912404,-0.000168306968
0.9551020408163265,0.9306122448979592,0.000594684214,-0.000168960941
0.9551020408163265,0.9224489795918367,0.00059511019,-0.000168020717
0.9551020408163265,0.9142857142857143,0.000595698123,-0.000168314483
0.9551020408163265,0.9061224489795918,0.000596818406,-0.000168659853
0.9551020408163265,0.8979591836734694,0.000595765875,-0.000168398521
0.9551020408163265,0.889795918367347,0.000595774693,-0.000168351894
0.9551020408163265,0.8816326530612244,0.000594573814,-0.000167335788
0.9551020408163265,0.8734693877551021,0.000595518245,-0.000168568943
0.9551020408163265,0.8653061224489795,0.000595433337,-0.000168981364
0.9551020408163265,0.8571428571428572,0.000596179968,-0.000167215654
0.9551020408163265,0.8489795918367347,0.000595302717,-0.000168404333
0.9551020408163265,0.8408163265306122,0.000595247901,-0.000167980737
0.9551020408163265,0.8326530612244898,0.000595682981,-0.000168300738
0.9551020408163265,0.8244897959183674,0.000595052114,-0.000168507061
0.9551020408163265,0.8163265306122449,0.000594887378,-0.000168917749
0.9551020408163265,0.8081632653061225,0.000595431611,-0.000169046264
0.9551020408163265,0.8,0.000595104632,-0.000169231521
0.9469387755102041,1.2,0.000596483662,-0.000169087304
0.9469387755102041,1.1918367346938774,0.000596711072,-0.000168828766
0.9469387755102041,1.183673469387755,0.000596496311,-0.000168722826
0.9469387755102041,1.1755102040816325,0.000595399988,-0.000168885509
0.9469387755102041,1.1673469387755102,0.000594941428,-0.000169321565
0.9469387755102041,1.1591836734693877,0.000595086424,-0.000168487923
0.9469387755102041,1.1510204081632653,0.000595238317,-0.000169389677
0.9469387755102041,1.1428571428571428,0.000596040245,-0.000169332098
0.9469387755102041,1.1346938775510205,0.000594428532,-0.000169249569
0.9469387755102041,1.126530612244898,0.000594661501,-0.000168928058
0.9469387755102041,1.1183673469387754,0.000593771887,-0.000168994885
0.9469387755102041,1.110204081632653,0.000594139501,-0.000168475687
0.9469387755102041,1.1020408163265305,0.000594580619,-0.000168190914
0.9469387755102041,1.0938775510204082,0.000594937403,-0.000168497171
0.9469387755102041,1.0857142857142856,0.000594756472,-0.000168672538
0.9469387755102041,1.0775510204081633,0.000594474531,-0.00016768437
0.9469387755102041,1.0693877551020408,0.000595129644,-0.000168684998
0.9469387755102041,1.0612244897959184,0.000594637255,-0.000170317441
0.9469387755102041,1.0530612244897959,0.000595658735,-0.000168352536
0.9469387755102041,1.0448979591836736,0.0005943166,-0.000168508988
0.9469387755102041,1.036734693877551,0.000594139214,-0.000169395489
0.9469387755102041,1.0285714285714285,0.000595353029,-0.000169362605
0.9469387755102041,1.0204081632653061,0.000595675123,-0.000168299872
0.9469387755102041,1.0122448979591836,0.000595184747,-0.000169203359
0.9469387755102041,1.0040816326530613,0.000595041958,-0.000169143822
0.9469387755102041,0.9959183673469387,0.000595527829,-0.000168409697
0.9469387755102041,0.9877551020408163,0.000594748614,-0.000169021762
0.9469387755102041,0.9795918367346939,0.000595302238,-0.000168924622
0.9469387755102041,0.9714285714285714,0.000596044557,-0.000168974268
0.9469387755102041,0.963265306122449,0.000595162227,-0.000168498456
0.9469387755102041,0.9551020408163265,0.000596198656,-0.000168088828
0.9469387755102041,0.9469387755102041,0.000596342405,-0.000168606129
0.9469387755102041,0.9387755102040816,0.000596049348,-0.000167377052
0.9469387755102041,0.9306122448979592,0.000596544037,-0.000168470518
0.9469387755102041,0.9224489795918367,0.000595083165,-0.000169240963
0.9469387755102041,0.9142857142857143,0.000594317366,-0.000169330589
0.9469387755102041,0.9061224489795918,0.000595397495,-0.000169160167
0.9469387755102041,0.8979591836734694,0.000595778238,-0.000168609983
0.9469387755102041,0.889795918367347,0.000594843392,-0.000169361739
0.9469387755102041,0.8816326530612244,0.000594095801,-0.000168845111
0.9469387755102041,0.8734693877551021,0.000594181668,-0.000169155864
0.9469387755102041,0.8653061224489795,0.000594248654,-0.000169641343
0.9469387755102041,0.8571428571428572,0.000595290835,-0.000168775041
0.9469387755102041,0.8489795918367347,0.000594902807,-0.000169365399
0.9469387755102041,0.8408163265306122,0.000594488427,-0.00016930522
0.9469387755102041,0.8326530612244898,0.000593911897,-0.000169922874
0.9469387755102041,0.8244897959183674,0.000594240316,-0.000170368821
0.9469387755102041,0.8163265306122449,0.000594444921,-0.00017056975
0.9469387755102041,0.8081632653061225,0.000594629877,-0.000169948018
0.9469387755102041,0.8,0.000593838586,-0.000170036135
0.9387755102040816,1.2,0.000593372649,-0.000170408576
0.9387755102040816,1.1918367346938774,0.000592464348,-0.000169765554
0.9387755102040816,1.183673469387755,0.000592174836,-0.000169692273
0.9387755102040816,1.1755102040816325,0.000592310728,-0.000170447465
0.9387755102040816,1.1673469387755102,0.000593093488,-0.000168894532
0.9387755102040816,1.1591836734693877,0.000591368311,-0.000169746222
0.9387755102040816,1.1510204081632653,0.000591935543,-0.0001698915
0.9387755102040816,1.1428571428571428,0.000591473725,-0.000170444671
0.9387755102040816,1.1346938775510205,0.000591905739,-0.000169936843
0.9387755102040816,1.126530612244898,0.000590853208,-0.000169245908
0.9387755102040816,1.1183673469387754,0.000591829936,-0.000169153713
0.9387755102040816,1.110204081632653,0.000591074007,-0.000168307835
0.9387755102040816,1.1020408163265305,0.000591459063,-0.000167933467
0.9387755102040816,1.0938775510204082,0.000592095008,-0.000168587215
0.9387755102040816,1.0857142857142856,0.000591435777,-0.000169466843
0.9387755102040816,1.0775510204081633,0.000590571175,-0.00016899254
0.9387755102040816,1.0693877551020408,0.000592621033,-0.000169335952
0.9387755102040816,1.0612244897959184,0.000592564397,-0.000169200341
0.9387755102040816,1.0530612244897959,0.000592637421,-0.000169624804
0.9387755102040816,1.0448979591836736,0.000591492892,-0.00016943245
0.9387755102040816,1.036734693877551,0.000591773393,-0.000167922934
0.9387755102040816,1.0285714285714285,0.000593743042,-0.000167926594
0.9387755102040816,1.0204081632653061,0.000593154343,-0.000168299454
0.9387755102040816,1.0122448979591836,0.000592689745,-0.000168285485
0.9387755102040816,1.0040816326530613,0.000592809729,-0.000168202956
0.9387755102040816,0.9959183673469387,0.000593950519,-0.00016887154
0.9387755102040816,0.9877551020408163,0.000592045176,-0.000167921425
0.9387755102040816,0.9795918367346939,0.000592432817,-0.000168775041
0.9387755102040816,0.9714285714285714,0.000592664733,-0.000168988461
0.9387755102040816,0.963265306122449,0.000591856481,-0.000168961166
0.9387755102040816,0.9551020408163265,0.000593032347,-0.000168768169
0.9387755102040816,0.9469387755102041,0.000593158175,-0.000167955592
0.9387755102040816,0.9387755102040816,0.000593467907,-0.000168022644
0.9387755102040816,0.9306122448979592,0.00059460745,-0.000168976195
0.9387755102040816,0.9224489795918367,0.000594668305,-0.000169162094
0.9387755102040816,0.9142857142857143,0.000594721876,-0.000168207259
0.9387755102040816,0.9061224489795918,0.000595193564,-0.000167709738
0.9387755102040816,0.8979591836734694,0.000595127918,-0.000168071423
0.9387755102040816,0.889795918367347,0.000594854222,-0.000168229384
0.9387755102040816,0.8816326530612244,0.000595236784,-0.000167836102
0.9387755102040816,0.8734693877551021,0.000594292354,-0.000167450782
0.9387755102040816,0.8653061224489795,0.000593275666,-0.000168315992
0.9387755102040816,0.8571428571428572,0.000595291601,-0.000168507704
0.9387755102040816,0.8489795918367347,0.000595659501,-0.000167827078
0.9387755102040816,0.8408163265306122,0.000594740083,-0.000168804489
0.9387755102040816,0.8326530612244898,0.00059415263,-0.000169210007
0.9387755102040816,0.8244897959183674,0.000593269341,-0.000168015771
0.9387755102040816,0.8163265306122449,0.000593527802,-0.000168294509
0.9387755102040816,0.8081632653061225,0.000594052294,-0.00016823433
0.9387755102040816,0.8,0.000593187213,-0.000167808164
0.9306122448979592,1.2,0.000594713538,-0.000168388213
0.9306122448979592,1.1918367346938774,0.000594872429,-0.000168625686
0.9306122448979592,1.183673469387755,0.000592942648,-0.000168084974
0.9306122448979592,1.1755102040816325,0.000593695317,-0.000167674061
0.9306122448979592,1.1673469387755102,0.000594042711,-0.000168022226
0.9306122448979592,1.1591836734693877,0.000594596047,-0.000167397058
0.9306122448979592,1.1510204081632653,0.000593500777,-0.000167657523
0.9306122448979592,1.1428571428571428,0.000593049022,-0.000168779987
0.9306122448979592,1.1346938775510205,0.000592407998,-0.000167817187
0.9306122448979592,1.126530612244898,0.000593196317,-0.000168339852
0.9306122448979592,1.1183673469387754,0.000592950219,-0.00016776799
0.9306122448979592,1.110204081632653,0.000593822391,-0.000167347187
0.9306122448979592,1.1020408163265305,0.000594111229,-0.00016730056
0.9306122448979592,1.0938775510204082,0.000593898961,-0.000166764569
0.9306122448979592,1.0857142857142856,0.000593616254,-0.000165245162
0.9306122448979592,1.0775510204081633,0.000594081619,-0.000166397072
0.9306122448979592,1.0693877551020408,0.000594456804,-0.00016642135
0.9306122448979592,1.0612244897959184,0.000594361833,-0.000166631333
0.9306122448979592,1.0530612244897959,0.000594701655,-0.000167322268
0.9306122448979592,1.0448979591836736,0.000594041464,-0.000166875036
0.9306122448979592,1.036734693877551,0.000593006088,-0.000167227696
0.9306122448979592,1.0285714285714285,0.000594347457,-0.000167034925
0.9306122448979592,1.0204081632653061,0.000594189525,-0.000166415344
0.9306122448979592,1.0122448979591836,0.000594347457,-0.000167328273
0.9306122448979592,1.0040816326530613,0.000593896182,-0.000166447361
0.9306122448979592,0.9959183673469387,0.000594954844,-0.00016667947
0.9306122448979592,0.9877551020408163,0.000593936623,-0.00016759606
0.9306122448979592,0.9795918367346939,0.000594596047,-0.000167135726
0.9306122448979592,0.9714285714285714,0.000594677889,-0.000166995587
0.9306122448979592,0.963265306122449,0.000595268601,-0.000166090173
0.9306122448979592,0.9551020408163265,0.000596021271,-0.000166617364
0.9306122448979592,0.9469387755102041,0.000595276939,-0.000167339448
0.9306122448979592,0.9387755102040816,0.000595772966,-0.000166644435
0.9306122448979592,0.9306122448979592,0.000596015999,-0.00016853972
0.9306122448979592,0.9224489795918367,0.000595465441,-0.000166741994
0.9306122448979592,0.9142857142857143,0.000595188006,-0.000166468844
0.9306122448979592,0.9061224489795918,0.000595443688,-0.000167593041
0.9306122448979592,0.8979591836734694,0.000594058905,-0.00016709703
0.9306122448979592,0.889795918367347,0.000594077593,-0.000166425653
0.9306122448979592,0.8816326530612244,0.000595800471,-0.000165683788
0.9306122448979592,0.8734693877551021,0.000595567789,-0.000167005477
0.9306122448979592,0.8653061224489795,0.000595306263,-0.000166469935
0.9306122448979592,0.8571428571428572,0.000594906832,-0.000166385897
0.9306122448979592,0.8489795918367347,0.000594236771,-0.000165652413
0.9306122448979592,0.8408163265306122,0.000594007348,-0.000166708693
0.9306122448979592,0.8326530612244898,0.000594322925,-0.000166034521
0.9306122448979592,0.8244897959183674,0.000595758498,-0.000166802173
0.9306122448979592,0.8163265306122449,0.000594637735,-0.000166019685
0.9306122448979592,0.8081632653061225,0.000595286809,-0.000166702881
0.9306122448979592,0.8,0.000595146605,-0.000166110596
0.9224489795918367,1.2,0.000592402727,-0.000166326585
0.9224489795918367,1.1918367346938774,0.000593624785,-0.000166638206
0.9224489795918367,1.183673469387755,0.000592582125,-0.000166173569
0.9224489795918367,1.1755102040816325,0.000593418649,-0.000166904676
0.9224489795918367,1.1673469387755102,0.000593912857,-0.000167268094
0.9224489795918367,1.1591836734693877,0.000592708433,-0.000165875917
0.9224489795918367,1.1510204081632653,0.000593767861,-0.000166339045
0.9224489795918367,1.1428571428571428,0.000593453051,-0.000167108206
0.9224489795918367,1.1346938775510205,0.000592789795,-0.000166737915
0.9224489795918367,1.126530612244898,0.000592342832,-0.000166491419
0.9224489795918367,1.1183673469387754,0.000594665046,-0.000165863875
0.9224489795918367,1.110204081632653,0.000594035906,-0.000166355165
0.9224489795918367,1.1020408163265305,0.000592668565,-0.000165471235
0.9224489795918367,1.0938775510204082,0.000593042697,-0.000165796182
0.9224489795918367,1.0857142857142856,0.00059294696,-0.000166109087
0.9224489795918367,1.0775510204081633,0.00059306541,-0.000166241904
0.9224489795918367,1.0693877551020408,0.000593113709,-0.000166327003
0.9224489795918367,1.0612244897959184,0.000593456024,-0.000165879996
0.9224489795918367,1.0530612244897959,0.000594743342,-0.000166225142
0.9224489795918367,1.0448979591836736,0.000593753966,-0.000167166233
0.9224489795918367,1.036734693877551,0.000594207927,-0.000166899956
0.9224489795918367,1.0285714285714285,0.000594042997,-0.000166714923
0.9224489795918367,1.0204081632653061,0.000593311795,-0.000166122638
0.9224489795918367,1.0122448979591836,0.000592385285,-0.000167375125
0.9224489795918367,1.0040816326530613,0.000593102878,-0.000166478735
0.9224489795918367,0.9959183673469387,0.000593618747,-0.00016634399
0.9224489795918367,0.9877551020408163,0.000594111709,-0.000166538047
0.9224489795918367,0.9795918367346939,0.000594550335,-0.000167713817
0.9224489795918367,0.9714285714285714,0.000593554347,-0.000167474417
0.9224489795918367,0.963265306122449,0.000593052567,-0.000168241844
0.9224489795918367,0.9551020408163265,0.000593153863,-0.000166855897
0.9224489795918367,0.9469387755102041,0.000593896182,-0.000167249404
0.9224489795918367,0.9387755102040816,0.000593866378,-0.000166929403
0.9224489795918367,0.9306122448979592,0.000592850169,-0.000166756187
0.9224489795918367,0.9224489795918367,0.000592379727,-0.000168033819
0.9224489795918367,0.9142857142857143,0.000591785756,-0.00016804843
0.9224489795918367,0.9061224489795918,0.000592721562,-0.000166672598
0.9224489795918367,0.8979591836734694,0.00059308841,-0.000165477913
0.9224489795918367,0.889795918367347,0.000593816067,-0.000167033864
0.9224489795918367,0.8816326530612244,0.000592447193,-0.000165757711
0.9224489795918367,0.8734693877551021,0.000593028801,-0.000167123041
0.9224489795918367,0.8653061224489795,0.000591476984,-0.000167493107
0.9224489795918367,0.8571428571428572,0.000592001476,-0.000167279718
0.9224489795918367,0.8489795918367347,0.000592359027,-0.000166699445
0.9224489795918367,0.8408163265306122,0.000592064437,-0.000167385658
0.9224489795918367,0.8326530612244898,0.00059197723,-0.000166631751
0.9224489795918367,0.8244897959183674,0.000592437609,-0.00016706845
0.9224489795918367,0.8163265306122449,0.00059215337,-0.000167787322
0.9224489795918367,0.8081632653061225,0.000592510633,-0.000167467963
0.9224489795918367,0.8,0.000592827456,-0.000167697696
0.9142857142857143,1.2,0.000592219783,-0.000167871136
0.9142857142857143,1.1918367346938774,0.000591683407,-0.000168108833
0.9142857142857143,1.183673469387755,0.000593000243,-0.000167674928
0.9142857142857143,1.1755102040816325,0.00059208763,-0.000167709096
0.9142857142857143,1.1673469387755102,0.000593085917,-0.000168196083
0.9142857142857143,1.1591836734693877,0.000592118967,-0.000168428835
0.9142857142857143,1.1510204081632653,0.000592263769,-0.00016783912
0.9142857142857143,1.1428571428571428,0.0005927069,-0.000167713399
0.9142857142857143,1.1346938775510205,0.000593018165,-0.000168400255
0.9142857142857143,1.126530612244898,0.000592190745,-0.000168190496
0.9142857142857143,1.1183673469387754,0.000593082372,-0.000168956638
0.9142857142857143,1.110204081632653,0.000593071735,-0.000168821894
0.9142857142857143,1.1020408163265305,0.000592535359,-0.000168119142
0.9142857142857143,1.0938775510204082,0.000592565736,-0.000168943954
0.9142857142857143,1.0857142857142856,0.000592121266,-0.000168011468
0.9142857142857143,1.0775510204081633,0.000591299118,-0.000168736571
0.9142857142857143,1.0693877551020408,0.000591851402,-0.000169158434
0.9142857142857143,1.0612244897959184,0.000591213445,-0.000169806819
0.9142857142857143,1.0530612244897959,0.000591868844,-0.000168862934
0.9142857142857143,1.0448979591836736,0.000590611136,-0.000168827706
0.9142857142857143,1.036734693877551,0.000591834248,-0.000169325644
0.9142857142857143,1.0285714285714285,0.00059178269,-0.000167991912
0.9142857142857143,1.0204081632653061,0.000592207706,-0.000168644375
0.9142857142857143,1.0122448979591836,0.000592081112,-0.000169607817
0.9142857142857143,1.0040816326530613,0.00059245879,-0.000168135262
0.9142857142857143,0.9959183673469387,0.000591771574,-0.000168614928
0.9142857142857143,0.9877551020408163,0.000590723262,-0.000168709499
0.9142857142857143,0.9795918367346939,0.000591014879,-0.000167964841
0.9142857142857143,0.9714285714285714,0.000591861753,-0.000168623534
0.9142857142857143,0.963265306122449,0.000590977983,-0.000168046279
0.9142857142857143,0.9551020408163265,0.000591042384,-0.000167717477
0.9142857142857143,0.9469387755102041,0.000590735625,-0.000167911759
0.9142857142857143,0.9387755102040816,0.000591697589,-0.000166214609
0.9142857142857143,0.9306122448979592,0.000591054553,-0.000168055527
0.9142857142857143,0.9224489795918367,0.000591338026,-0.000167856943
0.9142857142857143,0.9142857142857143,0.000591242289,-0.000167905529
0.9142857142857143,0.9061224489795918,0.000591103812,-0.000167663111
0.9142857142857143,0.8979591836734694,0.000591760743,-0.000168324374
0.9142857142857143,0.889795918367347,0.000592496451,-0.000167984815
0.9142857142857143,0.8816326530612244,0.00059143453,-0.00016801985
0.9142857142857143,0.8734693877551021,0.00059072786,-0.000166722662
0.9142857142857143,0.8653061224489795,0.000590453204,-0.000166876321
0.9142857142857143,0.8571428571428572,0.000590598487,-0.000167811824
0.9142857142857143,0.8489795918367347,0.000590500736,-0.000168268722
0.9142857142857143,0.8408163265306122,0.000591010853,-0.000168559277
0.9142857142857143,0.8326530612244898,0.00059073821,-0.000168333397
0.9142857142857143,0.8244897959183674,0.000590875155,-0.000169610386
0.9142857142857143,0.8163265306122449,0.000590643719,-0.000168830275
0.9142857142857143,0.8081632653061225,0.000590398101,-0.000168170715
0.9142857142857143,0.8,0.000591137641,-0.000167749494
0.9061224489795918,1.2,0.000590619473,-0.000167632155
0.9061224489795918,1.1918367346938774,0.000591085604,-0.00016862074
0.9061224489795918,1.183673469387755,0.000591064903,-0.000168862934
0.9061224489795918,1.1755102040816325,0.000590817273,-0.000168177811
0.9061224489795918,1.1673469387755102,0.000590114915,-0.000167662019
0.9061224489795918,1.1591836734693877,0.000592598513,-0.000169614047
0.9061224489795918,1.1510204081632653,0.000591868844,-0.00016874174
0.9061224489795918,1.1428571428571428,0.000592948972,-0.000169325419
0.9061224489795918,1.1346938775510205,0.000592967947,-0.000168789877
0.9061224489795918,1.126530612244898,0.000591490113,-0.00016878429
0.9061224489795918,1.1183673469387754,0.000591891843,-0.000169334667
0.9061224489795918,1.110204081632653,0.000591561125,-0.000169130078
0.9061224489795918,1.1020408163265305,0.000591754899,-0.000168928925
0.9061224489795918,1.0938775510204082,0.000592754912,-0.000168794822
0.9061224489795918,1.0857142857142856,0.000592878727,-0.000168874109
0.9061224489795918,1.0775510204081633,0.000591619487,-0.000169238812
0.9061224489795918,1.0693877551020408,0.000591223315,-0.000169666262
0.9061224489795918,1.0612244897959184,0.00059299066,-0.000168919034
0.9061224489795918,1.0530612244897959,0.000592968426,-0.000168917107
0.9061224489795918,1.0448979591836736,0.000593923974,-0.000168896459
0.9061224489795918,1.036734693877551,0.000592604838,-0.000168176527
0.9061224489795918,1.0285714285714285,0.000591092409,-0.000168416569
0.9061224489795918,1.0204081632653061,0.000592086864,-0.000169156507
0.9061224489795918,1.0122448979591836,0.000591715511,-0.000167153773
0.9061224489795918,1.0040816326530613,0.000591886765,-0.000168748613
0.9061224489795918,0.9959183673469387,0.000592112929,-0.000166689136
0.9061224489795918,0.9877551020408163,0.00059273977,-0.000167578848
0.9061224489795918,0.9795918367346939,0.00059082513,-0.000166726098
0.9061224489795918,0.9714285714285714,0.000591302664,-0.000167061996
0.9061224489795918,0.963265306122449,0.000591719823,-0.000167573485
0.9061224489795918,0.9551020408163265,0.000591952505,-0.000168176302
0.9061224489795918,0.9469387755102041,0.000590867584,-0.000169272562
0.9061224489795918,0.9387755102040816,0.000590832415,-0.000166663992
0.9061224489795918,0.9306122448979592,0.000590689718,-0.000167496768
0.9061224489795918,0.9224489795918367,0.000590080032,-0.000167157209
0.9061224489795918,0.9142857142857143,0.000591134382,-0.000166813572
0.9061224489795918,0.9061224489795918,0.000590154303,-0.000167197831
0.9061224489795918,0.8979591836734694,0.000590606538,-0.000166233523
0.9061224489795918,0.889795918367347,0.000590887804,-0.000167544262
0.9061224489795918,0.8816326530612244,0.000591435583,-0.000167760669
0.9061224489795918,0.8734693877551021,0.000591866065,-0.000168323731
0.9061224489795918,0.8653061224489795,0.000591288482,-0.000166917585
0.9061224489795918,0.8571428571428572,0.000591817573,-0.000168113554
0.9061224489795918,0.8489795918367347,0.000590385259,-0.000166842795
0.9061224489795918,0.8408163265306122,0.000591058099,-0.000167463018
0.9061224489795918,0.8326530612244898,0.000590407492,-0.000166860842
0.9061224489795918,0.8244897959183674,0.000591460789,-0.000166827541
0.9061224489795918,0.8163265306122449,0.000591592748,-0.000167551777
0.9061224489795918,0.8081632653061225,0.00059072834,-0.000165933078
0.9061224489795918,0.8,0.00059108637,-0.000167209649
0.8979591836734694,1.2,0.000594150617,-0.00017128541
0.8979591836734694,1.1918367346938774,0.000592906805,-0.000170829155
0.8979591836734694,1.183673469387755,0.00059241557,-0.000169562474
0.8979591836734694,1.1755102040816325,0.000594006582,-0.000170874273
0.8979591836734694,1.1673469387755102,0.000593427752,-0.000170150905
0.8979591836734694,1.1591836734693877,0.000593462635,-0.00017032152
0.8979591836734694,1.1510204081632653,0.000593669058,-0.000170801217
0.8979591836734694,1.1428571428571428,0.000593712472,-0.000171097359
0.8979591836734694,1.1346938775510205,0.000592095488,-0.00017120545
0.8979591836734694,1.126530612244898,0.000592732199,-0.000170265868
0.8979591836734694,1.1183673469387754,0.000592058592,-0.000169126417
0.8979591836734694,1.110204081632653,0.000591863285,-0.000169341122
0.8979591836734694,1.1020408163265305,0.00059275012,-0.000169676153
0.8979591836734694,1.0938775510204082,0.000592904506,-0.000169663693
0.8979591836734694,1.0857142857142856,0.000592210965,-0.000169522718
0.8979591836734694,1.0775510204081633,0.000592465114,-0.000169658972
0.8979591836734694,1.0693877551020408,0.000592978777,-0.000169298572
0.8979591836734694,1.0612244897959184,0.000592015179,-0.000168771381
0.8979591836734694,1.0530612244897959,0.000593301444,-0.00016880664
0.8979591836734694,1.0448979591836736,0.000592804457,-0.000169540766
0.8979591836734694,1.036734693877551,0.000592376468,-0.000168859722
0.8979591836734694,1.0285714285714285,0.000591545696,-0.000168851983
0.8979591836734694,1.0204081632653061,0.000592680161,-0.000167962689
0.8979591836734694,1.0122448979591836,0.000592801678,-0.000169162737
0.8979591836734694,1.0040816326530613,0.000592051021,-0.00016942622
0.8979591836734694,0.9959183673469387,0.000592398415,-0.000168440428
0.8979591836734694,0.9877551020408163,0.000592780211,-0.000167548565
0.8979591836734694,0.9795918367346939,0.000592585384,-0.000167907456
0.8979591836734694,0.9714285714285714,0.000592122033,-0.000168379607
0.8979591836734694,0.963265306122449,0.000592372922,-0.000168408187
0.8979591836734694,0.9551020408163265,0.000592014126,-0.000169327153
0.8979591836734694,0.9469387755102041,0.000591319819,-0.000168004821
0.8979591836734694,0.9387755102040816,0.000591131603,-0.000168326749
0.8979591836734694,0.9306122448979592,0.000592199562,-0.000169047773
0.8979591836734694,0.9224489795918367,0.000591675836,-0.00016946254
0.8979591836734694,0.9142857142857143,0.000593723588,-0.000169216686
0.8979591836734694,0.9061224489795918,0.000593101826,-0.000168728414
0.8979591836734694,0.8979591836734694,0.000592130084,-0.000168783423
0.8979591836734694,0.889795918367347,0.000592759704,-0.000168648678
0.8979591836734694,0.8816326530612244,0.000593311795,-0.000168999412
0.8979591836734694,0.8734693877551021,0.000592625538,-0.000168438501
0.8979591836734694,0.8653061224489795,0.000592433777,-0.0001674626
0.8979591836734694,0.8571428571428572,0.000592408285,-0.000168924622
0.8979591836734694,0.8489795918367347,0.000592269807,-0.000167366744
0.8979591836734694,0.8408163265306122,0.000592987881,-0.000167732956
0.8979591836734694,0.8326530612244898,0.000593386065,-0.000168152667
0.8979591836734694,0.8244897959183674,0.000593058606,-0.000168821251
0.8979591836734694,0.8163265306122449,0.00059316402,-0.000169522494
0.8979591836734694,0.8081632653061225,0.000593273653,-0.000168774624
0.8979591836734694,0.8,0.000594267342,-0.00017058587
0.889795918367347,1.2,0.000594062931,-0.000170426624
0.889795918367347,1.1918367346938774,0.000593579073,-0.000168780629
0.889795918367347,1.183673469387755,0.00059286991,-0.000169871076
0.889795918367347,1.1755102040816325,0.000593102306,-0.000170337222
0.889795918367347,1.1673469387755102,0.000591916856,-0.000169770724
0.889795918367347,1.1591836734693877,0.000593393923,-0.000168778702
0.889795918367347,1.1510204081632653,0.000593523776,-0.000170553211
0.889795918367347,1.1428571428571428,0.00059461119,-0.000168545308
0.889795918367347,1.1346938775510205,0.00059365315,-0.000169654445
0.889795918367347,1.126530612244898,0.000593811275,-0.000170071812
0.889795918367347,1.1183673469387754,0.000594170838,-0.000169278149
0.889795918367347,1.110204081632653,0.000593101059,-0.000169333383
0.889795918367347,1.1020408163265305,0.000592964115,-0.000167955592
0.889795918367347,1.0938775510204082,0.000592593721,-0.000169449213
0.889795918367347,1.0857142857142856,0.000592078813,-0.000167720271
0.889795918367347,1.0775510204081633,0.000592269041,-0.000169244399
0.889795918367347,1.0693877551020408,0.000592845378,-0.000169250211
0.889795918367347,1.0612244897959184,0.000592641733,-0.000168828766
0.889795918367347,1.0530612244897959,0.000592513126,-0.000168930209
0.889795918367347,1.0448979591836736,0.000592690512,-0.000168670386
0.889795918367347,1.036734693877551,0.000592364585,-0.000168208543
0.889795918367347,1.0285714285714285,0.000591844598,-0.000167435722
0.889795918367347,1.0204081632653061,0.00059197723,-0.00016847739
0.889795918367347,1.0122448979591836,0.000592530567,-0.000169484472
0.889795918367347,1.0040816326530613,0.000591119434,-0.000167824926
0.889795918367347,0.9959183673469387,0.000591014112,-0.000168050164
0.889795918367347,0.9877551020408163,0.000591430025,-0.000167625925
0.889795918367347,0.9795918367346939,0.000591597254,-0.00016626297
0.889795918367347,0.9714285714285714,0.000590968113,-0.000168303114
0.889795918367347,0.963265306122449,0.000590897388,-0.000167296675
0.889795918367347,0.9551020408163265,0.00059016264,-0.000167027828
0.889795918367347,0.9469387755102041,0.000590078019,-0.000169396773
0.889795918367347,0.9387755102040816,0.000591201082,-0.000167541886
0.889795918367347,0.9306122448979592,0.000590905439,-0.000168045218
0.889795918367347,0.9224489795918367,0.000591096241,-0.000168192841
0.889795918367347,0.9142857142857143,0.000590579032,-0.000167266167
0.889795918367347,0.9061224489795918,0.000589471685,-0.000167943775
0.889795918367347,0.8979591836734694,0.000589812468,-0.000168524884
0.889795918367347,0.889795918367347,0.000589458749,-0.000166879532
0.889795918367347,0.8816326530612244,0.000589214471,-0.000167268094
0.889795918367347,0.8734693877551021,0.000590457996,-0.000166313901
0.889795918367347,0.8653061224489795,0.000589672744,-0.000166861067
0.889795918367347,0.8571428571428572,0.000590025216,-0.000168129032
0.889795918367347,0.8489795918367347,0.000589938296,-0.000167371689
0.889795918367347,0.8408163265306122,0.000590111849,-0.000166683549
0.889795918367347,0.8326530612244898,0.000589105511,-0.000166613061
0.889795918367347,0.8244897959183674,0.000590075434,-0.000167339448
0.889795918367347,0.8163265306122449,0.000590777118,-0.000167381355
0.889795918367347,0.8081632653061225,0.000591093941,-0.00016727304
0.889795918367347,0.8,0.000589703794,-0.000168201029
0.8816326530612244,1.2,0.000594026322,-0.000168016414
0.8816326530612244,1.1918367346938774,0.000593327989,-0.000168031667
0.8816326530612244,1.183673469387755,0.000592627071,-0.000167724992
0.8816326530612244,1.1755102040816325,0.000593542464,-0.000168491359
0.8816326530612244,1.1673469387755102,0.000593508348,-0.00016701601
0.8816326530612244,1.1591836734693877,0.00059306445,-0.000167500846
0.8816326530612244,1.1510204081632653,0.000593226887,-0.000167889826
0.8816326530612244,1.1428571428571428,0.000593334794,-0.000166782198
0.8816326530612244,1.1346938775510205,0.000593177629,-0.000167644614
0.8816326530612244,1.126530612244898,0.000594254212,-0.000166804549
0.8816326530612244,1.1183673469387754,0.000593541217,-0.000166569003
0.8816326530612244,1.110204081632653,0.000594634189,-0.000167142598
0.8816326530612244,1.1020408163265305,0.00059586995,-0.00016890635
0.8816326530612244,1.0938775510204082,0.000594740563,-0.000168387571
0.8816326530612244,1.0857142857142856,0.000596139048,-0.000167773353
0.8816326530612244,1.0775510204081633,0.000596054907,-0.000167026543
0.8816326530612244,1.0693877551020408,0.000596255292,-0.000168286127
0.8816326530612244,1.0612244897959184,0.000596360613,-0.000167678364
0.8816326530612244,1.0530612244897959,0.000596654436,-0.000167550268
0.8816326530612244,1.0448979591836736,0.000596800005,-0.000166939069
0.8816326530612244,1.036734693877551,0.000595309809,-0.000167065432
0.8816326530612244,1.0285714285714285,0.000595329263,-0.000166823656
0.8816326530612244,1.0204081632653061,0.00059520794,-0.000167847052
0.8816326530612244,1.0122448979591836,0.000595558686,-0.000166948735
0.8816326530612244,1.0040816326530613,0.000596179202,-0.000167593041
0.8816326530612244,0.9959183673469387,0.000595761563,-0.000167590248
0.8816326530612244,0.9877551020408163,0.000595604398,-0.000167848786
0.8816326530612244,0.9795918367346939,0.000595007361,-0.000166775744
0.8816326530612244,0.9714285714285714,0.000595896209,-0.000167811182
0.8816326530612244,0.963265306122449,0.000595796926,-0.000167897565
0.8816326530612244,0.9551020408163265,0.000595956104,-0.000166854612
0.8816326530612244,0.9469387755102041,0.000596697176,-0.000167646348
0.8816326530612244,0.9387755102040816,0.000596864692,-0.000167517609
0.8816326530612244,0.9306122448979592,0.000596481649,-0.000168478899
0.8816326530612244,0.9224489795918367,0.000596021557,-0.0001680422
0.8816326530612244,0.9142857142857143,0.000597148165,-0.000167527499
0.8816326530612244,0.9061224489795918,0.000596756785,-0.000167565328
0.8816326530612244,0.8979591836734694,0.000596450312,-0.000169018968
0.8816326530612244,0.889795918367347,0.000595160981,-0.000167801291
0.8816326530612244,0.8816326530612244,0.000594220862,-0.000167648917
0.8816326530612244,0.8734693877551021,0.00059563171,-0.000167438098
0.8816326530612244,0.8653061224489795,0.000595254226,-0.000167746058
0.8816326530612244,0.8571428571428572,0.00059495609,-0.000166997738
0.8816326530612244,0.8489795918367347,0.000593816353,-0.000167057917
0.8816326530612244,0.8408163265306122,0.000593962882,-0.000166851176
0.8816326530612244,0.8326530612244898,0.000594083918,-0.000167116587
0.8816326530612244,0.8244897959183674,0.000594288042,-0.000167259071
0.8816326530612244,0.8163265306122449,0.000593800158,-0.000167802576
0.8816326530612244,0.8081632653061225,0.000594538932,-0.000167917122
0.8816326530612244,0.8,0.000594993466,-0.000166258025
0.8734693877551021,1.2,0.000595569516,-0.000167165591
0.8734693877551021,1.1918367346938774,0.000594814834,-0.00016790251
0.8734693877551021,1.183673469387755,0.000595051061,-0.000166754036
0.8734693877551021,1.1755102040816325,0.000595740863,-0.000168211337
0.8734693877551021,1.1673469387755102,0.000594732992,-0.000166967007
0.8734693877551021,1.1591836734693877,0.000593977544,-0.000167184923
0.8734693877551021,1.1510204081632653,0.00059487195,-0.000167653863
0.8734693877551021,1.1428571428571428,0.000593669825,-0.000167069735
0.8734693877551021,1.1346938775510205,0.000593058606,-0.000167651711
0.8734693877551021,1.126530612244898,0.000592041151,-0.000167852222
0.8734693877551021,1.1183673469387754,0.000591660408,-0.000167442819
0.8734693877551021,1.110204081632653,0.000593170058,-0.000166838716
0.8734693877551021,1.1020408163265305,0.000592952232,-0.000167654505
0.8734693877551021,1.0938775510204082,0.000593435323,-0.000168075083
0.8734693877551021,1.0857142857142856,0.000592360273,-0.000167761536
0.8734693877551021,1.0775510204081633,0.000592105358,-0.00016694745
0.8734693877551021,1.0693877551020408,0.000592350403,-0.000166761775
0.8734693877551021,1.0612244897959184,0.000593313041,-0.000167099182
0.8734693877551021,1.0530612244897959,0.000592812794,-0.000167082419
0.8734693877551021,1.0448979591836736,0.00059170842,-0.000166830977
0.8734693877551021,1.036734693877551,0.000591875935,-0.000166717074
0.8734693877551021,1.0285714285714285,0.000592433011,-0.000167533729
0.8734693877551021,1.0204081632653061,0.000592725874,-0.000168364578
0.8734693877551021,1.0122448979591836,0.00059401262,-0.000167685879
0.8734693877551021,1.0040816326530613,0.000593487647,-0.000168067987
0.8734693877551021,0.9959183673469387,0.000592657448,-0.000168187702
0.8734693877551021,0.9877551020408163,0.000593032827,-0.000167747567
0.8734693877551021,0.9795918367346939,0.000593133929,-0.000167126895
0.8734693877551021,0.9714285714285714,0.000592801678,-0.000168162333
0.8734693877551021,0.963265306122449,0.0005936635,-0.000167957744
0.8734693877551021,0.9551020408163265,0.000593350703,-0.000167384791
0.8734693877551021,0.9469387755102041,0.000593330769,-0.000168425817
0.8734693877551021,0.9387755102040816,0.000593798912,-0.00016730056
0.8734693877551021,0.9306122448979592,0.00059360993,-0.000167868118
0.8734693877551021,0.9224489795918367,0.000592561618,-0.000167805594
0.8734693877551021,0.9142857142857143,0.000592104591,-0.000167098957
0.8734693877551021,0.9061224489795918,0.000592577813,-0.00016795495
0.8734693877551021,0.8979591836734694,0.000592790275,-0.000167202328
0.8734693877551021,0.889795918367347,0.000592540438,-0.000168385837
0.8734693877551021,0.8816326530612244,0.00059322842,-0.00016754985
0.8734693877551021,0.8734693877551021,0.000592914856,-0.000168098076
0.8734693877551021,0.8653061224489795,0.000593149071,-0.000167981603
0.8734693877551021,0.8571428571428572,0.000593169292,-0.000168883357
0.8734693877551021,0.8489795918367347,0.00059243579,-0.000168871764
0.8734693877551021,0.8408163265306122,0.000593808016,-0.000168275594
0.8734693877551021,0.8326530612244898,0.000592838573,-0.000167066717
0.8734693877551021,0.8244897959183674,0.000592222848,-0.000166925324
0.8734693877551021,0.8163265306122449,0.000591392557,-0.000167394682
0.8734693877551021,0.8081632653061225,0.000592474984,-0.000167798915
0.8734693877551021,0.8,0.000591709472,-0.000168658987
0.8653061224489795,1.2,0.00059152097,-0.000169191541
0.8653061224489795,1.1918367346938774,0.000590595994,-0.000169724514
0.8653061224489795,1.183673469387755,0.000590842572,-0.000168817173
0.8653061224489795,1.1755102040816325,0.000591492892,-0.000169065821
0.8653061224489795,1.1673469387755102,0.000591861273,-0.000168932361
0.8653061224489795,1.1591836734693877,0.000591681108,-0.00016763453
0.8653061224489795,1.1510204081632653,0.000591267301,-0.00016947866
0.8653061224489795,1.1428571428571428,0.000590928725,-0.000169215819
0.8653061224489795,1.1346938775510205,0.000591354415,-0.000168662005
0.8653061224489795,1.126530612244898,0.000590837973,-0.000168190914
0.8653061224489795,1.1183673469387754,0.000591841052,-0.000169024332
0.8653061224489795,1.110204081632653,0.000591646512,-0.000168541872
0.8653061224489795,1.1020408163265305,0.000592119253,-0.000168481051
0.8653061224489795,1.0938775510204082,0.000592554333,-0.00016825045
0.8653061224489795,1.0857142857142856,0.000592559125,-0.00016739876
0.8653061224489795,1.0775510204081633,0.000592181641,-0.00016776905
0.8653061224489795,1.0693877551020408,0.000592894922,-0.000168386061
0.8653061224489795,1.0612244897959184,0.000591591695,-0.00016730528
0.8653061224489795,1.0530612244897959,0.000591063371,-0.00016767708
0.8653061224489795,1.0448979591836736,0.000590946646,-0.000167727368
0.8653061224489795,1.036734693877551,0.000590538112,-0.000168399806
0.8653061224489795,1.0285714285714285,0.000591838273,-0.00016891001
0.8653061224489795,1.0204081632653061,0.0005905545,-0.000167622488
0.8653061224489795,1.0122448979591836,0.000590634615,-0.000168956638
0.8653061224489795,1.0040816326530613,0.000590149511,-0.000168767945
0.8653061224489795,0.9959183673469387,0.000589752573,-0.000169111164
0.8653061224489795,0.9877551020408163,0.000589221755,-0.000167784529
0.8653061224489795,0.9795918367346939,0.000588947386,-0.000169459746
0.8653061224489795,0.9714285714285714,0.00059083596,-0.00016697754
0.8653061224489795,0.963265306122449,0.000589825883,-0.000167906171
0.8653061224489795,0.9551020408163265,0.0005894691,-0.000166233523
0.8653061224489795,0.9469387755102041,0.000589250313,-0.000167514173
0.8653061224489795,0.9387755102040816,0.00059042388,-0.000167585078
0.8653061224489795,0.9306122448979592,0.000590354401,-0.000167109072
0.8653061224489795,0.9224489795918367,0.000590445633,-0.000168425817
0.8653061224489795,0.9142857142857143,0.000589793014,-0.000167974507
0.8653061224489795,0.9061224489795918,0.000591799365,-0.000166966364
0.8653061224489795,0.8979591836734694,0.000590118174,-0.000169028635
0.8653061224489795,0.889795918367347,0.000590141173,-0.000167681158
0.8653061224489795,0.8816326530612244,0.000590752106,-0.000167683085
0.8653061224489795,0.8734693877551021,0.000589838246,-0.000167377919
0.8653061224489795,0.8653061224489795,0.000590065656,-0.000167616676
0.8653061224489795,0.8571428571428572,0.000589698522,-0.000168413999
0.8653061224489795,0.8489795918367347,0.00058946584,-0.000167618828
0.8653061224489795,0.8408163265306122,0.000590481476,-0.000167510512
0.8653061224489795,0.8326530612244898,0.000590247834,-0.00016786876
0.8653061224489795,0.8244897959183674,0.000590322104,-0.000167112091
0.8653061224489795,0.8163265306122449,0.000590247067,-0.000168206616
0.8653061224489795,0.8081632653061225,0.000589495645,-0.000168791162
0.8653061224489795,0.8,0.000589452711,-0.000168231536
0.8571428571428572,1.2,0.000589361193,-0.000168235196
0.8571428571428572,1.1918367346938774,0.00058920786,-0.000168555616
0.8571428571428572,1.183673469387755,0.000588890557,-0.000168895175
0.8571428571428572,1.1755102040816325,0.000588763676,-0.000168507479
0.8571428571428572,1.1673469387755102,0.000589061811,-0.000168080447
0.8571428571428572,1.1591836734693877,0.000587270987,-0.000169021762
0.8571428571428572,1.1510204081632653,0.000587315933,-0.000168849189
0.8571428571428572,1.1428571428571428,0.000588670431,-0.000170026244
0.8571428571428572,1.1346938775510205,0.000589136848,-0.000169352072
0.8571428571428572,1.126530612244898,0.000588483462,-0.000169094177
0.8571428571428572,1.1183673469387754,0.000589220989,-0.000170101034
0.8571428571428572,1.110204081632653,0.000588912217,-0.000170159704
0.8571428571428572,1.1020408163265305,0.000589826363,-0.000169398282
0.8571428571428572,1.0938775510204082,0.000588062851,-0.000170084271
0.8571428571428572,1.0857142857142856,0.000588011293,-0.000169833697
0.8571428571428572,1.0775510204081633,0.000587913736,-0.00016929427
0.8571428571428572,1.0693877551020408,0.00058765173,-0.000169357242
0.8571428571428572,1.0612244897959184,0.000588387724,-0.000170145735
0.8571428571428572,1.0530612244897959,0.000587933477,-0.000170347113
0.8571428571428572,1.0448979591836736,0.000588622992,-0.000169785335
0.8571428571428572,1.036734693877551,0.000588345271,-0.000169808328
0.8571428571428572,1.0285714285714285,0.000588421841,-0.000169402361
0.8571428571428572,1.0204081632653061,0.000588182834,-0.000169223782
0.8571428571428572,1.0122448979591836,0.000589105797,-0.000169518191
0.8571428571428572,1.0040816326530613,0.000588314987,-0.00016960072
0.8571428571428572,0.9959183673469387,0.000588663626,-0.000169451364
0.8571428571428572,0.9877551020408163,0.000587579759,-0.00016908602
0.8571428571428572,0.9795918367346939,0.000587046642,-0.000170223319
0.8571428571428572,0.9714285714285714,0.000588215417,-0.000169554735
0.8571428571428572,0.963265306122449,0.000588417049,-0.000168363711
0.8571428571428572,0.9551020408163265,0.000588060551,-0.000168741516
0.8571428571428572,0.9469387755102041,0.000587909711,-0.000169283737
0.8571428571428572,0.9387755102040816,0.000587934723,-0.000168993824
0.8571428571428572,0.9306122448979592,0.000587560785,-0.000169841854
0.8571428571428572,0.9224489795918367,0.000588000943,-0.00016933531
0.8571428571428572,0.9142857142857143,0.000585416722,-0.000169560965
0.8571428571428572,0.9061224489795918,0.000586762596,-0.000170328841
0.8571428571428572,0.8979591836734694,0.000587138548,-0.000170056333
0.8571428571428572,0.889795918367347,0.000588349296,-0.00016933897
0.8571428571428572,0.8816326530612244,0.000587236871,-0.000169520791
0.8571428571428572,0.8734693877551021,0.000587431411,-0.000169704315
0.8571428571428572,0.8653061224489795,0.00058708603,-0.000169970593
0.8571428571428572,0.8571428571428572,0.000588922854,-0.000169325001
0.8571428571428572,0.8489795918367347,0.000588931958,-0.000170707512
0.8571428571428572,0.8408163265306122,0.000588330609,-0.000169415687
0.8571428571428572,0.8326530612244898,0.000588533773,-0.000169627374
0.8571428571428572,0.8244897959183674,0.000589082032,-0.000169294045
0.8571428571428572,0.8163265306122449,0.000587864958,-0.00016996006
0.8571428571428572,0.8081632653061225,0.000588434684,-0.000169004133
0.8571428571428572,0.8,0.000588564057,-0.000169969083
0.8489795918367347,1.2,0.000590681095,-0.000169236885
0.8489795918367347,1.1918367346938774,0.000589593395,-0.000169865489
0.8489795918367347,1.183673469387755,0.000589780364,-0.000169159301
0.8489795918367347,1.1755102040816325,0.000590628004,-0.000168138698
0.8489795918367347,1.1673469387755102,0.0005910765,-0.000169237527
0.8489795918367347,1.1591836734693877,0.000590073994,-0.000169264822
0.8489795918367347,1.1510204081632653,0.000590803664,-0.000169400209
0.8489795918367347,1.1428571428571428,0.000591221302,-0.000170783587
0.8489795918367347,1.1346938775510205,0.000589090369,-0.000170614675
0.8489795918367347,1.126530612244898,0.000590239976,-0.00016955968
0.8489795918367347,1.1183673469387754,0.000589894596,-0.000169720436
0.8489795918367347,1.110204081632653,0.000589223768,-0.000171629047
0.8489795918367347,1.1020408163265305,0.000589103018,-0.000169754604
0.8489795918367347,1.0938775510204082,0.000589534073,-0.000170606069
0.8489795918367347,1.0857142857142856,0.000589093628,-0.000170492166
0.8489795918367347,1.0775510204081633,0.000588329842,-0.000170694828
0.8489795918367347,1.0693877551020408,0.000588765975,-0.000170453695
0.8489795918367347,1.0612244897959184,0.000588206313,-0.000170497978
0.8489795918367347,1.0530612244897959,0.000588968853,-0.000170187866
0.8489795918367347,1.0448979591836736,0.000589944334,-0.000170159704
0.8489795918367347,1.036734693877551,0.000589443801,-0.000170344961
0.8489795918367347,1.0285714285714285,0.000588475411,-0.000169574067
0.8489795918367347,1.0204081632653061,0.000589467087,-0.000170046443
0.8489795918367347,1.0122448979591836,0.000589770494,-0.000170418467
0.8489795918367347,1.0040816326530613,0.000590997438,-0.000170133693
0.8489795918367347,0.9959183673469387,0.000590096707,-0.000169748149
0.8489795918367347,0.9877551020408163,0.00058958659,-0.000170192587
0.8489795918367347,0.9795918367346939,0.000591594188,-0.000170085556
0.8489795918367347,0.9714285714285714,0.000590062111,-0.000169571916
0.8489795918367347,0.963265306122449,0.000589803364,-0.000170172388
0.8489795918367347,0.9551020408163265,0.000589269481,-0.000170587797
0.8489795918367347,0.9469387755102041,0.000589920088,-0.000171329244
0.8489795918367347,0.9387755102040816,0.000588708379,-0.000171100795
0.8489795918367347,0.9306122448979592,0.000589915296,-0.000171005164
0.8489795918367347,0.9224489795918367,0.000588758118,-0.000170678932
0.8489795918367347,0.9142857142857143,0.000588560032,-0.000169864846
0.8489795918367347,0.9061224489795918,0.000589523436,-0.000170499905
0.8489795918367347,0.8979591836734694,0.000588791947,-0.000172664903
0.8489795918367347,0.889795918367347,0.000589463061,-0.000172150845
0.8489795918367347,0.8816326530612244,0.000590265469,-0.000170388795
0.8489795918367347,0.8734693877551021,0.000589788702,-0.00017211947
0.8489795918367347,0.8653061224489795,0.000590244768,-0.000172052195
0.8489795918367347,0.8571428571428572,0.00059039235,-0.000170825076
0.8489795918367347,0.8489795918367347,0.000590366764,-0.000171265629
0.8489795918367347,0.8408163265306122,0.00059084861,-0.000171059531
0.8489795918367347,0.8326530612244898,0.000590783923,-0.000171473237
0.8489795918367347,0.8244897959183674,0.000590710419,-0.000170410085
0.8489795918367347,0.8163265306122449,0.000591672291,-0.000169479945
0.8489795918367347,0.8081632653061225,0.00059131704,-0.000170245027
0.8489795918367347,0.8,0.000590079552,-0.000171984501
0.8408163265306122,1.2,0.000588462761,-0.000169299857
0.8408163265306122,1.1918367346938774,0.000588929178,-0.0001695846
0.8408163265306122,1.183673469387755,0.000588692664,-0.000170678932
0.8408163265306122,1.1755102040816325,0.000588962815,-0.000170460149
0.8408163265306122,1.1673469387755102,0.000589127264,-0.000170201835
0.8408163265306122,1.1591836734693877,0.000588266975,-0.000169475866
0.8408163265306122,1.1510204081632653,0.000588230559,-0.000168814155
0.8408163265306122,1.1428571428571428,0.00058943575,-0.000170363009
0.8408163265306122,1.1346938775510205,0.000589226547,-0.000169575576
0.8408163265306122,1.126530612244898,0.000588450398,-0.000169726441
0.8408163265306122,1.1183673469387754,0.000589842752,-0.000169224843
0.8408163265306122,1.110204081632653,0.000589381413,-0.000170262432
0.8408163265306122,1.1020408163265305,0.000588207366,-0.000169549147
0.8408163265306122,1.0938775510204082,0.000589328896,-0.000169140386
0.8408163265306122,1.0857142857142856,0.000588456723,-0.000170507644
0.8408163265306122,1.0775510204081633,0.000588119393,-0.000169377859
0.8408163265306122,1.0693877551020408,0.000589143173,-0.000169945224
0.8408163265306122,1.0612244897959184,0.00058886018,-0.000168957923
0.8408163265306122,1.0530612244897959,0.000589497657,-0.000169677886
0.8408163265306122,1.0448979591836736,0.000588321025,-0.000170745983
0.8408163265306122,1.036734693877551,0.000589380453,-0.000170032698
0.8408163265306122,1.0285714285714285,0.000589068136,-0.000169681322
0.8408163265306122,1.0204081632653061,0.000588350349,-0.000169605666
0.8408163265306122,1.0122448979591836,0.000588768274,-0.000169584824
0.8408163265306122,1.0040816326530613,0.000587097147,-0.000169448989
0.8408163265306122,0.9959183673469387,0.000588028448,-0.000169480169
0.8408163265306122,0.9877551020408163,0.000587780337,-0.000169842496
0.8408163265306122,0.9795918367346939,0.000586662547,-0.0001692891
0.8408163265306122,0.9714285714285714,0.000587572188,-0.000169109012
0.8408163265306122,0.963265306122449,0.000587556473,-0.00016921797
0.8408163265306122,0.9551020408163265,0.000587924373,-0.000169247417
0.8408163265306122,0.9469387755102041,0.000587232079,-0.000170416733
0.8408163265306122,0.9387755102040816,0.000588057006,-0.000169343691
0.8408163265306122,0.9306122448979592,0.000586047109,-0.000169830678
0.8408163265306122,0.9224489795918367,0.000586674236,-0.000171568868
0.8408163265306122,0.9142857142857143,0.000586589329,-0.000171019133
0.8408163265306122,0.9061224489795918,0.000587232845,-0.00017039008
0.8408163265306122,0.8979591836734694,0.000586783583,-0.000170775206
0.8408163265306122,0.889795918367347,0.000586595367,-0.000170999352
0.8408163265306122,0.8816326530612244,0.000587475877,-0.000170154983
0.8408163265306122,0.8734693877551021,0.000587329829,-0.000169945224
0.8408163265306122,0.8653061224489795,0.000586863218,-0.00017064454
0.8408163265306122,0.8571428571428572,0.000587551681,-0.000170835385
0.8408163265306122,0.8489795918367347,0.000586718416,-0.000169944582
0.8408163265306122,0.8408163265306122,0.00058722652,-0.000168738722
0.8408163265306122,0.8326530612244898,0.000585870776,-0.000169197547
0.8408163265306122,0.8244897959183674,0.000587439268,-0.00016976793
0.8408163265306122,0.8163265306122449,0.000586020084,-0.000169218837
0.8408163265306122,0.8081632653061225,0.000588292467,-0.000169182518
0.8408163265306122,0.8,0.000588744508,-0.000168606353
0.8326530612244898,1.2,0.000587517085,-0.000168571319
0.8326530612244898,1.1918367346938774,0.000588495631,-0.000171062324
0.8326530612244898,1.183673469387755,0.00058959694,-0.000170521195
0.8326530612244898,1.1755102040816325,0.000589129277,-0.00016930522
0.8326530612244898,1.1673469387755102,0.000589052227,-0.000169221406
0.8326530612244898,1.1591836734693877,0.000588358687,-0.000168789653
0.8326530612244898,1.1510204081632653,0.000588366544,-0.000169768573
0.8326530612244898,1.1428571428571428,0.000589639394,-0.000169996797
0.8326530612244898,1.1346938775510205,0.000588505695,-0.000169653802
0.8326530612244898,1.126530612244898,0.00058840162,-0.000168669295
0.8326530612244898,1.1183673469387754,0.00058933848,-0.00016897491
0.8326530612244898,1.110204081632653,0.000589730339,-0.000169359812
0.8326530612244898,1.1020408163265305,0.000589166939,-0.000169259235
0.8326530612244898,1.0938775510204082,0.00058853272,-0.000169702806
0.8326530612244898,1.0857142857142856,0.000589156589,-0.000168360051
0.8326530612244898,1.0775510204081633,0.000588776325,-0.000168879921
0.8326530612244898,1.0693877551020408,0.00058896732,-0.000168600541
0.8326530612244898,1.0612244897959184,0.000589400387,-0.000169036374
0.8326530612244898,1.0530612244897959,0.000588234871,-0.000168853268
0.8326530612244898,1.0448979591836736,0.000588474164,-0.000168879279
0.8326530612244898,1.036734693877551,0.000587712871,-0.00016914318
0.8326530612244898,1.0285714285714285,0.000588022123,-0.000169320698
0.8326530612244898,1.0204081632653061,0.000589115861,-0.00016825045
0.8326530612244898,1.0122448979591836,0.000588537798,-0.000169586109
0.8326530612244898,1.0040816326530613,0.000587648951,-0.000169765136
0.8326530612244898,0.9959183673469387,0.000588670718,-0.00016900866
0.8326530612244898,0.9877551020408163,0.000588320545,-0.000168601184
0.8326530612244898,0.9795918367346939,0.000587046356,-0.000168027589
0.8326530612244898,0.9714285714285714,0.000589523436,-0.000168683713
0.8326530612244898,0.963265306122449,0.000588451931,-0.000169278791
0.8326530612244898,0.9551020408163265,0.000589154576,-0.000168837372
0.8326530612244898,0.9469387755102041,0.000588325337,-0.000169570213
0.8326530612244898,0.9387755102040816,0.000589080499,-0.000169780614
0.8326530612244898,0.9306122448979592,0.000589132056,-0.000168248941
0.8326530612244898,0.9224489795918367,0.000589071681,-0.00016939141
0.8326530612244898,0.9142857142857143,0.000589699289,-0.000168675107
0.8326530612244898,0.9061224489795918,0.000589289988,-0.000168394443
0.8326530612244898,0.8979591836734694,0.000590214198,-0.000168816948
0.8326530612244898,0.889795918367347,0.000591203094,-0.000167870494
0.8326530612244898,0.8816326530612244,0.000589956983,-0.000167597987
0.8326530612244898,0.8734693877551021,0.000589795313,-0.000168944821
0.8326530612244898,0.8653061224489795,0.00058997893,-0.000168869388
0.8326530612244898,0.8571428571428572,0.000590519138,-0.000169175003
0.8326530612244898,0.8489795918367347,0.000590320285,-0.000168850698
0.8326530612244898,0.8408163265306122,0.000590147018,-0.000169597284
0.8326530612244898,0.8326530612244898,0.000589546149,-0.00016935766
0.8326530612244898,0.8244897959183674,0.00058924878,-0.000168051224
0.8326530612244898,0.8163265306122449,0.000589009294,-0.000169053779
0.8326530612244898,0.8081632653061225,0.00058988118,-0.000170168728
0.8326530612244898,0.8,0.000590087123,-0.000169607817
0.8244897959183674,1.2,0.000587480669,-0.000170929507
0.8244897959183674,1.1918367346938774,0.00058802289,-0.000171602394
0.8244897959183674,1.183673469387755,0.000587777845,-0.00017145002
0.8244897959183674,1.1755102040816325,0.000587950152,-0.000171865011
0.8244897959183674,1.1673469387755102,0.000589045136,-0.000171238334
0.8244897959183674,1.1591836734693877,0.000588682601,-0.000171350952
0.8244897959183674,1.1510204081632653,0.000588983229,-0.000170967978
0.8244897959183674,1.1428571428571428,0.000588849349,-0.000170884164
0.8244897959183674,1.1346938775510205,0.000587825857,-0.000170496469
0.8244897959183674,1.126530612244898,0.000588663913,-0.000170717178
0.8244897959183674,1.1183673469387754,0.000590368584,-0.000168960074
0.8244897959183674,1.110204081632653,0.000589237664,-0.000170473251
0.8244897959183674,1.1020408163265305,0.000589230573,-0.000170811943
0.8244897959183674,1.0938775510204082,0.000589472165,-0.000170095447
0.8244897959183674,1.0857142857142856,0.000589922101,-0.000170434363
0.8244897959183674,1.0775510204081633,0.000588655575,-0.000169570855
0.8244897959183674,1.0693877551020408,0.000590378454,-0.000169512186
0.8244897959183674,1.0612244897959184,0.000589604798,-0.000171110461
0.8244897959183674,1.0530612244897959,0.000589994645,-0.000169874737
0.8244897959183674,1.0448979591836736,0.000588837946,-0.000169524228
0.8244897959183674,1.036734693877551,0.000587697443,-0.000169529366
0.8244897959183674,1.0285714285714285,0.000587544876,-0.000169245041
0.8244897959183674,1.0204081632653061,0.000588042824,-0.000169913208
0.8244897959183674,1.0122448979591836,0.000587765675,-0.000169198638
0.8244897959183674,1.0040816326530613,0.000587475877,-0.000169364757
0.8244897959183674,0.9959183673469387,0.000588694197,-0.000169461031
0.8244897959183674,0.9877551020408163,0.000589025969,-0.000168781914
0.8244897959183674,0.9795918367346939,0.000587754559,-0.000167950229
0.8244897959183674,0.9714285714285714,0.000589190418,-0.000168691228
0.8244897959183674,0.963265306122449,0.000587582251,-0.000169817994
0.8244897959183674,0.9551020408163265,0.000588703015,-0.000170143808
0.8244897959183674,0.9469387755102041,0.000588574694,-0.000169600078
0.8244897959183674,0.9387755102040816,0.000588256338,-0.000170024959
0.8244897959183674,0.9306122448979592,0.000588472632,-0.000170277043
0.8244897959183674,0.9224489795918367,0.000588426153,-0.000170275759
0.8244897959183674,0.9142857142857143,0.000587936736,-0.000170361724
0.8244897959183674,0.9061224489795918,0.00058771891,-0.000170432211
0.8244897959183674,0.8979591836734694,0.000588114601,-0.000169875379
0.8244897959183674,0.889795918367347,0.000586729246,-0.000169625864
0.8244897959183674,0.8816326530612244,0.000587772,-0.000169420633
0.8244897959183674,0.8734693877551021,0.000587824804,-0.000170792611
0.8244897959183674,0.8653061224489795,0.000588432477,-0.000171025138
0.8244897959183674,0.8571428571428572,0.00058823765,-0.000169822297
0.8244897959183674,0.8489795918367347,0.000587379374,-0.000169516264
0.8244897959183674,0.8408163265306122,0.000589280117,-0.000170408127
0.8244897959183674,0.8326530612244898,0.000587944307,-0.000170102319
0.8244897959183674,0.8244897959183674,0.000588044356,-0.000169693364
0.8244897959183674,0.8163265306122449,0.000588392516,-0.000170635516
0.8244897959183674,0.8081632653061225,0.000589062291,-0.000170103186
0.8244897959183674,0.8,0.000589080785,-0.00016985518
0.8163265306122449,1.2,0.000586088796,-0.000169695291
0.8163265306122449,1.1918367346938774,0.000586414243,-0.00016878429
0.8163265306122449,1.183673469387755,0.000588624718,-0.000169372271
0.8163265306122449,1.1755102040816325,0.000586384918,-0.000168446658
0.8163265306122449,1.1673469387755102,0.000586865231,-0.000168080671
0.8163265306122449,1.1591836734693877,0.00058653298,-0.000169345843
0.8163265306122449,1.1510204081632653,0.00058664108,-0.000168652981
0.8163265306122449,1.1428571428571428,0.000585869243,-0.000169428372
0.8163265306122449,1.1346938775510205,0.000585990759,-0.000169072917
0.8163265306122449,1.126530612244898,0.000586102405,-0.000168022644
0.8163265306122449,1.1183673469387754,0.000586229766,-0.000169173912
0.8163265306122449,1.110204081632653,0.000585360853,-0.000168260341
0.8163265306122449,1.1020408163265305,0.00058570604,-0.000168542514
0.8163265306122449,1.0938775510204082,0.000587056512,-0.000168449676
0.8163265306122449,1.0857142857142856,0.000585458409,-0.00016895879
0.8163265306122449,1.0775510204081633,0.000586739117,-0.000168394218
0.8163265306122449,1.0693877551020408,0.00058654429,-0.00016881287
0.8163265306122449,1.0612244897959184,0.000587342478,-0.000169283737
0.8163265306122449,1.0530612244897959,0.000588095914,-0.00016892504
0.8163265306122449,1.0448979591836736,0.000587290441,-0.00016862697
0.8163265306122449,1.036734693877551,0.000587167392,-0.000169103425
0.8163265306122449,1.0285714285714285,0.00058803324,-0.000169446419
0.8163265306122449,1.0204081632653061,0.000587469073,-0.000168422156
0.8163265306122449,1.0122448979591836,0.00058740084,-0.000169452874
0.8163265306122449,1.0040816326530613,0.000588326103,-0.000167999651
0.8163265306122449,0.9959183673469387,0.00058920786,-0.000169644779
0.8163265306122449,0.9877551020408163,0.000587619147,-0.000170046667
0.8163265306122449,0.9795918367346939,0.000587439748,-0.000169284379
0.8163265306122449,0.9714285714285714,0.000587339699,-0.000169944806
0.8163265306122449,0.963265306122449,0.00058639249,-0.000169716133
0.8163265306122449,0.9551020408163265,0.000587408698,-0.00016922937
0.8163265306122449,0.9469387755102041,0.000588274066,-0.000169011229
0.8163265306122449,0.9387755102040816,0.000588930138,-0.000169648215
0.8163265306122449,0.9306122448979592,0.000588378907,-0.000168782138
0.8163265306122449,0.9224489795918367,0.000587885179,-0.000169197129
0.8163265306122449,0.9142857142857143,0.000586424593,-0.000170075666
0.8163265306122449,0.9061224489795918,0.000586661587,-0.000169779105
0.8163265306122449,0.8979591836734694,0.000587084017,-0.000169463182
0.8163265306122449,0.889795918367347,0.000587683834,-0.000169313602
0.8163265306122449,0.8816326530612244,0.000587567109,-0.000169579237
0.8163265306122449,0.8734693877551021,0.000588568176,-0.000169637906
0.8163265306122449,0.8653061224489795,0.000588747767,-0.00016949629
0.8163265306122449,0.8571428571428572,0.000588393569,-0.000170108131
0.8163265306122449,0.8489795918367347,0.00058796654,-0.000169781899
0.8163265306122449,0.8408163265306122,0.000586970839,-0.000170840972
0.8163265306122449,0.8326530612244898,0.000588551694,-0.000170420394
0.8163265306122449,0.8244897959183674,0.000587812441,-0.000169574934
0.8163265306122449,0.8163265306122449,0.000587642146,-0.000169296197
0.8163265306122449,0.8081632653061225,0.000587143146,-0.000169800171
0.8163265306122449,0.8,0.000588351595,-0.00016862697
0.8081632653061225,1.2,0.000586061771,-0.000168964602
0.8081632653061225,1.1918367346938774,0.000585778011,-0.000169727308
0.8081632653061225,1.183673469387755,0.000587187612,-0.000169260102
0.8081632653061225,1.1755102040816325,0.000586812907,-0.000169889573
0.8081632653061225,1.1673469387755102,0.000587285362,-0.000169643718
0.8081632653061225,1.1591836734693877,0.00058697793,-0.000169909771
0.8081632653061225,1.1510204081632653,0.000587286129,-0.000170189569
0.8081632653061225,1.1428571428571428,0.000587515552,-0.000168965886
0.8081632653061225,1.1346938775510205,0.000587982929,-0.000168887018
0.8081632653061225,1.126530612244898,0.000586709312,-0.000169499083
0.8081632653061225,1.1183673469387754,0.000586841179,-0.000168720032
0.8081632653061225,1.110204081632653,0.000584513212,-0.000168212204
0.8081632653061225,1.1020408163265305,0.000585199182,-0.000168914089
0.8081632653061225,1.0938775510204082,0.000586546589,-0.000169196487
0.8081632653061225,1.0857142857142856,0.000585972552,-0.000169135666
0.8081632653061225,1.0775510204081633,0.000585949072,-0.000170106204
0.8081632653061225,1.0693877551020408,0.000585011446,-0.000168904198
0.8081632653061225,1.0612244897959184,0.000583891163,-0.000168172866
0.8081632653061225,1.0530612244897959,0.000585658028,-0.000169776312
0.8081632653061225,1.0448979591836736,0.000585571874,-0.00016825668
0.8081632653061225,1.036734693877551,0.000584880826,-0.000169104934
0.8081632653061225,1.0285714285714285,0.000585021797,-0.000168031249
0.8081632653061225,1.0204081632653061,0.000585136028,-0.000167712757
0.8081632653061225,1.0122448979591836,0.000586194884,-0.000167834592
0.8081632653061225,1.0040816326530613,0.000585687832,-0.000168364353
0.8081632653061225,0.9959183673469387,0.000585529134,-0.000168658344
0.8081632653061225,0.9877551020408163,0.000586708546,-0.00016728916
0.8081632653061225,0.9795918367346939,0.000586550901,-0.000168730983
0.8081632653061225,0.9714285714285714,0.000585939488,-0.000167931957
0.8081632653061225,0.963265306122449,0.00058549885,-0.000167487102
0.8081632653061225,0.9551020408163265,0.00058727022,-0.000166924457
0.8081632653061225,0.9469387755102041,0.000587401127,-0.000167974507
0.8081632653061225,0.9387755102040816,0.000587198729,-0.000167966125
0.8081632653061225,0.9306122448979592,0.000586385398,-0.000167058784
0.8081632653061225,0.9224489795918367,0.000586487747,-0.000167676213
0.8081632653061225,0.9142857142857143,0.000586954644,-0.000168717881
0.8081632653061225,0.9061224489795918,0.000587557239,-0.000168629988
0.8081632653061225,0.8979591836734694,0.000585660521,-0.000168267437
0.8081632653061225,0.889795918367347,0.000585125678,-0.000167560383
0.8081632653061225,0.8816326530612244,0.000586452098,-0.000167883821
0.8081632653061225,0.8734693877551021,0.000586330582,-0.000168812003
0.8081632653061225,0.8653061224489795,0.000586114288,-0.000168676616
0.8081632653061225,0.8571428571428572,0.000585763156,-0.000168640072
0.8081632653061225,0.8489795918367347,0.000587161834,-0.000168674689
0.8081632653061225,0.8408163265306122,0.000586203507,-0.00016652366
0.8081632653061225,0.8326530612244898,0.00058692484,-0.000167389094
0.8081632653061225,0.8244897959183674,0.000586555693,-0.00016814708
0.8081632653061225,0.8163265306122449,0.000587442048,-0.000167507718
0.8081632653061225,0.8081632653061225,0.000587974878,-0.000168139341
0.8081632653061225,0.8,0.000587448566,-0.000167773353
0.8,1.2,0.000589048202,-0.00016650603
0.8,1.1918367346938774,0.000588765209,-0.000166100288
0.8,1.183673469387755,0.000588694964,-0.000165348308
0.8,1.1755102040816325,0.000587679042,-0.000166276297
0.8,1.1673469387755102,0.000588057486,-0.000166422634
0.8,1.1591836734693877,0.00058878265,-0.000166647005
0.8,1.1510204081632653,0.000587479423,-0.000165774056
0.8,1.1428571428571428,0.000586560485,-0.000166624237
0.8,1.1346938775510205,0.000587102225,-0.000166266406
0.8,1.126530612244898,0.000586608017,-0.000166057514
0.8,1.1183673469387754,0.000586260623,-0.000167334503
0.8,1.110204081632653,0.0005871396,-0.000165423322
0.8,1.1020408163265305,0.000587035239,-0.000166026558
0.8,1.0938775510204082,0.000587231312,-0.000165464362
0.8,1.0857142857142856,0.000586287648,-0.000165980154
0.8,1.0775510204081633,0.000585022563,-0.000165550328
0.8,1.0693877551020408,0.000585525589,-0.000165325957
0.8,1.0612244897959184,0.000586073367,-0.000166452306
0.8,1.0530612244897959,0.000585546576,-0.000167009138
0.8,1.0448979591836736,0.000585616341,-0.00016649614
0.8,1.036734693877551,0.000585414229,-0.000166514187
0.8,1.0285714285714285,0.000586220662,-0.000166911998
0.8,1.0204081632653061,0.000585943994,-0.000165753857
0.8,1.0122448979591836,0.000586869257,-0.000165741815
0.8,1.0040816326530613,0.00058684827,-0.000165136846
0.8,0.9959183673469387,0.000586673183,-0.000164946001
0.8,0.9877551020408163,0.00058705546,-0.000166390842
0.8,0.9795918367346939,0.000587812441,-0.000164839612
0.8,0.9714285714285714,0.000586812141,-0.000166211397
0.8,0.963265306122449,0.000586860919,-0.000167336879
0.8,0.9551020408163265,0.000586386931,-0.000167159779
0.8,0.9469387755102041,0.000586247207,-0.000166202791
0.8,0.9387755102040816,0.000586560771,-0.000166323791
0.8,0.9306122448979592,0.000586811374,-0.000166624012
0.8,0.9224489795918367,0.0005865095,-0.000166910488
0.8,0.9142857142857143,0.000587128197,-0.000166719644
0.8,0.9061224489795918,0.000587729546,-0.00016679681
0.8,0.8979591836734694,0.000587819725,-0.000166433392
0.8,0.889795918367347,0.000588295246,-0.000166506673
0.8,0.8816326530612244,0.000588049148,-0.000166533326
0.8,0.8734693877551021,0.00058864168,-0.000166123056
0.8,0.8653061224489795,0.000588507034,-0.00016681399
0.8,0.8571428571428572,0.000587683354,-0.00016685397
0.8,0.8489795918367347,0.000588045889,-0.000166990866
0.8,0.8408163265306122,0.000588813221,-0.000166337118
0.8,0.8326530612244898,0.000587558772,-0.00016632787
0.8,0.8244897959183674,0.000586744675,-0.000167345903
0.8,0.8163265306122449,0.000588705314,-0.000166924682
0.8,0.8081632653061225,0.000588282597,-0.000166904901
0.8,0.8,0.000587697729,-0.000166901465
