spi_rack.module2.dac5.voltage,spi_rack.module1.dac5.voltage,agilent_left.volt,agilent_right.volt
1.2,1.2,0.000590657615,-0.000169293627
1.2,1.1918367346938774,0.000590295559,-0.000168489432
1.2,1.183673469387755,0.000590066136,-0.000167964841
1.2,1.1755102040816325,0.000590504762,-0.000167631512
1.2,1.1673469387755102,0.000590950958,-0.000167874154
1.2,1.1591836734693877,0.000589909738,-0.000168587857
1.2,1.1510204081632653,0.000590517891,-0.000168720032
1.2,1.1428571428571428,0.000589631536,-0.000168400448
1.2,1.1346938775510205,0.000589102252,-0.000168737437
1.2,1.126530612244898,0.000590552967,-0.000168599675
1.2,1.1183673469387754,0.000590932271,-0.000167716611
1.2,1.110204081632653,0.000591030307,-0.000168448585
1.2,1.1020408163265305,0.000590583824,-0.00016826291
1.2,1.0938775510204082,0.000590445633,-0.00016939764
1.2,1.0857142857142856,0.000590673044,-0.000168985443
1.2,1.0775510204081633,0.000590160627,-0.000169806177
1.2,1.0693877551020408,0.000589961295,-0.00016919928
1.2,1.0612244897959184,0.000589681081,-0.000168505328
1.2,1.0530612244897959,0.000589497657,-0.000168694246
1.2,1.0448979591836736,0.000590791781,-0.000169175839
1.2,1.036734693877551,0.000589335987,-0.000168734226
1.2,1.0285714285714285,0.000590005762,-0.000168823403
1.2,1.0204081632653061,0.000589405946,-0.000168286127
1.2,1.0122448979591836,0.000588612355,-0.00016914835
1.2,1.0040816326530613,0.000589981229,-0.000168649545
1.2,0.9959183673469387,0.000588494865,-0.000169283094
1.2,0.9877551020408163,0.00058814086,-0.000168343512
1.2,0.9795918367346939,0.000590000683,-0.000168541872
1.2,0.9714285714285714,0.000589680315,-0.000168947839
1.2,0.963265306122449,0.000588608044,-0.000169022405
1.2,0.9551020408163265,0.000589450125,-0.000169237527
1.2,0.9469387755102041,0.000589694497,-0.000169158658
1.2,0.9387755102040816,0.000588766455,-0.000169722138
1.2,0.9306122448979592,0.000589671977,-0.000169987131
1.2,0.9224489795918367,0.000589380167,-0.000168881206
1.2,0.9142857142857143,0.000589534553,-0.000169037883
1.2,0.9061224489795918,0.000589941361,-0.000167904019
1.2,0.8979591836734694,0.000590301118,-0.00016751976
1.2,0.889795918367347,0.000589637095,-0.000168346082
1.2,0.8816326530612244,0.000590338013,-0.000167821908
1.2,0.8734693877551021,0.000591492892,-0.000168303532
1.2,0.8653061224489795,0.000590059045,-0.000166795718
1.2,0.8571428571428572,0.000591103045,-0.000167604217
1.2,0.8489795918367347,0.000591503529,-0.000167060935
1.2,0.8408163265306122,0.000591071228,-0.000167188808
1.2,0.8326530612244898,0.000590765235,-0.00016645253
1.2,0.8244897959183674,0.000590306196,-0.000166496364
1.2,0.8163265306122449,0.000591559305,-0.000166988715
1.2,0.8081632653061225,0.000591914076,-0.000165888601
1.2,0.8,0.000590801364,-0.000165992614
1.1918367346938774,1.2,0.000592173017,-0.000166340554
1.1918367346938774,1.1918367346938774,0.00059170842,-0.000166181726
1.1918367346938774,1.183673469387755,0.000590831741,-0.000166951977
1.1918367346938774,1.1755102040816325,0.000590971659,-0.000166499576
1.1918367346938774,1.1673469387755102,0.000590552007,-0.000165397311
1.1918367346938774,1.1591836734693877,0.000590574721,-0.00016523935
1.1918367346938774,1.1510204081632653,0.000590518658,-0.000166640133
1.1918367346938774,1.1428571428571428,0.000590653303,-0.000166210948
1.1918367346938774,1.1346938775510205,0.000590974438,-0.00016501864
1.1918367346938774,1.126530612244898,0.000591009034,-0.000165940817
1.1918367346938774,1.1183673469387754,0.00059096658,-0.000165460926
1.1918367346938774,1.110204081632653,0.000591409038,-0.000164967067
1.1918367346938774,1.1020408163265305,0.000590958816,-0.000166172926
1.1918367346938774,1.0938775510204082,0.000590297859,-0.000166265122
1.1918367346938774,1.0857142857142856,0.000591459543,-0.000165745476
1.1918367346938774,1.0775510204081633,0.000591244302,-0.000164961479
1.1918367346938774,1.0693877551020408,0.000591293274,-0.000165446957
1.1918367346938774,1.0612244897959184,0.000591100266,-0.000166015607
1.1918367346938774,1.0530612244897959,0.00059186961,-0.00016518585
1.1918367346938774,1.0448979591836736,0.000590029528,-0.000164671342
1.1918367346938774,1.036734693877551,0.000590973192,-0.000164519835
1.1918367346938774,1.0285714285714285,0.000590952971,-0.000165689151
1.1918367346938774,1.0204081632653061,0.000589550461,-0.000164720346
1.1918367346938774,1.0122448979591836,0.000590170211,-0.000163967948
1.1918367346938774,1.0040816326530613,0.000591500463,-0.000164483516
1.1918367346938774,0.9959183673469387,0.000589896128,-0.00016417061
1.1918367346938774,0.9877551020408163,0.000590565137,-0.000163669012
1.1918367346938774,0.9795918367346939,0.000590604331,-0.000165282766
1.1918367346938774,0.9714285714285714,0.000591101512,-0.000164053047
1.1918367346938774,0.963265306122449,0.000591346844,-0.000164695202
1.1918367346938774,0.9551020408163265,0.000591333234,-0.000165380131
1.1918367346938774,0.9469387755102041,0.000592326157,-0.000165437934
1.1918367346938774,0.9387755102040816,0.000591275066,-0.000164916554
1.1918367346938774,0.9306122448979592,0.000592688499,-0.000165399463
1.1918367346938774,0.9224489795918367,0.000591786716,-0.000164752362
1.1918367346938774,0.9142857142857143,0.000591082345,-0.00016568809
1.1918367346938774,0.9061224489795918,0.000591482062,-0.000164273114
1.1918367346938774,0.8979591836734694,0.000591263276,-0.000164900658
1.1918367346938774,0.889795918367347,0.000592199082,-0.000164913342
1.1918367346938774,0.8816326530612244,0.000591861079,-0.000164632036
1.1918367346938774,0.8734693877551021,0.000590233938,-0.000165416868
1.1918367346938774,0.8653061224489795,0.00059081526,-0.000164794494
1.1918367346938774,0.8571428571428572,0.000589868051,-0.000164734957
1.1918367346938774,0.8489795918367347,0.000590376155,-0.000165337132
1.1918367346938774,0.8408163265306122,0.000590438062,-0.000165027246
1.1918367346938774,0.8326530612244898,0.000590081279,-0.000165466514
1.1918367346938774,0.8244897959183674,0.000589958516,-0.000166272636
1.1918367346938774,0.8163265306122449,0.000588864012,-0.000166202373
1.1918367346938774,0.8081632653061225,0.000590002502,-0.000165544098
1.1918367346938774,0.8,0.000589693444,-0.000165507778
1.183673469387755,1.2,0.000589132056,-0.000167246611
1.183673469387755,1.1918367346938774,0.000587507981,-0.000167649335
1.183673469387755,1.183673469387755,0.000589896608,-0.000168377456
1.183673469387755,1.1755102040816325,0.000588909244,-0.000167188359
1.183673469387755,1.1673469387755102,0.000589841505,-0.000166595432
1.183673469387755,1.1591836734693877,0.000588287195,-0.00016721437
1.183673469387755,1.1510204081632653,0.000588220976,-0.00016805466
1.183673469387755,1.1428571428571428,0.000588788688,-0.000167787965
1.183673469387755,1.1346938775510205,0.000589433451,-0.000168374662
1.183673469387755,1.126530612244898,0.000587527435,-0.000167734883
1.183673469387755,1.1183673469387754,0.000588535019,-0.000168167279
1.183673469387755,1.110204081632653,0.000588247521,-0.000167335145
1.183673469387755,1.1020408163265305,0.000587895529,-0.000167872421
1.183673469387755,1.0938775510204082,0.000588551981,-0.000168778702
1.183673469387755,1.0857142857142856,0.000587507214,-0.000168670162
1.183673469387755,1.0775510204081633,0.000590145965,-0.000167619052
1.183673469387755,1.0693877551020408,0.000589148731,-0.000168346724
1.183673469387755,1.0612244897959184,0.000588275312,-0.000167044591
1.183673469387755,1.0530612244897959,0.000588413503,-0.000167174614
1.183673469387755,1.0448979591836736,0.000587884219,-0.000166934348
1.183673469387755,1.036734693877551,0.000587510473,-0.000167200625
1.183673469387755,1.0285714285714285,0.000588737897,-0.000167717702
1.183673469387755,1.0204081632653061,0.000588080965,-0.000167219315
1.183673469387755,1.0122448979591836,0.000587677222,-0.000167079401
1.183673469387755,1.0040816326530613,0.000588268221,-0.000166774459
1.183673469387755,0.9959183673469387,0.000589073214,-0.00016761581
1.183673469387755,0.9877551020408163,0.000589416296,-0.000168127105
1.183673469387755,0.9795918367346939,0.000589364738,-0.000167702224
1.183673469387755,0.9714285714285714,0.000588500423,-0.000167204061
1.183673469387755,0.963265306122449,0.000589192431,-0.000167221467
1.183673469387755,0.9551020408163265,0.000588780637,-0.000167376634
1.183673469387755,0.9469387755102041,0.000588178522,-0.000167823642
1.183673469387755,0.9387755102040816,0.000588068122,-0.000168421738
1.183673469387755,0.9306122448979592,0.000588202768,-0.000167950647
1.183673469387755,0.9224489795918367,0.000588229313,-0.000168368432
1.183673469387755,0.9142857142857143,0.000588724001,-0.00016876043
1.183673469387755,0.9061224489795918,0.000588432191,-0.000168644375
1.183673469387755,0.8979591836734694,0.000588467073,-0.000167998366
1.183673469387755,0.889795918367347,0.000588384179,-0.000168277746
1.183673469387755,0.8816326530612244,0.000588715664,-0.000168598614
1.183673469387755,0.8734693877551021,0.000588518344,-0.000168688434
1.183673469387755,0.8653061224489795,0.000587352828,-0.000169242697
1.183673469387755,0.8571428571428572,0.000588132523,-0.000169940921
1.183673469387755,0.8489795918367347,0.000587655276,-0.000168629346
1.183673469387755,0.8408163265306122,0.000588289688,-0.000168639879
1.183673469387755,0.8326530612244898,0.00058776213,-0.000169076996
1.183673469387755,0.8244897959183674,0.000588900141,-0.00016910214
1.183673469387755,0.8163265306122449,0.000588802104,-0.000169735689
1.183673469387755,0.8081632653061225,0.000589019357,-0.000168942894
1.183673469387755,0.8,0.000589040344,-0.000168751406
1.1755102040816325,1.2,0.00058684779,-0.000168379832
1.1755102040816325,1.1918367346938774,0.000587590109,-0.000168970832
1.1755102040816325,1.183673469387755,0.00058732609,-0.000168548102
1.1755102040816325,1.1755102040816325,0.000587174677,-0.000168039406
1.1755102040816325,1.1673469387755102,0.000587557239,-0.000168776968
1.1755102040816325,1.1591836734693877,0.000588095627,-0.000169328437
1.1755102040816325,1.1510204081632653,0.000587779857,-0.000168448167
1.1755102040816325,1.1428571428571428,0.000587072134,-0.000168424308
1.1755102040816325,1.1346938775510205,0.000588693431,-0.000169754379
1.1755102040816325,1.126530612244898,0.000589051747,-0.000168507479
1.1755102040816325,1.1183673469387754,0.000587659301,-0.000167718538
1.1755102040816325,1.110204081632653,0.000587485268,-0.000168578609
1.1755102040816325,1.1020408163265305,0.000587472618,-0.000168758279
1.1755102040816325,1.0938775510204082,0.000587823557,-0.000167414238
1.1755102040816325,1.0857142857142856,0.000587192404,-0.000168385419
1.1755102040816325,1.0775510204081633,0.000588123705,-0.000168752049
1.1755102040816325,1.0693877551020408,0.000587301271,-0.000167264658
1.1755102040816325,1.0612244897959184,0.000588059498,-0.00016802974
1.1755102040816325,1.0530612244897959,0.00058832505,-0.000169194978
1.1755102040816325,1.0448979591836736,0.00058752159,-0.000169739768
1.1755102040816325,1.036734693877551,0.00058744636,-0.00016847739
1.1755102040816325,1.0285714285714285,0.000587416749,-0.000169440832
1.1755102040816325,1.0204081632653061,0.000587253352,-0.000169252138
1.1755102040816325,1.0122448979591836,0.000588743455,-0.000168872824
1.1755102040816325,1.0040816326530613,0.000587730793,-0.000168812228
1.1755102040816325,0.9959183673469387,0.000587967307,-0.000167425189
1.1755102040816325,0.9877551020408163,0.000588239377,-0.000168270649
1.1755102040816325,0.9795918367346939,0.00058917547,-0.000167717477
1.1755102040816325,0.9714285714285714,0.000588407945,-0.00016758983
1.1755102040816325,0.963265306122449,0.00058828087,-0.000167799782
1.1755102040816325,0.9551020408163265,0.000588227014,-0.000166721153
1.1755102040816325,0.9469387755102041,0.000587541331,-0.000167831381
1.1755102040816325,0.9387755102040816,0.000587222975,-0.000168652757
1.1755102040816325,0.9306122448979592,0.000588544123,-0.000167921425
1.1755102040816325,0.9224489795918367,0.000587388957,-0.000167998142
1.1755102040816325,0.9142857142857143,0.000588012539,-0.000167524481
1.1755102040816325,0.9061224489795918,0.000586966047,-0.000167199758
1.1755102040816325,0.8979591836734694,0.000586827569,-0.000167642912
1.1755102040816325,0.889795918367347,0.000587094368,-0.000168008899
1.1755102040816325,0.8816326530612244,0.000586992306,-0.000167903795
1.1755102040816325,0.8734693877551021,0.000586716883,-0.000167203837
1.1755102040816325,0.8653061224489795,0.000587451151,-0.000167901868
1.1755102040816325,0.8571428571428572,0.000586380607,-0.000168400255
1.1755102040816325,0.8489795918367347,0.000587130017,-0.000167155925
1.1755102040816325,0.8408163265306122,0.000586879127,-0.000168095925
1.1755102040816325,0.8326530612244898,0.0005861416,-0.000167445613
1.1755102040816325,0.8244897959183674,0.000585060225,-0.000167124968
1.1755102040816325,0.8163265306122449,0.000586169391,-0.00016840003
1.1755102040816325,0.8081632653061225,0.000585420748,-0.000168276237
1.1755102040816325,0.8,0.000586247974,-0.000168947614
1.1673469387755102,1.2,0.000585753765,-0.000170531279
1.1673469387755102,1.1918367346938774,0.000586849803,-0.000170965184
1.1673469387755102,1.183673469387755,0.000587082771,-0.000170327107
1.1673469387755102,1.1755102040816325,0.000587991553,-0.000170314229
1.1673469387755102,1.1673469387755102,0.000587233325,-0.000170215162
1.1673469387755102,1.1591836734693877,0.000587408698,-0.000169781032
1.1673469387755102,1.1510204081632653,0.000586752246,-0.000170385583
1.1673469387755102,1.1428571428571428,0.000585990473,-0.0001697705
1.1673469387755102,1.1346938775510205,0.000585921761,-0.00016921174
1.1673469387755102,1.126530612244898,0.000586436476,-0.000170425339
1.1673469387755102,1.1183673469387754,0.00058610777,-0.000169371211
1.1673469387755102,1.110204081632653,0.00058617217,-0.000169445135
1.1673469387755102,1.1020408163265305,0.00058520752,-0.000169783826
1.1673469387755102,1.0938775510204082,0.000585839153,-0.000169336176
1.1673469387755102,1.0857142857142856,0.000586767195,-0.000170038286
1.1673469387755102,1.0775510204081633,0.000587068589,-0.00016913695
1.1673469387755102,1.0693877551020408,0.000585892723,-0.000169873228
1.1673469387755102,1.0612244897959184,0.000587107783,-0.000168753558
1.1673469387755102,1.0530612244897959,0.000586170638,-0.000168942894
1.1673469387755102,1.0448979591836736,0.000586777545,-0.000169070541
1.1673469387755102,1.036734693877551,0.000586685546,-0.000169545711
1.1673469387755102,1.0285714285714285,0.000587460449,-0.000169112224
1.1673469387755102,1.0204081632653061,0.000586479409,-0.000170005403
1.1673469387755102,1.0122448979591836,0.000587044057,-0.000170358706
1.1673469387755102,1.0040816326530613,0.000587410424,-0.000170395474
1.1673469387755102,0.9959183673469387,0.000587082485,-0.000170459282
1.1673469387755102,0.9877551020408163,0.000586764895,-0.000170754365
1.1673469387755102,0.9795918367346939,0.00058592358,-0.000170059352
1.1673469387755102,0.9714285714285714,0.000587448372,-0.000170328841
1.1673469387755102,0.963265306122449,0.000586816739,-0.000171471085
1.1673469387755102,0.9551020408163265,0.000586847023,-0.000170628644
1.1673469387755102,0.9469387755102041,0.000586379074,-0.000170874916
1.1673469387755102,0.9387755102040816,0.000586398048,-0.000170030547
1.1673469387755102,0.9306122448979592,0.000586338439,-0.000171945388
1.1673469387755102,0.9224489795918367,0.000587808895,-0.000171123146
1.1673469387755102,0.9142857142857143,0.000586079406,-0.000171315275
1.1673469387755102,0.9061224489795918,0.000586616834,-0.000169806177
1.1673469387755102,0.8979591836734694,0.000586056693,-0.000171498381
1.1673469387755102,0.889795918367347,0.000586051901,-0.000170908666
1.1673469387755102,0.8816326530612244,0.000585947826,-0.000170465737
1.1673469387755102,0.8734693877551021,0.000586186066,-0.00016915564
1.1673469387755102,0.8653061224489795,0.000585914956,-0.00016935143
1.1673469387755102,0.8571428571428572,0.000586789714,-0.000171104649
1.1673469387755102,0.8489795918367347,0.000585798998,-0.000170712233
1.1673469387755102,0.8408163265306122,0.000586670404,-0.000170632947
1.1673469387755102,0.8326530612244898,0.000586002642,-0.000170081478
1.1673469387755102,0.8244897959183674,0.00058559708,-0.000169915777
1.1673469387755102,0.8163265306122449,0.000586433697,-0.000169923516
1.1673469387755102,0.8081632653061225,0.000585922813,-0.000170321744
1.1673469387755102,0.8,0.000586608303,-0.000169985846
1.1591836734693877,1.2,0.000589933984,-0.000170246312
1.1591836734693877,1.1918367346938774,0.000590929972,-0.000170614675
1.1591836734693877,1.183673469387755,0.000589611602,-0.0001721257
1.1591836734693877,1.1755102040816325,0.00059153132,-0.000170788532
1.1591836734693877,1.1673469387755102,0.000590904193,-0.000171205675
1.1591836734693877,1.1591836734693877,0.000589767235,-0.000170461434
1.1591836734693877,1.1510204081632653,0.000589787169,-0.000170207198
1.1591836734693877,1.1428571428571428,0.000589979216,-0.000169997888
1.1591836734693877,1.1346938775510205,0.000589670731,-0.000170727069
1.1591836734693877,1.126530612244898,0.000589977204,-0.000169719569
1.1591836734693877,1.1183673469387754,0.000589766468,-0.000169573425
1.1591836734693877,1.110204081632653,0.000589785442,-0.000170173031
1.1591836734693877,1.1020408163265305,0.000589915776,-0.000170632722
1.1591836734693877,1.0938775510204082,0.000590212665,-0.000170762746
1.1591836734693877,1.0857142857142856,0.00059138048,-0.000170542454
1.1591836734693877,1.0775510204081633,0.000591328156,-0.000171293567
1.1591836734693877,1.0693877551020408,0.000591000217,-0.000170745534
1.1591836734693877,1.0612244897959184,0.000591684174,-0.000171486339
1.1591836734693877,1.0530612244897959,0.000590437296,-0.000170548042
1.1591836734693877,1.0448979591836736,0.000590035086,-0.000170917047
1.1591836734693877,1.036734693877551,0.000590310701,-0.000171501817
1.1591836734693877,1.0285714285714285,0.000590338207,-0.000170701925
1.1591836734693877,1.0204081632653061,0.000589963022,-0.000170502698
1.1591836734693877,1.0122448979591836,0.000588383699,-0.000171146138
1.1591836734693877,1.0040816326530613,0.000589802117,-0.00017053343
1.1591836734693877,0.9959183673469387,0.000589398854,-0.000172048759
1.1591836734693877,0.9877551020408163,0.000589271014,-0.00017174552
1.1591836734693877,0.9795918367346939,0.000590013046,-0.000170214295
1.1591836734693877,0.9714285714285714,0.000591936596,-0.000170364518
1.1591836734693877,0.963265306122449,0.000589699002,-0.000170768334
1.1591836734693877,0.9551020408163265,0.000589403646,-0.000172326211
1.1591836734693877,0.9469387755102041,0.000590833468,-0.000171491284
1.1591836734693877,0.9387755102040816,0.000590584111,-0.000170989043
1.1591836734693877,0.9306122448979592,0.000589525162,-0.000172734106
1.1591836734693877,0.9224489795918367,0.000588511253,-0.000172895503
1.1591836734693877,0.9142857142857143,0.00058792236,-0.000173321445
1.1591836734693877,0.9061224489795918,0.000588266688,-0.000172480512
1.1591836734693877,0.8979591836734694,0.000589361479,-0.000171661064
1.1591836734693877,0.889795918367347,0.000588034006,-0.000170880085
1.1591836734693877,0.8816326530612244,0.000588835454,-0.00017143239
1.1591836734693877,0.8734693877551021,0.000588517578,-0.00017062585
1.1591836734693877,0.8653061224489795,0.000588477424,-0.000171599376
1.1591836734693877,0.8571428571428572,0.000587681821,-0.000170882237
1.1591836734693877,0.8489795918367347,0.000587875308,-0.000172152129
1.1591836734693877,0.8408163265306122,0.000586793453,-0.000171971175
1.1591836734693877,0.8326530612244898,0.000587724754,-0.000171551881
1.1591836734693877,0.8244897959183674,0.000587684313,-0.000171566074
1.1591836734693877,0.8163265306122449,0.000588027395,-0.000170471324
1.1591836734693877,0.8081632653061225,0.000588993865,-0.00017135654
1.1591836734693877,0.8,0.000588015032,-0.000171087693
1.1510204081632653,1.2,0.000587765962,-0.000170808507
1.1510204081632653,1.1918367346938774,0.000589098706,-0.000171271859
1.1510204081632653,1.183673469387755,0.000587749,-0.00017133268
1.1510204081632653,1.1755102040816325,0.000588624238,-0.000171327317
1.1510204081632653,1.1673469387755102,0.000588958023,-0.000172042304
1.1510204081632653,1.1591836734693877,0.000589203068,-0.000171901972
1.1510204081632653,1.1510204081632653,0.000590095941,-0.000171639998
1.1510204081632653,1.1428571428571428,0.00058941227,-0.000171180306
1.1510204081632653,1.1346938775510205,0.0005883377,-0.000172386166
1.1510204081632653,1.126530612244898,0.000589395595,-0.000171748314
1.1510204081632653,1.1183673469387754,0.000588570668,-0.000172776879
1.1510204081632653,1.110204081632653,0.000588415802,-0.000172606458
1.1510204081632653,1.1020408163265305,0.000589494112,-0.000170386868
1.1510204081632653,1.0938775510204082,0.000588966554,-0.000172180067
1.1510204081632653,1.0857142857142856,0.000589858467,-0.000171745744
1.1510204081632653,1.0775510204081633,0.000588760897,-0.000171501175
1.1510204081632653,1.0693877551020408,0.000588980449,-0.000171778627
1.1510204081632653,1.0612244897959184,0.000589356401,-0.000172009421
1.1510204081632653,1.0530612244897959,0.00058861964,-0.000171658912
1.1510204081632653,1.0448979591836736,0.000588844558,-0.000171249509
1.1510204081632653,1.036734693877551,0.000588659601,-0.000171348576
1.1510204081632653,1.0285714285714285,0.000587991073,-0.000172984038
1.1510204081632653,1.0204081632653061,0.000588385712,-0.00017107093
1.1510204081632653,1.0122448979591836,0.000589276285,-0.000171829976
1.1510204081632653,1.0040816326530613,0.000588776039,-0.000171811928
1.1510204081632653,0.9959183673469387,0.000589008527,-0.000172940846
1.1510204081632653,0.9877551020408163,0.00058855476,-0.000170819264
1.1510204081632653,0.9795918367346939,0.000588191651,-0.000171093056
1.1510204081632653,0.9714285714285714,0.000587638601,-0.000170930374
1.1510204081632653,0.963265306122449,0.000587518331,-0.000171181173
1.1510204081632653,0.9551020408163265,0.000587916229,-0.000170756516
1.1510204081632653,0.9469387755102041,0.000587927152,-0.000171840509
1.1510204081632653,0.9387755102040816,0.000588654043,-0.000171294209
1.1510204081632653,0.9306122448979592,0.000589773559,-0.00017157725
1.1510204081632653,0.9224489795918367,0.000589050215,-0.000170107264
1.1510204081632653,0.9142857142857143,0.000587703001,-0.000171637428
1.1510204081632653,0.9061224489795918,0.000587120146,-0.000171132812
1.1510204081632653,0.8979591836734694,0.000587383686,-0.000171220928
1.1510204081632653,0.889795918367347,0.000587314973,-0.000171056961
1.1510204081632653,0.8816326530612244,0.000588469086,-0.000169194978
1.1510204081632653,0.8734693877551021,0.000588556772,-0.000170392231
1.1510204081632653,0.8653061224489795,0.000587527435,-0.000170521613
1.1510204081632653,0.8571428571428572,0.000589108577,-0.000170721481
1.1510204081632653,0.8489795918367347,0.00058791297,-0.000170111149
1.1510204081632653,0.8408163265306122,0.000588065343,-0.000170190436
1.1510204081632653,0.8326530612244898,0.000587414736,-0.000171034611
1.1510204081632653,0.8244897959183674,0.000588581018,-0.000169759549
1.1510204081632653,0.8163265306122449,0.000589306663,-0.000170956803
1.1510204081632653,0.8081632653061225,0.000588602485,-0.000171179246
1.1510204081632653,0.8,0.000589255392,-0.000171234897
1.1428571428571428,1.2,0.000587128004,-0.000171703613
1.1428571428571428,1.1918367346938774,0.000588149964,-0.000170110925
1.1428571428571428,1.183673469387755,0.000587143146,-0.000169487684
1.1428571428571428,1.1755102040816325,0.000586648171,-0.000169883985
1.1428571428571428,1.1673469387755102,0.000587029681,-0.000169810479
1.1428571428571428,1.1591836734693877,0.000588131563,-0.000169467903
1.1428571428571428,1.1510204081632653,0.000587787908,-0.000170809374
1.1428571428571428,1.1428571428571428,0.000586504422,-0.00017034904
1.1428571428571428,1.1346938775510205,0.000587047889,-0.000170462301
1.1428571428571428,1.126530612244898,0.000586687079,-0.000171250793
1.1428571428571428,1.1183673469387754,0.00058658751,-0.000170385583
1.1428571428571428,1.110204081632653,0.000586175716,-0.000170849129
1.1428571428571428,1.1020408163265305,0.000587537785,-0.000171385344
1.1428571428571428,1.0938775510204082,0.000586862932,-0.000170703852
1.1428571428571428,1.0857142857142856,0.000586528474,-0.00017037139
1.1428571428571428,1.0775510204081633,0.000585622093,-0.000169946733
1.1428571428571428,1.0693877551020408,0.000585528174,-0.000170339792
1.1428571428571428,1.0612244897959184,0.000585984435,-0.000170415673
1.1428571428571428,1.0530612244897959,0.000586746688,-0.000170293164
1.1428571428571428,1.0448979591836736,0.000588523136,-0.000171042126
1.1428571428571428,1.036734693877551,0.00058842462,-0.000169337686
1.1428571428571428,1.0285714285714285,0.000589160614,-0.000170004536
1.1428571428571428,1.0204081632653061,0.000586981955,-0.000170330768
1.1428571428571428,1.0122448979591836,0.00058692206,-0.00017045241
1.1428571428571428,1.0040816326530613,0.000587605251,-0.000170019372
1.1428571428571428,0.9959183673469387,0.000586332881,-0.000169753319
1.1428571428571428,0.9877551020408163,0.000585623912,-0.00017056352
1.1428571428571428,0.9795918367346939,0.000586103458,-0.000170133917
1.1428571428571428,0.9714285714285714,0.00058588036,-0.000170093295
1.1428571428571428,0.963265306122449,0.000586652483,-0.000168670162
1.1428571428571428,0.9551020408163265,0.000585198416,-0.000169483605
1.1428571428571428,0.9469387755102041,0.000585507954,-0.000169015726
1.1428571428571428,0.9387755102040816,0.000585065017,-0.000169965647
1.1428571428571428,0.9306122448979592,0.000585685053,-0.000168909144
1.1428571428571428,0.9224489795918367,0.000586338919,-0.000169386465
1.1428571428571428,0.9142857142857143,0.000585332868,-0.000169434602
1.1428571428571428,0.9061224489795918,0.000585807816,-0.000170256202
1.1428571428571428,0.8979591836734694,0.000585402826,-0.000169479945
1.1428571428571428,0.889795918367347,0.000586398528,-0.000168879921
1.1428571428571428,0.8816326530612244,0.000586367957,-0.000170351834
1.1428571428571428,0.8734693877551021,0.000585180494,-0.000170181412
1.1428571428571428,0.8653061224489795,0.000585698469,-0.00016919562
1.1428571428571428,0.8571428571428572,0.000586695897,-0.000169299857
1.1428571428571428,0.8489795918367347,0.000585276998,-0.000169936425
1.1428571428571428,0.8408163265306122,0.000585185286,-0.000169697218
1.1428571428571428,0.8326530612244898,0.000585844997,-0.000168602468
1.1428571428571428,0.8244897959183674,0.0005860312,-0.000168655775
1.1428571428571428,0.8163265306122449,0.000586471552,-0.000169680038
1.1428571428571428,0.8081632653061225,0.000586445007,-0.000168975552
1.1428571428571428,0.8,0.000585785102,-0.000169302009
1.1346938775510205,1.2,0.000586944774,-0.000169203359
1.1346938775510205,1.1918367346938774,0.000586851335,-0.000168895175
1.1346938775510205,1.183673469387755,0.000585922527,-0.000169473715
1.1346938775510205,1.1755102040816325,0.000586606004,-0.000169247193
1.1346938775510205,1.1673469387755102,0.000588002956,-0.000168102155
1.1346938775510205,1.1591836734693877,0.000587228533,-0.000169961987
1.1346938775510205,1.1510204081632653,0.00058739049,-0.000169104067
1.1346938775510205,1.1428571428571428,0.000588805843,-0.000169180784
1.1346938775510205,1.1346938775510205,0.000587084784,-0.000169523361
1.1346938775510205,1.126530612244898,0.000587622406,-0.000170484009
1.1346938775510205,1.1183673469387754,0.000586746208,-0.00016997618
1.1346938775510205,1.110204081632653,0.000586076147,-0.000169337686
1.1346938775510205,1.1020408163265305,0.000586797765,-0.000169809613
1.1346938775510205,1.0938775510204082,0.000586695897,-0.000169584824
1.1346938775510205,1.0857142857142856,0.000585533926,-0.000168257547
1.1346938775510205,1.0775510204081633,0.000584533913,-0.000170709439
1.1346938775510205,1.0693877551020408,0.000584791607,-0.000169294045
1.1346938775510205,1.0612244897959184,0.000584138027,-0.000169461673
1.1346938775510205,1.0530612244897959,0.000583844204,-0.000169690989
1.1346938775510205,1.0448979591836736,0.000583936589,-0.00017009824
1.1346938775510205,1.036734693877551,0.000583023303,-0.000170226531
1.1346938775510205,1.0285714285714285,0.000582898721,-0.0001699476
1.1346938775510205,1.0204081632653061,0.00058454177,-0.000169847441
1.1346938775510205,1.0122448979591836,0.000583810088,-0.000169542051
1.1346938775510205,1.0040816326530613,0.000584834347,-0.000169363248
1.1346938775510205,0.9959183673469387,0.000585669625,-0.000170207198
1.1346938775510205,0.9877551020408163,0.000585415956,-0.000169415687
1.1346938775510205,0.9795918367346939,0.000585057159,-0.000170483784
1.1346938775510205,0.9714285714285714,0.000584033186,-0.000170283498
1.1346938775510205,0.963265306122449,0.000584107937,-0.000169757173
1.1346938775510205,0.9551020408163265,0.000584683507,-0.000170068151
1.1346938775510205,0.9469387755102041,0.000584321451,-0.000170361082
1.1346938775510205,0.9387755102040816,0.000584566783,-0.000169591054
1.1346938775510205,0.9306122448979592,0.000584814893,-0.000170187642
1.1346938775510205,0.9224489795918367,0.00058348742,-0.000169444492
1.1346938775510205,0.9142857142857143,0.000583232219,-0.000169603096
1.1346938775510205,0.9061224489795918,0.000585177715,-0.00017022547
1.1346938775510205,0.8979591836734694,0.000583704674,-0.000170328616
1.1346938775510205,0.889795918367347,0.000583906878,-0.000170444896
1.1346938775510205,0.8816326530612244,0.00058535884,-0.000169738483
1.1346938775510205,0.8734693877551021,0.000585199662,-0.000170270171
1.1346938775510205,0.8653061224489795,0.000585452085,-0.000170194739
1.1346938775510205,0.8571428571428572,0.000585158261,-0.00017022181
1.1346938775510205,0.8489795918367347,0.000584456863,-0.000171012678
1.1346938775510205,0.8408163265306122,0.00058467239,-0.000170839463
1.1346938775510205,0.8326530612244898,0.00058442476,-0.000170999352
1.1346938775510205,0.8244897959183674,0.000585376761,-0.000170841615
1.1346938775510205,0.8163265306122449,0.000584866931,-0.000170577489
1.1346938775510205,0.8081632653061225,0.000584210285,-0.000170136069
1.1346938775510205,0.8,0.000585670391,-0.00016990245
1.126530612244898,1.2,0.000586146678,-0.000169147259
1.126530612244898,1.1918367346938774,0.000585918981,-0.000168895399
1.126530612244898,1.183673469387755,0.000586577926,-0.000168401957
1.126530612244898,1.1755102040816325,0.000586163833,-0.000168481275
1.126530612244898,1.1673469387755102,0.000586327036,-0.000168963735
1.126530612244898,1.1591836734693877,0.000585812894,-0.000168891739
1.126530612244898,1.1510204081632653,0.000585508434,-0.000169121054
1.126530612244898,1.1428571428571428,0.000587608797,-0.000168696397
1.126530612244898,1.1346938775510205,0.000586776492,-0.000168485129
1.126530612244898,1.126530612244898,0.000586653729,-0.000167595835
1.126530612244898,1.1183673469387754,0.000587294753,-0.000167882311
1.126530612244898,1.110204081632653,0.00058707568,-0.000168785574
1.126530612244898,1.1020408163265305,0.00058709916,-0.000168554332
1.126530612244898,1.0938775510204082,0.000586839452,-0.000168683713
1.126530612244898,1.0857142857142856,0.000586596134,-0.00016881287
1.126530612244898,1.0775510204081633,0.000586906632,-0.000168242069
1.126530612244898,1.0693877551020408,0.000587581771,-0.000168338567
1.126530612244898,1.0612244897959184,0.00058738014,-0.000167074904
1.126530612244898,1.0530612244897959,0.00058798954,-0.000166177005
1.126530612244898,1.0448979591836736,0.000586260623,-0.000167609386
1.126530612244898,1.036734693877551,0.000588177756,-0.000168125372
1.126530612244898,1.0285714285714285,0.000587476164,-0.000168006748
1.126530612244898,1.0204081632653061,0.000587177549,-0.000167570691
1.126530612244898,1.0122448979591836,0.000587361932,-0.000167262731
1.126530612244898,1.0040816326530613,0.00058866286,-0.000167721332
1.126530612244898,0.9959183673469387,0.000588207846,-0.000167195456
1.126530612244898,0.9877551020408163,0.000586982435,-0.000167832023
1.126530612244898,0.9795918367346939,0.000588528215,-0.000167297541
1.126530612244898,0.9714285714285714,0.000588820025,-0.000167857167
1.126530612244898,0.963265306122449,0.000587712105,-0.000167695769
1.126530612244898,0.9551020408163265,0.000588742209,-0.00016703364
1.126530612244898,0.9469387755102041,0.000588415516,-0.000168114839
1.126530612244898,0.9387755102040816,0.000589650031,-0.000167534372
1.126530612244898,0.9306122448979592,0.000589075227,-0.000168302666
1.126530612244898,0.9224489795918367,0.000589436803,-0.000167739828
1.126530612244898,0.9142857142857143,0.000588040331,-0.000168193065
1.126530612244898,0.9061224489795918,0.000588152263,-0.000168123445
1.126530612244898,0.8979591836734694,0.000587696676,-0.000167818054
1.126530612244898,0.889795918367347,0.000588329362,-0.000168172448
1.126530612244898,0.8816326530612244,0.000587940282,-0.000167442176
1.126530612244898,0.8734693877551021,0.000587797492,-0.00016764956
1.126530612244898,0.8653061224489795,0.000587518045,-0.000167624191
1.126530612244898,0.8571428571428572,0.000587589342,-0.00016843118
1.126530612244898,0.8489795918367347,0.000587262363,-0.000169148125
1.126530612244898,0.8408163265306122,0.000587979956,-0.000169104067
1.126530612244898,0.8326530612244898,0.000587635055,-0.000169871301
1.126530612244898,0.8244897959183674,0.000587302324,-0.00016992631
1.126530612244898,0.8163265306122449,0.000586667912,-0.000170240724
1.126530612244898,0.8081632653061225,0.000587689678,-0.000170443386
1.126530612244898,0.8,0.000588392516,-0.000169841211
1.1183673469387754,1.2,0.000589911271,-0.000171342346
1.1183673469387754,1.1918367346938774,0.000589602499,-0.000171350952
1.1183673469387754,1.183673469387755,0.000591331702,-0.000171077803
1.1183673469387754,1.1755102040816325,0.000590581812,-0.000172073679
1.1183673469387754,1.1673469387755102,0.000589840739,-0.000171521374
1.1183673469387754,1.1591836734693877,0.000590278405,-0.000171475806
1.1183673469387754,1.1510204081632653,0.000589936283,-0.000171723394
1.1183673469387754,1.1428571428571428,0.000590194744,-0.000171245206
1.1183673469387754,1.1346938775510205,0.000591141953,-0.000171603036
1.1183673469387754,1.126530612244898,0.000591325377,-0.000170795405
1.1183673469387754,1.1183673469387754,0.000589977204,-0.000170659793
1.1183673469387754,1.110204081632653,0.000592090982,-0.000170790459
1.1183673469387754,1.1020408163265305,0.000591865298,-0.000171579401
1.1183673469387754,1.0938775510204082,0.000591951452,-0.000171117782
1.1183673469387754,1.0857142857142856,0.000591889544,-0.000171575323
1.1183673469387754,1.0775510204081633,0.000591720782,-0.00017081024
1.1183673469387754,1.0693877551020408,0.00059352349,-0.000169917928
1.1183673469387754,1.0612244897959184,0.000591509567,-0.000171056737
1.1183673469387754,1.0530612244897959,0.000593232446,-0.000171000636
1.1183673469387754,1.0448979591836736,0.000592362286,-0.000171076518
1.1183673469387754,1.036734693877551,0.000591185367,-0.000170923501
1.1183673469387754,1.0285714285714285,0.000590946933,-0.000171012678
1.1183673469387754,1.0204081632653061,0.000590671511,-0.000170979153
1.1183673469387754,1.0122448979591836,0.000591901714,-0.0001723765
1.1183673469387754,1.0040816326530613,0.000590636915,-0.000171549954
1.1183673469387754,0.9959183673469387,0.000591352689,-0.000171751332
1.1183673469387754,0.9877551020408163,0.000591499217,-0.000171836206
1.1183673469387754,0.9795918367346939,0.00059193679,-0.000172242173
1.1183673469387754,0.9714285714285714,0.000591440088,-0.000171480109
1.1183673469387754,0.963265306122449,0.000591052254,-0.000172002549
1.1183673469387754,0.9551020408163265,0.000592292041,-0.000172379936
1.1183673469387754,0.9469387755102041,0.000591053787,-0.000171045562
1.1183673469387754,0.9387755102040816,0.00059043653,-0.000171769379
1.1183673469387754,0.9306122448979592,0.000591665199,-0.0001713041
1.1183673469387754,0.9224489795918367,0.000591687719,-0.00017255723
1.1183673469387754,0.9142857142857143,0.000591145499,-0.000172648783
1.1183673469387754,0.9061224489795918,0.000591877181,-0.000171906275
1.1183673469387754,0.8979591836734694,0.000590913777,-0.000171840733
1.1183673469387754,0.889795918367347,0.000590184393,-0.000172388317
1.1183673469387754,0.8816326530612244,0.000588940009,-0.000172374124
1.1183673469387754,0.8734693877551021,0.000590470359,-0.000173491867
1.1183673469387754,0.8653061224489795,0.000590527475,-0.000171750047
1.1183673469387754,0.8571428571428572,0.00058964064,-0.000171777536
1.1183673469387754,0.8489795918367347,0.000589360233,-0.000173000383
1.1183673469387754,0.8408163265306122,0.000589564357,-0.000171854896
1.1183673469387754,0.8326530612244898,0.000589764456,-0.000171258757
1.1183673469387754,0.8244897959183674,0.000591197056,-0.000172063595
1.1183673469387754,0.8163265306122449,0.000591090682,-0.000172124834
1.1183673469387754,0.8081632653061225,0.000590207873,-0.00017250996
1.1183673469387754,0.8,0.000591479763,-0.000171771306
1.110204081632653,1.2,0.000590793027,-0.000171876186
1.110204081632653,1.1918367346938774,0.000588908192,-0.000170773921
1.110204081632653,1.183673469387755,0.000589376908,-0.000171591861
1.110204081632653,1.1755102040816325,0.000590016112,-0.000171106383
1.110204081632653,1.1673469387755102,0.000590943101,-0.000171802905
1.110204081632653,1.1591836734693877,0.000589775092,-0.000171627956
1.110204081632653,1.1510204081632653,0.000590777885,-0.000171720793
1.110204081632653,1.1428571428571428,0.000590184393,-0.000172588186
1.110204081632653,1.1346938775510205,0.000590054733,-0.000172412819
1.110204081632653,1.126530612244898,0.000590209886,-0.000171617005
1.110204081632653,1.1183673469387754,0.00058947897,-0.000172798363
1.110204081632653,1.110204081632653,0.000590207393,-0.000172854881
1.110204081632653,1.1020408163265305,0.00058980413,-0.000172833398
1.110204081632653,1.0938775510204082,0.000589940595,-0.00017143133
1.110204081632653,1.0857142857142856,0.000590786989,-0.000172703374
1.110204081632653,1.0775510204081633,0.000589878881,-0.000171684056
1.110204081632653,1.0693877551020408,0.000590581045,-0.000172522644
1.110204081632653,1.0612244897959184,0.000590290288,-0.0001721257
1.110204081632653,1.0530612244897959,0.000590911764,-0.000172530158
1.110204081632653,1.0448979591836736,0.000589617447,-0.000170298751
1.110204081632653,1.036734693877551,0.00059044688,-0.00017099248
1.110204081632653,1.0285714285714285,0.000590756132,-0.000172075188
1.110204081632653,1.0204081632653061,0.000590434517,-0.000171051149
1.110204081632653,1.0122448979591836,0.000591256665,-0.000171671372
1.110204081632653,1.0040816326530613,0.000591297872,-0.000170879861
1.110204081632653,0.9959183673469387,0.000590514826,-0.00017075308
1.110204081632653,0.9877551020408163,0.000590993892,-0.000171987938
1.110204081632653,0.9795918367346939,0.000590462595,-0.000172196188
1.110204081632653,0.9714285714285714,0.000591829936,-0.000171284319
1.110204081632653,0.963265306122449,0.000592296066,-0.000171025781
1.110204081632653,0.9551020408163265,0.00059232769,-0.000171570377
1.110204081632653,0.9469387755102041,0.000591591695,-0.00017100966
1.110204081632653,0.9387755102040816,0.000592301431,-0.000170947779
1.110204081632653,0.9306122448979592,0.00059252223,-0.000170778224
1.110204081632653,0.9224489795918367,0.000593223628,-0.000171506538
1.110204081632653,0.9142857142857143,0.000592491373,-0.000170889109
1.110204081632653,0.9061224489795918,0.000591249574,-0.00017175541
1.110204081632653,0.8979591836734694,0.000591431465,-0.000171922171
1.110204081632653,0.889795918367347,0.000592360273,-0.000171580686
1.110204081632653,0.8816326530612244,0.000591613928,-0.000171729624
1.110204081632653,0.8734693877551021,0.000591543683,-0.000172915702
1.110204081632653,0.8653061224489795,0.000590644966,-0.000172377142
1.110204081632653,0.8571428571428572,0.000590909271,-0.000172082284
1.110204081632653,0.8489795918367347,0.000591106304,-0.000172411952
1.110204081632653,0.8408163265306122,0.000591198016,-0.000172483949
1.110204081632653,0.8326530612244898,0.00059034913,-0.000171741441
1.110204081632653,0.8244897959183674,0.000591494139,-0.000171236182
1.110204081632653,0.8163265306122449,0.000591419868,-0.000171075651
1.110204081632653,0.8081632653061225,0.000591583358,-0.000170939622
1.110204081632653,0.8,0.00059126069,-0.000171849757
1.1020408163265305,1.2,0.000590624745,-0.000171491284
1.1020408163265305,1.1918367346938774,0.000589462008,-0.000172160735
1.1020408163265305,1.183673469387755,0.00058952171,-0.000172525213
1.1020408163265305,1.1755102040816325,0.00058980365,-0.000171459686
1.1020408163265305,1.1673469387755102,0.000590290001,-0.00017118933
1.1020408163265305,1.1591836734693877,0.000588527162,-0.00017140747
1.1020408163265305,1.1510204081632653,0.000590255885,-0.000172641686
1.1020408163265305,1.1428571428571428,0.000589114615,-0.000172809538
1.1020408163265305,1.1346938775510205,0.000589820039,-0.000171646228
1.1020408163265305,1.126530612244898,0.000589742989,-0.000172312018
1.1020408163265305,1.1183673469387754,0.00058959694,-0.00017160583
1.1020408163265305,1.110204081632653,0.000588916049,-0.000172151262
1.1020408163265305,1.1020408163265305,0.000589178535,-0.000171037598
1.1020408163265305,1.0938775510204082,0.000589606044,-0.000171434542
1.1020408163265305,1.0857142857142856,0.000590034033,-0.000171328153
1.1020408163265305,1.0775510204081633,0.000589798092,-0.000171871241
1.1020408163265305,1.0693877551020408,0.000589014086,-0.00017100237
1.1020408163265305,1.0612244897959184,0.000589832688,-0.000171955054
1.1020408163265305,1.0530612244897959,0.000590002982,-0.000170960463
1.1020408163265305,1.0448979591836736,0.000590843052,-0.000172340598
1.1020408163265305,1.036734693877551,0.000589224248,-0.000171906275
1.1020408163265305,1.0285714285714285,0.000589377388,-0.000171074784
1.1020408163265305,1.0204081632653061,0.000589467853,-0.00017182397
1.1020408163265305,1.0122448979591836,0.000588705314,-0.000172178783
1.1020408163265305,1.0040816326530613,0.000589939542,-0.000172084436
1.1020408163265305,0.9959183673469387,0.000589500437,-0.000172686611
1.1020408163265305,0.9877551020408163,0.00058945645,-0.000172723155
1.1020408163265305,0.9795918367346939,0.000590017838,-0.000172825658
1.1020408163265305,0.9714285714285714,0.000590613149,-0.00017269435
1.1020408163265305,0.963265306122449,0.000589600006,-0.000172977808
1.1020408163265305,0.9551020408163265,0.000590703134,-0.000171787009
1.1020408163265305,0.9469387755102041,0.000590523929,-0.000173286635
1.1020408163265305,0.9387755102040816,0.00059218442,-0.000172966857
1.1020408163265305,0.9306122448979592,0.000592342065,-0.000173748253
1.1020408163265305,0.9224489795918367,0.000591942634,-0.000173277611
1.1020408163265305,0.9142857142857143,0.000591945893,-0.000173176392
1.1020408163265305,0.9061224489795918,0.000592595254,-0.000173494242
1.1020408163265305,0.8979591836734694,0.000592593241,-0.000174192049
1.1020408163265305,0.889795918367347,0.000592757691,-0.000174396414
1.1020408163265305,0.8816326530612244,0.000593540931,-0.000174156372
1.1020408163265305,0.8734693877551021,0.00059290374,-0.000174821744
1.1020408163265305,0.8653061224489795,0.000593813288,-0.000173316724
1.1020408163265305,0.8571428571428572,0.000592988647,-0.000173476613
1.1020408163265305,0.8489795918367347,0.000592420648,-0.000173537434
1.1020408163265305,0.8408163265306122,0.000591963335,-0.000173500248
1.1020408163265305,0.8326530612244898,0.000592287249,-0.000172626432
1.1020408163265305,0.8244897959183674,0.000592795353,-0.00017345619
1.1020408163265305,0.8163265306122449,0.000592679395,-0.000173393023
1.1020408163265305,0.8081632653061225,0.000593008294,-0.000173538301
1.1020408163265305,0.8,0.000592278911,-0.000173579983
1.0938775510204082,1.2,0.000589914816,-0.000174181516
1.0938775510204082,1.1918367346938774,0.00058966316,-0.000173730848
1.0938775510204082,1.183673469387755,0.000589540877,-0.000174113823
1.0938775510204082,1.1755102040816325,0.000589692678,-0.000173832934
1.0938775510204082,1.1673469387755102,0.000589441788,-0.000173563863
1.0938775510204082,1.1591836734693877,0.000589469866,-0.000173843467
1.0938775510204082,1.1510204081632653,0.000590241223,-0.000173657567
1.0938775510204082,1.1428571428571428,0.000591645745,-0.000173802202
1.0938775510204082,1.1346938775510205,0.00059097971,-0.000173693887
1.0938775510204082,1.126530612244898,0.000590908791,-0.000174650456
1.0938775510204082,1.1183673469387754,0.000590894609,-0.00017377298
1.0938775510204082,1.110204081632653,0.000590698249,-0.000173350892
1.0938775510204082,1.1020408163265305,0.000590590149,-0.000174461538
1.0938775510204082,1.0938775510204082,0.00058991175,-0.000173434288
1.0938775510204082,1.0857142857142856,0.000590599253,-0.000174334115
1.0938775510204082,1.0775510204081633,0.000590073228,-0.000174273294
1.0938775510204082,1.0693877551020408,0.000590310988,-0.000173511005
1.0938775510204082,1.0612244897959184,0.000591139174,-0.000174458326
1.0938775510204082,1.0530612244897959,0.00059019599,-0.000173882805
1.0938775510204082,1.0448979591836736,0.00058932583,-0.00017362706
1.0938775510204082,1.036734693877551,0.000591470179,-0.000173593952
1.0938775510204082,1.0285714285714285,0.000591528541,-0.000173386569
1.0938775510204082,1.0204081632653061,0.000591622266,-0.000173624909
1.0938775510204082,1.0122448979591836,0.000591543203,-0.000173285768
1.0938775510204082,1.0040816326530613,0.000591149044,-0.000172695859
1.0938775510204082,0.9959183673469387,0.000593137955,-0.000173638011
1.0938775510204082,0.9877551020408163,0.000590731886,-0.000173250958
1.0938775510204082,0.9795918367346939,0.000590924127,-0.000173791669
1.0938775510204082,0.9714285714285714,0.000591159395,-0.000174628748
1.0938775510204082,0.963265306122449,0.000591405206,-0.000172994571
1.0938775510204082,0.9551020408163265,0.000591430985,-0.00017368573
1.0938775510204082,0.9469387755102041,0.000592008854,-0.000173585571
1.0938775510204082,0.9387755102040816,0.000591013346,-0.000173387854
1.0938775510204082,0.9306122448979592,0.000590699016,-0.00017229031
1.0938775510204082,0.9224489795918367,0.000591601566,-0.000173930941
1.0938775510204082,0.9142857142857143,0.000591408751,-0.000172656104
1.0938775510204082,0.9061224489795918,0.000590840845,-0.000172072394
1.0938775510204082,0.8979591836734694,0.00059147775,-0.00017279406
1.0938775510204082,0.889795918367347,0.000591718003,-0.000172995213
1.0938775510204082,0.8816326530612244,0.000592735458,-0.000172911624
1.0938775510204082,0.8734693877551021,0.000592513126,-0.000173157253
1.0938775510204082,0.8653061224489795,0.000591247561,-0.000173171447
1.0938775510204082,0.8571428571428572,0.000592741783,-0.000172736899
1.0938775510204082,0.8489795918367347,0.000592259744,-0.000172529516
1.0938775510204082,0.8408163265306122,0.000592073734,-0.000174008525
1.0938775510204082,0.8326530612244898,0.000592856014,-0.000173064416
1.0938775510204082,0.8244897959183674,0.000592695304,-0.000173131467
1.0938775510204082,0.8163265306122449,0.000592035879,-0.000173189943
1.0938775510204082,0.8081632653061225,0.00059188044,-0.000173821983
1.0938775510204082,0.8,0.000592658408,-0.000173543888
1.0857142857142856,1.2,0.000593006568,-0.000174929193
1.0857142857142856,1.1918367346938774,0.00059291361,-0.000175299901
1.0857142857142856,1.183673469387755,0.000593058126,-0.000174206018
1.0857142857142856,1.1755102040816325,0.00059288965,-0.000174403093
1.0857142857142856,1.1673469387755102,0.000591679862,-0.000174613494
1.0857142857142856,1.1591836734693877,0.000592878247,-0.0001748501
1.0857142857142856,1.1510204081632653,0.000593554347,-0.00017593239
1.0857142857142856,1.1428571428571428,0.000593876728,-0.000174874602
1.0857142857142856,1.1346938775510205,0.000593401974,-0.000176080879
1.0857142857142856,1.126530612244898,0.000594049802,-0.0001755174
1.0857142857142856,1.1183673469387754,0.000593736238,-0.000174959701
1.0857142857142856,1.110204081632653,0.00059280647,-0.000175671701
1.0857142857142856,1.1020408163265305,0.000593697616,-0.000175129062
1.0857142857142856,1.0938775510204082,0.000592905752,-0.00017470418
1.0857142857142856,1.0857142857142856,0.000593464648,-0.000174621009
1.0857142857142856,1.0775510204081633,0.000593423247,-0.000175136576
1.0857142857142856,1.0693877551020408,0.000593399961,-0.000174853536
1.0857142857142856,1.0612244897959184,0.000593746874,-0.000174630675
1.0857142857142856,1.0530612244897959,0.000593316586,-0.000173371958
1.0857142857142856,1.0448979591836736,0.000593207433,-0.000173225396
1.0857142857142856,1.036734693877551,0.000592485815,-0.000173800051
1.0857142857142856,1.0285714285714285,0.000592929518,-0.000174013471
1.0857142857142856,1.0204081632653061,0.000592832728,-0.000174247283
1.0857142857142856,1.0122448979591836,0.000593275186,-0.000174265555
1.0857142857142856,1.0040816326530613,0.000593486401,-0.000174099211
1.0857142857142856,0.9959183673469387,0.000591963335,-0.000173864533
1.0857142857142856,0.9877551020408163,0.00059252271,-0.000174622518
1.0857142857142856,0.9795918367346939,0.000591901907,-0.000173790385
1.0857142857142856,0.9714285714285714,0.000591558825,-0.000174248792
1.0857142857142856,0.963265306122449,0.000592244795,-0.000174498949
1.0857142857142856,0.9551020408163265,0.000594183967,-0.000175340748
1.0857142857142856,0.9469387755102041,0.000592369857,-0.000175010856
1.0857142857142856,0.9387755102040816,0.000593036852,-0.000174736839
1.0857142857142856,0.9306122448979592,0.00059403188,-0.00017542864
1.0857142857142856,0.9224489795918367,0.00059453366,-0.000175777447
1.0857142857142856,0.9142857142857143,0.00059452331,-0.000175356644
1.0857142857142856,0.9061224489795918,0.000594133176,-0.000175256067
1.0857142857142856,0.8979591836734694,0.000593964128,-0.000175971921
1.0857142857142856,0.889795918367347,0.000593498764,-0.000175131631
1.0857142857142856,0.8816326530612244,0.000592015659,-0.000175066089
1.0857142857142856,0.8734693877551021,0.000593338053,-0.000173667458
1.0857142857142856,0.8653061224489795,0.000593749654,-0.000174282317
1.0857142857142856,0.8571428571428572,0.000593660721,-0.000173798124
1.0857142857142856,0.8489795918367347,0.000592618254,-0.000173493376
1.0857142857142856,0.8408163265306122,0.000592815573,-0.000173696456
1.0857142857142856,0.8326530612244898,0.000593825171,-0.000173231626
1.0857142857142856,0.8244897959183674,0.00059362967,-0.000173567523
1.0857142857142856,0.8163265306122449,0.000592849403,-0.000174036463
1.0857142857142856,0.8081632653061225,0.000592757691,-0.000174060098
1.0857142857142856,0.8,0.00059271859,-0.000175041587
1.0775510204081633,1.2,0.00059067429,-0.000173192288
1.0775510204081633,1.1918367346938774,0.000590626564,-0.000173624909
1.0775510204081633,1.183673469387755,0.000589687119,-0.000174275221
1.0775510204081633,1.1755102040816325,0.000589959762,-0.000173019073
1.0775510204081633,1.1673469387755102,0.000590415829,-0.000172594416
1.0775510204081633,1.1591836734693877,0.000589311934,-0.000173873974
1.0775510204081633,1.1510204081632653,0.000589059318,-0.000172199624
1.0775510204081633,1.1428571428571428,0.000588426919,-0.000172559381
1.0775510204081633,1.1346938775510205,0.000588431424,-0.000171754768
1.0775510204081633,1.126530612244898,0.000588195197,-0.000171932062
1.0775510204081633,1.1183673469387754,0.000588709626,-0.000173001025
1.0775510204081633,1.110204081632653,0.000588221742,-0.000173527126
1.0775510204081633,1.1020408163265305,0.00058776213,-0.000172940846
1.0775510204081633,1.0938775510204082,0.00058782509,-0.000173178544
1.0775510204081633,1.0857142857142856,0.000588650977,-0.000173122443
1.0775510204081633,1.0775510204081633,0.000587974111,-0.000172702089
1.0775510204081633,1.0693877551020408,0.000589084044,-0.000172503505
1.0775510204081633,1.0612244897959184,0.000588478956,-0.000173546682
1.0775510204081633,1.0530612244897959,0.000588355141,-0.000173164992
1.0775510204081633,1.0448979591836736,0.000587265142,-0.000172059516
1.0775510204081633,1.036734693877551,0.000587478943,-0.000173200027
1.0775510204081633,1.0285714285714285,0.000589197989,-0.000174108653
1.0775510204081633,1.0204081632653061,0.0005893794,-0.000172869075
1.0775510204081633,1.0122448979591836,0.000588358687,-0.000174466065
1.0775510204081633,1.0040816326530613,0.000589087303,-0.000173468232
1.0775510204081633,0.9959183673469387,0.000590281377,-0.000173760938
1.0775510204081633,0.9877551020408163,0.000589406425,-0.000173225396
1.0775510204081633,0.9795918367346939,0.000589207093,-0.000172667921
1.0775510204081633,0.9714285714285714,0.000588919595,-0.000172311376
1.0775510204081633,0.963265306122449,0.000590315013,-0.000173464377
1.0775510204081633,0.9551020408163265,0.000589065357,-0.000173647259
1.0775510204081633,0.9469387755102041,0.000589266222,-0.000172361664
1.0775510204081633,0.9387755102040816,0.00058819443,-0.000171963211
1.0775510204081633,0.9306122448979592,0.000587638601,-0.000172453217
1.0775510204081633,0.9224489795918367,0.000587346504,-0.000172324702
1.0775510204081633,0.9142857142857143,0.000588578239,-0.000171920244
1.0775510204081633,0.9061224489795918,0.000588291221,-0.000172546921
1.0775510204081633,0.8979591836734694,0.000589080785,-0.000172718852
1.0775510204081633,0.889795918367347,0.000590434517,-0.000172558739
1.0775510204081633,0.8816326530612244,0.000590841805,-0.000172416897
1.0775510204081633,0.8734693877551021,0.000590505242,-0.000171877695
1.0775510204081633,0.8653061224489795,0.000589068422,-0.000172569047
1.0775510204081633,0.8571428571428572,0.000589066603,-0.000172106786
1.0775510204081633,0.8489795918367347,0.000590876401,-0.000171667293
1.0775510204081633,0.8408163265306122,0.000590536865,-0.00017250222
1.0775510204081633,0.8326530612244898,0.000590937829,-0.00017212721
1.0775510204081633,0.8244897959183674,0.000590964088,-0.000170867401
1.0775510204081633,0.8163265306122449,0.000590290481,-0.00017250222
1.0775510204081633,0.8081632653061225,0.000590753639,-0.000171683414
1.0775510204081633,0.8,0.000590556033,-0.000173086124
1.0693877551020408,1.2,0.000589009774,-0.000172228653
1.0693877551020408,1.1918367346938774,0.000590224834,-0.00017248716
1.0693877551020408,1.183673469387755,0.000588866791,-0.000172391753
1.0693877551020408,1.1755102040816325,0.000588211392,-0.000172757098
1.0693877551020408,1.1673469387755102,0.000588717197,-0.000173039914
1.0693877551020408,1.1591836734693877,0.000589331675,-0.000173077742
1.0693877551020408,1.1510204081632653,0.000586895035,-0.000173232268
1.0693877551020408,1.1428571428571428,0.000588730326,-0.000171888003
1.0693877551020408,1.1346938775510205,0.000588838999,-0.000172153414
1.0693877551020408,1.126530612244898,0.000589376141,-0.000172137518
1.0693877551020408,1.1183673469387754,0.000589547682,-0.00017275925
1.0693877551020408,1.110204081632653,0.000590285209,-0.000172668564
1.0693877551020408,1.1020408163265305,0.000590190432,-0.000171678469
1.0693877551020408,1.0938775510204082,0.000590640654,-0.000172919363
1.0693877551020408,1.0857142857142856,0.000590457996,-0.000171226516
1.0693877551020408,1.0775510204081633,0.000589733119,-0.000171496454
1.0693877551020408,1.0693877551020408,0.000589114615,-0.000171246073
1.0693877551020408,1.0612244897959184,0.000590033267,-0.000171304742
1.0693877551020408,1.0530612244897959,0.000589879167,-0.000170917047
1.0693877551020408,1.0448979591836736,0.000589831155,-0.000171993525
1.0693877551020408,1.036734693877551,0.000589869583,-0.000172234434
1.0693877551020408,1.0285714285714285,0.000590227327,-0.000170701058
1.0693877551020408,1.0204081632653061,0.000590091915,-0.000171092414
1.0693877551020408,1.0122448979591836,0.00059109902,-0.000171328602
1.0693877551020408,1.0040816326530613,0.000590846597,-0.000169899014
1.0693877551020408,0.9959183673469387,0.000590771274,-0.000169984337
1.0693877551020408,0.9877551020408163,0.000591378181,-0.000170765958
1.0693877551020408,0.9795918367346939,0.000590024449,-0.000171440578
1.0693877551020408,0.9714285714285714,0.000590723548,-0.000172272262
1.0693877551020408,0.963265306122449,0.000589593395,-0.000171720376
1.0693877551020408,0.9551020408163265,0.000590344531,-0.000170838178
1.0693877551020408,0.9469387755102041,0.000590401167,-0.000170470906
1.0693877551020408,0.9387755102040816,0.000590482049,-0.000170304981
1.0693877551020408,0.9306122448979592,0.000589675043,-0.000170775206
1.0693877551020408,0.9224489795918367,0.000590004709,-0.000170574695
1.0693877551020408,0.9142857142857143,0.000590365038,-0.000172392396
1.0693877551020408,0.9061224489795918,0.000589990333,-0.000171731551
1.0693877551020408,0.8979591836734694,0.000590617654,-0.000170210635
1.0693877551020408,0.889795918367347,0.000590536579,-0.000171043635
1.0693877551020408,0.8816326530612244,0.000591257911,-0.000171102304
1.0693877551020408,0.8734693877551021,0.000590886272,-0.000171380175
1.0693877551020408,0.8653061224489795,0.000591300365,-0.000171940443
1.0693877551020408,0.8571428571428572,0.000591516372,-0.000171035671
1.0693877551020408,0.8489795918367347,0.000589114615,-0.000171528022
1.0693877551020408,0.8408163265306122,0.000590047162,-0.000170319593
1.0693877551020408,0.8326530612244898,0.000589361193,-0.000171005582
1.0693877551020408,0.8244897959183674,0.000589924113,-0.00017103352
1.0693877551020408,0.8163265306122449,0.000591712445,-0.000170499262
1.0693877551020408,0.8081632653061225,0.000591951258,-0.000170246954
1.0693877551020408,0.8,0.000590683107,-0.000170827003
1.0612244897959184,1.2,0.000593942661,-0.00017061339
1.0612244897959184,1.1918367346938774,0.000593223342,-0.00017094993
1.0612244897959184,1.183673469387755,0.000593476531,-0.000170471324
1.0612244897959184,1.1755102040816325,0.000593572268,-0.000170277043
1.0612244897959184,1.1673469387755102,0.000592938336,-0.000171351595
1.0612244897959184,1.1591836734693877,0.000592393909,-0.000171484188
1.0612244897959184,1.1510204081632653,0.000591573008,-0.000171071348
1.0612244897959184,1.1428571428571428,0.000592840872,-0.00017140275
1.0612244897959184,1.1346938775510205,0.000593004075,-0.000171683189
1.0612244897959184,1.126530612244898,0.000592374169,-0.000171519222
1.0612244897959184,1.1183673469387754,0.000592421894,-0.000171279374
1.0612244897959184,1.110204081632653,0.000594176876,-0.000172335011
1.0612244897959184,1.1020408163265305,0.000594682201,-0.000172130646
1.0612244897959184,1.0938775510204082,0.00059336939,-0.000170957027
1.0612244897959184,1.0857142857142856,0.000593790861,-0.000171922171
1.0612244897959184,1.0775510204081633,0.000593721382,-0.000171313766
1.0612244897959184,1.0693877551020408,0.000594183487,-0.000172220047
1.0612244897959184,1.0612244897959184,0.000592982322,-0.000171463346
1.0612244897959184,1.0530612244897959,0.000593565943,-0.000172057783
1.0612244897959184,1.0448979591836736,0.000594144579,-0.000172054346
1.0612244897959184,1.036734693877551,0.000593810795,-0.000172134082
1.0612244897959184,1.0285714285714285,0.000594018465,-0.000172282153
1.0612244897959184,1.0204081632653061,0.000593723875,-0.000172432376
1.0612244897959184,1.0122448979591836,0.000594110463,-0.000173393666
1.0612244897959184,1.0040816326530613,0.000594986661,-0.000172431091
1.0612244897959184,0.9959183673469387,0.000593304703,-0.000171255963
1.0612244897959184,0.9877551020408163,0.000594618281,-0.000171902839
1.0612244897959184,0.9795918367346939,0.000594197096,-0.000172540691
1.0612244897959184,0.9714285714285714,0.000594823651,-0.000172245834
1.0612244897959184,0.963265306122449,0.000593721096,-0.00017132902
1.0612244897959184,0.9551020408163265,0.000593490426,-0.000171385344
1.0612244897959184,0.9469387755102041,0.000593759237,-0.000172077115
1.0612244897959184,0.9387755102040816,0.000594758004,-0.000170349682
1.0612244897959184,0.9306122448979592,0.000593748887,-0.00017144379
1.0612244897959184,0.9224489795918367,0.000592939869,-0.000171978689
1.0612244897959184,0.9142857142857143,0.000593835521,-0.000170877516
1.0612244897959184,0.9061224489795918,0.000595225954,-0.000170052897
1.0612244897959184,0.8979591836734694,0.00059619741,-0.000171627538
1.0612244897959184,0.889795918367347,0.000594487661,-0.000172767631
1.0612244897959184,0.8816326530612244,0.0005937509,-0.000172662976
1.0612244897959184,0.8734693877551021,0.000594814834,-0.000171358691
1.0612244897959184,0.8653061224489795,0.000594662747,-0.000171535343
1.0612244897959184,0.8571428571428572,0.000593863599,-0.000171238558
1.0612244897959184,0.8489795918367347,0.00059322842,-0.000171744011
1.0612244897959184,0.8408163265306122,0.000593460336,-0.000172244549
1.0612244897959184,0.8326530612244898,0.00059279286,-0.000170953366
1.0612244897959184,0.8244897959183674,0.000593162487,-0.000170776715
1.0612244897959184,0.8163265306122449,0.000594078839,-0.000171499441
1.0612244897959184,0.8081632653061225,0.000592677862,-0.000171192573
1.0612244897959184,0.8,0.000592302677,-0.000171837073
1.0530612244897959,1.2,0.000593589996,-0.000172529292
1.0530612244897959,1.1918367346938774,0.000593668578,-0.000170787666
1.0530612244897959,1.183673469387755,0.000593666759,-0.000172332441
1.0530612244897959,1.1755102040816325,0.000593448739,-0.000171871883
1.0530612244897959,1.1673469387755102,0.000593719083,-0.000171928401
1.0530612244897959,1.1591836734693877,0.000592280731,-0.000171878337
1.0530612244897959,1.1510204081632653,0.000592702395,-0.000171893173
1.0530612244897959,1.1428571428571428,0.000593276146,-0.000171109819
1.0530612244897959,1.1346938775510205,0.000592976764,-0.000172536613
1.0530612244897959,1.126530612244898,0.000593390857,-0.000171838582
1.0530612244897959,1.1183673469387754,0.000592265302,-0.000171871241
1.0530612244897959,1.110204081632653,0.000594280951,-0.000171447226
1.0530612244897959,1.1020408163265305,0.00059272942,-0.000171874677
1.0530612244897959,1.0938775510204082,0.000592256965,-0.000171440354
1.0530612244897959,1.0857142857142856,0.000592413557,-0.000172566702
1.0530612244897959,1.0775510204081633,0.000592213745,-0.000172660182
1.0530612244897959,1.0693877551020408,0.00059290422,-0.000171891439
1.0530612244897959,1.0612244897959184,0.000591742249,-0.00017174552
1.0530612244897959,1.0530612244897959,0.000592796599,-0.000172630093
1.0530612244897959,1.0448979591836736,0.000592006841,-0.000173271157
1.0530612244897959,1.036734693877551,0.000592058306,-0.000171816649
1.0530612244897959,1.0285714285714285,0.000590164653,-0.000171962793
1.0530612244897959,1.0204081632653061,0.000590291247,-0.000172982978
1.0530612244897959,1.0122448979591836,0.000591538125,-0.000171224365
1.0530612244897959,1.0040816326530613,0.000590910038,-0.000172555078
1.0530612244897959,0.9959183673469387,0.000592175603,-0.000172690047
1.0530612244897959,0.9877551020408163,0.000590766002,-0.000172230356
1.0530612244897959,0.9795918367346939,0.000590861259,-0.000172409383
1.0530612244897959,0.9714285714285714,0.000590693264,-0.000172134082
1.0530612244897959,0.963265306122449,0.000589947113,-0.000172281511
1.0530612244897959,0.9551020408163265,0.000588840726,-0.000173232268
1.0530612244897959,0.9469387755102041,0.000589918075,-0.000173317591
1.0530612244897959,0.9387755102040816,0.000591813741,-0.000172778582
1.0530612244897959,0.9306122448979592,0.000591738224,-0.000172931823
1.0530612244897959,0.9224489795918367,0.00059237091,-0.000172679739
1.0530612244897959,0.9142857142857143,0.000591635875,-0.000171855345
1.0530612244897959,0.9061224489795918,0.000590932751,-0.000172444193
1.0530612244897959,0.8979591836734694,0.000589370297,-0.000172495124
1.0530612244897959,0.889795918367347,0.000590863272,-0.000173973042
1.0530612244897959,0.8816326530612244,0.000591846131,-0.000172468695
1.0530612244897959,0.8734693877551021,0.000592014126,-0.000172267542
1.0530612244897959,0.8653061224489795,0.000593111696,-0.000173176168
1.0530612244897959,0.8571428571428572,0.000591885039,-0.000172068958
1.0530612244897959,0.8489795918367347,0.000591988634,-0.000172407231
1.0530612244897959,0.8408163265306122,0.000592113409,-0.000172442908
1.0530612244897959,0.8326530612244898,0.000593399961,-0.00017323291
1.0530612244897959,0.8244897959183674,0.000591931518,-0.000172691781
1.0530612244897959,0.8163265306122449,0.000592390844,-0.000173437082
1.0530612244897959,0.8081632653061225,0.000592038658,-0.000172882177
1.0530612244897959,0.8,0.000592024476,-0.000174133379
1.0448979591836736,1.2,0.000596493246,-0.000172292461
1.0448979591836736,1.1918367346938774,0.000597036233,-0.00017327289
1.0448979591836736,1.183673469387755,0.000595869184,-0.000173281914
1.0448979591836736,1.1755102040816325,0.000596603165,-0.000173793403
1.0448979591836736,1.1673469387755102,0.000597176436,-0.000175182562
1.0448979591836736,1.1591836734693877,0.000597428572,-0.000174814648
1.0448979591836736,1.1510204081632653,0.000596449546,-0.000174574157
1.0448979591836736,1.1428571428571428,0.000596296693,-0.000173890961
1.0448979591836736,1.1346938775510205,0.000596711072,-0.000174871166
1.0448979591836736,1.126530612244898,0.00059614288,-0.000173735376
1.0448979591836736,1.1183673469387754,0.000596958896,-0.000173885374
1.0448979591836736,1.110204081632653,0.000596553427,-0.000174035372
1.0448979591836736,1.1020408163265305,0.000597139061,-0.000173899985
1.0448979591836736,1.0938775510204082,0.000597286836,-0.000173990896
1.0448979591836736,1.0857142857142856,0.000596839873,-0.000175631721
1.0448979591836736,1.0775510204081633,0.000595461415,-0.000174405662
1.0448979591836736,1.0693877551020408,0.000595117281,-0.000173574396
1.0448979591836736,1.0612244897959184,0.00059566228,-0.000174540631
1.0448979591836736,1.0530612244897959,0.000596275419,-0.000173734733
1.0448979591836736,1.0448979591836736,0.000597079453,-0.000173828631
1.0448979591836736,1.036734693877551,0.00059605462,-0.000175015577
1.0448979591836736,1.0285714285714285,0.00059541513,-0.000174539764
1.0448979591836736,1.0204081632653061,0.00059516328,-0.000174043978
1.0448979591836736,1.0122448979591836,0.000596073594,-0.000174066328
1.0448979591836736,1.0040816326530613,0.000595731759,-0.000174280166
1.0448979591836736,0.9959183673469387,0.000594940662,-0.000174144555
1.0448979591836736,0.9877551020408163,0.000595074061,-0.000174156596
1.0448979591836736,0.9795918367346939,0.000594976311,-0.000174482604
1.0448979591836736,0.9714285714285714,0.000594459103,-0.000172446987
1.0448979591836736,0.963265306122449,0.000595079139,-0.000172697786
1.0448979591836736,0.9551020408163265,0.000596180735,-0.000173855284
1.0448979591836736,0.9469387755102041,0.000596732539,-0.00017341364
1.0448979591836736,0.9387755102040816,0.000595866405,-0.00017373666
1.0448979591836736,0.9306122448979592,0.000595661994,-0.000174420498
1.0448979591836736,0.9224489795918367,0.00059509984,-0.000174177438
1.0448979591836736,0.9142857142857143,0.000594975544,-0.000173912027
1.0448979591836736,0.9061224489795918,0.000595661034,-0.000173605352
1.0448979591836736,0.8979591836734694,0.000596854535,-0.000175071677
1.0448979591836736,0.889795918367347,0.000596385625,-0.000174757905
1.0448979591836736,0.8816326530612244,0.000596652424,-0.000175010856
1.0448979591836736,0.8734693877551021,0.000597709553,-0.000174615003
1.0448979591836736,0.8653061224489795,0.000596841406,-0.00017476285
1.0448979591836736,0.8571428571428572,0.000596726694,-0.000174524735
1.0448979591836736,0.8489795918367347,0.000597853589,-0.000174365264
1.0448979591836736,0.8408163265306122,0.000597085491,-0.000174101781
1.0448979591836736,0.8326530612244898,0.00059669641,-0.00017450367
1.0448979591836736,0.8244897959183674,0.000597408925,-0.000174323357
1.0448979591836736,0.8163265306122449,0.000597710033,-0.000174422649
1.0448979591836736,0.8081632653061225,0.000596212552,-0.000174266197
1.0448979591836736,0.8,0.000596950845,-0.000174950901
1.036734693877551,1.2,0.000594223162,-0.000173580208
1.036734693877551,1.1918367346938774,0.000594468973,-0.000174079655
1.036734693877551,1.183673469387755,0.000593554827,-0.000174203224
1.036734693877551,1.1755102040816325,0.000593336807,-0.000173926638
1.036734693877551,1.1673469387755102,0.000593975531,-0.000175319682
1.036734693877551,1.1591836734693877,0.000591915129,-0.000175363098
1.036734693877551,1.1510204081632653,0.000593399481,-0.00017578281
1.036734693877551,1.1428571428571428,0.00059237091,-0.000175409308
1.036734693877551,1.1346938775510205,0.000592459842,-0.000175379861
1.036734693877551,1.126530612244898,0.00059214024,-0.000174895025
1.036734693877551,1.1183673469387754,0.000592582605,-0.000174608549
1.036734693877551,1.110204081632653,0.000592570242,-0.0001751456
1.036734693877551,1.1020408163265305,0.000592441635,-0.000174691496
1.036734693877551,1.0938775510204082,0.000592946193,-0.000174493779
1.036734693877551,1.0857142857142856,0.00059197723,-0.000175351281
1.036734693877551,1.0775510204081633,0.000590417842,-0.000175334069
1.036734693877551,1.0693877551020408,0.000592617967,-0.00017457223
1.036734693877551,1.0612244897959184,0.000591545696,-0.000175035358
1.036734693877551,1.0530612244897959,0.000591751353,-0.000176310195
1.036734693877551,1.0448979591836736,0.00059182591,-0.000175130122
1.036734693877551,1.036734693877551,0.000591954517,-0.000175807088
1.036734693877551,1.0285714285714285,0.000591455231,-0.000174649171
1.036734693877551,1.0204081632653061,0.00059230421,-0.000174790564
1.036734693877551,1.0122448979591836,0.000592439142,-0.000175413162
1.036734693877551,1.0040816326530613,0.000592321845,-0.000175063938
1.036734693877551,0.9959183673469387,0.000592636941,-0.000174978839
1.036734693877551,0.9877551020408163,0.000592624579,-0.000175013649
1.036734693877551,0.9795918367346939,0.000591978477,-0.000175826226
1.036734693877551,0.9714285714285714,0.000592122033,-0.000175143031
1.036734693877551,0.963265306122449,0.000592242782,-0.000175036867
1.036734693877551,0.9551020408163265,0.000592842598,-0.00017602587
1.036734693877551,0.9469387755102041,0.000592761237,-0.000175339881
1.036734693877551,0.9387755102040816,0.00059440304,-0.000175834383
1.036734693877551,0.9306122448979592,0.000593166512,-0.000175486025
1.036734693877551,0.9224489795918367,0.000593552334,-0.000175362874
1.036734693877551,0.9142857142857143,0.000594013193,-0.000175807954
1.036734693877551,0.9061224489795918,0.000593618747,-0.000175316889
1.036734693877551,0.8979591836734694,0.000593366131,-0.000175645496
1.036734693877551,0.889795918367347,0.000593074034,-0.000173868611
1.036734693877551,0.8816326530612244,0.000591926726,-0.000175211142
1.036734693877551,0.8734693877551021,0.000592495205,-0.000173848412
1.036734693877551,0.8653061224489795,0.000592210199,-0.000174996244
1.036734693877551,0.8571428571428572,0.000592932298,-0.000174052359
1.036734693877551,0.8489795918367347,0.000592048722,-0.000174313916
1.036734693877551,0.8408163265306122,0.000592060891,-0.000175406514
1.036734693877551,0.8326530612244898,0.000591571761,-0.000173680142
1.036734693877551,0.8244897959183674,0.000591969179,-0.000174576308
1.036734693877551,0.8163265306122449,0.000593003789,-0.000175184071
1.036734693877551,0.8081632653061225,0.00059276047,-0.000175818263
1.036734693877551,0.8,0.000591807222,-0.000175320325
1.0285714285714285,1.2,0.000589152277,-0.000172828452
1.0285714285714285,1.1918367346938774,0.000589395595,-0.000172562175
1.0285714285714285,1.183673469387755,0.000589276858,-0.000172460956
1.0285714285714285,1.1755102040816325,0.000588628744,-0.000173321445
1.0285714285714285,1.1673469387755102,0.000589922867,-0.000172824792
1.0285714285714285,1.1591836734693877,0.000590568682,-0.000172702089
1.0285714285714285,1.1510204081632653,0.000590635382,-0.000173932868
1.0285714285714285,1.1428571428571428,0.000589665173,-0.000171902197
1.0285714285714285,1.1346938775510205,0.000591318286,-0.000173615018
1.0285714285714285,1.126530612244898,0.00059013255,-0.000172915284
1.0285714285714285,1.1183673469387754,0.000590194744,-0.000171518355
1.0285714285714285,1.110204081632653,0.000591274106,-0.00017306098
1.0285714285714285,1.1020408163265305,0.000591281677,-0.000172233792
1.0285714285714285,1.0938775510204082,0.000591155369,-0.000172403153
1.0285714285714285,1.0857142857142856,0.000591969179,-0.000174003998
1.0285714285714285,1.0775510204081633,0.000591141473,-0.000172528649
1.0285714285714285,1.0693877551020408,0.000592338806,-0.000173597613
1.0285714285714285,1.0612244897959184,0.000590835481,-0.00017217448
1.0285714285714285,1.0530612244897959,0.000590937543,-0.000172197472
1.0285714285714285,1.0448979591836736,0.000590569162,-0.000173449542
1.0285714285714285,1.036734693877551,0.000590502749,-0.000173766525
1.0285714285714285,1.0285714285714285,0.000590669212,-0.000173029606
1.0285714285714285,1.0204081632653061,0.000589004215,-0.000171712219
1.0285714285714285,1.0122448979591836,0.000589702068,-0.000171937007
1.0285714285714285,1.0040816326530613,0.000590084824,-0.000173066792
1.0285714285714285,0.9959183673469387,0.000590647745,-0.000172309449
1.0285714285714285,0.9877551020408163,0.000591153356,-0.000172159226
1.0285714285714285,0.9795918367346939,0.000590657135,-0.000170650545
1.0285714285714285,0.9714285714285714,0.000589610356,-0.000170922859
1.0285714285714285,0.963265306122449,0.000589781897,-0.000171681487
1.0285714285714285,0.9551020408163265,0.000590150277,-0.000171545651
1.0285714285714285,0.9469387755102041,0.000589909258,-0.000170901151
1.0285714285714285,0.9387755102040816,0.000589518644,-0.000171899821
1.0285714285714285,0.9306122448979592,0.00058987083,-0.000170977001
1.0285714285714285,0.9224489795918367,0.000588833921,-0.000171587558
1.0285714285714285,0.9142857142857143,0.000588493618,-0.000171930553
1.0285714285714285,0.9061224489795918,0.000589318546,-0.000171728115
1.0285714285714285,0.8979591836734694,0.000589506475,-0.000171927116
1.0285714285714285,0.889795918367347,0.000589312701,-0.000171994168
1.0285714285714285,0.8816326530612244,0.000589182847,-0.000172483306
1.0285714285714285,0.8734693877551021,0.000589356687,-0.000172284304
1.0285714285714285,0.8653061224489795,0.000589985541,-0.000172538315
1.0285714285714285,0.8571428571428572,0.000591348377,-0.000171133036
1.0285714285714285,0.8489795918367347,0.000591012866,-0.000172159868
1.0285714285714285,0.8408163265306122,0.000589985541,-0.000171837297
1.0285714285714285,0.8326530612244898,0.000590341559,-0.000171725963
1.0285714285714285,0.8244897959183674,0.000591039125,-0.00017197246
1.0285714285714285,0.8163265306122449,0.00059090266,-0.000171254036
1.0285714285714285,0.8081632653061225,0.000589919802,-0.000173424173
1.0285714285714285,0.8,0.000590062111,-0.0001711296
1.0204081632653061,1.2,0.000592877195,-0.000173474686
1.0204081632653061,1.1918367346938774,0.00059385804,-0.00017235264
1.0204081632653061,1.183673469387755,0.000594070788,-0.000173310494
1.0204081632653061,1.1755102040816325,0.000593100579,-0.000173708722
1.0204081632653061,1.1673469387755102,0.000592498464,-0.000173925129
1.0204081632653061,1.1591836734693877,0.000592128837,-0.000173318233
1.0204081632653061,1.1510204081632653,0.000592060125,-0.000173264733
1.0204081632653061,1.1428571428571428,0.000593371883,-0.000173714086
1.0204081632653061,1.1346938775510205,0.000592754432,-0.000174005507
1.0204081632653061,1.126530612244898,0.000593211459,-0.000173538943
1.0204081632653061,1.1183673469387754,0.000592346091,-0.000174245774
1.0204081632653061,1.110204081632653,0.000592495685,-0.000173962958
1.0204081632653061,1.1020408163265305,0.000592108137,-0.000173733642
1.0204081632653061,1.0938775510204082,0.000592812794,-0.000173120292
1.0204081632653061,1.0857142857142856,0.000591773873,-0.000172465259
1.0204081632653061,1.0775510204081633,0.000592713705,-0.000174142628
1.0204081632653061,1.0693877551020408,0.000593433311,-0.000174862142
1.0204081632653061,1.0612244897959184,0.000592963348,-0.00017411318
1.0204081632653061,1.0530612244897959,0.000592583371,-0.000173387211
1.0204081632653061,1.0448979591836736,0.000592552034,-0.000174156148
1.0204081632653061,1.036734693877551,0.000590873142,-0.000174682248
1.0204081632653061,1.0285714285714285,0.000591197536,-0.000173972624
1.0204081632653061,1.0204081632653061,0.000591221016,-0.000174024421
1.0204081632653061,1.0122448979591836,0.000591698069,-0.000176249374
1.0204081632653061,1.0040816326530613,0.000592755678,-0.000174817859
1.0204081632653061,0.9959183673469387,0.000590406725,-0.000173789742
1.0204081632653061,0.9877551020408163,0.000590448892,-0.000174018191
1.0204081632653061,0.9795918367346939,0.000592510633,-0.00017340012
1.0204081632653061,0.9714285714285714,0.000592386818,-0.000173814244
1.0204081632653061,0.963265306122449,0.000592569955,-0.000173240007
1.0204081632653061,0.9551020408163265,0.000591297586,-0.000173588365
1.0204081632653061,0.9469387755102041,0.000591207886,-0.000173817456
1.0204081632653061,0.9387755102040816,0.000591587383,-0.000173893755
1.0204081632653061,0.9306122448979592,0.00059117281,-0.000173808014
1.0204081632653061,0.9224489795918367,0.000591757964,-0.000173962315
1.0204081632653061,0.9142857142857143,0.000591883219,-0.000174233732
1.0204081632653061,0.9061224489795918,0.000591964868,-0.00017363695
1.0204081632653061,0.8979591836734694,0.000591595721,-0.00017401604
1.0204081632653061,0.889795918367347,0.000592746861,-0.000172774085
1.0204081632653061,0.8816326530612244,0.000593528568,-0.000173051314
1.0204081632653061,0.8734693877551021,0.000592065683,-0.000174219345
1.0204081632653061,0.8653061224489795,0.000593013373,-0.000173711516
1.0204081632653061,0.8571428571428572,0.000593256212,-0.000173705062
1.0204081632653061,0.8489795918367347,0.000592013932,-0.000173041648
1.0204081632653061,0.8408163265306122,0.00059194618,-0.000173040138
1.0204081632653061,0.8326530612244898,0.000591884559,-0.000173136412
1.0204081632653061,0.8244897959183674,0.000591249094,-0.00017325783
1.0204081632653061,0.8163265306122449,0.000591731613,-0.000173791894
1.0204081632653061,0.8081632653061225,0.0005914881,-0.000173614376
1.0204081632653061,0.8,0.000591239703,-0.000172839403
1.0122448979591836,1.2,0.000592283703,-0.000173974357
1.0122448979591836,1.1918367346938774,0.000592568996,-0.000174188837
1.0122448979591836,1.183673469387755,0.000593285729,-0.000173205615
1.0122448979591836,1.1755102040816325,0.000594469739,-0.000173119007
1.0122448979591836,1.1673469387755102,0.000593291861,-0.000173907082
1.0122448979591836,1.1591836734693877,0.000593530581,-0.000173097299
1.0122448979591836,1.1510204081632653,0.000593181175,-0.00017395737
1.0122448979591836,1.1428571428571428,0.000593106618,-0.000173278253
1.0122448979591836,1.1346938775510205,0.00059265237,-0.000173467814
1.0122448979591836,1.126530612244898,0.000592766795,-0.000172421618
1.0122448979591836,1.1183673469387754,0.000592669045,-0.000173211427
1.0122448979591836,1.110204081632653,0.000591036826,-0.000173217432
1.0122448979591836,1.1020408163265305,0.000592699809,-0.000173803936
1.0122448979591836,1.0938775510204082,0.000592531814,-0.000173389781
1.0122448979591836,1.0857142857142856,0.000593374949,-0.000173553779
1.0122448979591836,1.0775510204081633,0.000593665513,-0.000173678857
1.0122448979591836,1.0693877551020408,0.00059249971,-0.000174328303
1.0122448979591836,1.0612244897959184,0.000593675097,-0.000173101602
1.0122448979591836,1.0530612244897959,0.000593026789,-0.000173020582
1.0122448979591836,1.0448979591836736,0.000592701342,-0.000174125416
1.0122448979591836,1.036734693877551,0.0005915111,-0.00017406331
1.0122448979591836,1.0285714285714285,0.000591801378,-0.00017351595
1.0122448979591836,1.0204081632653061,0.000591520204,-0.000174303159
1.0122448979591836,1.0122448979591836,0.000592122799,-0.000174150784
1.0122448979591836,1.0040816326530613,0.000591779431,-0.000173832067
1.0122448979591836,0.9959183673469387,0.000592163147,-0.000175117662
1.0122448979591836,0.9877551020408163,0.000592096734,-0.00017448498
1.0122448979591836,0.9795918367346939,0.000592700382,-0.000174784558
1.0122448979591836,0.9714285714285714,0.000591630603,-0.000174651098
1.0122448979591836,0.963265306122449,0.00059182543,-0.000173770186
1.0122448979591836,0.9551020408163265,0.000592235691,-0.000175052763
1.0122448979591836,0.9469387755102041,0.000592143979,-0.000175000965
1.0122448979591836,0.9387755102040816,0.000593017971,-0.00017462316
1.0122448979591836,0.9306122448979592,0.00059329234,-0.00017498356
1.0122448979591836,0.9224489795918367,0.000592448439,-0.000175499994
1.0122448979591836,0.9142857142857143,0.000592474698,-0.000173698414
1.0122448979591836,0.9061224489795918,0.000592090216,-0.000173236346
1.0122448979591836,0.8979591836734694,0.00059328199,-0.000172609027
1.0122448979591836,0.889795918367347,0.000593850183,-0.000174464332
1.0122448979591836,0.8816326530612244,0.000593505089,-0.000173145436
1.0122448979591836,0.8734693877551021,0.000593128564,-0.000174287905
1.0122448979591836,0.8653061224489795,0.000593213758,-0.000174679903
1.0122448979591836,0.8571428571428572,0.000593279691,-0.000174874602
1.0122448979591836,0.8489795918367347,0.000593732692,-0.000174054511
1.0122448979591836,0.8408163265306122,0.0005937302,-0.000175801949
1.0122448979591836,0.8326530612244898,0.000594224888,-0.000174128434
1.0122448979591836,0.8244897959183674,0.000593384052,-0.00017342504
1.0122448979591836,0.8163265306122449,0.000591752886,-0.000174238901
1.0122448979591836,0.8081632653061225,0.000591960842,-0.00017492489
1.0122448979591836,0.8,0.000592472972,-0.000173913312
1.0040816326530613,1.2,0.000589997138,-0.000172804817
1.0040816326530613,1.1918367346938774,0.000589668718,-0.000172510377
1.0040816326530613,1.183673469387755,0.000590773573,-0.00017341881
1.0040816326530613,1.1755102040816325,0.000589586304,-0.000173839806
1.0040816326530613,1.1673469387755102,0.000590023203,-0.000174141118
1.0040816326530613,1.1591836734693877,0.000589462295,-0.000173036702
1.0040816326530613,1.1510204081632653,0.000588697263,-0.000173812735
1.0040816326530613,1.1428571428571428,0.000589561578,-0.000172841554
1.0040816326530613,1.1346938775510205,0.00058979378,-0.000173044441
1.0040816326530613,1.126530612244898,0.000589690951,-0.000172846724
1.0040816326530613,1.1183673469387754,0.000591149524,-0.00017200727
1.0040816326530613,1.110204081632653,0.000589367804,-0.000171871465
1.0040816326530613,1.1020408163265305,0.000590007008,-0.000172646631
1.0040816326530613,1.0938775510204082,0.00059238126,-0.000172406365
1.0040816326530613,1.0857142857142856,0.000590333701,-0.000172483306
1.0040816326530613,1.0775510204081633,0.000590221769,-0.000172231865
1.0040816326530613,1.0693877551020408,0.000590752872,-0.000172790206
1.0040816326530613,1.0612244897959184,0.000591052254,-0.000171955279
1.0040816326530613,1.0530612244897959,0.000591157095,-0.00017212721
1.0040816326530613,1.0448979591836736,0.000591131603,-0.000172230356
1.0040816326530613,1.036734693877551,0.000591046216,-0.000173678409
1.0040816326530613,1.0285714285714285,0.000589681561,-0.000173772113
1.0040816326530613,1.0204081632653061,0.000590950672,-0.000174571587
1.0040816326530613,1.0122448979591836,0.000591514646,-0.000174138743
1.0040816326530613,1.0040816326530613,0.000590924413,-0.000174357107
1.0040816326530613,0.9959183673469387,0.000591732185,-0.000174066971
1.0040816326530613,0.9877551020408163,0.000590592928,-0.000174537195
1.0040816326530613,0.9795918367346939,0.000591070462,-0.000173348098
1.0040816326530613,0.9714285714285714,0.000591074487,-0.000174393202
1.0040816326530613,0.963265306122449,0.000589877154,-0.000173682294
1.0040816326530613,0.9551020408163265,0.000590284443,-0.000174043111
1.0040816326530613,0.9469387755102041,0.000591150291,-0.000174254155
1.0040816326530613,0.9387755102040816,0.000590619473,-0.000173491224
1.0040816326530613,0.9306122448979592,0.000590831169,-0.000173140715
1.0040816326530613,0.9224489795918367,0.000591358727,-0.000172605367
1.0040816326530613,0.9142857142857143,0.000590472945,-0.000173964242
1.0040816326530613,0.9061224489795918,0.000591410284,-0.000173454487
1.0040816326530613,0.8979591836734694,0.000591369077,-0.000173749345
1.0040816326530613,0.889795918367347,0.000590225794,-0.000173930717
1.0040816326530613,0.8816326530612244,0.000589316246,-0.000172869941
1.0040816326530613,0.8734693877551021,0.000590842572,-0.000172998231
1.0040816326530613,0.8653061224489795,0.000590907738,-0.000172884328
1.0040816326530613,0.8571428571428572,0.00059047745,-0.000173704644
1.0040816326530613,0.8489795918367347,0.000590882246,-0.000172517474
1.0040816326530613,0.8408163265306122,0.000590482529,-0.000173384642
1.0040816326530613,0.8326530612244898,0.000590893843,-0.000173234419
1.0040816326530613,0.8244897959183674,0.000591036632,-0.00017305841
1.0040816326530613,0.8163265306122449,0.0005904901,-0.00017225916
1.0040816326530613,0.8081632653061225,0.000590852922,-0.00017285016
1.0040816326530613,0.8,0.000591208653,-0.000172230998
0.9959183673469387,1.2,0.000589896608,-0.000173050671
0.9959183673469387,1.1918367346938774,0.000589742989,-0.000173429343
0.9959183673469387,1.183673469387755,0.000590360246,-0.000173341868
0.9959183673469387,1.1755102040816325,0.000588517578,-0.000172185012
0.9959183673469387,1.1673469387755102,0.000589991099,-0.000174435109
0.9959183673469387,1.1591836734693877,0.000590184393,-0.000174698368
0.9959183673469387,1.1510204081632653,0.000590189185,-0.000173606412
0.9959183673469387,1.1428571428571428,0.000590549228,-0.000174182383
0.9959183673469387,1.1346938775510205,0.000589898908,-0.000173442445
0.9959183673469387,1.126530612244898,0.000589993112,-0.000173545591
0.9959183673469387,1.1183673469387754,0.000590139641,-0.000173137921
0.9959183673469387,1.110204081632653,0.000588512786,-0.000172600003
0.9959183673469387,1.1020408163265305,0.000589138381,-0.000173774264
0.9959183673469387,1.0938775510204082,0.000588680301,-0.000173383775
0.9959183673469387,1.0857142857142856,0.000589712418,-0.000173598255
0.9959183673469387,1.0775510204081633,0.000589172497,-0.000173556348
0.9959183673469387,1.0693877551020408,0.000588838713,-0.000172656746
0.9959183673469387,1.0612244897959184,0.000589203068,-0.00017323914
0.9959183673469387,1.0530612244897959,0.000590900934,-0.00017323291
0.9959183673469387,1.0448979591836736,0.000589736184,-0.000172867565
0.9959183673469387,1.036734693877551,0.000589184574,-0.000172910115
0.9959183673469387,1.0285714285714285,0.000589174796,-0.000174369343
0.9959183673469387,1.0204081632653061,0.000588810441,-0.000173411071
0.9959183673469387,1.0122448979591836,0.000589108577,-0.000173784797
0.9959183673469387,1.0040816326530613,0.000588632289,-0.00017330921
0.9959183673469387,0.9959183673469387,0.000587183587,-0.000173100317
0.9959183673469387,0.9877551020408163,0.000588399321,-0.000172743996
0.9959183673469387,0.9795918367346939,0.000589193197,-0.000173047011
0.9959183673469387,0.9714285714285714,0.000589355921,-0.000174729325
0.9959183673469387,0.963265306122449,0.000588286429,-0.00017448604
0.9959183673469387,0.9551020408163265,0.000587059772,-0.000174446284
0.9959183673469387,0.9469387755102041,0.000589065357,-0.00017411941
0.9959183673469387,0.9387755102040816,0.000587886231,-0.000174549013
0.9959183673469387,0.9306122448979592,0.000586783103,-0.000173868611
0.9959183673469387,0.9224489795918367,0.000587681534,-0.00017403473
0.9959183673469387,0.9142857142857143,0.000587474151,-0.000175160854
0.9959183673469387,0.9061224489795918,0.000587595381,-0.00017417808
0.9959183673469387,0.8979591836734694,0.000586715924,-0.000174089545
0.9959183673469387,0.889795918367347,0.000587592122,-0.000173835086
0.9959183673469387,0.8816326530612244,0.000587082198,-0.000174337551
0.9959183673469387,0.8734693877551021,0.000586834661,-0.000174687418
0.9959183673469387,0.8653061224489795,0.000588782843,-0.000173715595
0.9959183673469387,0.8571428571428572,0.000587355128,-0.000174302292
0.9959183673469387,0.8489795918367347,0.000587193171,-0.000173679275
0.9959183673469387,0.8408163265306122,0.000587937982,-0.000173494885
0.9959183673469387,0.8326530612244898,0.000588544123,-0.000172610536
0.9959183673469387,0.8244897959183674,0.00058706533,-0.000172559381
0.9959183673469387,0.8163265306122449,0.000586715924,-0.000172839627
0.9959183673469387,0.8081632653061225,0.000587088043,-0.000173229474
0.9959183673469387,0.8,0.000588123705,-0.000173886241
0.9877551020408163,1.2,0.000588280104,-0.00017420923
0.9877551020408163,1.1918367346938774,0.000587775259,-0.000175166666
0.9877551020408163,1.183673469387755,0.000588799805,-0.000174362471
0.9877551020408163,1.1755102040816325,0.000588724001,-0.000173796839
0.9877551020408163,1.1673469387755102,0.000588758884,-0.000173677991
0.9877551020408163,1.1591836734693877,0.000588043876,-0.000173470383
0.9877551020408163,1.1510204081632653,0.000588785909,-0.000173533998
0.9877551020408163,1.1428571428571428,0.000587627771,-0.000173575905
0.9877551020408163,1.1346938775510205,0.000589145186,-0.000173185416
0.9877551020408163,1.126530612244898,0.000588322558,-0.000172416031
0.9877551020408163,1.1183673469387754,0.000588435256,-0.000173626836
0.9877551020408163,1.110204081632653,0.000589534553,-0.000173162841
0.9877551020408163,1.1020408163265305,0.000588769234,-0.000172694992
0.9877551020408163,1.0938775510204082,0.000588345271,-0.000172808253
0.9877551020408163,1.0857142857142856,0.000588223755,-0.000173019073
0.9877551020408163,1.0775510204081633,0.000589204314,-0.000172541976
0.9877551020408163,1.0693877551020408,0.000590022436,-0.00017332639
0.9877551020408163,1.0612244897959184,0.000588344024,-0.000173475328
0.9877551020408163,1.0530612244897959,0.000587915749,-0.000173908142
0.9877551020408163,1.0448979591836736,0.000588747767,-0.000174281675
0.9877551020408163,1.036734693877551,0.000589509254,-0.000173445881
0.9877551020408163,1.0285714285714285,0.000590013813,-0.000172910981
0.9877551020408163,1.0204081632653061,0.000588288155,-0.000173455772
0.9877551020408163,1.0122448979591836,0.000589594928,-0.000173803711
0.9877551020408163,1.0040816326530613,0.000590191485,-0.000173475328
0.9877551020408163,0.9959183673469387,0.000590358233,-0.000173174883
0.9877551020408163,0.9877551020408163,0.000589336467,-0.000173803069
0.9877551020408163,0.9795918367346939,0.000590477737,-0.00017317058
0.9877551020408163,0.9714285714285714,0.000588835934,-0.000173748478
0.9877551020408163,0.963265306122449,0.000589092188,-0.000173463093
0.9877551020408163,0.9551020408163265,0.000587546889,-0.000174741142
0.9877551020408163,0.9469387755102041,0.000588180055,-0.000173227323
0.9877551020408163,0.9387755102040816,0.000588330129,-0.000174157239
0.9877551020408163,0.9306122448979592,0.00058828039,-0.000174162602
0.9877551020408163,0.9224489795918367,0.000588224041,-0.000174128434
0.9877551020408163,0.9142857142857143,0.000587864958,-0.000174006149
0.9877551020408163,0.9061224489795918,0.000587312674,-0.000173355419
0.9877551020408163,0.8979591836734694,0.00058764186,-0.000173901494
0.9877551020408163,0.889795918367347,0.000589315,-0.000173454038
0.9877551020408163,0.8816326530612244,0.00058757468,-0.000174252228
0.9877551020408163,0.8734693877551021,0.000587887958,-0.000174735555
0.9877551020408163,0.8653061224489795,0.000586453151,-0.000174748239
0.9877551020408163,0.8571428571428572,0.00058807646,-0.000174296511
0.9877551020408163,0.8489795918367347,0.000587852595,-0.000173832934
0.9877551020408163,0.8408163265306122,0.000587645405,-0.000173647901
0.9877551020408163,0.8326530612244898,0.000588728793,-0.000173996483
0.9877551020408163,0.8244897959183674,0.000587458723,-0.000173542797
0.9877551020408163,0.8163265306122449,0.000589079732,-0.000173403974
0.9877551020408163,0.8081632653061225,0.000588664679,-0.00017449593
0.9877551020408163,0.8,0.000589480983,-0.000173890961
0.9795918367346939,1.2,0.000585009434,-0.000172857675
0.9795918367346939,1.1918367346938774,0.000584854088,-0.000172594416
0.9795918367346939,1.183673469387755,0.000585364398,-0.00017222541
0.9795918367346939,1.1755102040816325,0.00058464182,-0.000172991135
0.9795918367346939,1.1673469387755102,0.000585245181,-0.000172930314
0.9795918367346939,1.1591836734693877,0.000584865398,-0.000173052598
0.9795918367346939,1.1510204081632653,0.000584893476,-0.000172499845
0.9795918367346939,1.1428571428571428,0.000585032913,-0.000172641686
0.9795918367346939,1.1346938775510205,0.000584484175,-0.000172982978
0.9795918367346939,1.126530612244898,0.000585927125,-0.000172682308
0.9795918367346939,1.1183673469387754,0.000585759324,-0.000173021642
0.9795918367346939,1.110204081632653,0.000584945513,-0.000173384642
0.9795918367346939,1.1020408163265305,0.000585507188,-0.000173575905
0.9795918367346939,1.0938775510204082,0.000586834854,-0.000173921693
0.9795918367346939,1.0857142857142856,0.000585615861,-0.000173108056
0.9795918367346939,1.0775510204081633,0.000585326257,-0.000173001025
0.9795918367346939,1.0693877551020408,0.000584929318,-0.000173870763
0.9795918367346939,1.0612244897959184,0.000585914476,-0.000172685744
0.9795918367346939,1.0530612244897959,0.000585495785,-0.000173010691
0.9795918367346939,1.0448979591836736,0.00058544528,-0.000172646856
0.9795918367346939,1.036734693877551,0.00058523857,-0.00017183277
0.9795918367346939,1.0285714285714285,0.000584617287,-0.000173171447
0.9795918367346939,1.0204081632653061,0.00058549837,-0.000172252064
0.9795918367346939,1.0122448979591836,0.000584894242,-0.000172393905
0.9795918367346939,1.0040816326530613,0.000585185286,-0.000171672463
0.9795918367346939,0.9959183673469387,0.000584963434,-0.000171734345
0.9795918367346939,0.9877551020408163,0.000585304023,-0.000172484815
0.9795918367346939,0.9795918367346939,0.000585369956,-0.00017285016
0.9795918367346939,0.9714285714285714,0.000585317153,-0.000172270753
0.9795918367346939,0.963265306122449,0.00058417291,-0.000172251421
0.9795918367346939,0.9551020408163265,0.00058515117,-0.000172574859
0.9795918367346939,0.9469387755102041,0.000583759777,-0.000171944522
0.9795918367346939,0.9387755102040816,0.000583928825,-0.000172036299
0.9795918367346939,0.9306122448979592,0.000583814113,-0.00017209195
0.9795918367346939,0.9224489795918367,0.000586211558,-0.00017188521
0.9795918367346939,0.9142857142857143,0.000584366398,-0.000172764195
0.9795918367346939,0.9061224489795918,0.000583721635,-0.000171431972
0.9795918367346939,0.8979591836734694,0.000584052354,-0.000171859005
0.9795918367346939,0.889795918367347,0.000583059431,-0.000170309927
0.9795918367346939,0.8816326530612244,0.000583014199,-0.000171563505
0.9795918367346939,0.8734693877551021,0.000583204427,-0.000171171507
0.9795918367346939,0.8653061224489795,0.000583039977,-0.000171142927
0.9795918367346939,0.8571428571428572,0.000582077626,-0.000170645182
0.9795918367346939,0.8489795918367347,0.000581993198,-0.000171424233
0.9795918367346939,0.8408163265306122,0.000583123832,-0.00017247364
0.9795918367346939,0.8326530612244898,0.000584523563,-0.000171616138
0.9795918367346939,0.8244897959183674,0.000583932084,-0.00017268812
0.9795918367346939,0.8163265306122449,0.000584226194,-0.000171369642
0.9795918367346939,0.8081632653061225,0.000583616507,-0.000172157717
0.9795918367346939,0.8,0.000585481889,-0.000172516832
0.9714285714285714,1.2,0.000585518304,-0.000170666248
0.9714285714285714,1.1918367346938774,0.000584683987,-0.00017113066
0.9714285714285714,1.183673469387755,0.00058602133,-0.000171334189
0.9714285714285714,1.1755102040816325,0.000585122899,-0.000172500936
0.9714285714285714,1.1673469387755102,0.000584820738,-0.000171581328
0.9714285714285714,1.1591836734693877,0.000584512446,-0.000171514277
0.9714285714285714,1.1510204081632653,0.000585656495,-0.000171193633
0.9714285714285714,1.1428571428571428,0.000586211558,-0.000172347053
0.9714285714285714,1.1346938775510205,0.000586475098,-0.000173197233
0.9714285714285714,1.126530612244898,0.000585220169,-0.000172652219
0.9714285714285714,1.1183673469387754,0.000585346763,-0.000172383372
0.9714285714285714,1.110204081632653,0.000585547342,-0.000172813199
0.9714285714285714,1.1020408163265305,0.00058501068,-0.000172716058
0.9714285714285714,1.0938775510204082,0.000586383866,-0.000172181994
0.9714285714285714,1.0857142857142856,0.000584968993,-0.000172419691
0.9714285714285714,1.0775510204081633,0.000585090795,-0.000173092354
0.9714285714285714,1.0693877551020408,0.000584647378,-0.000173672403
0.9714285714285714,1.0612244897959184,0.000584713311,-0.000172619978
0.9714285714285714,1.0530612244897959,0.000584670378,-0.000172854239
0.9714285714285714,1.0448979591836736,0.000584697403,-0.000173298677
0.9714285714285714,1.036734693877551,0.000584806842,-0.000172482439
0.9714285714285714,1.0285714285714285,0.00058560973,-0.000170933167
0.9714285714285714,1.0204081632653061,0.000584186039,-0.000172233149
0.9714285714285714,1.0122448979591836,0.000584774452,-0.000171221153
0.9714285714285714,1.0040816326530613,0.000584285802,-0.00017087514
0.9714285714285714,0.9959183673469387,0.000585350022,-0.000172298916
0.9714285714285714,0.9877551020408163,0.000584000796,-0.000170705585
0.9714285714285714,0.9795918367346939,0.000585078146,-0.000170166576
0.9714285714285714,0.9714285714285714,0.000584000603,-0.000170895981
0.9714285714285714,0.963265306122449,0.000584078899,-0.000171448735
0.9714285714285714,0.9551020408163265,0.000584215844,-0.000170192812
0.9714285714285714,0.9469387755102041,0.000584559692,-0.00017031895
0.9714285714285714,0.9387755102040816,0.000583627144,-0.000170804428
0.9714285714285714,0.9306122448979592,0.000583809801,-0.000170067733
0.9714285714285714,0.9224489795918367,0.000583933903,-0.00017155339
0.9714285714285714,0.9142857142857143,0.000582430578,-0.000169184445
0.9714285714285714,0.9061224489795918,0.000582505328,-0.000170292521
0.9714285714285714,0.8979591836734694,0.000583471512,-0.000170284782
0.9714285714285714,0.889795918367347,0.00058409682,-0.000171075651
0.9714285714285714,0.8816326530612244,0.000583802997,-0.00017192991
0.9714285714285714,0.8734693877551021,0.000584223415,-0.000173079894
0.9714285714285714,0.8653061224489795,0.000584402813,-0.000172101199
0.9714285714285714,0.8571428571428572,0.000583358813,-0.00017184523
0.9714285714285714,0.8489795918367347,0.000585093861,-0.000170692034
0.9714285714285714,0.8408163265306122,0.000584751453,-0.000172034565
0.9714285714285714,0.8326530612244898,0.000585463968,-0.000171343213
0.9714285714285714,0.8244897959183674,0.000584754518,-0.000170637667
0.9714285714285714,0.8163265306122449,0.000584617094,-0.000171892949
0.9714285714285714,0.8081632653061225,0.000584299698,-0.000171244146
0.9714285714285714,0.8,0.000584427059,-0.000169854538
0.963265306122449,1.2,0.00058391263,-0.000171116049
0.963265306122449,1.1918367346938774,0.000585030134,-0.000172772994
0.963265306122449,1.183673469387755,0.00058507412,-0.000172217671
0.963265306122449,1.1755102040816325,0.00058362887,-0.000172518759
0.963265306122449,1.1673469387755102,0.000585331815,-0.00017239368
0.963265306122449,1.1591836734693877,0.000585113028,-0.000171663857
0.963265306122449,1.1510204081632653,0.000583200882,-0.000172676078
0.963265306122449,1.1428571428571428,0.000583645832,-0.000171435408
0.963265306122449,1.1346938775510205,0.000584652936,-0.000172979542
0.963265306122449,1.126530612244898,0.000583837399,-0.000172868208
0.963265306122449,1.1183673469387754,0.000584429838,-0.000173729564
0.963265306122449,1.110204081632653,0.000583852255,-0.000173134261
0.963265306122449,1.1020408163265305,0.000583490966,-0.000171927341
0.963265306122449,1.0938775510204082,0.00058409634,-0.000171972908
0.963265306122449,1.0857142857142856,0.000584836646,-0.000172433018
0.963265306122449,1.0775510204081633,0.000583548848,-0.00017182031
0.963265306122449,1.0693877551020408,0.000584189298,-0.000172193812
0.963265306122449,1.0612244897959184,0.0005839892,-0.000171583062
0.963265306122449,1.0530612244897959,0.000583130157,-0.000172310091
0.963265306122449,1.0448979591836736,0.0005830326,-0.00017193248
0.963265306122449,1.036734693877551,0.000584180481,-0.00017309945
0.963265306122449,1.0285714285714285,0.000584138794,-0.000170610147
0.963265306122449,1.0204081632653061,0.00058401977,-0.000171110686
0.963265306122449,1.0122448979591836,0.000583358813,-0.000171174719
0.963265306122449,1.0040816326530613,0.000584030887,-0.000171611193
0.963265306122449,0.9959183673469387,0.000583464707,-0.000172604531
0.963265306122449,0.9877551020408163,0.000583757284,-0.0001727816
0.963265306122449,0.9795918367346939,0.000582655689,-0.000171061264
0.963265306122449,0.9714285714285714,0.00058502007,-0.000172676078
0.963265306122449,0.963265306122449,0.00058289163,-0.000171763792
0.963265306122449,0.9551020408163265,0.000584543017,-0.000172763328
0.963265306122449,0.9469387755102041,0.000583905059,-0.000170984098
0.963265306122449,0.9387755102040816,0.000584521263,-0.000171987071
0.963265306122449,0.9306122448979592,0.000584590549,-0.000172350713
0.963265306122449,0.9224489795918367,0.000583243622,-0.000172404662
0.963265306122449,0.9142857142857143,0.000583202414,-0.000172150202
0.963265306122449,0.9061224489795918,0.000583729206,-0.000172524571
0.963265306122449,0.8979591836734694,0.000585240869,-0.000171945388
0.963265306122449,0.889795918367347,0.00058429414,-0.000173100735
0.963265306122449,0.8816326530612244,0.000584160454,-0.000172270335
0.963265306122449,0.8734693877551021,0.000583641806,-0.000172828452
0.963265306122449,0.8653061224489795,0.000583449279,-0.000174331963
0.963265306122449,0.8571428571428572,0.000584299984,-0.000173679051
0.963265306122449,0.8489795918367347,0.000584411917,-0.000173544949
0.963265306122449,0.8408163265306122,0.000584336593,-0.000172701222
0.963265306122449,0.8326530612244898,0.000584486954,-0.000172429582
0.963265306122449,0.8244897959183674,0.000584574354,-0.000172430866
0.963265306122449,0.8163265306122449,0.000584212778,-0.000173173598
0.963265306122449,0.8081632653061225,0.000584231272,-0.000172711755
0.963265306122449,0.8,0.000583186986,-0.000172341465
0.9551020408163265,1.2,0.000582701401,-0.000169619217
0.9551020408163265,1.1918367346938774,0.000584235011,-0.000169160585
0.9551020408163265,1.183673469387755,0.000584053407,-0.000170535164
0.9551020408163265,1.1755102040816325,0.000584447279,-0.000169835624
0.9551020408163265,1.1673469387755102,0.000585669625,-0.000169758906
0.9551020408163265,1.1591836734693877,0.000584168598,-0.000170080835
0.9551020408163265,1.1510204081632653,0.000584093561,-0.000169226576
0.9551020408163265,1.1428571428571428,0.000582933603,-0.000169994228
0.9551020408163265,1.1346938775510205,0.000583153636,-0.000169434377
0.9551020408163265,1.126530612244898,0.000583811048,-0.000169564401
0.9551020408163265,1.1183673469387754,0.000583232985,-0.000170327332
0.9551020408163265,1.110204081632653,0.000583961408,-0.000170096089
0.9551020408163265,1.1020408163265305,0.000584070561,-0.00016989516
0.9551020408163265,1.0938775510204082,0.000583661547,-0.000170007972
0.9551020408163265,1.0857142857142856,0.000584048808,-0.000170322386
0.9551020408163265,1.0775510204081633,0.000584605691,-0.000170066
0.9551020408163265,1.0693877551020408,0.000584751453,-0.000170297467
0.9551020408163265,1.0612244897959184,0.000584335827,-0.000169419124
0.9551020408163265,1.0530612244897959,0.000583983928,-0.000169263313
0.9551020408163265,1.0448979591836736,0.000584071808,-0.000169384089
0.9551020408163265,1.036734693877551,0.000585293193,-0.000168799768
0.9551020408163265,1.0285714285714285,0.000583479369,-0.000170095865
0.9551020408163265,1.0204081632653061,0.000584016511,-0.000170306266
0.9551020408163265,1.0122448979591836,0.000585256778,-0.000169849593
0.9551020408163265,1.0040816326530613,0.000585055146,-0.000168335773
0.9551020408163265,0.9959183673469387,0.000585384139,-0.000168622892
0.9551020408163265,0.9877551020408163,0.000585415956,-0.000169063027
0.9551020408163265,0.9795918367346939,0.00058477292,-0.000169092474
0.9551020408163265,0.9714285714285714,0.000584962954,-0.000168856704
0.9551020408163265,0.963265306122449,0.000584899514,-0.000168883357
0.9551020408163265,0.9551020408163265,0.000584177415,-0.000168634067
0.9551020408163265,0.9469387755102041,0.00058577044,-0.000167561667
0.9551020408163265,0.9387755102040816,0.00058427066,-0.00016803597
0.9551020408163265,0.9306122448979592,0.000585905852,-0.000167974282
0.9551020408163265,0.9224489795918367,0.000584056952,-0.000168138056
0.9551020408163265,0.9142857142857143,0.00058431388,-0.000169342406
0.9551020408163265,0.9061224489795918,0.00058502007,-0.000168872406
0.9551020408163265,0.8979591836734694,0.000585669145,-0.000168538853
0.9551020408163265,0.889795918367347,0.000585503356,-0.000167856525
0.9551020408163265,0.8816326530612244,0.000584999563,-0.000168554332
0.9551020408163265,0.8734693877551021,0.000585853335,-0.000168548102
0.9551020408163265,0.8653061224489795,0.000584794193,-0.00016841872
0.9551020408163265,0.8571428571428572,0.000586083718,-0.000168531339
0.9551020408163265,0.8489795918367347,0.000585474798,-0.000168027589
0.9551020408163265,0.8408163265306122,0.000585988747,-0.000168044994
0.9551020408163265,0.8326530612244898,0.000585393722,-0.000169299857
0.9551020408163265,0.8244897959183674,0.000585362192,-0.000168684131
0.9551020408163265,0.8163265306122449,0.000585630716,-0.000168617947
0.9551020408163265,0.8081632653061225,0.0005865969,-0.000168073574
0.9551020408163265,0.8,0.000587056992,-0.000168157613
0.9469387755102041,1.2,0.000587758104,-0.000167002908
0.9469387755102041,1.1918367346938774,0.000587378127,-0.000167336012
0.9469387755102041,1.183673469387755,0.000587216937,-0.000166957983
0.9469387755102041,1.1755102040816325,0.000587342478,-0.00016754362
0.9469387755102041,1.1673469387755102,0.000587758871,-0.000167182771
0.9469387755102041,1.1591836734693877,0.000587568356,-0.000167442819
0.9469387755102041,1.1510204081632653,0.000587421347,-0.000166899538
0.9469387755102041,1.1428571428571428,0.000587594901,-0.000167212861
0.9469387755102041,1.1346938775510205,0.000587646652,-0.000167588738
0.9469387755102041,1.126530612244898,0.000588765689,-0.000166449288
0.9469387755102041,1.1183673469387754,0.000588469853,-0.000165583853
0.9469387755102041,1.110204081632653,0.000587973631,-0.000165992614
0.9469387755102041,1.1020408163265305,0.000587499837,-0.00016743508
0.9469387755102041,1.0938775510204082,0.000587548422,-0.000166795076
0.9469387755102041,1.0857142857142856,0.00058751172,-0.000167628494
0.9469387755102041,1.0775510204081633,0.000587044343,-0.000167168802
0.9469387755102041,1.0693877551020408,0.000587435723,-0.000167867058
0.9469387755102041,1.0612244897959184,0.000587918048,-0.000168331052
0.9469387755102041,1.0530612244897959,0.000586767195,-0.000168142777
0.9469387755102041,1.0448979591836736,0.000587026422,-0.000167948945
0.9469387755102041,1.036734693877551,0.00058871595,-0.000166498291
0.9469387755102041,1.0285714285714285,0.000588402387,-0.000165641881
0.9469387755102041,1.0204081632653061,0.000587873582,-0.000166424368
0.9469387755102041,1.0122448979591836,0.000588024902,-0.000166233523
0.9469387755102041,1.0040816326530613,0.000587954944,-0.00016654601
0.9469387755102041,0.9959183673469387,0.000587870516,-0.000166738782
0.9469387755102041,0.9877551020408163,0.000587319765,-0.000166563415
0.9469387755102041,0.9795918367346939,0.00058869573,-0.000166925966
0.9469387755102041,0.9714285714285714,0.000587280857,-0.0001660833
0.9469387755102041,0.963265306122449,0.000587623939,-0.000166628315
0.9469387755102041,0.9551020408163265,0.000587393269,-0.000166101572
0.9469387755102041,0.9469387755102041,0.00058752159,-0.000165922545
0.9469387755102041,0.9387755102040816,0.000587177742,-0.000165611149
0.9469387755102041,0.9306122448979592,0.000588846284,-0.000165373676
0.9469387755102041,0.9224489795918367,0.000588960995,-0.000164703808
0.9469387755102041,0.9142857142857143,0.000588358207,-0.000164895937
0.9469387755102041,0.9061224489795918,0.000589549215,-0.000164801142
0.9469387755102041,0.8979591836734694,0.000588319972,-0.000165241501
0.9469387755102041,0.889795918367347,0.000587544876,-0.000166508182
0.9469387755102041,0.8816326530612244,0.000587506448,-0.000166054945
0.9469387755102041,0.8734693877551021,0.000588608044,-0.000165799618
0.9469387755102041,0.8653061224489795,0.000588074927,-0.000166175496
0.9469387755102041,0.8571428571428572,0.000588767221,-0.000164889901
0.9469387755102041,0.8489795918367347,0.000589191185,-0.000163902182
0.9469387755102041,0.8408163265306122,0.000589550941,-0.000164870569
0.9469387755102041,0.8326530612244898,0.000589035072,-0.000165465872
0.9469387755102041,0.8244897959183674,0.000589084331,-0.000164756023
0.9469387755102041,0.8163265306122449,0.000588375841,-0.000165061189
0.9469387755102041,0.8081632653061225,0.000587904633,-0.000164961479
0.9469387755102041,0.8,0.000588350829,-0.000165143494
0.9387755102040816,1.2,0.000585561524,-0.000165476404
0.9387755102040816,1.1918367346938774,0.000586958189,-0.000165814454
0.9387755102040816,1.183673469387755,0.000586906152,-0.000166121771
0.9387755102040816,1.1755102040816325,0.000586498864,-0.00016583035
0.9387755102040816,1.1673469387755102,0.000587133276,-0.000165273518
0.9387755102040816,1.1591836734693877,0.000586927139,-0.000165777492
0.9387755102040816,1.1510204081632653,0.000586537005,-0.00016706479
0.9387755102040816,1.1428571428571428,0.00058745719,-0.000166634127
0.9387755102040816,1.1346938775510205,0.000585564783,-0.000166398357
0.9387755102040816,1.126530612244898,0.000584809335,-0.000166271351
0.9387755102040816,1.1183673469387754,0.000585092522,-0.000166388691
0.9387755102040816,1.110204081632653,0.000586229,-0.000166462614
0.9387755102040816,1.1020408163265305,0.000585425059,-0.0001658527
0.9387755102040816,1.0938775510204082,0.000587151483,-0.000164598061
0.9387755102040816,1.0857142857142856,0.000588251066,-0.000166482171
0.9387755102040816,1.0775510204081633,0.000586561251,-0.000165851415
0.9387755102040816,1.0693877551020408,0.000588194717,-0.000165806072
0.9387755102040816,1.0612244897959184,0.000588265155,-0.000166063101
0.9387755102040816,1.0530612244897959,0.000589763976,-0.000166208603
0.9387755102040816,1.0448979591836736,0.000588494098,-0.000166928118
0.9387755102040816,1.036734693877551,0.000588381206,-0.000166404811
0.9387755102040816,1.0285714285714285,0.000588771053,-0.000165606846
0.9387755102040816,1.0204081632653061,0.000588289688,-0.000166244056
0.9387755102040816,1.0122448979591836,0.000588034006,-0.000165923636
0.9387755102040816,1.0040816326530613,0.000589833454,-0.000164668131
0.9387755102040816,0.9959183673469387,0.000588695443,-0.00016592749
0.9387755102040816,0.9877551020408163,0.000588975371,-0.00016545383
0.9387755102040816,0.9795918367346939,0.000588285662,-0.000165033475
0.9387755102040816,0.9714285714285714,0.000588085564,-0.000165428685
0.9387755102040816,0.963265306122449,0.00058764138,-0.000166174211
0.9387755102040816,0.9551020408163265,0.000587884219,-0.000165403541
0.9387755102040816,0.9469387755102041,0.000587852309,-0.00016727047
0.9387755102040816,0.9387755102040816,0.000587560018,-0.000166193125
0.9387755102040816,0.9306122448979592,0.000587422114,-0.000166430598
0.9387755102040816,0.9224489795918367,0.000588026915,-0.00016662703
0.9387755102040816,0.9142857142857143,0.000587847997,-0.000166354074
0.9387755102040816,0.9061224489795918,0.000589058266,-0.000165735361
0.9387755102040816,0.8979591836734694,0.000587770467,-0.000165357331
0.9387755102040816,0.889795918367347,0.000588868517,-0.000165124162
0.9387755102040816,0.8816326530612244,0.000588486527,-0.000165897625
0.9387755102040816,0.8734693877551021,0.000588282117,-0.000165674539
0.9387755102040816,0.8653061224489795,0.000587506448,-0.000165083121
0.9387755102040816,0.8571428571428572,0.000587545642,-0.000165171656
0.9387755102040816,0.8489795918367347,0.000589012553,-0.000165027663
0.9387755102040816,0.8408163265306122,0.000587747274,-0.000164839194
0.9387755102040816,0.8326530612244898,0.000587337973,-0.000165645959
0.9387755102040816,0.8244897959183674,0.000586458423,-0.000165960598
0.9387755102040816,0.8163265306122449,0.000586526369,-0.000165138131
0.9387755102040816,0.8081632653061225,0.000585844997,-0.000165242143
0.9387755102040816,0.8,0.000585941501,-0.000166184744
0.9306122448979592,1.2,0.000588506461,-0.000165267512
0.9306122448979592,1.1918367346938774,0.000587875595,-0.000165013052
0.9306122448979592,1.183673469387755,0.000589162147,-0.000166209664
0.9306122448979592,1.1755102040816325,0.000588996164,-0.000165625536
0.9306122448979592,1.1673469387755102,0.000588862959,-0.000166460687
0.9306122448979592,1.1591836734693877,0.000588048668,-0.000166772726
0.9306122448979592,1.1510204081632653,0.000587133276,-0.000166389333
0.9306122448979592,1.1428571428571428,0.000588346324,-0.000167255859
0.9306122448979592,1.1346938775510205,0.000588147185,-0.000166115541
0.9306122448979592,1.126530612244898,0.000588024902,-0.000167262089
0.9306122448979592,1.1183673469387754,0.000588044356,-0.000166020328
0.9306122448979592,1.110204081632653,0.000587732039,-0.000166355808
0.9306122448979592,1.1020408163265305,0.000589159368,-0.000166562773
0.9306122448979592,1.0938775510204082,0.000588268701,-0.000166944656
0.9306122448979592,1.0857142857142856,0.000587677509,-0.000166605098
0.9306122448979592,1.0775510204081633,0.000587978137,-0.000166566852
0.9306122448979592,1.0693877551020408,0.000589021177,-0.000166502176
0.9306122448979592,1.0612244897959184,0.00058738062,-0.000166688494
0.9306122448979592,1.0530612244897959,0.000589156302,-0.000167171178
0.9306122448979592,1.0448979591836736,0.000588631043,-0.00016658705
0.9306122448979592,1.036734693877551,0.000589217443,-0.000166946808
0.9306122448979592,1.0285714285714285,0.000588459982,-0.000166663992
0.9306122448979592,1.0204081632653061,0.000589614382,-0.000166787561
0.9306122448979592,1.0122448979591836,0.000588970099,-0.0001669698
0.9306122448979592,1.0040816326530613,0.000588727547,-0.00016724918
0.9306122448979592,0.9959183673469387,0.000590049942,-0.000166300574
0.9306122448979592,0.9877551020408163,0.000589152277,-0.000167152906
0.9306122448979592,0.9795918367346939,0.000588257871,-0.000166028934
0.9306122448979592,0.9714285714285714,0.000589250313,-0.000166796167
0.9306122448979592,0.963265306122449,0.000589969633,-0.000166555034
0.9306122448979592,0.9551020408163265,0.000588149198,-0.000166710844
0.9306122448979592,0.9469387755102041,0.000589970113,-0.000166681622
0.9306122448979592,0.9387755102040816,0.000589260377,-0.000167692976
0.9306122448979592,0.9306122448979592,0.000588175743,-0.0001675608
0.9306122448979592,0.9224489795918367,0.000588728313,-0.000166948317
0.9306122448979592,0.9142857142857143,0.000589871116,-0.000167638384
0.9306122448979592,0.9061224489795918,0.00058949967,-0.000166216118
0.9306122448979592,0.8979591836734694,0.000588842545,-0.000166470353
0.9306122448979592,0.889795918367347,0.000588460749,-0.000165970906
0.9306122448979592,0.8816326530612244,0.000587459969,-0.000166850534
0.9306122448979592,0.8734693877551021,0.000588539045,-0.000166152727
0.9306122448979592,0.8653061224489795,0.000588220496,-0.000166473789
0.9306122448979592,0.8571428571428572,0.000588980449,-0.000167205988
0.9306122448979592,0.8489795918367347,0.000588723521,-0.000166758981
0.9306122448979592,0.8408163265306122,0.000588328116,-0.000167071244
0.9306122448979592,0.8326530612244898,0.000587735871,-0.000166205585
0.9306122448979592,0.8244897959183674,0.000589941555,-0.000165676049
0.9306122448979592,0.8163265306122449,0.00058889075,-0.000166752751
0.9306122448979592,0.8081632653061225,0.00058950954,-0.000164927311
0.9306122448979592,0.8,0.000588937516,-0.000166636696
0.9224489795918367,1.2,0.000588654809,-0.000165801769
0.9224489795918367,1.1918367346938774,0.000589122186,-0.000166207737
0.9224489795918367,1.183673469387755,0.000589451945,-0.000167073395
0.9224489795918367,1.1755102040816325,0.0005888367,-0.000167047609
0.9224489795918367,1.1673469387755102,0.000589612082,-0.000166194634
0.9224489795918367,1.1591836734693877,0.000587688912,-0.000166619067
0.9224489795918367,1.1510204081632653,0.000588115848,-0.000166878472
0.9224489795918367,1.1428571428571428,0.000589105797,-0.000167151622
0.9224489795918367,1.1346938775510205,0.000589386491,-0.000166345499
0.9224489795918367,1.126530612244898,0.000589524682,-0.000165769111
0.9224489795918367,1.1183673469387754,0.000589850129,-0.000167206855
0.9224489795918367,1.110204081632653,0.000589657602,-0.000166301023
0.9224489795918367,1.1020408163265305,0.000590256651,-0.000166242771
0.9224489795918367,1.0938775510204082,0.000588878867,-0.000165660153
0.9224489795918367,1.0857142857142856,0.000589820805,-0.000165810151
0.9224489795918367,1.0775510204081633,0.000589129563,-0.000166392769
0.9224489795918367,1.0693877551020408,0.000589391283,-0.00016587033
0.9224489795918367,1.0612244897959184,0.000588648964,-0.000166386539
0.9224489795918367,1.0530612244897959,0.000589428179,-0.000165965319
0.9224489795918367,1.0448979591836736,0.000589583331,-0.000165813811
0.9224489795918367,1.036734693877551,0.00058978391,-0.000166079222
0.9224489795918367,1.0285714285714285,0.000589927659,-0.000164629884
0.9224489795918367,1.0204081632653061,0.000589352375,-0.000165771038
0.9224489795918367,1.0122448979591836,0.000588971346,-0.000166068271
0.9224489795918367,1.0040816326530613,0.000589671977,-0.000165493585
0.9224489795918367,0.9959183673469387,0.000590092395,-0.000165745027
0.9224489795918367,0.9877551020408163,0.0005900118,-0.000164587753
0.9224489795918367,0.9795918367346939,0.000589061045,-0.000164209081
0.9224489795918367,0.9714285714285714,0.000590281184,-0.000165755142
0.9224489795918367,0.963265306122449,0.000588594628,-0.000165965961
0.9224489795918367,0.9551020408163265,0.00058780535,-0.000164886047
0.9224489795918367,0.9469387755102041,0.00058763103,-0.000166584899
0.9224489795918367,0.9387755102040816,0.000587906932,-0.000165978421
0.9224489795918367,0.9306122448979592,0.000587655562,-0.000165203255
0.9224489795918367,0.9224489795918367,0.00058855524,-0.00016486026
0.9224489795918367,0.9142857142857143,0.000589203548,-0.000164274205
0.9224489795918367,0.9061224489795918,0.000587860166,-0.000165290505
0.9224489795918367,0.8979591836734694,0.000588590889,-0.00016643381
0.9224489795918367,0.889795918367347,0.000588772013,-0.0001664551
0.9224489795918367,0.8816326530612244,0.000589109343,-0.000166566852
0.9224489795918367,0.8734693877551021,0.00058861964,-0.000165459417
0.9224489795918367,0.8653061224489795,0.000588406698,-0.000165883656
0.9224489795918367,0.8571428571428572,0.000587724274,-0.000165906649
0.9224489795918367,0.8489795918367347,0.000587844258,-0.000165922127
0.9224489795918367,0.8408163265306122,0.000587820298,-0.000165924054
0.9224489795918367,0.8326530612244898,0.000588498124,-0.000165086333
0.9224489795918367,0.8244897959183674,0.000587073381,-0.000165271815
0.9224489795918367,0.8163265306122449,0.000589125731,-0.000164976733
0.9224489795918367,0.8081632653061225,0.000589217923,-0.000164871211
0.9224489795918367,0.8,0.000589611889,-0.000166472087
0.9142857142857143,1.2,0.000587419334,-0.000166086961
0.9142857142857143,1.1918367346938774,0.000588018578,-0.000165391948
0.9142857142857143,1.183673469387755,0.000588433724,-0.000165372809
0.9142857142857143,1.1755102040816325,0.000588266208,-0.000166200222
0.9142857142857143,1.1673469387755102,0.000588760417,-0.000165812078
0.9142857142857143,1.1591836734693877,0.000588676756,-0.000166570288
0.9142857142857143,1.1510204081632653,0.000587813207,-0.000166934348
0.9142857142857143,1.1428571428571428,0.000589099473,-0.000166503654
0.9142857142857143,1.1346938775510205,0.000589276092,-0.000166140461
0.9142857142857143,1.126530612244898,0.000588528695,-0.00016574676
0.9142857142857143,1.1183673469387754,0.000588114888,-0.000165792103
0.9142857142857143,1.110204081632653,0.000589068422,-0.000165659928
0.9142857142857143,1.1020408163265305,0.000588826636,-0.00016744131
0.9142857142857143,1.0938775510204082,0.000590661927,-0.000166620576
0.9142857142857143,1.0857142857142856,0.000588759937,-0.000166038182
0.9142857142857143,1.0775510204081633,0.000590542137,-0.000166024631
0.9142857142857143,1.0693877551020408,0.000588719209,-0.00016661091
0.9142857142857143,1.0612244897959184,0.000589755352,-0.0001661596
0.9142857142857143,1.0530612244897959,0.000590187653,-0.000167934527
0.9142857142857143,1.0448979591836736,0.000589974711,-0.000167141731
0.9142857142857143,1.036734693877551,0.000590541657,-0.00016789779
0.9142857142857143,1.0285714285714285,0.000589390517,-0.000167101109
0.9142857142857143,1.0204081632653061,0.000589167132,-0.000167557364
0.9142857142857143,1.0122448979591836,0.000587995865,-0.000167824926
0.9142857142857143,1.0040816326530613,0.000586494552,-0.000166797227
0.9142857142857143,0.9959183673469387,0.000587188859,-0.000168234972
0.9142857142857143,0.9877551020408163,0.000587796246,-0.000167904662
0.9142857142857143,0.9795918367346939,0.000587059292,-0.000167559516
0.9142857142857143,0.9714285714285714,0.000586778791,-0.000166215476
0.9142857142857143,0.963265306122449,0.000586679988,-0.000166994945
0.9142857142857143,0.9551020408163265,0.000585495018,-0.000165891395
0.9142857142857143,0.9469387755102041,0.000586509694,-0.000166460687
0.9142857142857143,0.9387755102040816,0.000586785116,-0.000165830992
0.9142857142857143,0.9306122448979592,0.000586839166,-0.000165861948
0.9142857142857143,0.9224489795918367,0.000587599693,-0.00016547984
0.9142857142857143,0.9142857142857143,0.000587448372,-0.000166384612
0.9142857142857143,0.9061224489795918,0.000589314714,-0.000165945762
0.9142857142857143,0.8979591836734694,0.000588518344,-0.000167475702
0.9142857142857143,0.889795918367347,0.000588896595,-0.000166177005
0.9142857142857143,0.8816326530612244,0.000589459516,-0.000165545607
0.9142857142857143,0.8734693877551021,0.000588875128,-0.000165517669
0.9142857142857143,0.8653061224489795,0.00058976043,-0.000166308313
0.9142857142857143,0.8571428571428572,0.000588067356,-0.000166796585
0.9142857142857143,0.8489795918367347,0.000589223002,-0.000166154236
0.9142857142857143,0.8408163265306122,0.000589326883,-0.00016646133
0.9142857142857143,0.8326530612244898,0.000588897075,-0.000166658404
0.9142857142857143,0.8244897959183674,0.000588678289,-0.000166218269
0.9142857142857143,0.8163265306122449,0.000589030474,-0.000165575472
0.9142857142857143,0.8081632653061225,0.000588318246,-0.000166926609
0.9142857142857143,0.8,0.00059014194,-0.000166372346
0.9061224489795918,1.2,0.000590432984,-0.000166919737
0.9061224489795918,1.1918367346938774,0.000591577033,-0.000167240381
0.9061224489795918,1.183673469387755,0.00059156515,-0.000167548983
0.9061224489795918,1.1755102040816325,0.00059146788,-0.000167565746
0.9061224489795918,1.1673469387755102,0.000591640187,-0.000167046966
0.9061224489795918,1.1591836734693877,0.000591247561,-0.000167857167
0.9061224489795918,1.1510204081632653,0.000592224095,-0.000167723707
0.9061224489795918,1.1428571428571428,0.000591998984,-0.00016719568
0.9061224489795918,1.1346938775510205,0.000591461555,-0.000165555273
0.9061224489795918,1.126530612244898,0.000591160641,-0.000167619695
0.9061224489795918,1.1183673469387754,0.000590799352,-0.000165660795
0.9061224489795918,1.110204081632653,0.000590161107,-0.00016700978
0.9061224489795918,1.1020408163265305,0.000590748561,-0.000166715341
0.9061224489795918,1.0938775510204082,0.000590700069,-0.000167516742
0.9061224489795918,1.0857142857142856,0.000589617161,-0.000167268094
0.9061224489795918,1.0775510204081633,0.000590241989,-0.000166465408
0.9061224489795918,1.0693877551020408,0.00059012929,-0.000166434258
0.9061224489795918,1.0612244897959184,0.00059070716,-0.000167506434
0.9061224489795918,1.0530612244897959,0.000591962088,-0.000166196337
0.9061224489795918,1.0448979591836736,0.000591177602,-0.000167199116
0.9061224489795918,1.036734693877551,0.000590435283,-0.000166563415
0.9061224489795918,1.0285714285714285,0.000590232119,-0.000167413596
0.9061224489795918,1.0204081632653061,0.000591132369,-0.000167953441
0.9061224489795918,1.0122448979591836,0.000591095954,-0.0001665647
0.9061224489795918,1.0040816326530613,0.000591334481,-0.00016673814
0.9061224489795918,0.9959183673469387,0.000591446413,-0.000167030204
0.9061224489795918,0.9877551020408163,0.000592449206,-0.000166109311
0.9061224489795918,0.9795918367346939,0.000590884739,-0.000165990045
0.9061224489795918,0.9714285714285714,0.000590943867,-0.000165660795
0.9061224489795918,0.963265306122449,0.000590502176,-0.000166389976
0.9061224489795918,0.9551020408163265,0.000589533306,-0.000165515293
0.9061224489795918,0.9469387755102041,0.000590460775,-0.000166260594
0.9061224489795918,0.9387755102040816,0.000591782497,-0.000164958685
0.9061224489795918,0.9306122448979592,0.000591405206,-0.000165006598
0.9061224489795918,0.9224489795918367,0.000590208159,-0.000165474028
0.9061224489795918,0.9142857142857143,0.000590217743,-0.000165812945
0.9061224489795918,0.9061224489795918,0.000590419568,-0.000166265764
0.9061224489795918,0.8979591836734694,0.000590583058,-0.000165722258
0.9061224489795918,0.889795918367347,0.000590932464,-0.000166131437
0.9061224489795918,0.8816326530612244,0.000589894596,-0.00016540033
0.9061224489795918,0.8734693877551021,0.000591285989,-0.000165660153
0.9061224489795918,0.8653061224489795,0.000590298339,-0.000165051299
0.9061224489795918,0.8571428571428572,0.000590607304,-0.000166856122
0.9061224489795918,0.8489795918367347,0.000589306376,-0.000165134052
0.9061224489795918,0.8408163265306122,0.00059057702,-0.000165907934
0.9061224489795918,0.8326530612244898,0.000590644966,-0.000166408247
0.9061224489795918,0.8244897959183674,0.000590772327,-0.000164624072
0.9061224489795918,0.8163265306122449,0.00058964294,-0.000166128868
0.9061224489795918,0.8081632653061225,0.000590544436,-0.00016592126
0.9061224489795918,0.8,0.00058988118,-0.0001664998
0.8979591836734694,1.2,0.000588307129,-0.000166193768
0.8979591836734694,1.1918367346938774,0.00058939205,-0.000165331127
0.8979591836734694,1.183673469387755,0.000588101952,-0.000164865848
0.8979591836734694,1.1755102040816325,0.000588302337,-0.000165945538
0.8979591836734694,1.1673469387755102,0.000589216677,-0.000166031503
0.8979591836734694,1.1591836734693877,0.000588572967,-0.000164908397
0.8979591836734694,1.1510204081632653,0.00058836827,-0.000166371061
0.8979591836734694,1.1428571428571428,0.000588805363,-0.000166283587
0.8979591836734694,1.1346938775510205,0.000587843778,-0.000165685297
0.8979591836734694,1.126530612244898,0.000589579019,-0.000165359065
0.8979591836734694,1.1183673469387754,0.000590570695,-0.000166137892
0.8979591836734694,1.110204081632653,0.000590655316,-0.000166078997
0.8979591836734694,1.1020408163265305,0.000590407972,-0.000166433392
0.8979591836734694,1.0938775510204082,0.000589428179,-0.000167536523
0.8979591836734694,1.0857142857142856,0.000589000956,-0.000166163678
0.8979591836734694,1.0775510204081633,0.00058938218,-0.000166609625
0.8979591836734694,1.0693877551020408,0.000587975644,-0.000167418541
0.8979591836734694,1.0612244897959184,0.000588707326,-0.000166619709
0.8979591836734694,1.0530612244897959,0.000588719496,-0.000167429492
0.8979591836734694,1.0448979591836736,0.000589773559,-0.00016632787
0.8979591836734694,1.036734693877551,0.000588200755,-0.000167467096
0.8979591836734694,1.0285714285714285,0.000587257377,-0.000165951992
0.8979591836734694,1.0204081632653061,0.000588756871,-0.00016596747
0.8979591836734694,1.0122448979591836,0.000588074161,-0.000166418138
0.8979591836734694,1.0040816326530613,0.000587721209,-0.000166522793
0.8979591836734694,0.9959183673469387,0.000588154276,-0.000166712129
0.8979591836734694,0.9877551020408163,0.000588142393,-0.000166080089
0.8979591836734694,0.9795918367346939,0.000588727833,-0.000166951111
0.8979591836734694,0.9714285714285714,0.00058887053,-0.000167407142
0.8979591836734694,0.963265306122449,0.000588494865,-0.000167453994
0.8979591836734694,0.9551020408163265,0.00058826113,-0.000166307028
0.8979591836734694,0.9469387755102041,0.000587465527,-0.000166218269
0.8979591836734694,0.9387755102040816,0.00058938218,-0.000165202388
0.8979591836734694,0.9306122448979592,0.000589138381,-0.000167169027
0.8979591836734694,0.9224489795918367,0.000588052694,-0.00016574676
0.8979591836734694,0.9142857142857143,0.000586787895,-0.000167675571
0.8979591836734694,0.9061224489795918,0.000587943827,-0.000166608758
0.8979591836734694,0.8979591836734694,0.000587350816,-0.00016585893
0.8979591836734694,0.889795918367347,0.000587895049,-0.000166433392
0.8979591836734694,0.8816326530612244,0.000587710379,-0.000165662722
0.8979591836734694,0.8734693877551021,0.000587977177,-0.00016605106
0.8979591836734694,0.8653061224489795,0.000587951878,-0.000166154654
0.8979591836734694,0.8571428571428572,0.000588062564,-0.000167109715
0.8979591836734694,0.8489795918367347,0.000587639081,-0.000166108669
0.8979591836734694,0.8408163265306122,0.000588385712,-0.000165149306
0.8979591836734694,0.8326530612244898,0.000589312987,-0.000165446957
0.8979591836734694,0.8244897959183674,0.000589044656,-0.000165824344
0.8979591836734694,0.8163265306122449,0.000589171251,-0.00016680153
0.8979591836734694,0.8081632653061225,0.000589381893,-0.000166553525
0.8979591836734694,0.8,0.000590428192,-0.000165968337
0.889795918367347,1.2,0.000593056593,-0.000166436185
0.889795918367347,1.1918367346938774,0.000592666746,-0.000166927251
0.889795918367347,1.183673469387755,0.000593813574,-0.000166165187
0.889795918367347,1.1755102040816325,0.000593174563,-0.000166177005
0.889795918367347,1.1673469387755102,0.000594354742,-0.000165928357
0.889795918367347,1.1591836734693877,0.000593877974,-0.000166302083
0.889795918367347,1.1510204081632653,0.000593511893,-0.000167674286
0.889795918367347,1.1428571428571428,0.000592422181,-0.000166394279
0.889795918367347,1.1346938775510205,0.000591957296,-0.000167227054
0.889795918367347,1.126530612244898,0.00059153458,-0.000166582105
0.889795918367347,1.1183673469387754,0.000590706873,-0.000166875678
0.889795918367347,1.110204081632653,0.000591176069,-0.000167328273
0.889795918367347,1.1020408163265305,0.000591106591,-0.000167241023
0.889795918367347,1.0938775510204082,0.000592002529,-0.000167172463
0.889795918367347,1.0857142857142856,0.000590164939,-0.000167493107
0.889795918367347,1.0775510204081633,0.000589858467,-0.000167849653
0.889795918367347,1.0693877551020408,0.000591619487,-0.000168074441
0.889795918367347,1.0612244897959184,0.000590773286,-0.000167212861
0.889795918367347,1.0530612244897959,0.00059045723,-0.000166383103
0.889795918367347,1.0448979591836736,0.000591081292,-0.00016728293
0.889795918367347,1.036734693877551,0.000591639707,-0.000166818069
0.889795918367347,1.0285714285714285,0.000591562657,-0.000167614107
0.889795918367347,1.0204081632653061,0.000590960542,-0.000167669116
0.889795918367347,1.0122448979591836,0.00059127104,-0.000167713817
0.889795918367347,1.0040816326530613,0.000591538891,-0.000167862755
0.889795918367347,0.9959183673469387,0.000591851975,-0.000167395324
0.889795918367347,0.9877551020408163,0.00059204393,-0.000166643151
0.889795918367347,0.9795918367346939,0.000592060125,-0.000167358138
0.889795918367347,0.9714285714285714,0.00059232443,-0.000167098539
0.889795918367347,0.963265306122449,0.00059217455,-0.00016761947
0.889795918367347,0.9551020408163265,0.000591536306,-0.000167476344
0.889795918367347,0.9469387755102041,0.000591863285,-0.000167979452
0.889795918367347,0.9387755102040816,0.000590962841,-0.000168441713
0.889795918367347,0.9306122448979592,0.000590623019,-0.000168115481
0.889795918367347,0.9224489795918367,0.000590742236,-0.000168363069
0.889795918367347,0.9142857142857143,0.000590271507,-0.000167565103
0.889795918367347,0.9061224489795918,0.000591276405,-0.000168095507
0.889795918367347,0.8979591836734694,0.000589754585,-0.000167841047
0.889795918367347,0.889795918367347,0.000589260377,-0.000168942027
0.889795918367347,0.8816326530612244,0.00059007524,-0.000169280076
0.889795918367347,0.8734693877551021,0.000590837493,-0.000169025423
0.889795918367347,0.8653061224489795,0.000590087603,-0.000168833711
0.889795918367347,0.8571428571428572,0.000591198303,-0.000168135905
0.889795918367347,0.8489795918367347,0.000591424466,-0.000167697054
0.889795918367347,0.8408163265306122,0.000589498424,-0.000169794359
0.889795918367347,0.8326530612244898,0.000590027228,-0.000168616662
0.889795918367347,0.8244897959183674,0.000592034346,-0.000169371853
0.889795918367347,0.8163265306122449,0.000591178082,-0.000167976658
0.889795918367347,0.8081632653061225,0.000589686353,-0.00016890012
0.889795918367347,0.8,0.000589824637,-0.000168558634
0.8816326530612244,1.2,0.00059241135,-0.000167292596
0.8816326530612244,1.1918367346938774,0.000592408765,-0.000167968277
0.8816326530612244,1.183673469387755,0.000592646045,-0.000167658808
0.8816326530612244,1.1755102040816325,0.000592438089,-0.000166573081
0.8816326530612244,1.1673469387755102,0.000591798119,-0.000166945747
0.8816326530612244,1.1591836734693877,0.000593252666,-0.000167149246
0.8816326530612244,1.1510204081632653,0.000593191525,-0.00016789628
0.8816326530612244,1.1428571428571428,0.000592840299,-0.000168193065
0.8816326530612244,1.1346938775510205,0.000592917155,-0.000167949363
0.8816326530612244,1.126530612244898,0.000592316093,-0.000168727129
0.8816326530612244,1.1183673469387754,0.000593732212,-0.000169142762
0.8816326530612244,1.110204081632653,0.000592082358,-0.000168849832
0.8816326530612244,1.1020408163265305,0.000592407519,-0.000168110118
0.8816326530612244,1.0938775510204082,0.000593158175,-0.000169302651
0.8816326530612244,1.0857142857142856,0.000592460322,-0.00016895879
0.8816326530612244,1.0775510204081633,0.0005924447,-0.000168121069
0.8816326530612244,1.0693877551020408,0.000593012893,-0.000168566791
0.8816326530612244,1.0612244897959184,0.000592991426,-0.000169176706
0.8816326530612244,1.0530612244897959,0.000593125305,-0.000169421693
0.8816326530612244,1.0448979591836736,0.000592582125,-0.000169888706
0.8816326530612244,1.036734693877551,0.000592973985,-0.000168485996
0.8816326530612244,1.0285714285714285,0.000592004542,-0.000168839941
0.8816326530612244,1.0204081632653061,0.000591904973,-0.000168535642
0.8816326530612244,1.0122448979591836,0.00059333786,-0.00016937012
0.8816326530612244,1.0040816326530613,0.000592614995,-0.000168869388
0.8816326530612244,0.9959183673469387,0.000592291561,-0.000169654251
0.8816326530612244,0.9877551020408163,0.000591868844,-0.000168844886
0.8816326530612244,0.9795918367346939,0.000592376661,-0.00016954979
0.8816326530612244,0.9714285714285714,0.000592206653,-0.000168427102
0.8816326530612244,0.963265306122449,0.000593340832,-0.000168286127
0.8816326530612244,0.9551020408163265,0.000593358274,-0.0001687656
0.8816326530612244,0.9469387755102041,0.00059245831,-0.000168302023
0.8816326530612244,0.9387755102040816,0.000592709199,-0.000168471384
0.8816326530612244,0.9306122448979592,0.000592882273,-0.00016720814
0.8816326530612244,0.9224489795918367,0.000592651317,-0.000167458939
0.8816326530612244,0.9142857142857143,0.000592038085,-0.000167574127
0.8816326530612244,0.9061224489795918,0.000592682174,-0.00016714947
0.8816326530612244,0.8979591836734694,0.000591498931,-0.000167232866
0.8816326530612244,0.889795918367347,0.000592993919,-0.000168583554
0.8816326530612244,0.8816326530612244,0.000591363519,-0.00016860979
0.8816326530612244,0.8734693877551021,0.000591857441,-0.000167844707
0.8816326530612244,0.8653061224489795,0.000592221316,-0.00016819178
0.8816326530612244,0.8571428571428572,0.000591797639,-0.000168413133
0.8816326530612244,0.8489795918367347,0.000592666746,-0.000168441071
0.8816326530612244,0.8408163265306122,0.000592650071,-0.000168583554
0.8816326530612244,0.8326530612244898,0.000591864052,-0.000169119545
0.8816326530612244,0.8244897959183674,0.000591939855,-0.000168708857
0.8816326530612244,0.8163265306122449,0.000593195837,-0.000169510677
0.8816326530612244,0.8081632653061225,0.000592613175,-0.000168455264
0.8816326530612244,0.8,0.000592772833,-0.000167957326
0.8734693877551021,1.2,0.000593553294,-0.00016867318
0.8734693877551021,1.1918367346938774,0.000592268561,-0.00016801362
0.8734693877551021,1.183673469387755,0.000592704887,-0.00016785158
0.8734693877551021,1.1755102040816325,0.000592852662,-0.000168698324
0.8734693877551021,1.1673469387755102,0.000593289275,-0.000168560561
0.8734693877551021,1.1591836734693877,0.000592877481,-0.000168329961
0.8734693877551021,1.1510204081632653,0.000592311781,-0.000168752049
0.8734693877551021,1.1428571428571428,0.000592216524,-0.000168053375
0.8734693877551021,1.1346938775510205,0.000593097514,-0.000167904019
0.8734693877551021,1.126530612244898,0.000594368924,-0.000169349279
0.8734693877551021,1.1183673469387754,0.000594186746,-0.000168170715
0.8734693877551021,1.110204081632653,0.000593555307,-0.000168435707
0.8734693877551021,1.1020408163265305,0.000593122526,-0.00017018183
0.8734693877551021,1.0938775510204082,0.000593503362,-0.000169284797
0.8734693877551021,1.0857142857142856,0.000593679122,-0.000169538614
0.8734693877551021,1.0775510204081633,0.000594028335,-0.000168991897
0.8734693877551021,1.0693877551020408,0.000593598813,-0.000168360917
0.8734693877551021,1.0612244897959184,0.000593368624,-0.000169232164
0.8734693877551021,1.0530612244897959,0.000592574747,-0.000169072051
0.8734693877551021,1.0448979591836736,0.000592066643,-0.000168373377
0.8734693877551021,1.036734693877551,0.000593975245,-0.000169085153
0.8734693877551021,1.0285714285714285,0.000594042711,-0.000168554332
0.8734693877551021,1.0204081632653061,0.000593465894,-0.000168282049
0.8734693877551021,1.0122448979591836,0.00059327212,-0.000169582031
0.8734693877551021,1.0040816326530613,0.000594144293,-0.000168016414
0.8734693877551021,0.9959183673469387,0.000594439649,-0.000169213892
0.8734693877551021,0.9877551020408163,0.000594982635,-0.000168504268
0.8734693877551021,0.9795918367346939,0.000594397195,-0.000168729056
0.8734693877551021,0.9714285714285714,0.000594512673,-0.000168377456
0.8734693877551021,0.963265306122449,0.000594146305,-0.000168163842
0.8734693877551021,0.9551020408163265,0.000593471739,-0.000168369941
0.8734693877551021,0.9469387755102041,0.0005937302,-0.00016799599
0.8734693877551021,0.9387755102040816,0.000592868091,-0.000169392052
0.8734693877551021,0.9306122448979592,0.000592483802,-0.000168435483
0.8734693877551021,0.9224489795918367,0.000593280457,-0.000169607817
0.8734693877551021,0.9142857142857143,0.000591827923,-0.000169407306
0.8734693877551021,0.9061224489795918,0.00059229482,-0.000168063041
0.8734693877551021,0.8979591836734694,0.000592027255,-0.000168599257
0.8734693877551021,0.889795918367347,0.000591688679,-0.000169324777
0.8734693877551021,0.8816326530612244,0.00059132787,-0.000168281824
0.8734693877551021,0.8734693877551021,0.000591182874,-0.0001685236
0.8734693877551021,0.8653061224489795,0.000591487334,-0.000169729459
0.8734693877551021,0.8571428571428572,0.000591255418,-0.000168714445
0.8734693877551021,0.8489795918367347,0.000591280911,-0.000169127926
0.8734693877551021,0.8408163265306122,0.000591216224,-0.000169078281
0.8734693877551021,0.8326530612244898,0.000591916089,-0.000170008197
0.8734693877551021,0.8244897959183674,0.000591252639,-0.000168563998
0.8734693877551021,0.8163265306122449,0.000592160174,-0.000168146437
0.8734693877551021,0.8081632653061225,0.00059293431,-0.000169153071
0.8734693877551021,0.8,0.000592204641,-0.000168897326
0.8653061224489795,1.2,0.000591759211,-0.000168849832
0.8653061224489795,1.1918367346938774,0.000591732185,-0.000168696815
0.8653061224489795,1.183673469387755,0.000591972439,-0.000169210231
0.8653061224489795,1.1755102040816325,0.000592549735,-0.000169787487
0.8653061224489795,1.1673469387755102,0.000590941855,-0.000168328452
0.8653061224489795,1.1591836734693877,0.000592032333,-0.000167959029
0.8653061224489795,1.1510204081632653,0.000591568982,-0.000168133111
0.8653061224489795,1.1428571428571428,0.000592046709,-0.000168931718
0.8653061224489795,1.1346938775510205,0.000591640187,-0.000168566791
0.8653061224489795,1.126530612244898,0.00059185926,-0.00016838391
0.8653061224489795,1.1183673469387754,0.000592765262,-0.000168777193
0.8653061224489795,1.110204081632653,0.00059294696,-0.00016843635
0.8653061224489795,1.1020408163265305,0.000593308249,-0.000168878636
0.8653061224489795,1.0938775510204082,0.000594372183,-0.000168664799
0.8653061224489795,1.0857142857142856,0.000592544177,-0.000169136308
0.8653061224489795,1.0775510204081633,0.000592426206,-0.000168786859
0.8653061224489795,1.0693877551020408,0.000592024476,-0.000168646527
0.8653061224489795,1.0612244897959184,0.000591961036,-0.00016955602
0.8653061224489795,1.0530612244897959,0.000592647292,-0.0001691146
0.8653061224489795,1.0448979591836736,0.000592694537,-0.000169463406
0.8653061224489795,1.036734693877551,0.000592834261,-0.000168611717
0.8653061224489795,1.0285714285714285,0.000594774679,-0.000169709036
0.8653061224489795,1.0204081632653061,0.000593333261,-0.000169819503
0.8653061224489795,1.0122448979591836,0.000591520204,-0.000169580104
0.8653061224489795,1.0040816326530613,0.000592344364,-0.000169739768
0.8653061224489795,0.9959183673469387,0.000593114475,-0.000168847038
0.8653061224489795,0.9877551020408163,0.000592507568,-0.000168857346
0.8653061224489795,0.9795918367346939,0.00059252271,-0.000169222916
0.8653061224489795,0.9714285714285714,0.000591484361,-0.000169593206
0.8653061224489795,0.963265306122449,0.000592210679,-0.000169354224
0.8653061224489795,0.9551020408163265,0.000593313041,-0.000170467664
0.8653061224489795,0.9469387755102041,0.000592895402,-0.000169012096
0.8653061224489795,0.9387755102040816,0.000592794587,-0.000169793717
0.8653061224489795,0.9306122448979592,0.00059216372,-0.000170084271
0.8653061224489795,0.9224489795918367,0.000592091176,-0.000170043231
0.8653061224489795,0.9142857142857143,0.000591622746,-0.000167882954
0.8653061224489795,0.9061224489795918,0.000592791807,-0.000168983291
0.8653061224489795,0.8979591836734694,0.000591210952,-0.000169598793
0.8653061224489795,0.889795918367347,0.000592724341,-0.000169799304
0.8653061224489795,0.8816326530612244,0.000592135928,-0.00016954979
0.8653061224489795,0.8734693877551021,0.000592929518,-0.000170163364
0.8653061224489795,0.8653061224489795,0.000593154629,-0.00016929276
0.8653061224489795,0.8571428571428572,0.000592798132,-0.000169097613
0.8653061224489795,0.8489795918367347,0.000592122993,-0.000169295136
0.8653061224489795,0.8408163265306122,0.000592717537,-0.000169790056
0.8653061224489795,0.8326530612244898,0.000593112176,-0.000169943073
0.8653061224489795,0.8244897959183674,0.000592088683,-0.000169262447
0.8653061224489795,0.8163265306122449,0.000591602812,-0.000168565507
0.8653061224489795,0.8081632653061225,0.000591228107,-0.000169386465
0.8653061224489795,0.8,0.000591519917,-0.000168500607
0.8571428571428572,1.2,0.000590642666,-0.000168211113
0.8571428571428572,1.1918367346938774,0.000589382466,-0.000168368432
0.8571428571428572,1.183673469387755,0.000590706873,-0.000168378965
0.8571428571428572,1.1755102040816325,0.000590408738,-0.00016735255
0.8571428571428572,1.1673469387755102,0.000589486541,-0.000167808388
0.8571428571428572,1.1591836734693877,0.000589293727,-0.000168174375
0.8571428571428572,1.1510204081632653,0.00058934835,-0.000167865549
0.8571428571428572,1.1428571428571428,0.000588745755,-0.000167883178
0.8571428571428572,1.1346938775510205,0.000588212352,-0.000166380534
0.8571428571428572,1.126530612244898,0.000588843791,-0.000168278613
0.8571428571428572,1.1183673469387754,0.000590487321,-0.0001679326
0.8571428571428572,1.110204081632653,0.000590181614,-0.000168604202
0.8571428571428572,1.1020408163265305,0.000591255418,-0.00016879781
0.8571428571428572,1.0938775510204082,0.000590038345,-0.000168898835
0.8571428571428572,1.0857142857142856,0.000590660394,-0.00016908345
0.8571428571428572,1.0775510204081633,0.00059082609,-0.000169518416
0.8571428571428572,1.0693877551020408,0.000589793493,-0.000168335131
0.8571428571428572,1.0612244897959184,0.000590513579,-0.000168911937
0.8571428571428572,1.0530612244897959,0.000590717703,-0.000168495662
0.8571428571428572,1.0448979591836736,0.000589360233,-0.000168379189
0.8571428571428572,1.036734693877551,0.000589354868,-0.000169289967
0.8571428571428572,1.0285714285714285,0.000591579332,-0.000168781496
0.8571428571428572,1.0204081632653061,0.000591082345,-0.000168652981
0.8571428571428572,1.0122448979591836,0.000589928425,-0.00016859839
0.8571428571428572,1.0040816326530613,0.000591274586,-0.00016879052
0.8571428571428572,0.9959183673469387,0.000590143953,-0.000169115242
0.8571428571428572,0.9877551020408163,0.000590301598,-0.000168323956
0.8571428571428572,0.9795918367346939,0.000590511567,-0.000168082822
0.8571428571428572,0.9714285714285714,0.000590589383,-0.000169230012
0.8571428571428572,0.963265306122449,0.000591733912,-0.000168738722
0.8571428571428572,0.9551020408163265,0.000591886765,-0.000169678529
0.8571428571428572,0.9469387755102041,0.000591164473,-0.000168856062
0.8571428571428572,0.9387755102040816,0.000592060605,-0.000167424129
0.8571428571428572,0.9306122448979592,0.000590973672,-0.000168406678
0.8571428571428572,0.9224489795918367,0.000591527295,-0.000168853268
0.8571428571428572,0.9142857142857143,0.000591110616,-0.000167285499
0.8571428571428572,0.9061224489795918,0.000592422181,-0.000167998591
0.8571428571428572,0.8979591836734694,0.000592119733,-0.000168289339
0.8571428571428572,0.889795918367347,0.00059124986,-0.000168824045
0.8571428571428572,0.8816326530612244,0.000591398688,-0.000168939233
0.8571428571428572,0.8734693877551021,0.000591602525,-0.000169426863
0.8571428571428572,0.8653061224489795,0.000591665966,-0.000169176063
0.8571428571428572,0.8571428571428572,0.00059157502,-0.000169650366
0.8571428571428572,0.8489795918367347,0.000590969646,-0.00016844881
0.8571428571428572,0.8408163265306122,0.000591863572,-0.000169049058
0.8571428571428572,0.8326530612244898,0.000591301611,-0.000168163842
0.8571428571428572,0.8244897959183674,0.000591806456,-0.000167879293
0.8571428571428572,0.8163265306122449,0.000590895089,-0.000169295554
0.8571428571428572,0.8081632653061225,0.000590367817,-0.000169400209
0.8571428571428572,0.8,0.000591011813,-0.000169222049
0.8489795918367347,1.2,0.000594483349,-0.000167537808
0.8489795918367347,1.1918367346938774,0.000593403506,-0.000167246386
0.8489795918367347,1.183673469387755,0.000594346884,-0.000167846634
0.8489795918367347,1.1755102040816325,0.000593859287,-0.000167683085
0.8489795918367347,1.1673469387755102,0.000593314574,-0.000167728428
0.8489795918367347,1.1591836734693877,0.000592269327,-0.000165664231
0.8489795918367347,1.1510204081632653,0.000593973518,-0.000167053839
0.8489795918367347,1.1428571428571428,0.000594085931,-0.000167372331
0.8489795918367347,1.1346938775510205,0.000593192291,-0.000166573724
0.8489795918367347,1.126530612244898,0.000594410324,-0.000166290684
0.8489795918367347,1.1183673469387754,0.000593879027,-0.000165821326
0.8489795918367347,1.110204081632653,0.000594442141,-0.000166681815
0.8489795918367347,1.1020408163265305,0.000594174863,-0.000166957983
0.8489795918367347,1.0938775510204082,0.000593726654,-0.0001663902
0.8489795918367347,1.0857142857142856,0.000594620293,-0.00016570312
0.8489795918367347,1.0775510204081633,0.000594880573,-0.000166698802
0.8489795918367347,1.0693877551020408,0.000593960869,-0.000166875036
0.8489795918367347,1.0612244897959184,0.000594769121,-0.000166112105
0.8489795918367347,1.0530612244897959,0.000595204201,-0.00016629155
0.8489795918367347,1.0448979591836736,0.000595131657,-0.000166849025
0.8489795918367347,1.036734693877551,0.000594420961,-0.000166242129
0.8489795918367347,1.0285714285714285,0.000594149565,-0.000166538914
0.8489795918367347,1.0204081632653061,0.00059377112,-0.00016654858
0.8489795918367347,1.0122448979591836,0.000594111709,-0.000165872481
0.8489795918367347,1.0040816326530613,0.000593448933,-0.000167092952
0.8489795918367347,0.9959183673469387,0.000594020477,-0.000167263373
0.8489795918367347,0.9877551020408163,0.000593911611,-0.000167783886
0.8489795918367347,0.9795918367346939,0.000593062438,-0.000168171582
0.8489795918367347,0.9714285714285714,0.00059358645,-0.000167743906
0.8489795918367347,0.963265306122449,0.000593482089,-0.000168002445
0.8489795918367347,0.9551020408163265,0.000593047009,-0.000168070363
0.8489795918367347,0.9469387755102041,0.000593724641,-0.000167812467
0.8489795918367347,0.9387755102040816,0.000593575047,-0.000167786456
0.8489795918367347,0.9306122448979592,0.000593575814,-0.0001669251
0.8489795918367347,0.9224489795918367,0.000593819132,-0.000167588738
0.8489795918367347,0.9142857142857143,0.000592794107,-0.000167142373
0.8489795918367347,0.9061224489795918,0.000593217303,-0.000167090383
0.8489795918367347,0.8979591836734694,0.000593308249,-0.000167628718
0.8489795918367347,0.889795918367347,0.000593644239,-0.000166693439
0.8489795918367347,0.8816326530612244,0.000593299145,-0.000166841286
0.8489795918367347,0.8734693877551021,0.000593282184,-0.000167637518
0.8489795918367347,0.8653061224489795,0.000591970426,-0.000167734883
0.8489795918367347,0.8571428571428572,0.000593948986,-0.000167980737
0.8489795918367347,0.8489795918367347,0.00059202371,-0.000168393801
0.8489795918367347,0.8408163265306122,0.000592789795,-0.000168404976
0.8489795918367347,0.8326530612244898,0.000592069229,-0.000168176302
0.8489795918367347,0.8244897959183674,0.000591109083,-0.000167981379
0.8489795918367347,0.8163265306122449,0.000589398088,-0.000168553689
0.8489795918367347,0.8081632653061225,0.000590593408,-0.000168532624
0.8489795918367347,0.8,0.000590939075,-0.000168286127
0.8408163265306122,1.2,0.000591031074,-0.000168244638
0.8408163265306122,1.1918367346938774,0.000591120486,-0.000168471802
0.8408163265306122,1.183673469387755,0.000591939855,-0.000168370583
0.8408163265306122,1.1755102040816325,0.000590452724,-0.000168330186
0.8408163265306122,1.1673469387755102,0.000590178069,-0.000168792447
0.8408163265306122,1.1591836734693877,0.00059043605,-0.000167977301
0.8408163265306122,1.1510204081632653,0.000589867571,-0.000167250689
0.8408163265306122,1.1428571428571428,0.000589701302,-0.000167437231
0.8408163265306122,1.1346938775510205,0.000589872362,-0.000167695127
0.8408163265306122,1.126530612244898,0.00059082561,-0.000168548102
0.8408163265306122,1.1183673469387754,0.000590190145,-0.000168782138
0.8408163265306122,1.110204081632653,0.000590578266,-0.000169005224
0.8408163265306122,1.1020408163265305,0.000591011333,-0.000167530936
0.8408163265306122,1.0938775510204082,0.000591691745,-0.000167591114
0.8408163265306122,1.0857142857142856,0.000590973192,-0.000168242069
0.8408163265306122,1.0775510204081633,0.000590432984,-0.000168002445
0.8408163265306122,1.0693877551020408,0.000590826377,-0.000168232821
0.8408163265306122,1.0612244897959184,0.000591981542,-0.00016815803
0.8408163265306122,1.0530612244897959,0.000590922401,-0.000168474596
0.8408163265306122,1.0448979591836736,0.000591655329,-0.000168506195
0.8408163265306122,1.036734693877551,0.000590572228,-0.000167485592
0.8408163265306122,1.0285714285714285,0.000590463075,-0.000168545308
0.8408163265306122,1.0204081632653061,0.000591041617,-0.000167825151
0.8408163265306122,1.0122448979591836,0.000591181628,-0.000167561667
0.8408163265306122,1.0040816326530613,0.000592645759,-0.000168704779
0.8408163265306122,0.9959183673469387,0.000592689265,-0.000168238408
0.8408163265306122,0.9877551020408163,0.000591508034,-0.000167326764
0.8408163265306122,0.9795918367346939,0.000591533813,-0.000167377919
0.8408163265306122,0.9714285714285714,0.000592939389,-0.000167625282
0.8408163265306122,0.963265306122449,0.000590969646,-0.000168545083
0.8408163265306122,0.9551020408163265,0.000591854468,-0.00016777679
0.8408163265306122,0.9469387755102041,0.000590794273,-0.000168244638
0.8408163265306122,0.9387755102040816,0.000593017685,-0.000168097658
0.8408163265306122,0.9306122448979592,0.000593716784,-0.000167467963
0.8408163265306122,0.9224489795918367,0.00059295683,-0.000167964616
0.8408163265306122,0.9142857142857143,0.000592464348,-0.000166374722
0.8408163265306122,0.9061224489795918,0.000591419388,-0.00016735772
0.8408163265306122,0.8979591836734694,0.000592093955,-0.000166411684
0.8408163265306122,0.889795918367347,0.00059123999,-0.000166976673
0.8408163265306122,0.8816326530612244,0.000591931518,-0.000167316456
0.8408163265306122,0.8734693877551021,0.000592559125,-0.000168347366
0.8408163265306122,0.8653061224489795,0.000591767262,-0.000169126417
0.8408163265306122,0.8571428571428572,0.000591174823,-0.000168838014
0.8408163265306122,0.8489795918367347,0.000591596487,-0.000168547459
0.8408163265306122,0.8408163265306122,0.000592105838,-0.000169848083
0.8408163265306122,0.8326530612244898,0.000591220536,-0.000169338104
0.8408163265306122,0.8244897959183674,0.000590903426,-0.000169300499
0.8408163265306122,0.8163265306122449,0.000591368311,-0.000169447062
0.8408163265306122,0.8081632653061225,0.000592827456,-0.000168519521
0.8408163265306122,0.8,0.000591364285,-0.000168721959
0.8326530612244898,1.2,0.000587630263,-0.000168977928
0.8326530612244898,1.1918367346938774,0.000587959736,-0.000168822536
0.8326530612244898,1.183673469387755,0.00058740084,-0.000168825972
0.8326530612244898,1.1755102040816325,0.000587501656,-0.000169617708
0.8326530612244898,1.1673469387755102,0.000587454891,-0.0001689287
0.8326530612244898,1.1591836734693877,0.000588124472,-0.000168087125
0.8326530612244898,1.1510204081632653,0.000587694184,-0.000168008675
0.8326530612244898,1.1428571428571428,0.000587603238,-0.000169394846
0.8326530612244898,1.1346938775510205,0.000587184547,-0.000168269364
0.8326530612244898,1.126530612244898,0.000587461215,-0.000168871315
0.8326530612244898,1.1183673469387754,0.000587038018,-0.000169063669
0.8326530612244898,1.110204081632653,0.000587821258,-0.00016848985
0.8326530612244898,1.1020408163265305,0.000588509527,-0.00016899254
0.8326530612244898,1.0938775510204082,0.000588737897,-0.000169297063
0.8326530612244898,1.0857142857142856,0.000588423853,-0.000168948257
0.8326530612244898,1.0775510204081633,0.000588045123,-0.000169573874
0.8326530612244898,1.0693877551020408,0.000587774299,-0.00016942256
0.8326530612244898,1.0612244897959184,0.000587921307,-0.000167889408
0.8326530612244898,1.0530612244897959,0.000588077993,-0.000168550253
0.8326530612244898,1.0448979591836736,0.000587495618,-0.000169052912
0.8326530612244898,1.036734693877551,0.00058704233,-0.000168765793
0.8326530612244898,1.0285714285714285,0.000588245221,-0.000168297302
0.8326530612244898,1.0204081632653061,0.000587992799,-0.000169019835
0.8326530612244898,1.0122448979591836,0.000588336167,-0.000169898372
0.8326530612244898,1.0040816326530613,0.000587721975,-0.000169923516
0.8326530612244898,0.9959183673469387,0.000587983982,-0.000169220122
0.8326530612244898,0.9877551020408163,0.00058904389,-0.000169326286
0.8326530612244898,0.9795918367346939,0.00058846784,-0.000169692498
0.8326530612244898,0.9714285714285714,0.000587591355,-0.000169274489
0.8326530612244898,0.963265306122449,0.000589990333,-0.000169558171
0.8326530612244898,0.9551020408163265,0.000588768468,-0.000168128165
0.8326530612244898,0.9469387755102041,0.000590278118,-0.000168894532
0.8326530612244898,0.9387755102040816,0.00058913129,-0.000168963093
0.8326530612244898,0.9306122448979592,0.000589597707,-0.000169661124
0.8326530612244898,0.9224489795918367,0.000588949592,-0.000168940518
0.8326530612244898,0.9142857142857143,0.000589862206,-0.000169044113
0.8326530612244898,0.9061224489795918,0.000589866518,-0.000169137593
0.8326530612244898,0.8979591836734694,0.000589552474,-0.000169069899
0.8326530612244898,0.889795918367347,0.000590198003,-0.000169327153
0.8326530612244898,0.8816326530612244,0.00058981448,-0.000167261222
0.8326530612244898,0.8734693877551021,0.000589546916,-0.000168603978
0.8326530612244898,0.8653061224489795,0.000589366271,-0.000168341136
0.8326530612244898,0.8571428571428572,0.000589895362,-0.000167855883
0.8326530612244898,0.8489795918367347,0.000589519891,-0.000168120426
0.8326530612244898,0.8408163265306122,0.000590383246,-0.000168564864
0.8326530612244898,0.8326530612244898,0.00059043471,-0.00016743874
0.8326530612244898,0.8244897959183674,0.000589627511,-0.000168409921
0.8326530612244898,0.8163265306122449,0.000588232379,-0.000167490313
0.8326530612244898,0.8081632653061225,0.000588408231,-0.000167081777
0.8326530612244898,0.8,0.000588897075,-0.000167171821
0.8244897959183674,1.2,0.000591539371,-0.000167831156
0.8244897959183674,1.1918367346938774,0.000591193511,-0.000168463421
0.8244897959183674,1.183673469387755,0.000591080812,-0.000169207437
0.8244897959183674,1.1755102040816325,0.000590531787,-0.000168488565
0.8244897959183674,1.1673469387755102,0.000591720589,-0.000168646527
0.8244897959183674,1.1591836734693877,0.000590170978,-0.000168656193
0.8244897959183674,1.1510204081632653,0.000590594175,-0.000168207259
0.8244897959183674,1.1428571428571428,0.000591396389,-0.000169401301
0.8244897959183674,1.1346938775510205,0.000591491646,-0.000168017698
0.8244897959183674,1.126530612244898,0.000591504009,-0.000168490074
0.8244897959183674,1.1183673469387754,0.000591505542,-0.000168104755
0.8244897959183674,1.110204081632653,0.000590543956,-0.000167950872
0.8244897959183674,1.1020408163265305,0.000589527748,-0.000169006926
0.8244897959183674,1.0938775510204082,0.000588694964,-0.000168804713
0.8244897959183674,1.0857142857142856,0.000589483762,-0.000167737034
0.8244897959183674,1.0775510204081633,0.000589726794,-0.000168300738
0.8244897959183674,1.0693877551020408,0.000590380467,-0.000168270649
0.8244897959183674,1.0612244897959184,0.000590241989,-0.000167958611
0.8244897959183674,1.0530612244897959,0.000590381713,-0.000167788607
0.8244897959183674,1.0448979591836736,0.000591074774,-0.000168003087
0.8244897959183674,1.036734693877551,0.000591304677,-0.000168557768
0.8244897959183674,1.0285714285714285,0.000590639694,-0.000168048012
0.8244897959183674,1.0204081632653061,0.000590601266,-0.000169089456
0.8244897959183674,1.0122448979591836,0.00059082743,-0.00016832781
0.8244897959183674,1.0040816326530613,0.000589484242,-0.000169013156
0.8244897959183674,0.9959183673469387,0.000589884245,-0.000167829229
0.8244897959183674,0.9877551020408163,0.000589284143,-0.000169138459
0.8244897959183674,0.9795918367346939,0.000590275339,-0.000168858213
0.8244897959183674,0.9714285714285714,0.000589585824,-0.000169317487
0.8244897959183674,0.963265306122449,0.00058981448,-0.00016983906
0.8244897959183674,0.9551020408163265,0.00059076121,-0.000169122339
0.8244897959183674,0.9469387755102041,0.000589776819,-0.000167781735
0.8244897959183674,0.9387755102040816,0.000590131303,-0.000168948481
0.8244897959183674,0.9306122448979592,0.00058967399,-0.000169138459
0.8244897959183674,0.9224489795918367,0.000590969646,-0.000168693379
0.8244897959183674,0.9142857142857143,0.000589518164,-0.000169193468
0.8244897959183674,0.9061224489795918,0.000590916076,-0.000169505956
0.8244897959183674,0.8979591836734694,0.000590579799,-0.000169018326
0.8244897959183674,0.889795918367347,0.000590766002,-0.000169093759
0.8244897959183674,0.8816326530612244,0.000591205394,-0.000169628883
0.8244897959183674,0.8734693877551021,0.000590656082,-0.000170087708
0.8244897959183674,0.8653061224489795,0.000590648991,-0.000169190032
0.8244897959183674,0.8571428571428572,0.000590266522,-0.000169645421
0.8244897959183674,0.8489795918367347,0.000590363792,-0.000169535178
0.8244897959183674,0.8408163265306122,0.000590629344,-0.000169025423
0.8244897959183674,0.8326530612244898,0.000590611616,-0.000168552405
0.8244897959183674,0.8244897959183674,0.000589856934,-0.000169316395
0.8244897959183674,0.8163265306122449,0.00058971721,-0.000169379368
0.8244897959183674,0.8081632653061225,0.000588893049,-0.000169004999
0.8244897959183674,0.8,0.000590011606,-0.000168907217
0.8163265306122449,1.2,0.000587644639,-0.000167517609
0.8163265306122449,1.1918367346938774,0.000587521877,-0.00016862591
0.8163265306122449,1.183673469387755,0.000587925619,-0.000168394218
0.8163265306122449,1.1755102040816325,0.000588911737,-0.000167512021
0.8163265306122449,1.1673469387755102,0.000588471579,-0.000168387988
0.8163265306122449,1.1591836734693877,0.000587394996,-0.000169269992
0.8163265306122449,1.1510204081632653,0.000587830648,-0.000167747342
0.8163265306122449,1.1428571428571428,0.000588644172,-0.000167731671
0.8163265306122449,1.1346938775510205,0.000589310688,-0.000167922709
0.8163265306122449,1.126530612244898,0.000590241509,-0.000167859961
0.8163265306122449,1.1183673469387754,0.000589457983,-0.000168674465
0.8163265306122449,1.110204081632653,0.000588765495,-0.000167930866
0.8163265306122449,1.1020408163265305,0.000588477424,-0.000167998142
0.8163265306122449,1.0938775510204082,0.000588002669,-0.000167876499
0.8163265306122449,1.0857142857142856,0.000587977657,-0.000168907859
0.8163265306122449,1.0775510204081633,0.000589677056,-0.000167437873
0.8163265306122449,1.0693877551020408,0.000587904153,-0.000167789249
0.8163265306122449,1.0612244897959184,0.000590454737,-0.000167603799
0.8163265306122449,1.0530612244897959,0.000588898608,-0.000165745251
0.8163265306122449,1.0448979591836736,0.000588359453,-0.000167288518
0.8163265306122449,1.036734693877551,0.000588868037,-0.000167742622
0.8163265306122449,1.0285714285714285,0.000589432204,-0.000167998366
0.8163265306122449,1.0204081632653061,0.00058948932,-0.000168433556
0.8163265306122449,1.0122448979591836,0.000589800871,-0.000167342467
0.8163265306122449,1.0040816326530613,0.000589801351,-0.000166872884
0.8163265306122449,0.9959183673469387,0.000589856647,-0.000168302248
0.8163265306122449,0.9877551020408163,0.000589554773,-0.000168082598
0.8163265306122449,0.9795918367346939,0.000589781131,-0.000167958386
0.8163265306122449,0.9714285714285714,0.00059079552,-0.000167866191
0.8163265306122449,0.963265306122449,0.000588745275,-0.000168299229
0.8163265306122449,0.9551020408163265,0.000588781117,-0.000167730804
0.8163265306122449,0.9469387755102041,0.000588265442,-0.000167836102
0.8163265306122449,0.9387755102040816,0.000588941541,-0.000168856704
0.8163265306122449,0.9306122448979592,0.00058932487,-0.000168873691
0.8163265306122449,0.9224489795918367,0.000589296312,-0.000168634485
0.8163265306122449,0.9142857142857143,0.000588971632,-0.000167636682
0.8163265306122449,0.9061224489795918,0.000588519877,-0.000168108833
0.8163265306122449,0.8979591836734694,0.000587973345,-0.000168110536
0.8163265306122449,0.889795918367347,0.000587919295,-0.000168047145
0.8163265306122449,0.8816326530612244,0.000587101939,-0.000168860364
0.8163265306122449,0.8734693877551021,0.000588660367,-0.000169280076
0.8163265306122449,0.8653061224489795,0.000587454411,-0.00016860462
0.8163265306122449,0.8571428571428572,0.000587922074,-0.000167581448
0.8163265306122449,0.8489795918367347,0.00058758781,-0.000169775445
0.8163265306122449,0.8408163265306122,0.000586538538,-0.000168340076
0.8163265306122449,0.8326530612244898,0.000588263429,-0.00016836522
0.8163265306122449,0.8244897959183674,0.000588049628,-0.000168508764
0.8163265306122449,0.8163265306122449,0.00058835744,-0.000168498874
0.8163265306122449,0.8081632653061225,0.000588547669,-0.000168318786
0.8163265306122449,0.8,0.000588077706,-0.000168015547
0.8081632653061225,1.2,0.000585472591,-0.000168290848
0.8081632653061225,1.1918367346938774,0.000585892243,-0.000167874572
0.8081632653061225,1.183673469387755,0.000586999877,-0.000167836968
0.8081632653061225,1.1755102040816325,0.000586361919,-0.00016819329
0.8081632653061225,1.1673469387755102,0.000586091575,-0.000167385658
0.8081632653061225,1.1591836734693877,0.000585627171,-0.000167788607
0.8081632653061225,1.1510204081632653,0.000586253819,-0.000167625282
0.8081632653061225,1.1428571428571428,0.000587111809,-0.000168191138
0.8081632653061225,1.1346938775510205,0.000586396801,-0.000168850474
0.8081632653061225,1.126530612244898,0.000586828049,-0.000167445613
0.8081632653061225,1.1183673469387754,0.000586861686,-0.000168130093
0.8081632653061225,1.110204081632653,0.000585897515,-0.00016890012
0.8081632653061225,1.1020408163265305,0.00058720582,-0.000168794598
0.8081632653061225,1.0938775510204082,0.000586276532,-0.000166232656
0.8081632653061225,1.0857142857142856,0.000585349736,-0.000168019432
0.8081632653061225,1.0775510204081633,0.000585999097,-0.000168789877
0.8081632653061225,1.0693877551020408,0.000586812907,-0.000169069481
0.8081632653061225,1.0612244897959184,0.00058613125,-0.00016924806
0.8081632653061225,1.0530612244897959,0.000585307089,-0.000168737213
0.8081632653061225,1.0448979591836736,0.000585710832,-0.000169763627
0.8081632653061225,1.036734693877551,0.000586194884,-0.000169853029
0.8081632653061225,1.0285714285714285,0.000586007434,-0.000169291251
0.8081632653061225,1.0204081632653061,0.000587899841,-0.000170098465
0.8081632653061225,1.0122448979591836,0.000587310661,-0.000169009078
0.8081632653061225,1.0040816326530613,0.000587387711,-0.000169595357
0.8081632653061225,0.9959183673469387,0.000587555706,-0.00017012833
0.8081632653061225,0.9877551020408163,0.000587141133,-0.000169324135
0.8081632653061225,0.9795918367346939,0.00058601146,-0.000168464706
0.8081632653061225,0.9714285714285714,0.000586810895,-0.000169401301
0.8081632653061225,0.963265306122449,0.000587010227,-0.000168939009
0.8081632653061225,0.9551020408163265,0.000586969306,-0.000169849593
0.8081632653061225,0.9469387755102041,0.000587421061,-0.00016826914
0.8081632653061225,0.9387755102040816,0.000589188406,-0.000169023689
0.8081632653061225,0.9306122448979592,0.000587233325,-0.000168098076
0.8081632653061225,0.9224489795918367,0.000588257584,-0.00017013199
0.8081632653061225,0.9142857142857143,0.000588053747,-0.000168481693
0.8081632653061225,0.9061224489795918,0.000587195183,-0.000169806401
0.8081632653061225,0.8979591836734694,0.0005875535,-0.000169657687
0.8081632653061225,0.889795918367347,0.000586887944,-0.000170007972
0.8081632653061225,0.8816326530612244,0.000586848556,-0.000168987594
0.8081632653061225,0.8734693877551021,0.000586737104,-0.000168760655
0.8081632653061225,0.8653061224489795,0.000586514292,-0.000169509616
0.8081632653061225,0.8571428571428572,0.000587242429,-0.000168936664
0.8081632653061225,0.8489795918367347,0.000585182027,-0.000169664111
0.8081632653061225,0.8408163265306122,0.000586529434,-0.000169304578
0.8081632653061225,0.8326530612244898,0.00058669417,-0.00016890378
0.8081632653061225,0.8244897959183674,0.000584483122,-0.000169683474
0.8081632653061225,0.8163265306122449,0.00058516152,-0.000169272337
0.8081632653061225,0.8081632653061225,0.000585598133,-0.00016929899
0.8081632653061225,0.8,0.000585908918,-0.000169817352
0.8,1.2,0.000587646938,-0.000169089456
0.8,1.1918367346938774,0.00058731344,-0.000169718702
0.8,1.183673469387755,0.000586700975,-0.000168760655
0.8,1.1755102040816325,0.000586999877,-0.000169036598
0.8,1.1673469387755102,0.000587260637,-0.000168750764
0.8,1.1591836734693877,0.000587552447,-0.00016990868
0.8,1.1510204081632653,0.000587107211,-0.000168828766
0.8,1.1428571428571428,0.000588197496,-0.000169287173
0.8,1.1346938775510205,0.000590099006,-0.000168740874
0.8,1.126530612244898,0.000587059485,-0.000168129032
0.8,1.1183673469387754,0.000587744975,-0.000168844244
0.8,1.110204081632653,0.000587224221,-0.000167993197
0.8,1.1020408163265305,0.000588147951,-0.000168672956
0.8,1.0938775510204082,0.000587393269,-0.000168304399
0.8,1.0857142857142856,0.000586812907,-0.000168993824
0.8,1.0775510204081633,0.000586660821,-0.000168995109
0.8,1.0693877551020408,0.000586672417,-0.000168567016
0.8,1.0612244897959184,0.00058681444,-0.000168862516
0.8,1.0530612244897959,0.000586114575,-0.000169333383
0.8,1.0448979591836736,0.000586720909,-0.000168282049
0.8,1.036734693877551,0.00058561912,-0.000168428835
0.8,1.0285714285714285,0.000586020564,-0.000170229773
0.8,1.0204081632653061,0.000584996784,-0.000168865952
0.8,1.0122448979591836,0.000585936423,-0.000168647169
0.8,1.0040816326530613,0.00058591371,-0.000168629764
0.8,0.9959183673469387,0.000585037225,-0.000169190032
0.8,0.9877551020408163,0.000585483902,-0.000168597523
0.8,0.9795918367346939,0.000585384619,-0.000170182054
0.8,0.9714285714285714,0.000584632236,-0.000169204868
0.8,0.963265306122449,0.00058541241,-0.000169177348
0.8,0.9551020408163265,0.00058565343,-0.000169681322
0.8,0.9469387755102041,0.000585848256,-0.0001697056
0.8,0.9387755102040816,0.000586692158,-0.00016807701
0.8,0.9306122448979592,0.000586123679,-0.000170187417
0.8,0.9224489795918367,0.000584529407,-0.000169489193
0.8,0.9142857142857143,0.000586322244,-0.000169154998
0.8,0.9061224489795918,0.000586169105,-0.000168971249
0.8,0.8979591836734694,0.000585203014,-0.000168487698
0.8,0.889795918367347,0.00058558529,-0.000167883178
0.8,0.8816326530612244,0.000585947059,-0.000168052091
0.8,0.8734693877551021,0.000584129404,-0.00016876043
0.8,0.8653061224489795,0.000584490499,-0.00016913329
0.8,0.8571428571428572,0.000584922227,-0.000169240321
0.8,0.8489795918367347,0.000583944733,-0.000169517131
0.8,0.8408163265306122,0.000584393995,-0.000169902675
0.8,0.8326530612244898,0.000584861372,-0.000169515397
0.8,0.8244897959183674,0.000585179728,-0.000169435244
0.8,0.8163265306122449,0.000584848723,-0.000168949348
0.8,0.8081632653061225,0.000584354035,-0.000170091368
0.8,0.8,0.000586138054,-0.000170522897
