spi_rack.module1.dac5.voltage,spi_rack.module2.dac10.voltage,agilent_left.volt,agilent_right.volt
1.2,1.2,0.000592509101,-0.000165748687
1.2,1.1918367346938774,0.000593490426,-0.000163432182
1.2,1.183673469387755,0.000593511607,-0.000164738618
1.2,1.1755102040816325,0.000592810495,-0.000164315888
1.2,1.1673469387755102,0.000593016918,-0.000163900897
1.2,1.1591836734693877,0.000593439922,-0.000164066598
1.2,1.1510204081632653,0.000593368624,-0.000164336311
1.2,1.1428571428571428,0.000592864352,-0.000165108041
1.2,1.1346938775510205,0.000593826223,-0.000164877665
1.2,1.126530612244898,0.000593681421,-0.000164961704
1.2,1.1183673469387754,0.000593642513,-0.000164599346
1.2,1.110204081632653,0.000594441948,-0.000165464362
1.2,1.1020408163265305,0.000594589723,-0.000164107638
1.2,1.0938775510204082,0.000594145059,-0.000165243653
1.2,1.0857142857142856,0.000593055826,-0.000164480946
1.2,1.0775510204081633,0.000593288029,-0.000165067225
1.2,1.0693877551020408,0.00059356575,-0.000164783319
1.2,1.0612244897959184,0.000593158175,-0.000165478331
1.2,1.0530612244897959,0.000593255445,-0.000165426758
1.2,1.0448979591836736,0.000592323664,-0.00016546372
1.2,1.036734693877551,0.000593602359,-0.00016514953
1.2,1.0285714285714285,0.000592082838,-0.000164345111
1.2,1.0204081632653061,0.000593486594,-0.000165383342
1.2,1.0122448979591836,0.000593216251,-0.000164832098
1.2,1.0040816326530613,0.000592222368,-0.000163877262
1.2,0.9959183673469387,0.000591887531,-0.000163496439
1.2,0.9877551020408163,0.000591997451,-0.000163280032
1.2,0.9795918367346939,0.000591522983,-0.000164113868
1.2,0.9714285714285714,0.000590654836,-0.000163944313
1.2,0.963265306122449,0.000591277365,-0.000163217059
1.2,0.9551020408163265,0.000591151823,-0.000163453665
1.2,0.9469387755102041,0.000590832988,-0.00016319837
1.2,0.9387755102040816,0.0005899681,-0.000164828019
1.2,0.9306122448979592,0.000589070628,-0.000165314364
1.2,0.9224489795918367,0.000590025216,-0.000164758817
1.2,0.9142857142857143,0.000590455697,-0.000165127598
1.2,0.9061224489795918,0.000590234418,-0.000164329215
1.2,0.8979591836734694,0.000590469879,-0.000164958461
1.2,0.889795918367347,0.000589832688,-0.000163896594
1.2,0.8816326530612244,0.000590575007,-0.000163023421
1.2,0.8734693877551021,0.000589128511,-0.000163448302
1.2,0.8653061224489795,0.000590236717,-0.000163926041
1.2,0.8571428571428572,0.000590968113,-0.000164593983
1.2,0.8489795918367347,0.000591011333,-0.000164107638
1.2,0.8408163265306122,0.000590018891,-0.000164179634
1.2,0.8326530612244898,0.000589429998,-0.000164462256
1.2,0.8244897959183674,0.000589931971,-0.000164377994
1.2,0.8163265306122449,0.000590025982,-0.000163595731
1.2,0.8081632653061225,0.000589784676,-0.000162628211
1.2,0.8,0.000589990047,-0.000164051762
1.1918367346938774,1.2,0.000592070762,-0.000164507375
1.1918367346938774,1.1918367346938774,0.000591941868,-0.000163736481
1.1918367346938774,1.183673469387755,0.000591890311,-0.000165590083
1.1918367346938774,1.1755102040816325,0.000593135942,-0.000164218747
1.1918367346938774,1.1673469387755102,0.000592326157,-0.000165714519
1.1918367346938774,1.1591836734693877,0.000591889831,-0.000165440727
1.1918367346938774,1.1510204081632653,0.000592567463,-0.0001649013
1.1918367346938774,1.1428571428571428,0.000593023243,-0.000165523032
1.1918367346938774,1.1346938775510205,0.000592288015,-0.000163578744
1.1918367346938774,1.126530612244898,0.000591711965,-0.000165532923
1.1918367346938774,1.1183673469387754,0.000592461855,-0.000164194246
1.1918367346938774,1.110204081632653,0.000592037125,-0.000165172523
1.1918367346938774,1.1020408163265305,0.000591275352,-0.000165399238
1.1918367346938774,1.0938775510204082,0.000592902973,-0.00016450609
1.1918367346938774,1.0857142857142856,0.000592814041,-0.000164224111
1.1918367346938774,1.0775510204081633,0.000592041437,-0.000165136846
1.1918367346938774,1.0693877551020408,0.000591720016,-0.000165169729
1.1918367346938774,1.0612244897959184,0.000592244795,-0.000165420528
1.1918367346938774,1.0530612244897959,0.000593390091,-0.000164396266
1.1918367346938774,1.0448979591836736,0.000593622293,-0.000164628151
1.1918367346938774,1.036734693877551,0.000593185966,-0.000164832965
1.1918367346938774,1.0285714285714285,0.00059439039,-0.000164425713
1.1918367346938774,1.0204081632653061,0.00059343609,-0.000165306625
1.1918367346938774,1.0122448979591836,0.000595036686,-0.000164616333
1.1918367346938774,1.0040816326530613,0.000593622773,-0.000164483516
1.1918367346938774,0.9959183673469387,0.000593601306,-0.000164831455
1.1918367346938774,0.9877551020408163,0.000592885532,-0.000165166711
1.1918367346938774,0.9795918367346939,0.000593829003,-0.000165059904
1.1918367346938774,0.9714285714285714,0.000593877014,-0.000165686581
1.1918367346938774,0.963265306122449,0.000593889857,-0.00016513341
1.1918367346938774,0.9551020408163265,0.000594370936,-0.000166423726
1.1918367346938774,0.9469387755102041,0.000592559892,-0.000165576981
1.1918367346938774,0.9387755102040816,0.000593475764,-0.000165620173
1.1918367346938774,0.9306122448979592,0.00059396796,-0.00016485037
1.1918367346938774,0.9224489795918367,0.000594179175,-0.000164903452
1.1918367346938774,0.9142857142857143,0.000593415103,-0.000164794494
1.1918367346938774,0.9061224489795918,0.000593047489,-0.000165055184
1.1918367346938774,0.8979591836734694,0.000593333261,-0.000165587514
1.1918367346938774,0.889795918367347,0.000592657928,-0.000165726337
1.1918367346938774,0.8816326530612244,0.000593954544,-0.000164382072
1.1918367346938774,0.8734693877551021,0.000594236291,-0.000165068286
1.1918367346938774,0.8653061224489795,0.00059421933,-0.00016525547
1.1918367346938774,0.8571428571428572,0.000594172564,-0.000163982559
1.1918367346938774,0.8489795918367347,0.000592447673,-0.000165034118
1.1918367346938774,0.8408163265306122,0.000593492439,-0.000164252273
1.1918367346938774,0.8326530612244898,0.000593244329,-0.000164185864
1.1918367346938774,0.8244897959183674,0.000593367857,-0.000163449811
1.1918367346938774,0.8163265306122449,0.000593361339,-0.000163852118
1.1918367346938774,0.8081632653061225,0.00059269607,-0.000162499472
1.1918367346938774,0.8,0.000592787302,-0.000163750674
1.183673469387755,1.2,0.000594914403,-0.000164774937
1.183673469387755,1.1918367346938774,0.000594406299,-0.000164501145
1.183673469387755,1.183673469387755,0.000594889871,-0.000163820519
1.183673469387755,1.1755102040816325,0.000594437636,-0.000164103335
1.183673469387755,1.1673469387755102,0.000594810042,-0.00016462343
1.183673469387755,1.1591836734693877,0.00059619741,-0.000164211651
1.183673469387755,1.1510204081632653,0.000595641007,-0.000164075621
1.183673469387755,1.1428571428571428,0.000596036699,-0.000164079924
1.183673469387755,1.1346938775510205,0.000594021244,-0.000164852521
1.183673469387755,1.126530612244898,0.000595219629,-0.00016307586
1.183673469387755,1.1183673469387754,0.000595422507,-0.000164919572
1.183673469387755,1.110204081632653,0.000595465921,-0.000163560054
1.183673469387755,1.1020408163265305,0.000594952831,-0.00016380549
1.183673469387755,1.0938775510204082,0.000593805717,-0.000165062698
1.183673469387755,1.0857142857142856,0.00059419633,-0.000163407037
1.183673469387755,1.0775510204081633,0.000593983868,-0.000164488461
1.183673469387755,1.0693877551020408,0.000594424507,-0.000164198548
1.183673469387755,1.0612244897959184,0.000594482582,-0.000165056244
1.183673469387755,1.0530612244897959,0.000593714771,-0.000164482455
1.183673469387755,1.0448979591836736,0.000593812808,-0.000164513187
1.183673469387755,1.036734693877551,0.000594007348,-0.000163779897
1.183673469387755,1.0285714285714285,0.000594997011,-0.000163202448
1.183673469387755,1.0204081632653061,0.000593607151,-0.00016388757
1.183673469387755,1.0122448979591836,0.000594066476,-0.000163848457
1.183673469387755,1.0040816326530613,0.000594093022,-0.000163483112
1.183673469387755,0.9959183673469387,0.000594207447,-0.000162672045
1.183673469387755,0.9877551020408163,0.00059407558,-0.000162704286
1.183673469387755,0.9795918367346939,0.000594213771,-0.00016320566
1.183673469387755,0.9714285714285714,0.000595392897,-0.000164223693
1.183673469387755,0.963265306122449,0.000593543997,-0.000164360589
1.183673469387755,0.9551020408163265,0.000594343145,-0.000163478391
1.183673469387755,0.9469387755102041,0.000593973038,-0.000163649455
1.183673469387755,0.9387755102040816,0.000593675863,-0.000164051344
1.183673469387755,0.9306122448979592,0.000593621526,-0.000163369433
1.183673469387755,0.9224489795918367,0.000594074814,-0.000164410235
1.183673469387755,0.9142857142857143,0.000593198043,-0.000163716089
1.183673469387755,0.9061224489795918,0.000595402287,-0.000164244534
1.183673469387755,0.8979591836734694,0.000595657489,-0.000164196397
1.183673469387755,0.889795918367347,0.00059399949,-0.000162685147
1.183673469387755,0.8816326530612244,0.000594698876,-0.000162801202
1.183673469387755,0.8734693877551021,0.000596237564,-0.000163148081
1.183673469387755,0.8653061224489795,0.000595203435,-0.000163050716
1.183673469387755,0.8571428571428572,0.000595377754,-0.000163546085
1.183673469387755,0.8489795918367347,0.000594290628,-0.000163743578
1.183673469387755,0.8408163265306122,0.000595711539,-0.000162914687
1.183673469387755,0.8326530612244898,0.000595208706,-0.000163274444
1.183673469387755,0.8244897959183674,0.000595329263,-0.000162805505
1.183673469387755,0.8163265306122449,0.000594515452,-0.00016374682
1.183673469387755,0.8081632653061225,0.000595464195,-0.000163786994
1.183673469387755,0.8,0.000595421454,-0.000164129988
1.1755102040816325,1.2,0.000594170071,-0.00016281045
1.1755102040816325,1.1918367346938774,0.000595107411,-0.000163772382
1.1755102040816325,1.183673469387755,0.000594802951,-0.000162802068
1.1755102040816325,1.1755102040816325,0.000595351496,-0.000163035238
1.1755102040816325,1.1673469387755102,0.000595208513,-0.000162470025
1.1755102040816325,1.1591836734693877,0.00059488134,-0.000163061891
1.1755102040816325,1.1510204081632653,0.000594847704,-0.000163350295
1.1755102040816325,1.1428571428571428,0.000594216071,-0.000162793687
1.1755102040816325,1.1346938775510205,0.000594153396,-0.000162455638
1.1755102040816325,1.126530612244898,0.000594714018,-0.000163795375
1.1755102040816325,1.1183673469387754,0.000595379287,-0.000163663424
1.1755102040816325,1.110204081632653,0.000594732226,-0.000162776924
1.1755102040816325,1.1020408163265305,0.000595700422,-0.000164644496
1.1755102040816325,1.0938775510204082,0.00059527368,-0.000164400344
1.1755102040816325,1.0857142857142856,0.000595520257,-0.000163722961
1.1755102040816325,1.0775510204081633,0.000595058919,-0.000163785709
1.1755102040816325,1.0693877551020408,0.00059581638,-0.000163919393
1.1755102040816325,1.0612244897959184,0.000596704747,-0.000163299364
1.1755102040816325,1.0530612244897959,0.000596002583,-0.000162477121
1.1755102040816325,1.0448979591836736,0.000596155722,-0.000163215132
1.1755102040816325,1.036734693877551,0.000596388405,-0.000163308388
1.1755102040816325,1.0285714285714285,0.00059671989,-0.000163393711
1.1755102040816325,1.0204081632653061,0.000596480883,-0.000163405753
1.1755102040816325,1.0122448979591836,0.000596454144,-0.000163555109
1.1755102040816325,1.0040816326530613,0.000595728694,-0.000163309479
1.1755102040816325,0.9959183673469387,0.000594983882,-0.000163446793
1.1755102040816325,0.9877551020408163,0.00059503266,-0.000164111298
1.1755102040816325,0.9795918367346939,0.000596202202,-0.000163402735
1.1755102040816325,0.9714285714285714,0.000595405066,-0.000163583913
1.1755102040816325,0.963265306122449,0.000595009181,-0.000163889079
1.1755102040816325,0.9551020408163265,0.000595455857,-0.000164286665
1.1755102040816325,0.9469387755102041,0.000595668605,-0.000162963466
1.1755102040816325,0.9387755102040816,0.000595699369,-0.000163161826
1.1755102040816325,0.9306122448979592,0.000595440909,-0.000163564999
1.1755102040816325,0.9224489795918367,0.000595679435,-0.000164391963
1.1755102040816325,0.9142857142857143,0.000595683747,-0.000163786994
1.1755102040816325,0.9061224489795918,0.000595835354,-0.000164746581
1.1755102040816325,0.8979591836734694,0.000595033427,-0.000164957401
1.1755102040816325,0.889795918367347,0.000595133956,-0.000164817486
1.1755102040816325,0.8816326530612244,0.000595312588,-0.000164495333
1.1755102040816325,0.8734693877551021,0.000596229513,-0.000164266466
1.1755102040816325,0.8653061224489795,0.000594898975,-0.000164784603
1.1755102040816325,0.8571428571428572,0.000594314394,-0.0001650872
1.1755102040816325,0.8489795918367347,0.000594831029,-0.000164466111
1.1755102040816325,0.8408163265306122,0.000595334341,-0.000163678678
1.1755102040816325,0.8326530612244898,0.000596022037,-0.000164928596
1.1755102040816325,0.8244897959183674,0.000595700422,-0.000164620636
1.1755102040816325,0.8163265306122449,0.000595476078,-0.000165352611
1.1755102040816325,0.8081632653061225,0.000596022037,-0.000164551433
1.1755102040816325,0.8,0.000596617348,-0.000164644913
1.1673469387755102,1.2,0.000592769574,-0.00016594618
1.1673469387755102,1.1918367346938774,0.000593741796,-0.000166174853
1.1673469387755102,1.183673469387755,0.000594324171,-0.000167129914
1.1673469387755102,1.1755102040816325,0.000594183201,-0.00016648991
1.1673469387755102,1.1673469387755102,0.000594074048,-0.000166999248
1.1673469387755102,1.1591836734693877,0.000593072788,-0.000166097687
1.1673469387755102,1.1510204081632653,0.000593177629,-0.000166408247
1.1673469387755102,1.1428571428571428,0.000593795366,-0.000165945762
1.1673469387755102,1.1346938775510205,0.000594509127,-0.000165996693
1.1673469387755102,1.126530612244898,0.000594864378,-0.000165790819
1.1673469387755102,1.1183673469387754,0.000595486908,-0.000166311107
1.1673469387755102,1.110204081632653,0.000594509894,-0.000166215251
1.1673469387755102,1.1020408163265305,0.000595646086,-0.000167002266
1.1673469387755102,1.0938775510204082,0.000594330782,-0.000166291968
1.1673469387755102,1.0857142857142856,0.00059573885,-0.000166762193
1.1673469387755102,1.0775510204081633,0.000595341146,-0.000165396669
1.1673469387755102,1.0693877551020408,0.000595693617,-0.000166306386
1.1673469387755102,1.0612244897959184,0.000594877028,-0.000166427804
1.1673469387755102,1.0530612244897959,0.000595052594,-0.000166513769
1.1673469387755102,1.0448979591836736,0.000595905599,-0.000166408247
1.1673469387755102,1.036734693877551,0.000597091336,-0.000167388452
1.1673469387755102,1.0285714285714285,0.000596353042,-0.000167590248
1.1673469387755102,1.0204081632653061,0.000596506375,-0.000167375543
1.1673469387755102,1.0122448979591836,0.00059681668,-0.000167458939
1.1673469387755102,1.0040816326530613,0.000596247914,-0.000167585302
1.1673469387755102,0.9959183673469387,0.000595954377,-0.000169251496
1.1673469387755102,0.9877551020408163,0.000596252706,-0.0001684587
1.1673469387755102,0.9795918367346939,0.000596275226,-0.000168098943
1.1673469387755102,0.9714285714285714,0.000595026335,-0.000168352311
1.1673469387755102,0.963265306122449,0.000595277992,-0.000167225769
1.1673469387755102,0.9551020408163265,0.000594361066,-0.000168242711
1.1673469387755102,0.9469387755102041,0.000595439949,-0.000168337925
1.1673469387755102,0.9387755102040816,0.00059462058,-0.00016833147
1.1673469387755102,0.9306122448979592,0.000594885365,-0.000167859961
1.1673469387755102,0.9224489795918367,0.000594667825,-0.000167098539
1.1673469387755102,0.9142857142857143,0.000595388391,-0.000168451186
1.1673469387755102,0.9061224489795918,0.000595664773,-0.000168366505
1.1673469387755102,0.8979591836734694,0.00059600009,-0.000167788832
1.1673469387755102,0.889795918367347,0.000596907912,-0.000167655147
1.1673469387755102,0.8816326530612244,0.000596469,-0.000166928536
1.1673469387755102,0.8734693877551021,0.00059591365,-0.00016707468
1.1673469387755102,0.8653061224489795,0.000595738564,-0.000166640357
1.1673469387755102,0.8571428571428572,0.00059564158,-0.000167031488
1.1673469387755102,0.8489795918367347,0.000596868431,-0.000167338164
1.1673469387755102,0.8408163265306122,0.000595859794,-0.000167256501
1.1673469387755102,0.8326530612244898,0.000596836327,-0.000167065656
1.1673469387755102,0.8244897959183674,0.000597285589,-0.000166457027
1.1673469387755102,0.8163265306122449,0.00059561858,-0.00016629155
1.1673469387755102,0.8081632653061225,0.000596874276,-0.000167233926
1.1673469387755102,0.8,0.000596148631,-0.000167164724
1.1591836734693877,1.2,0.000598633283,-0.00016518691
1.1591836734693877,1.1918367346938774,0.000598720683,-0.000165646826
1.1591836734693877,1.183673469387755,0.000598815174,-0.000165894413
1.1591836734693877,1.1755102040816325,0.000598520584,-0.000165537868
1.1591836734693877,1.1673469387755102,0.000597307056,-0.00016587656
1.1591836734693877,1.1591836734693877,0.000597186786,-0.000166182592
1.1591836734693877,1.1510204081632653,0.000597243902,-0.000165468441
1.1591836734693877,1.1428571428571428,0.00059666306,-0.000165213788
1.1591836734693877,1.1346938775510205,0.000597029621,-0.000165437934
1.1591836734693877,1.126530612244898,0.00059645913,-0.000166856988
1.1591836734693877,1.1183673469387754,0.000597391963,-0.000166091682
1.1591836734693877,1.110204081632653,0.000597764369,-0.00016658856
1.1591836734693877,1.1020408163265305,0.000598313874,-0.000167074262
1.1591836734693877,1.0938775510204082,0.000597785356,-0.000166600377
1.1591836734693877,1.0857142857142856,0.00059579242,-0.000166167339
1.1591836734693877,1.0775510204081633,0.000596268615,-0.000165271815
1.1591836734693877,1.0693877551020408,0.000596561478,-0.000165338866
1.1591836734693877,1.0612244897959184,0.000597043804,-0.000164519193
1.1591836734693877,1.0530612244897959,0.000596368184,-0.000164413028
1.1591836734693877,1.0448979591836736,0.000596812368,-0.000164566045
1.1591836734693877,1.036734693877551,0.000596522856,-0.000165524959
1.1591836734693877,1.0285714285714285,0.000597715877,-0.000166557828
1.1591836734693877,1.0204081632653061,0.000597317406,-0.000165917824
1.1591836734693877,1.0122448979591836,0.000596694877,-0.000165820266
1.1591836734693877,1.0040816326530613,0.00059802235,-0.00016607707
1.1591836734693877,0.9959183673469387,0.000598046596,-0.000166133589
1.1591836734693877,0.9877551020408163,0.000596575374,-0.000165696247
1.1591836734693877,0.9795918367346939,0.000596880314,-0.000164381012
1.1591836734693877,0.9714285714285714,0.000596414183,-0.00016503993
1.1591836734693877,0.963265306122449,0.000596408625,-0.000164588395
1.1591836734693877,0.9551020408163265,0.000595964921,-0.000164273339
1.1591836734693877,0.9469387755102041,0.000595788109,-0.000163329454
1.1591836734693877,0.9387755102040816,0.000596393196,-0.000163684266
1.1591836734693877,0.9306122448979592,0.000597073128,-0.000163618948
1.1591836734693877,0.9224489795918367,0.000597268915,-0.000164825868
1.1591836734693877,0.9142857142857143,0.000596175943,-0.000164617842
1.1591836734693877,0.9061224489795918,0.000596421754,-0.000164558306
1.1591836734693877,0.8979591836734694,0.000596921041,-0.000165029815
1.1591836734693877,0.889795918367347,0.000597939456,-0.000165031324
1.1591836734693877,0.8816326530612244,0.000598144153,-0.000165431704
1.1591836734693877,0.8734693877551021,0.000597386405,-0.000165246446
1.1591836734693877,0.8653061224489795,0.000597461442,-0.000165464587
1.1591836734693877,0.8571428571428572,0.000596604698,-0.000165579775
1.1591836734693877,0.8489795918367347,0.000595265342,-0.000164375424
1.1591836734693877,0.8408163265306122,0.000596530141,-0.000164086154
1.1591836734693877,0.8326530612244898,0.000595980636,-0.000164359304
1.1591836734693877,0.8244897959183674,0.000596519024,-0.00016414203
1.1591836734693877,0.8163265306122449,0.00059612084,-0.000163566508
1.1591836734693877,0.8081632653061225,0.00059668606,-0.000165075158
1.1591836734693877,0.8,0.000596051841,-0.000165554631
1.1510204081632653,1.2,0.000595800471,-0.000167534372
1.1510204081632653,1.1918367346938774,0.000597010934,-0.000167520403
1.1510204081632653,1.183673469387755,0.000595854042,-0.00016764699
1.1510204081632653,1.1755102040816325,0.000596936663,-0.000166827317
1.1510204081632653,1.1673469387755102,0.000596871976,-0.000165296735
1.1510204081632653,1.1591836734693877,0.000595835834,-0.000167011707
1.1510204081632653,1.1510204081632653,0.000596276472,-0.000167364592
1.1510204081632653,1.1428571428571428,0.000595149864,-0.000166157448
1.1510204081632653,1.1346938775510205,0.000595963675,-0.000166419198
1.1510204081632653,1.126530612244898,0.000595580152,-0.000166949184
1.1510204081632653,1.1183673469387754,0.000595779771,-0.000167344394
1.1510204081632653,1.110204081632653,0.000595306263,-0.000166473147
1.1510204081632653,1.1020408163265305,0.000595804017,-0.000166721153
1.1510204081632653,1.0938775510204082,0.000595738564,-0.000166463481
1.1510204081632653,1.0857142857142856,0.000596668619,-0.000166105008
1.1510204081632653,1.0775510204081633,0.00059566228,-0.000165829289
1.1510204081632653,1.0693877551020408,0.00059495609,-0.000166830111
1.1510204081632653,1.0612244897959184,0.00059497861,-0.000166684833
1.1510204081632653,1.0530612244897959,0.000596057686,-0.000166872242
1.1510204081632653,1.0448979591836736,0.00059614106,-0.000166303592
1.1510204081632653,1.036734693877551,0.000596660761,-0.000167439383
1.1510204081632653,1.0285714285714285,0.000596254239,-0.000167057275
1.1510204081632653,1.0204081632653061,0.000596916729,-0.000167167518
1.1510204081632653,1.0122448979591836,0.000595905313,-0.000168550029
1.1510204081632653,1.0040816326530613,0.000596615528,-0.000166789713
1.1510204081632653,0.9959183673469387,0.000596331575,-0.000167844483
1.1510204081632653,0.9877551020408163,0.000596630957,-0.000167497634
1.1510204081632653,0.9795918367346939,0.000596276759,-0.000168049072
1.1510204081632653,0.9714285714285714,0.000595516232,-0.000167781735
1.1510204081632653,0.963265306122449,0.000596133969,-0.000167471399
1.1510204081632653,0.9551020408163265,0.000596266122,-0.0001678677
1.1510204081632653,0.9469387755102041,0.000595642826,-0.000167075547
1.1510204081632653,0.9387755102040816,0.000596617541,-0.000167461733
1.1510204081632653,0.9306122448979592,0.000595927546,-0.000167169669
1.1510204081632653,0.9224489795918367,0.000596484428,-0.000167492465
1.1510204081632653,0.9142857142857143,0.000597378834,-0.00016789779
1.1510204081632653,0.9061224489795918,0.000598491546,-0.000168844886
1.1510204081632653,0.8979591836734694,0.000597377588,-0.000166539331
1.1510204081632653,0.889795918367347,0.000597438923,-0.000168197592
1.1510204081632653,0.8816326530612244,0.000597538012,-0.000168323956
1.1510204081632653,0.8734693877551021,0.000597562544,-0.000167622906
1.1510204081632653,0.8653061224489795,0.000596181501,-0.000168089695
1.1510204081632653,0.8571428571428572,0.000595967987,-0.000168777835
1.1510204081632653,0.8489795918367347,0.000597464988,-0.000166820027
1.1510204081632653,0.8408163265306122,0.000596344705,-0.000166661198
1.1510204081632653,0.8326530612244898,0.000595777472,-0.000167109715
1.1510204081632653,0.8244897959183674,0.000596287302,-0.000167393397
1.1510204081632653,0.8163265306122449,0.000596246668,-0.000166761999
1.1510204081632653,0.8081632653061225,0.000596471013,-0.000167480005
1.1510204081632653,0.8,0.000595124852,-0.00016684151
1.1428571428571428,1.2,0.000591083305,-0.000166610685
1.1428571428571428,1.1918367346938774,0.000592075267,-0.000165772547
1.1428571428571428,1.183673469387755,0.000591958063,-0.000166606831
1.1428571428571428,1.1755102040816325,0.000591988347,-0.000165568375
1.1428571428571428,1.1673469387755102,0.000590930738,-0.000166470578
1.1428571428571428,1.1591836734693877,0.000591371856,-0.000166294987
1.1428571428571428,1.1510204081632653,0.000590861259,-0.000166755545
1.1428571428571428,1.1428571428571428,0.000590719523,-0.000165377112
1.1428571428571428,1.1346938775510205,0.000591160161,-0.000166895877
1.1428571428571428,1.126530612244898,0.000590754885,-0.000166660974
1.1428571428571428,1.1183673469387754,0.000590659914,-0.000167313886
1.1428571428571428,1.110204081632653,0.000590800118,-0.000166420065
1.1428571428571428,1.1020408163265305,0.000591159874,-0.000167083061
1.1428571428571428,1.0938775510204082,0.000590672757,-0.000166552883
1.1428571428571428,1.0857142857142856,0.000592316287,-0.000167150337
1.1428571428571428,1.0775510204081633,0.000591395142,-0.000167878875
1.1428571428571428,1.0693877551020408,0.000591924907,-0.0001679887
1.1428571428571428,1.0612244897959184,0.000591594474,-0.000167221242
1.1428571428571428,1.0530612244897959,0.000592553761,-0.000165961016
1.1428571428571428,1.0448979591836736,0.000593285249,-0.00016592126
1.1428571428571428,1.036734693877551,0.000592356727,-0.000166867939
1.1428571428571428,1.0285714285714285,0.000592757211,-0.00016711466
1.1428571428571428,1.0204081632653061,0.000592461089,-0.000166115541
1.1428571428571428,1.0122448979591836,0.000592600526,-0.000166379025
1.1428571428571428,1.0040816326530613,0.000593309015,-0.000166576742
1.1428571428571428,0.9959183673469387,0.000593471739,-0.000166456609
1.1428571428571428,0.9877551020408163,0.000593209732,-0.00016667324
1.1428571428571428,0.9795918367346939,0.000593575047,-0.000165785873
1.1428571428571428,0.9714285714285714,0.000593917169,-0.000166158733
1.1428571428571428,0.963265306122449,0.000593903753,-0.000166270709
1.1428571428571428,0.9551020408163265,0.000593601592,-0.00016518434
1.1428571428571428,0.9469387755102041,0.000593085917,-0.000166617782
1.1428571428571428,0.9387755102040816,0.000591651304,-0.000166242129
1.1428571428571428,0.9306122448979592,0.000593035892,-0.000166635412
1.1428571428571428,0.9224489795918367,0.000593277678,-0.000166706766
1.1428571428571428,0.9142857142857143,0.000592839819,-0.000166469935
1.1428571428571428,0.9061224489795918,0.000593769108,-0.000164727218
1.1428571428571428,0.8979591836734694,0.000592933064,-0.000166828184
1.1428571428571428,0.889795918367347,0.000592609436,-0.000165237198
1.1428571428571428,0.8816326530612244,0.0005927069,-0.000165709574
1.1428571428571428,0.8734693877551021,0.000591437789,-0.00016540139
1.1428571428571428,0.8653061224489795,0.000591141473,-0.000165558709
1.1428571428571428,0.8571428571428572,0.000591301131,-0.000164956534
1.1428571428571428,0.8489795918367347,0.00059164268,-0.00016481039
1.1428571428571428,0.8408163265306122,0.00059195653,-0.000164880235
1.1428571428571428,0.8326530612244898,0.000591384026,-0.000165270081
1.1428571428571428,0.8244897959183674,0.000592670291,-0.000165474895
1.1428571428571428,0.8163265306122449,0.000591737744,-0.000165074516
1.1428571428571428,0.8081632653061225,0.000592145799,-0.000165312855
1.1428571428571428,0.8,0.000591603578,-0.000165111702
1.1346938775510205,1.2,0.000591633383,-0.000165176826
1.1346938775510205,1.1918367346938774,0.000593337093,-0.000165576339
1.1346938775510205,1.183673469387755,0.000592265016,-0.000164590547
1.1346938775510205,1.1755102040816325,0.000591898454,-0.000165181965
1.1346938775510205,1.1673469387755102,0.000592752419,-0.000165950065
1.1346938775510205,1.1591836734693877,0.000592660901,-0.000165277178
1.1346938775510205,1.1510204081632653,0.000591573008,-0.000165434915
1.1346938775510205,1.1428571428571428,0.000591091929,-0.000165141791
1.1346938775510205,1.1346938775510205,0.000591720016,-0.000164666621
1.1346938775510205,1.126530612244898,0.000592030321,-0.000164977375
1.1346938775510205,1.1183673469387754,0.000591919348,-0.000163965154
1.1346938775510205,1.110204081632653,0.000591822651,-0.000165448466
1.1346938775510205,1.1020408163265305,0.000590622253,-0.000164714116
1.1346938775510205,1.0938775510204082,0.000590589669,-0.000165122235
1.1346938775510205,1.0857142857142856,0.000590951725,-0.000164879592
1.1346938775510205,1.0775510204081633,0.000592103825,-0.000165835295
1.1346938775510205,1.0693877551020408,0.000591366298,-0.000165764583
1.1346938775510205,1.0612244897959184,0.000593466947,-0.000165964676
1.1346938775510205,1.0530612244897959,0.0005925988,-0.000165991105
1.1346938775510205,1.0448979591836736,0.00059342526,-0.000166614122
1.1346938775510205,1.036734693877551,0.000591871909,-0.000166700311
1.1346938775510205,1.0285714285714285,0.000591819105,-0.000166905543
1.1346938775510205,1.0204081632653061,0.000592318586,-0.000167276476
1.1346938775510205,1.0122448979591836,0.000592546476,-0.000167611313
1.1346938775510205,1.0040816326530613,0.000592791807,-0.000167063505
1.1346938775510205,0.9959183673469387,0.000593330962,-0.00016744131
1.1346938775510205,0.9877551020408163,0.000592727887,-0.000167904019
1.1346938775510205,0.9795918367346939,0.000592616721,-0.000167753797
1.1346938775510205,0.9714285714285714,0.000593085917,-0.000168588499
1.1346938775510205,0.963265306122449,0.000591871909,-0.000167008914
1.1346938775510205,0.9551020408163265,0.000592676329,-0.000168127523
1.1346938775510205,0.9469387755102041,0.000592555293,-0.000167794837
1.1346938775510205,0.9387755102040816,0.00059378425,-0.000167539959
1.1346938775510205,0.9306122448979592,0.000592747341,-0.000168149231
1.1346938775510205,0.9224489795918367,0.000592523476,-0.000166647005
1.1346938775510205,0.9142857142857143,0.000592616721,-0.000167868985
1.1346938775510205,0.9061224489795918,0.000592393143,-0.000167785813
1.1346938775510205,0.8979591836734694,0.000593032827,-0.000167580357
1.1346938775510205,0.889795918367347,0.000593053814,-0.000166862352
1.1346938775510205,0.8816326530612244,0.000592921661,-0.000167078983
1.1346938775510205,0.8734693877551021,0.000592525776,-0.000166763926
1.1346938775510205,0.8653061224489795,0.000591790548,-0.000167903153
1.1346938775510205,0.8571428571428572,0.000590956997,-0.00016733537
1.1346938775510205,0.8489795918367347,0.000590909751,-0.000168097434
1.1346938775510205,0.8408163265306122,0.000590818806,-0.000168496753
1.1346938775510205,0.8326530612244898,0.000591019191,-0.000167726277
1.1346938775510205,0.8244897959183674,0.000590739457,-0.000168651697
1.1346938775510205,0.8163265306122449,0.000590342325,-0.000167883821
1.1346938775510205,0.8081632653061225,0.0005920768,-0.000168729056
1.1346938775510205,0.8,0.000592026775,-0.00016748495
1.126530612244898,1.2,0.000594692838,-0.000167787965
1.126530612244898,1.1918367346938774,0.000594343145,-0.000167679231
1.126530612244898,1.183673469387755,0.000594100593,-0.000167178917
1.126530612244898,1.1755102040816325,0.000593040204,-0.000167790116
1.126530612244898,1.1673469387755102,0.000593611943,-0.000167579072
1.126530612244898,1.1591836734693877,0.000593221329,-0.000167765839
1.126530612244898,1.1510204081632653,0.00059232817,-0.000167416165
1.126530612244898,1.1428571428571428,0.000592937856,-0.000167970428
1.126530612244898,1.1346938775510205,0.000592851416,-0.000166667846
1.126530612244898,1.126530612244898,0.000592533347,-0.000166708468
1.126530612244898,1.1183673469387754,0.000591556046,-0.000166934123
1.126530612244898,1.110204081632653,0.000592380493,-0.000167306565
1.126530612244898,1.1020408163265305,0.000593337287,-0.000167659226
1.126530612244898,1.0938775510204082,0.000592478244,-0.000167931733
1.126530612244898,1.0857142857142856,0.000591973205,-0.000167398118
1.126530612244898,1.0775510204081633,0.000592966127,-0.000166831395
1.126530612244898,1.0693877551020408,0.000592950985,-0.000166666143
1.126530612244898,1.0612244897959184,0.000593791821,-0.000167434855
1.126530612244898,1.0530612244897959,0.00059267537,-0.000167361156
1.126530612244898,1.0448979591836736,0.000594411091,-0.00016693499
1.126530612244898,1.036734693877551,0.000592104591,-0.000166728249
1.126530612244898,1.0285714285714285,0.000594495998,-0.000167745191
1.126530612244898,1.0204081632653061,0.000592181641,-0.000167376634
1.126530612244898,1.0122448979591836,0.000592868091,-0.000166303368
1.126530612244898,1.0040816326530613,0.000593078826,-0.000166028291
1.126530612244898,0.9959183673469387,0.000592256198,-0.000166709977
1.126530612244898,0.9877551020408163,0.000592700862,-0.000167005477
1.126530612244898,0.9795918367346939,0.000591486854,-0.000166585541
1.126530612244898,0.9714285714285714,0.000592124045,-0.000166389976
1.126530612244898,0.963265306122449,0.000591770807,-0.000167345036
1.126530612244898,0.9551020408163265,0.000592908532,-0.000167171596
1.126530612244898,0.9469387755102041,0.000592701628,-0.000166497231
1.126530612244898,0.9387755102040816,0.000591222069,-0.000166330246
1.126530612244898,0.9306122448979592,0.00059219755,-0.000167000114
1.126530612244898,0.9224489795918367,0.000591686953,-0.000167506016
1.126530612244898,0.9142857142857143,0.000592114462,-0.00016683785
1.126530612244898,0.9061224489795918,0.000592172537,-0.000166861485
1.126530612244898,0.8979591836734694,0.000592390077,-0.000167838253
1.126530612244898,0.889795918367347,0.000592309482,-0.000166504103
1.126530612244898,0.8816326530612244,0.000592229367,-0.000166406096
1.126530612244898,0.8734693877551021,0.000592430998,-0.000167517609
1.126530612244898,0.8653061224489795,0.000590182094,-0.000169155222
1.126530612244898,0.8571428571428572,0.000592807716,-0.000166654326
1.126530612244898,0.8489795918367347,0.000590800598,-0.000167263373
1.126530612244898,0.8408163265306122,0.000590203081,-0.000167581224
1.126530612244898,0.8326530612244898,0.000589345571,-0.000167525348
1.126530612244898,0.8244897959183674,0.0005903797,-0.000167777432
1.126530612244898,0.8163265306122449,0.000591098733,-0.000168105173
1.126530612244898,0.8081632653061225,0.00059072834,-0.000167745191
1.126530612244898,0.8,0.000590598487,-0.000167259071
1.1183673469387754,1.2,0.000592263483,-0.000168056394
1.1183673469387754,1.1918367346938774,0.000592757691,-0.000167231133
1.1183673469387754,1.183673469387755,0.000591376934,-0.000168037255
1.1183673469387754,1.1755102040816325,0.000591210472,-0.000168949124
1.1183673469387754,1.1673469387755102,0.000590895375,-0.000168090561
1.1183673469387754,1.1591836734693877,0.000590559578,-0.000167892844
1.1183673469387754,1.1510204081632653,0.000591006255,-0.000168302023
1.1183673469387754,1.1428571428571428,0.000591622266,-0.000168479124
1.1183673469387754,1.1346938775510205,0.000591589683,-0.000167986967
1.1183673469387754,1.126530612244898,0.000592492426,-0.000167516967
1.1183673469387754,1.1183673469387754,0.000591681588,-0.000167987191
1.1183673469387754,1.110204081632653,0.000591506788,-0.000169014666
1.1183673469387754,1.1020408163265305,0.000591889544,-0.000168239917
1.1183673469387754,1.0938775510204082,0.000592122799,-0.000167555437
1.1183673469387754,1.0857142857142856,0.000592696836,-0.000168598614
1.1183673469387754,1.0775510204081633,0.00059267585,-0.000168511782
1.1183673469387754,1.0693877551020408,0.0005914881,-0.000167180844
1.1183673469387754,1.0612244897959184,0.000591983555,-0.000167704151
1.1183673469387754,1.0530612244897959,0.000591757198,-0.000168959014
1.1183673469387754,1.0448979591836736,0.000592821898,-0.000167998142
1.1183673469387754,1.036734693877551,0.000592479776,-0.000168487923
1.1183673469387754,1.0285714285714285,0.000592654383,-0.000167406499
1.1183673469387754,1.0204081632653061,0.000592571488,-0.000167897147
1.1183673469387754,1.0122448979591836,0.000594072515,-0.000168346948
1.1183673469387754,1.0040816326530613,0.000593024296,-0.000168360917
1.1183673469387754,0.9959183673469387,0.000592718783,-0.000168270649
1.1183673469387754,0.9877551020408163,0.000592189979,-0.000168092713
1.1183673469387754,0.9795918367346939,0.000592218056,-0.000168525109
1.1183673469387754,0.9714285714285714,0.000592428025,-0.000167809448
1.1183673469387754,0.963265306122449,0.000592690992,-0.00016883522
1.1183673469387754,0.9551020408163265,0.000593155876,-0.000169476509
1.1183673469387754,0.9469387755102041,0.000593574281,-0.00016900972
1.1183673469387754,0.9387755102040816,0.000593230433,-0.000168334264
1.1183673469387754,0.9306122448979592,0.000592713225,-0.000169673359
1.1183673469387754,0.9224489795918367,0.000594454311,-0.00016860462
1.1183673469387754,0.9142857142857143,0.00059349014,-0.00016842389
1.1183673469387754,0.9061224489795918,0.000592553567,-0.000168649545
1.1183673469387754,0.8979591836734694,0.000592723381,-0.000168932361
1.1183673469387754,0.889795918367347,0.000592657928,-0.000168504686
1.1183673469387754,0.8816326530612244,0.000593241549,-0.000168182757
1.1183673469387754,0.8734693877551021,0.000592149824,-0.000167081552
1.1183673469387754,0.8653061224489795,0.000592384805,-0.000167593041
1.1183673469387754,0.8571428571428572,0.000592893389,-0.000168005238
1.1183673469387754,0.8489795918367347,0.000593517931,-0.000168693379
1.1183673469387754,0.8408163265306122,0.000592626591,-0.00016841249
1.1183673469387754,0.8326530612244898,0.000593026309,-0.000168116348
1.1183673469387754,0.8244897959183674,0.000593689279,-0.000167734016
1.1183673469387754,0.8163265306122449,0.000593003789,-0.000167712532
1.1183673469387754,0.8081632653061225,0.000593445194,-0.000167344811
1.1183673469387754,0.8,0.000593413857,-0.000167957744
1.110204081632653,1.2,0.000590764469,-0.000166609625
1.110204081632653,1.1918367346938774,0.000592171771,-0.000166409757
1.110204081632653,1.183673469387755,0.000591814027,-0.000167296899
1.110204081632653,1.1755102040816325,0.000591564384,-0.000168353178
1.110204081632653,1.1673469387755102,0.000592454764,-0.000168311914
1.110204081632653,1.1591836734693877,0.000592933064,-0.000166966364
1.110204081632653,1.1510204081632653,0.000591812014,-0.000167200625
1.110204081632653,1.1428571428571428,0.000591361026,-0.000167507076
1.110204081632653,1.1346938775510205,0.000590984308,-0.000167217806
1.110204081632653,1.126530612244898,0.000592384999,-0.000167536523
1.110204081632653,1.1183673469387754,0.000591426193,-0.00016743874
1.110204081632653,1.110204081632653,0.000591367064,-0.000168212204
1.110204081632653,1.1020408163265305,0.000591927492,-0.000166520642
1.110204081632653,1.0938775510204082,0.000592319066,-0.000167706945
1.110204081632653,1.0857142857142856,0.000590518178,-0.000167874572
1.110204081632653,1.0775510204081633,0.000591139461,-0.000168385419
1.110204081632653,1.0693877551020408,0.000590891063,-0.00016701235
1.110204081632653,1.0612244897959184,0.000589943567,-0.000166989581
1.110204081632653,1.0530612244897959,0.000590336767,-0.000167480423
1.110204081632653,1.0448979591836736,0.000590654069,-0.000167457654
1.110204081632653,1.036734693877551,0.000590488567,-0.000166182817
1.110204081632653,1.0285714285714285,0.000591323364,-0.000167303353
1.110204081632653,1.0204081632653061,0.000592103059,-0.000167791401
1.110204081632653,1.0122448979591836,0.000591328923,-0.000167220182
1.110204081632653,1.0040816326530613,0.00059139083,-0.000166830335
1.110204081632653,0.9959183673469387,0.000591810482,-0.000167401779
1.110204081632653,0.9877551020408163,0.000590420621,-0.000168296211
1.110204081632653,0.9795918367346939,0.000590633849,-0.000168629122
1.110204081632653,0.9714285714285714,0.000590797052,-0.000167697054
1.110204081632653,0.963265306122449,0.000590427712,-0.000167396609
1.110204081632653,0.9551020408163265,0.000590043423,-0.000167849428
1.110204081632653,0.9469387755102041,0.000590862026,-0.000168366505
1.110204081632653,0.9387755102040816,0.000590583538,-0.000167846859
1.110204081632653,0.9306122448979592,0.000591195237,-0.00016750987
1.110204081632653,0.9224489795918367,0.000590846597,-0.000168819742
1.110204081632653,0.9142857142857143,0.000590579512,-0.000167695127
1.110204081632653,0.9061224489795918,0.000589651277,-0.000167120248
1.110204081632653,0.8979591836734694,0.000590852155,-0.000166913507
1.110204081632653,0.889795918367347,0.000590184393,-0.000166993018
1.110204081632653,0.8816326530612244,0.000590712145,-0.000167558873
1.110204081632653,0.8734693877551021,0.000590654069,-0.000168248523
1.110204081632653,0.8653061224489795,0.000591644213,-0.00016827537
1.110204081632653,0.8571428571428572,0.000591049189,-0.000167193111
1.110204081632653,0.8489795918367347,0.000591517905,-0.000168515218
1.110204081632653,0.8408163265306122,0.000591690978,-0.000168755709
1.110204081632653,0.8326530612244898,0.000591380674,-0.000168608698
1.110204081632653,0.8244897959183674,0.000590388804,-0.000168323089
1.110204081632653,0.8163265306122449,0.000590784976,-0.000168536926
1.110204081632653,0.8081632653061225,0.000590950958,-0.000168568301
1.110204081632653,0.8,0.000590982775,-0.00016844881
1.1020408163265305,1.2,0.000592007035,-0.000168738947
1.1020408163265305,1.1918367346938774,0.000592473452,-0.000167741337
1.1020408163265305,1.183673469387755,0.000593058126,-0.000167934527
1.1020408163265305,1.1755102040816325,0.000591890597,-0.000167577145
1.1020408163265305,1.1673469387755102,0.00059205428,-0.000166761775
1.1020408163265305,1.1591836734693877,0.00059254293,-0.000166832904
1.1020408163265305,1.1510204081632653,0.000591255418,-0.000168017698
1.1020408163265305,1.1428571428571428,0.000592269807,-0.000168288279
1.1020408163265305,1.1346938775510205,0.000591941102,-0.00016716816
1.1020408163265305,1.126530612244898,0.000593314094,-0.000167366519
1.1020408163265305,1.1183673469387754,0.000592946673,-0.000167414463
1.1020408163265305,1.110204081632653,0.00059337926,-0.000167293238
1.1020408163265305,1.1020408163265305,0.000592667512,-0.000168192647
1.1020408163265305,1.0938775510204082,0.000593698096,-0.000167481707
1.1020408163265305,1.0857142857142856,0.00059333882,-0.000167783662
1.1020408163265305,1.0775510204081633,0.000593008581,-0.000167783886
1.1020408163265305,1.0693877551020408,0.00059167507,-0.000166996454
1.1020408163265305,1.0612244897959184,0.000591734678,-0.000167152264
1.1020408163265305,1.0530612244897959,0.00059258845,-0.000166834831
1.1020408163265305,1.0448979591836736,0.000593128851,-0.000167421335
1.1020408163265305,1.036734693877551,0.000592060891,-0.00016748495
1.1020408163265305,1.0285714285714285,0.000592842885,-0.000168675107
1.1020408163265305,1.0204081632653061,0.000593682188,-0.000168930209
1.1020408163265305,1.0122448979591836,0.000593170538,-0.000168314065
1.1020408163265305,1.0040816326530613,0.000592897129,-0.00016760595
1.1020408163265305,0.9959183673469387,0.000591540904,-0.000168008032
1.1020408163265305,0.9877551020408163,0.000592495205,-0.000167284215
1.1020408163265305,0.9795918367346939,0.00059259832,-0.000167879518
1.1020408163265305,0.9714285714285714,0.000592040671,-0.000167609162
1.1020408163265305,0.963265306122449,0.000592062138,-0.00016709231
1.1020408163265305,0.9551020408163265,0.000591698549,-0.000167379204
1.1020408163265305,0.9469387755102041,0.000591363805,-0.000167310226
1.1020408163265305,0.9387755102040816,0.000592050255,-0.000166604038
1.1020408163265305,0.9306122448979592,0.000591262989,-0.000167374259
1.1020408163265305,0.9224489795918367,0.000591555086,-0.000169115242
1.1020408163265305,0.9142857142857143,0.000592127591,-0.000167360514
1.1020408163265305,0.9061224489795918,0.000591274872,-0.000168306968
1.1020408163265305,0.8979591836734694,0.000591633669,-0.00016728293
1.1020408163265305,0.889795918367347,0.000591804923,-0.000166862994
1.1020408163265305,0.8816326530612244,0.000591579812,-0.00016650603
1.1020408163265305,0.8734693877551021,0.000590792067,-0.000166928985
1.1020408163265305,0.8653061224489795,0.000591425713,-0.000166385673
1.1020408163265305,0.8571428571428572,0.000589920088,-0.000167989342
1.1020408163265305,0.8489795918367347,0.000590832415,-0.000166243189
1.1020408163265305,0.8408163265306122,0.000590702561,-0.000167703284
1.1020408163265305,0.8326530612244898,0.000590018125,-0.000167051687
1.1020408163265305,0.8244897959183674,0.000590579799,-0.00016700612
1.1020408163265305,0.8163265306122449,0.000589824064,-0.000166805833
1.1020408163265305,0.8081632653061225,0.000590646498,-0.000167125835
1.1020408163265305,0.8,0.000590323351,-0.00016785524
1.0938775510204082,1.2,0.000595751693,-0.000167318607
1.0938775510204082,1.1918367346938774,0.000596520077,-0.000167533729
1.0938775510204082,1.183673469387755,0.000596995792,-0.000168045218
1.0938775510204082,1.1755102040816325,0.000595060165,-0.000167328273
1.0938775510204082,1.1673469387755102,0.000595794147,-0.000167627209
1.0938775510204082,1.1591836734693877,0.000595720643,-0.000165756844
1.0938775510204082,1.1510204081632653,0.000595200655,-0.000166559755
1.0938775510204082,1.1428571428571428,0.000596183994,-0.000167433153
1.0938775510204082,1.1346938775510205,0.000595760797,-0.000166938651
1.0938775510204082,1.126530612244898,0.000595845418,-0.000166733837
1.0938775510204082,1.1183673469387754,0.000594350716,-0.000167493749
1.0938775510204082,1.110204081632653,0.000594275393,-0.000167772069
1.0938775510204082,1.1020408163265305,0.000594038971,-0.000167425414
1.0938775510204082,1.0938775510204082,0.000593810795,-0.000167707811
1.0938775510204082,1.0857142857142856,0.00059429312,-0.000167476344
1.0938775510204082,1.0775510204081633,0.000594050568,-0.000167031264
1.0938775510204082,1.0693877551020408,0.000594808029,-0.000166842795
1.0938775510204082,1.0612244897959184,0.00059465115,-0.000167835684
1.0938775510204082,1.0530612244897959,0.000594896962,-0.000167537808
1.0938775510204082,1.0448979591836736,0.000594627098,-0.000167449915
1.0938775510204082,1.036734693877551,0.00059571863,-0.000168489207
1.0938775510204082,1.0285714285714285,0.000593824404,-0.000167760027
1.0938775510204082,1.0204081632653061,0.000594191538,-0.00016742628
1.0938775510204082,1.0122448979591836,0.000593689759,-0.000167059426
1.0938775510204082,1.0040816326530613,0.000594986947,-0.000167994063
1.0938775510204082,0.9959183673469387,0.000594934337,-0.000167264658
1.0938775510204082,0.9877551020408163,0.000593210499,-0.000166891574
1.0938775510204082,0.9795918367346939,0.000593650851,-0.000168796107
1.0938775510204082,0.9714285714285714,0.000593429285,-0.000167382222
1.0938775510204082,0.963265306122449,0.000593338053,-0.000168051866
1.0938775510204082,0.9551020408163265,0.000592927986,-0.000167599271
1.0938775510204082,0.9469387755102041,0.000592795833,-0.000167864682
1.0938775510204082,0.9387755102040816,0.000593240303,-0.000167814618
1.0938775510204082,0.9306122448979592,0.000592792094,-0.000168251735
1.0938775510204082,0.9224489795918367,0.000593365845,-0.00016810453
1.0938775510204082,0.9142857142857143,0.000593544477,-0.000166593923
1.0938775510204082,0.9061224489795918,0.000592895116,-0.000167651069
1.0938775510204082,0.8979591836734694,0.000592946193,-0.000167359229
1.0938775510204082,0.889795918367347,0.000593494452,-0.000167576279
1.0938775510204082,0.8816326530612244,0.000593694837,-0.000167732089
1.0938775510204082,0.8734693877551021,0.0005937302,-0.000166711487
1.0938775510204082,0.8653061224489795,0.000594005815,-0.000166991733
1.0938775510204082,0.8571428571428572,0.000592978777,-0.000166633903
1.0938775510204082,0.8489795918367347,0.000592615475,-0.000165414074
1.0938775510204082,0.8408163265306122,0.000592023996,-0.000165799842
1.0938775510204082,0.8326530612244898,0.000592448726,-0.000166359244
1.0938775510204082,0.8244897959183674,0.00059290374,-0.000166489685
1.0938775510204082,0.8163265306122449,0.000592893869,-0.000166316052
1.0938775510204082,0.8081632653061225,0.000593326937,-0.000165975851
1.0938775510204082,0.8,0.000594253446,-0.00016648991
1.0857142857142856,1.2,0.000594776979,-0.000167460448
1.0857142857142856,1.1918367346938774,0.000594258238,-0.000167472266
1.0857142857142856,1.183673469387755,0.000594383586,-0.000166300574
1.0857142857142856,1.1755102040816325,0.000593330482,-0.0001667506
1.0857142857142856,1.1673469387755102,0.000594248367,-0.000166929403
1.0857142857142856,1.1591836734693877,0.0005948593,-0.000166949602
1.0857142857142856,1.1510204081632653,0.000595473778,-0.000168520164
1.0857142857142856,1.1428571428571428,0.000594560685,-0.000168061757
1.0857142857142856,1.1346938775510205,0.000596220889,-0.000168268498
1.0857142857142856,1.126530612244898,0.000596075894,-0.000168104306
1.0857142857142856,1.1183673469387754,0.000594640034,-0.000168014487
1.0857142857142856,1.110204081632653,0.000596380067,-0.000168371644
1.0857142857142856,1.1020408163265305,0.000595135969,-0.000168453113
1.0857142857142856,1.0938775510204082,0.000595089489,-0.000168845753
1.0857142857142856,1.0857142857142856,0.000595942688,-0.000167852222
1.0857142857142856,1.0775510204081633,0.000596711552,-0.000168846395
1.0857142857142856,1.0693877551020408,0.000595638514,-0.000168081313
1.0857142857142856,1.0612244897959184,0.000595408612,-0.000167474642
1.0857142857142856,1.0530612244897959,0.000595021544,-0.000168502759
1.0857142857142856,1.0448979591836736,0.000595802004,-0.00016730528
1.0857142857142856,1.036734693877551,0.000596823198,-0.000167607877
1.0857142857142856,1.0285714285714285,0.000596090269,-0.000167380488
1.0857142857142856,1.0204081632653061,0.000595407365,-0.000167212861
1.0857142857142856,1.0122448979591836,0.000595427299,-0.000166747806
1.0857142857142856,1.0040816326530613,0.000596147099,-0.000167187941
1.0857142857142856,0.9959183673469387,0.000595505595,-0.000167059426
1.0857142857142856,0.9877551020408163,0.000596407859,-0.000166979691
1.0857142857142856,0.9795918367346939,0.000596418975,-0.000166209888
1.0857142857142856,0.9714285714285714,0.000595684994,-0.00016705233
1.0857142857142856,0.963265306122449,0.000594177642,-0.000168470518
1.0857142857142856,0.9551020408163265,0.000593231679,-0.000167579072
1.0857142857142856,0.9469387755102041,0.000593388078,-0.000167207498
1.0857142857142856,0.9387755102040816,0.000592500763,-0.000167609162
1.0857142857142856,0.9306122448979592,0.000594037152,-0.000167893487
1.0857142857142856,0.9224489795918367,0.000593400727,-0.000167065656
1.0857142857142856,0.9142857142857143,0.000594723122,-0.000167761311
1.0857142857142856,0.9061224489795918,0.000593352235,-0.000166560397
1.0857142857142856,0.8979591836734694,0.000593531347,-0.000168476748
1.0857142857142856,0.889795918367347,0.000592787975,-0.000167599271
1.0857142857142856,0.8816326530612244,0.000593877494,-0.000168065835
1.0857142857142856,0.8734693877551021,0.000593473465,-0.000166662483
1.0857142857142856,0.8653061224489795,0.0005932956,-0.000168310629
1.0857142857142856,0.8571428571428572,0.000593836287,-0.000167394264
1.0857142857142856,0.8489795918367347,0.000593161721,-0.000167193304
1.0857142857142856,0.8408163265306122,0.00059343609,-0.000167982664
1.0857142857142856,0.8326530612244898,0.000593735471,-0.00016814814
1.0857142857142856,0.8244897959183674,0.000594118227,-0.000167190092
1.0857142857142856,0.8163265306122449,0.00059345631,-0.000167859961
1.0857142857142856,0.8081632653061225,0.000593312561,-0.000168172866
1.0857142857142856,0.8,0.000593949752,-0.000168346306
1.0775510204081633,1.2,0.000594068969,-0.000168444089
1.0775510204081633,1.1918367346938774,0.000593410597,-0.000168622025
1.0775510204081633,1.183673469387755,0.000593864365,-0.000168348233
1.0775510204081633,1.1755102040816325,0.000593683434,-0.000168498231
1.0775510204081633,1.1673469387755102,0.000590812481,-0.000167389737
1.0775510204081633,1.1591836734693877,0.000592627838,-0.000166849667
1.0775510204081633,1.1510204081632653,0.000592376181,-0.000167498052
1.0775510204081633,1.1428571428571428,0.000593999011,-0.000166998381
1.0775510204081633,1.1346938775510205,0.000593115435,-0.000167320534
1.0775510204081633,1.126530612244898,0.00059452101,-0.000167265525
1.0775510204081633,1.1183673469387754,0.000593700109,-0.000167800425
1.0775510204081633,1.110204081632653,0.00059439039,-0.00016752599
1.0775510204081633,1.1020408163265305,0.000593870403,-0.000168965886
1.0775510204081633,1.0938775510204082,0.000594342092,-0.000167522554
1.0775510204081633,1.0857142857142856,0.0005947949,-0.000167296032
1.0775510204081633,1.0775510204081633,0.000593950519,-0.000167887481
1.0775510204081633,1.0693877551020408,0.00059434669,-0.000166874393
1.0775510204081633,1.0612244897959184,0.000595248954,-0.00016768954
1.0775510204081633,1.0530612244897959,0.000594729733,-0.000168409054
1.0775510204081633,1.0448979591836736,0.000593705667,-0.000168919034
1.0775510204081633,1.036734693877551,0.000593664266,-0.00016845353
1.0775510204081633,1.0285714285714285,0.000593648838,-0.000166751242
1.0775510204081633,1.0204081632653061,0.000592870103,-0.000168682846
1.0775510204081633,1.0122448979591836,0.000592494918,-0.00016824056
1.0775510204081633,1.0040816326530613,0.000591415556,-0.000168753333
1.0775510204081633,0.9959183673469387,0.000591991126,-0.000168663932
1.0775510204081633,0.9877551020408163,0.000591877181,-0.000168135905
1.0775510204081633,0.9795918367346939,0.000591984802,-0.00016642501
1.0775510204081633,0.9714285714285714,0.000593134889,-0.000167725217
1.0775510204081633,0.963265306122449,0.000591097007,-0.0001665761
1.0775510204081633,0.9551020408163265,0.00059089183,-0.000166949826
1.0775510204081633,0.9469387755102041,0.000591991606,-0.000167158494
1.0775510204081633,0.9387755102040816,0.000592055333,-0.000167927012
1.0775510204081633,0.9306122448979592,0.000592577047,-0.000167017295
1.0775510204081633,0.9224489795918367,0.000592134109,-0.000166880399
1.0775510204081633,0.9142857142857143,0.000592839819,-0.000167610671
1.0775510204081633,0.9061224489795918,0.000592846144,-0.0001675722
1.0775510204081633,0.8979591836734694,0.000592942648,-0.000168112045
1.0775510204081633,0.889795918367347,0.000592339286,-0.000168007165
1.0775510204081633,0.8816326530612244,0.000593833028,-0.000168014905
1.0775510204081633,0.8734693877551021,0.000593037139,-0.000167919915
1.0775510204081633,0.8653061224489795,0.000593163733,-0.000168002669
1.0775510204081633,0.8571428571428572,0.000593669825,-0.000166724813
1.0775510204081633,0.8489795918367347,0.000594296666,-0.000167114018
1.0775510204081633,0.8408163265306122,0.000593691291,-0.000166475941
1.0775510204081633,0.8326530612244898,0.00059433634,-0.000167115302
1.0775510204081633,0.8244897959183674,0.000594225654,-0.000167529651
1.0775510204081633,0.8163265306122449,0.000592980309,-0.000165748045
1.0775510204081633,0.8081632653061225,0.000594073281,-0.00016648991
1.0775510204081633,0.8,0.000594180135,-0.000166612195
1.0693877551020408,1.2,0.00059333882,-0.000168071647
1.0693877551020408,1.1918367346938774,0.000592932778,-0.000167241023
1.0693877551020408,1.183673469387755,0.000592643746,-0.000168351669
1.0693877551020408,1.1755102040816325,0.000592233965,-0.000168494153
1.0693877551020408,1.1673469387755102,0.000592688979,-0.000168211979
1.0693877551020408,1.1591836734693877,0.000592644513,-0.00016788016
1.0693877551020408,1.1510204081632653,0.000593110163,-0.00016839014
1.0693877551020408,1.1428571428571428,0.000593659188,-0.000167697921
1.0693877551020408,1.1346938775510205,0.000594100593,-0.0001679326
1.0693877551020408,1.126530612244898,0.000594679422,-0.000167860379
1.0693877551020408,1.1183673469387754,0.000593607917,-0.000169569346
1.0693877551020408,1.110204081632653,0.000593634942,-0.000168040915
1.0693877551020408,1.1020408163265305,0.000593193251,-0.000168076592
1.0693877551020408,1.0938775510204082,0.000594090722,-0.000167646123
1.0693877551020408,1.0857142857142856,0.000594601126,-0.000168198877
1.0693877551020408,1.0775510204081633,0.000593396895,-0.000169447062
1.0693877551020408,1.0693877551020408,0.000593983868,-0.000169615556
1.0693877551020408,1.0612244897959184,0.000593949272,-0.000169286531
1.0693877551020408,1.0530612244897959,0.000591753652,-0.000168241651
1.0693877551020408,1.0448979591836736,0.000592638474,-0.000167994288
1.0693877551020408,1.036734693877551,0.000593871936,-0.000169199056
1.0693877551020408,1.0285714285714285,0.000594750913,-0.000169227861
1.0693877551020408,1.0204081632653061,0.000593345144,-0.000168829633
1.0693877551020408,1.0122448979591836,0.00059394448,-0.000167857167
1.0693877551020408,1.0040816326530613,0.000594558386,-0.000169323492
1.0693877551020408,0.9959183673469387,0.000594507881,-0.000167954308
1.0693877551020408,0.9877551020408163,0.000592843078,-0.000168531339
1.0693877551020408,0.9795918367346939,0.000593861586,-0.000168156103
1.0693877551020408,0.9714285714285714,0.000594361833,-0.000167250047
1.0693877551020408,0.963265306122449,0.000594583684,-0.000168610207
1.0693877551020408,0.9551020408163265,0.000595620307,-0.000168162558
1.0693877551020408,0.9469387755102041,0.000594147838,-0.000168082598
1.0693877551020408,0.9387755102040816,0.000595220876,-0.000166500443
1.0693877551020408,0.9306122448979592,0.00059528355,-0.000166818293
1.0693877551020408,0.9224489795918367,0.000594488141,-0.000166978406
1.0693877551020408,0.9142857142857143,0.000593937869,-0.000167836968
1.0693877551020408,0.9061224489795918,0.000595948819,-0.000167699206
1.0693877551020408,0.8979591836734694,0.000594668785,-0.000166859976
1.0693877551020408,0.889795918367347,0.00059403236,-0.000167536523
1.0693877551020408,0.8816326530612244,0.000594185213,-0.000165792521
1.0693877551020408,0.8734693877551021,0.000594368637,-0.000166371704
1.0693877551020408,0.8653061224489795,0.000594250667,-0.000167200176
1.0693877551020408,0.8571428571428572,0.000594548802,-0.000167302487
1.0693877551020408,0.8489795918367347,0.000593627371,-0.000166873302
1.0693877551020408,0.8408163265306122,0.000593659954,-0.000168012753
1.0693877551020408,0.8326530612244898,0.000594903287,-0.000167962047
1.0693877551020408,0.8244897959183674,0.000594890637,-0.00016815331
1.0693877551020408,0.8163265306122449,0.00059330547,-0.000166701596
1.0693877551020408,0.8081632653061225,0.000593459856,-0.000166316695
1.0693877551020408,0.8,0.000593388078,-0.000167087364
1.0612244897959184,1.2,0.000592587397,-0.000167336237
1.0612244897959184,1.1918367346938774,0.000592709679,-0.000167120023
1.0612244897959184,1.183673469387755,0.00059337974,-0.000169165113
1.0612244897959184,1.1755102040816325,0.0005931208,-0.000168867237
1.0612244897959184,1.1673469387755102,0.000592856014,-0.000168811585
1.0612244897959184,1.1591836734693877,0.000592708719,-0.000167143016
1.0612244897959184,1.1510204081632653,0.00059196736,-0.000168041558
1.0612244897959184,1.1428571428571428,0.000592787782,-0.00016848879
1.0612244897959184,1.1346938775510205,0.000592779924,-0.000167804728
1.0612244897959184,1.126530612244898,0.000593438103,-0.000168068853
1.0612244897959184,1.1183673469387754,0.000593372169,-0.00016837768
1.0612244897959184,1.110204081632653,0.000592801391,-0.000167632797
1.0612244897959184,1.1020408163265305,0.000592782224,-0.000167871136
1.0612244897959184,1.0938775510204082,0.000593351949,-0.000168243353
1.0612244897959184,1.0857142857142856,0.000592365351,-0.000168389498
1.0612244897959184,1.0775510204081633,0.000593391623,-0.000168363069
1.0612244897959184,1.0693877551020408,0.00059282669,-0.000167762403
1.0612244897959184,1.0612244897959184,0.000592792574,-0.000166441131
1.0612244897959184,1.0530612244897959,0.000592982036,-0.000166466275
1.0612244897959184,1.0448979591836736,0.00059303388,-0.000165728488
1.0612244897959184,1.036734693877551,0.000592436556,-0.000167061353
1.0612244897959184,1.0285714285714285,0.000591957296,-0.00016655481
1.0612244897959184,1.0204081632653061,0.000591144732,-0.00016588022
1.0612244897959184,1.0122448979591836,0.00059136122,-0.000166559979
1.0612244897959184,1.0040816326530613,0.000590764469,-0.000166666143
1.0612244897959184,0.9959183673469387,0.000591626771,-0.000166473147
1.0612244897959184,0.9877551020408163,0.000592428985,-0.000166798737
1.0612244897959184,0.9795918367346939,0.00059069547,-0.000166385673
1.0612244897959184,0.9714285714285714,0.00059217455,-0.000166741994
1.0612244897959184,0.963265306122449,0.000591218523,-0.000165974567
1.0612244897959184,0.9551020408163265,0.000591543683,-0.000166179156
1.0612244897959184,0.9469387755102041,0.00059114042,-0.000165849264
1.0612244897959184,0.9387755102040816,0.000590749327,-0.000166179156
1.0612244897959184,0.9306122448979592,0.000591122499,-0.000166636696
1.0612244897959184,0.9224489795918367,0.000591058865,-0.000166457669
1.0612244897959184,0.9142857142857143,0.000591006255,-0.000166528381
1.0612244897959184,0.9061224489795918,0.000590944634,-0.000165615227
1.0612244897959184,0.8979591836734694,0.000589872362,-0.000166509691
1.0612244897959184,0.889795918367347,0.000589380933,-0.000166417496
1.0612244897959184,0.8816326530612244,0.000590112136,-0.000167110133
1.0612244897959184,0.8734693877551021,0.000590586604,-0.000166757472
1.0612244897959184,0.8653061224489795,0.000590775106,-0.0001668041
1.0612244897959184,0.8571428571428572,0.000591369843,-0.000165794897
1.0612244897959184,0.8489795918367347,0.000591941868,-0.000166214609
1.0612244897959184,0.8408163265306122,0.000590877648,-0.000165566448
1.0612244897959184,0.8326530612244898,0.000591009321,-0.000166159375
1.0612244897959184,0.8244897959183674,0.00059181508,-0.000165442654
1.0612244897959184,0.8163265306122449,0.000591543683,-0.0001656133
1.0612244897959184,0.8081632653061225,0.000591988154,-0.000166212457
1.0612244897959184,0.8,0.000590989866,-0.00016607858
1.0530612244897959,1.2,0.000588858167,-0.000165732567
1.0530612244897959,1.1918367346938774,0.000590279364,-0.000166191841
1.0530612244897959,1.183673469387755,0.000589070149,-0.00016630295
1.0530612244897959,1.1755102040816325,0.000589746534,-0.000165511857
1.0530612244897959,1.1673469387755102,0.000589464594,-0.000166050417
1.0530612244897959,1.1591836734693877,0.000589209872,-0.000165473386
1.0530612244897959,1.1510204081632653,0.000589981516,-0.000166031727
1.0530612244897959,1.1428571428571428,0.000589519124,-0.000165322521
1.0530612244897959,1.1346938775510205,0.000589173743,-0.00016701235
1.0530612244897959,1.126530612244898,0.000589248014,-0.000166394921
1.0530612244897959,1.1183673469387754,0.000589148445,-0.000167547056
1.0530612244897959,1.110204081632653,0.000589736184,-0.000166441131
1.0530612244897959,1.1020408163265305,0.000588968086,-0.000168066702
1.0530612244897959,1.0938775510204082,0.000589824637,-0.000167387585
1.0530612244897959,1.0857142857142856,0.000589676769,-0.000167169894
1.0530612244897959,1.0775510204081633,0.000587474631,-0.00016736029
1.0530612244897959,1.0693877551020408,0.000588234391,-0.000166526005
1.0530612244897959,1.0612244897959184,0.000588985241,-0.000166955189
1.0530612244897959,1.0530612244897959,0.000589431438,-0.000167727786
1.0530612244897959,1.0448979591836736,0.000589776339,-0.000167259937
1.0530612244897959,1.036734693877551,0.000590035279,-0.000167066299
1.0530612244897959,1.0285714285714285,0.000590742522,-0.000166070841
1.0530612244897959,1.0204081632653061,0.000588889504,-0.000166945523
1.0530612244897959,1.0122448979591836,0.000589032487,-0.000167083928
1.0530612244897959,1.0040816326530613,0.000589492099,-0.000166751466
1.0530612244897959,0.9959183673469387,0.000590374622,-0.000167428207
1.0530612244897959,0.9877551020408163,0.000590051761,-0.000166766496
1.0530612244897959,0.9795918367346939,0.000589555253,-0.000167976016
1.0530612244897959,0.9714285714285714,0.000589628564,-0.000167669116
1.0530612244897959,0.963265306122449,0.00059099945,-0.000166724813
1.0530612244897959,0.9551020408163265,0.000591016125,-0.000167425414
1.0530612244897959,0.9469387755102041,0.000591253119,-0.000167159136
1.0530612244897959,0.9387755102040816,0.000591577033,-0.000167305923
1.0530612244897959,0.9306122448979592,0.000589738677,-0.00016682539
1.0530612244897959,0.9224489795918367,0.000590064124,-0.000167363083
1.0530612244897959,0.9142857142857143,0.000590833754,-0.000167686746
1.0530612244897959,0.9061224489795918,0.000590486554,-0.000168157388
1.0530612244897959,0.8979591836734694,0.000590163407,-0.000168704554
1.0530612244897959,0.889795918367347,0.000589864985,-0.000166807342
1.0530612244897959,0.8816326530612244,0.000591068643,-0.000167842556
1.0530612244897959,0.8734693877551021,0.00059142466,-0.000167769693
1.0530612244897959,0.8653061224489795,0.000590974438,-0.000168351027
1.0530612244897959,0.8571428571428572,0.000590213431,-0.00016697497
1.0530612244897959,0.8489795918367347,0.000591295573,-0.000167657299
1.0530612244897959,0.8408163265306122,0.000589283183,-0.00016837402
1.0530612244897959,0.8326530612244898,0.000589492865,-0.000167408008
1.0530612244897959,0.8244897959183674,0.000589864791,-0.00016794872
1.0530612244897959,0.8163265306122449,0.000590788715,-0.000166846873
1.0530612244897959,0.8081632653061225,0.000590716457,-0.000167231357
1.0530612244897959,0.8,0.000590368297,-0.000168010826
1.0448979591836736,1.2,0.000593521477,-0.000167237363
1.0448979591836736,1.1918367346938774,0.000593598047,-0.000166947032
1.0448979591836736,1.183673469387755,0.000593038385,-0.000166731685
1.0448979591836736,1.1755102040816325,0.000592742069,-0.000166764344
1.0448979591836736,1.1673469387755102,0.000592272107,-0.00016740133
1.0448979591836736,1.1591836734693877,0.000590551241,-0.000167669759
1.0448979591836736,1.1510204081632653,0.000592231379,-0.00016854229
1.0448979591836736,1.1428571428571428,0.000591536879,-0.000167608295
1.0448979591836736,1.1346938775510205,0.000593190278,-0.00016742885
1.0448979591836736,1.126530612244898,0.000591591695,-0.000166697518
1.0448979591836736,1.1183673469387754,0.000591704394,-0.000167134634
1.0448979591836736,1.110204081632653,0.000591592942,-0.000167267034
1.0448979591836736,1.1020408163265305,0.000591583358,-0.000167251556
1.0448979591836736,1.0938775510204082,0.000591748574,-0.000167808806
1.0448979591836736,1.0857142857142856,0.00059242496,-0.000167752512
1.0448979591836736,1.0775510204081633,0.000591359207,-0.000169044755
1.0448979591836736,1.0693877551020408,0.000591713978,-0.000168740231
1.0448979591836736,1.0612244897959184,0.000591441621,-0.000167803443
1.0448979591836736,1.0530612244897959,0.000592163433,-0.000168897326
1.0448979591836736,1.0448979591836736,0.000590822351,-0.000167616901
1.0448979591836736,1.036734693877551,0.000591277365,-0.000167053196
1.0448979591836736,1.0285714285714285,0.00059095623,-0.0001677581
1.0448979591836736,1.0204081632653061,0.000591155083,-0.000167724574
1.0448979591836736,1.0122448979591836,0.000591547995,-0.000168545083
1.0448979591836736,1.0040816326530613,0.000591607604,-0.000168141268
1.0448979591836736,0.9959183673469387,0.000590462788,-0.00016647228
1.0448979591836736,0.9877551020408163,0.00059302075,-0.00016675683
1.0448979591836736,0.9795918367346939,0.000590962269,-0.000168093998
1.0448979591836736,0.9714285714285714,0.000591812781,-0.000167660092
1.0448979591836736,0.963265306122449,0.000590274573,-0.000168279897
1.0448979591836736,0.9551020408163265,0.000592117434,-0.000167178917
1.0448979591836736,0.9469387755102041,0.000591668265,-0.00016800739
1.0448979591836736,0.9387755102040816,0.000591495671,-0.000167564461
1.0448979591836736,0.9306122448979592,0.000591891363,-0.000166944656
1.0448979591836736,0.9224489795918367,0.000589912517,-0.000166854837
1.0448979591836736,0.9142857142857143,0.000591078513,-0.000167431644
1.0448979591836736,0.9061224489795918,0.000591343298,-0.000166046563
1.0448979591836736,0.8979591836734694,0.000591168018,-0.000167974507
1.0448979591836736,0.889795918367347,0.000590642666,-0.000167987833
1.0448979591836736,0.8816326530612244,0.000591356521,-0.000166779822
1.0448979591836736,0.8734693877551021,0.000590475438,-0.000167468187
1.0448979591836736,0.8653061224489795,0.000591089629,-0.000167652353
1.0448979591836736,0.8571428571428572,0.000590861739,-0.000167900359
1.0448979591836736,0.8489795918367347,0.000589411984,-0.000167489029
1.0448979591836736,0.8408163265306122,0.000589047149,-0.000167322043
1.0448979591836736,0.8326530612244898,0.000589140107,-0.000166916076
1.0448979591836736,0.8244897959183674,0.000591265002,-0.00016722426
1.0448979591836736,0.8163265306122449,0.000588505215,-0.000166823238
1.0448979591836736,0.8081632653061225,0.000589009774,-0.000168585706
1.0448979591836736,0.8,0.000589072928,-0.000168006748
1.036734693877551,1.2,0.000594171318,-0.000167900583
1.036734693877551,1.1918367346938774,0.000593266562,-0.000167352133
1.036734693877551,1.183673469387755,0.00059457784,-0.000169298572
1.036734693877551,1.1755102040816325,0.000594853455,-0.000168051448
1.036734693877551,1.1673469387755102,0.000594245875,-0.00016767814
1.036734693877551,1.1591836734693877,0.000594117268,-0.000168185326
1.036734693877551,1.1510204081632653,0.000594718616,-0.000167892202
1.036734693877551,1.1428571428571428,0.000593806003,-0.000169738483
1.036734693877551,1.1346938775510205,0.00059397927,-0.000168256262
1.036734693877551,1.126530612244898,0.000594089956,-0.000168152025
1.036734693877551,1.1183673469387754,0.000593680941,-0.000168382401
1.036734693877551,1.110204081632653,0.000593885065,-0.000169103649
1.036734693877551,1.1020408163265305,0.000594077593,-0.00016873808
1.036734693877551,1.0938775510204082,0.000593517931,-0.0001689287
1.036734693877551,1.0857142857142856,0.000594514206,-0.000168496304
1.036734693877551,1.0775510204081633,0.000594140747,-0.000169151562
1.036734693877551,1.0693877551020408,0.00059643613,-0.00016857453
1.036734693877551,1.0612244897959184,0.000595957923,-0.000168968905
1.036734693877551,1.0530612244897959,0.000595365392,-0.000168176945
1.036734693877551,1.0448979591836736,0.000595659215,-0.000168898835
1.036734693877551,1.036734693877551,0.000595817146,-0.00016809464
1.036734693877551,1.0285714285714285,0.000596239577,-0.000167239738
1.036734693877551,1.0204081632653061,0.00059632851,-0.000167474193
1.036734693877551,1.0122448979591836,0.000595276939,-0.000167458297
1.036734693877551,1.0040816326530613,0.000594199109,-0.000168602051
1.036734693877551,0.9959183673469387,0.000593776679,-0.000168257965
1.036734693877551,0.9877551020408163,0.000593615968,-0.000168346948
1.036734693877551,0.9795918367346939,0.000594623839,-0.000169336819
1.036734693877551,0.9714285714285714,0.000595813601,-0.000169359169
1.036734693877551,0.963265306122449,0.000595215031,-0.000168385837
1.036734693877551,0.9551020408163265,0.000595775746,-0.000168003087
1.036734693877551,0.9469387755102041,0.000595771627,-0.000168418945
1.036734693877551,0.9387755102040816,0.000595575074,-0.000168821251
1.036734693877551,0.9306122448979592,0.000594699356,-0.000168494153
1.036734693877551,0.9224489795918367,0.000595562231,-0.000169119321
1.036734693877551,0.9142857142857143,0.000594894469,-0.000168335131
1.036734693877551,0.9061224489795918,0.000595612256,-0.000169555377
1.036734693877551,0.8979591836734694,0.000594745355,-0.00016890378
1.036734693877551,0.889795918367347,0.00059274964,-0.000169094401
1.036734693877551,0.8816326530612244,0.00059307806,-0.000168441937
1.036734693877551,0.8734693877551021,0.000594150331,-0.000167808164
1.036734693877551,0.8653061224489795,0.00059434947,-0.000169067972
1.036734693877551,0.8571428571428572,0.000593772653,-0.000169147901
1.036734693877551,0.8489795918367347,0.000593140447,-0.00016929899
1.036734693877551,0.8408163265306122,0.000592525009,-0.00016916081
1.036734693877551,0.8326530612244898,0.000592820079,-0.000168205107
1.036734693877551,0.8244897959183674,0.000594527335,-0.000169341122
1.036734693877551,0.8163265306122449,0.000593349936,-0.000168872824
1.036734693877551,0.8081632653061225,0.000593735758,-0.000168881848
1.036734693877551,0.8,0.000594324937,-0.000167736167
1.0285714285714285,1.2,0.000595326004,-0.000168657702
1.0285714285714285,1.1918367346938774,0.000595344691,-0.000168808791
1.0285714285714285,1.183673469387755,0.00059555514,-0.000168983934
1.0285714285714285,1.1755102040816325,0.000595940195,-0.000168745594
1.0285714285714285,1.1673469387755102,0.000596704747,-0.000169552583
1.0285714285714285,1.1591836734693877,0.000596818693,-0.000168508988
1.0285714285714285,1.1510204081632653,0.000594938936,-0.000169504447
1.0285714285714285,1.1428571428571428,0.000595673111,-0.000169544844
1.0285714285714285,1.1346938775510205,0.000595957637,-0.000169807686
1.0285714285714285,1.126530612244898,0.000596069569,-0.000168351251
1.0285714285714285,1.1183673469387754,0.000596809109,-0.000169371629
1.0285714285714285,1.110204081632653,0.000596389651,-0.000169355091
1.0285714285714285,1.1020408163265305,0.000596963688,-0.000169054645
1.0285714285714285,1.0938775510204082,0.000596372496,-0.00016956591
1.0285714285714285,1.0857142857142856,0.000597187073,-0.000168748613
1.0285714285714285,1.0775510204081633,0.000596786589,-0.000169044755
1.0285714285714285,1.0693877551020408,0.000596521324,-0.000168711651
1.0285714285714285,1.0612244897959184,0.000597074088,-0.000168869613
1.0285714285714285,1.0530612244897959,0.000596813134,-0.000168977479
1.0285714285714285,1.0448979591836736,0.000597364652,-0.000168223797
1.0285714285714285,1.036734693877551,0.000596710306,-0.000167535881
1.0285714285714285,1.0285714285714285,0.000596311355,-0.000168335773
1.0285714285714285,1.0204081632653061,0.000596624919,-0.000167941624
1.0285714285714285,1.0122448979591836,0.000596875808,-0.00016887003
1.0285714285714285,1.0040816326530613,0.000596127931,-0.000168080671
1.0285714285714285,0.9959183673469387,0.000595386858,-0.00016811699
1.0285714285714285,0.9877551020408163,0.000595198643,-0.000168405394
1.0285714285714285,0.9795918367346939,0.000595771434,-0.000168043485
1.0285714285714285,0.9714285714285714,0.000595860366,-0.000168207259
1.0285714285714285,0.963265306122449,0.000593611943,-0.000168626103
1.0285714285714285,0.9551020408163265,0.000594107684,-0.000168118917
1.0285714285714285,0.9469387755102041,0.000595295146,-0.000167291087
1.0285714285714285,0.9387755102040816,0.000595594814,-0.000167648499
1.0285714285714285,0.9306122448979592,0.000594823171,-0.000168845753
1.0285714285714285,0.9224489795918367,0.000595222409,-0.000168239499
1.0285714285714285,0.9142857142857143,0.000595461415,-0.000168251317
1.0285714285714285,0.9061224489795918,0.000595481636,-0.00016892247
1.0285714285714285,0.8979591836734694,0.000594714784,-0.000169046906
1.0285714285714285,0.889795918367347,0.000594191825,-0.000167741113
1.0285714285714285,0.8816326530612244,0.000595268888,-0.000168090337
1.0285714285714285,0.8734693877551021,0.000595095048,-0.000167927012
1.0285714285714285,0.8653061224489795,0.000594676929,-0.000168248523
1.0285714285714285,0.8571428571428572,0.000596357547,-0.000167239096
1.0285714285714285,0.8489795918367347,0.000596568569,-0.000167870494
1.0285714285714285,0.8408163265306122,0.00059578303,-0.000167444328
1.0285714285714285,0.8326530612244898,0.000594468687,-0.000168095282
1.0285714285714285,0.8244897959183674,0.000595190305,-0.000168842959
1.0285714285714285,0.8163265306122449,0.000595321692,-0.000168937948
1.0285714285714285,0.8081632653061225,0.000594807263,-0.00016831535
1.0285714285714285,0.8,0.000594680955,-0.000168674465
1.0204081632653061,1.2,0.000594300691,-0.000166457027
1.0204081632653061,1.1918367346938774,0.00059458819,-0.000166887496
1.0204081632653061,1.183673469387755,0.000594124072,-0.000167610029
1.0204081632653061,1.1755102040816325,0.000593818652,-0.000167171178
1.0204081632653061,1.1673469387755102,0.000593821911,-0.00016748129
1.0204081632653061,1.1591836734693877,0.000593237524,-0.000167894129
1.0204081632653061,1.1510204081632653,0.000593608397,-0.000166728667
1.0204081632653061,1.1428571428571428,0.000593621526,-0.000168112045
1.0204081632653061,1.1346938775510205,0.000594639267,-0.000167749076
1.0204081632653061,1.126530612244898,0.000593677876,-0.000166809269
1.0204081632653061,1.1183673469387754,0.00059298884,-0.000166953904
1.0204081632653061,1.110204081632653,0.000593856028,-0.000166371061
1.0204081632653061,1.1020408163265305,0.000593771887,-0.000165641238
1.0204081632653061,1.0938775510204082,0.000593843378,-0.00016536658
1.0204081632653061,1.0857142857142856,0.000592895402,-0.000166244923
1.0204081632653061,1.0775510204081633,0.000593168525,-0.000166180665
1.0204081632653061,1.0693877551020408,0.000593102592,-0.000167097897
1.0204081632653061,1.0612244897959184,0.00059222812,-0.000167523196
1.0204081632653061,1.0530612244897959,0.00059396796,-0.000167030622
1.0204081632653061,1.0448979591836736,0.000593405519,-0.000165837446
1.0204081632653061,1.036734693877551,0.000593082372,-0.000167011932
1.0204081632653061,1.0285714285714285,0.000593193058,-0.000166802815
1.0204081632653061,1.0204081632653061,0.000593272886,-0.000166778538
1.0204081632653061,1.0122448979591836,0.000593983102,-0.000166941862
1.0204081632653061,1.0040816326530613,0.000592999764,-0.000166016892
1.0204081632653061,0.9959183673469387,0.000592894156,-0.000165857003
1.0204081632653061,0.9877551020408163,0.000593387118,-0.000166654102
1.0204081632653061,0.9795918367346939,0.00059443735,-0.000166366565
1.0204081632653061,0.9714285714285714,0.000594139214,-0.000165345738
1.0204081632653061,0.963265306122449,0.000594533373,-0.000167076607
1.0204081632653061,0.9551020408163265,0.000595299938,-0.000166951111
1.0204081632653061,0.9469387755102041,0.000595902534,-0.000166623594
1.0204081632653061,0.9387755102040816,0.000594810808,-0.000166315185
1.0204081632653061,0.9306122448979592,0.000595002283,-0.000166216118
1.0204081632653061,0.9224489795918367,0.000595214071,-0.000167838029
1.0204081632653061,0.9142857142857143,0.000596072828,-0.000167000114
1.0204081632653061,0.9061224489795918,0.000594965674,-0.00016636162
1.0204081632653061,0.8979591836734694,0.000594671851,-0.000166392127
1.0204081632653061,0.889795918367347,0.000595744409,-0.000166972594
1.0204081632653061,0.8816326530612244,0.000596247434,-0.000167268961
1.0204081632653061,0.8734693877551021,0.000596345471,-0.00016545232
1.0204081632653061,0.8653061224489795,0.000595337314,-0.000166815724
1.0204081632653061,0.8571428571428572,0.00059493491,-0.000166617782
1.0204081632653061,0.8489795918367347,0.000596112216,-0.000166066762
1.0204081632653061,0.8408163265306122,0.000594017505,-0.000167465811
1.0204081632653061,0.8326530612244898,0.000594090436,-0.000167201268
1.0204081632653061,0.8244897959183674,0.000594829016,-0.00016795495
1.0204081632653061,0.8163265306122449,0.000594024309,-0.000167676213
1.0204081632653061,0.8081632653061225,0.000593629384,-0.000167994063
1.0204081632653061,0.8,0.000593913337,-0.000167364368
1.0122448979591836,1.2,0.000593623346,-0.000166815081
1.0122448979591836,1.1918367346938774,0.000593880274,-0.000167775923
1.0122448979591836,1.183673469387755,0.00059338204,-0.0001673863
1.0122448979591836,1.1755102040816325,0.000594176396,-0.000167469472
1.0122448979591836,1.1673469387755102,0.000593658422,-0.000166820445
1.0122448979591836,1.1591836734693877,0.000593250173,-0.000168020492
1.0122448979591836,1.1510204081632653,0.000593119747,-0.000167628943
1.0122448979591836,1.1428571428571428,0.000593275379,-0.000168212622
1.0122448979591836,1.1346938775510205,0.000593169292,-0.000167691467
1.0122448979591836,1.126530612244898,0.000592996984,-0.00016853349
1.0122448979591836,1.1183673469387754,0.000592876235,-0.000167141731
1.0122448979591836,1.110204081632653,0.00059258845,-0.000166917585
1.0122448979591836,1.1020408163265305,0.000591891843,-0.00016714324
1.0122448979591836,1.0938775510204082,0.000594225654,-0.000167913686
1.0122448979591836,1.0857142857142856,0.000593105371,-0.00016712195
1.0122448979591836,1.0775510204081633,0.000593455064,-0.000167272397
1.0122448979591836,1.0693877551020408,0.000593416922,-0.000167032355
1.0122448979591836,1.0612244897959184,0.000593421908,-0.000167288742
1.0122448979591836,1.0530612244897959,0.000593263303,-0.000168051448
1.0122448979591836,1.0448979591836736,0.000593144279,-0.000167683952
1.0122448979591836,1.036734693877551,0.000594024023,-0.000168098718
1.0122448979591836,1.0285714285714285,0.000593231679,-0.000167457654
1.0122448979591836,1.0204081632653061,0.00059294696,-0.000166610043
1.0122448979591836,1.0122448979591836,0.000594121773,-0.000165775983
1.0122448979591836,1.0040816326530613,0.0005937509,-0.000166158733
1.0122448979591836,0.9959183673469387,0.000592595734,-0.000166683549
1.0122448979591836,0.9877551020408163,0.00059411976,-0.000167105412
1.0122448979591836,0.9795918367346939,0.000593972465,-0.000167592817
1.0122448979591836,0.9714285714285714,0.000592725588,-0.000168499322
1.0122448979591836,0.963265306122449,0.000593777159,-0.000168297302
1.0122448979591836,0.9551020408163265,0.000592948972,-0.000168418945
1.0122448979591836,0.9469387755102041,0.000594264562,-0.000168961583
1.0122448979591836,0.9387755102040816,0.000594328483,-0.000169504447
1.0122448979591836,0.9306122448979592,0.000593953011,-0.00016919456
1.0122448979591836,0.9224489795918367,0.00059458819,-0.000168355105
1.0122448979591836,0.9142857142857143,0.000593084864,-0.000169051852
1.0122448979591836,0.9061224489795918,0.000593773133,-0.000168619456
1.0122448979591836,0.8979591836734694,0.000592875182,-0.000169059366
1.0122448979591836,0.889795918367347,0.000593135942,-0.000168773114
1.0122448979591836,0.8816326530612244,0.000592691278,-0.000168368656
1.0122448979591836,0.8734693877551021,0.000592850456,-0.000169489193
1.0122448979591836,0.8653061224489795,0.0005936842,-0.00016954722
1.0122448979591836,0.8571428571428572,0.000593276912,-0.000168564864
1.0122448979591836,0.8489795918367347,0.000593328469,-0.000169022629
1.0122448979591836,0.8408163265306122,0.000594213005,-0.000168965886
1.0122448979591836,0.8326530612244898,0.000594817613,-0.000168779987
1.0122448979591836,0.8244897959183674,0.000594538165,-0.000168251959
1.0122448979591836,0.8163265306122449,0.000594334808,-0.000168073574
1.0122448979591836,0.8081632653061225,0.000594120527,-0.000168704554
1.0122448979591836,0.8,0.000592659941,-0.000167909383
1.0040816326530613,1.2,0.00059349014,-0.000169148125
1.0040816326530613,1.1918367346938774,0.000592200615,-0.000169736556
1.0040816326530613,1.183673469387755,0.000592937089,-0.000169210456
1.0040816326530613,1.1755102040816325,0.000592638474,-0.000170196666
1.0040816326530613,1.1673469387755102,0.000591659928,-0.000169658972
1.0040816326530613,1.1591836734693877,0.000592220549,-0.000170289503
1.0040816326530613,1.1510204081632653,0.000592317339,-0.000169421499
1.0040816326530613,1.1428571428571428,0.000593816833,-0.000169580521
1.0040816326530613,1.1346938775510205,0.000592461569,-0.000169954472
1.0040816326530613,1.126530612244898,0.000591415076,-0.000169521209
1.0040816326530613,1.1183673469387754,0.000592974465,-0.000168687149
1.0040816326530613,1.110204081632653,0.000591993905,-0.000169328213
1.0040816326530613,1.1020408163265305,0.000592168512,-0.000169229788
1.0040816326530613,1.0938775510204082,0.000591528828,-0.000168745594
1.0040816326530613,1.0857142857142856,0.000591632903,-0.000168579251
1.0040816326530613,1.0775510204081633,0.000592174836,-0.000169619217
1.0040816326530613,1.0693877551020408,0.000591504295,-0.000169071184
1.0040816326530613,1.0612244897959184,0.00059188044,-0.000168865085
1.0040816326530613,1.0530612244897959,0.000593529048,-0.000169175003
1.0040816326530613,1.0448979591836736,0.000592196017,-0.000169125775
1.0040816326530613,1.036734693877551,0.000592145799,-0.000168993182
1.0040816326530613,1.0285714285714285,0.000592090696,-0.000167900359
1.0040816326530613,1.0204081632653061,0.000593203408,-0.000168733359
1.0040816326530613,1.0122448979591836,0.000592335741,-0.000168990388
1.0040816326530613,1.0040816326530613,0.000592700382,-0.000169714624
1.0040816326530613,0.9959183673469387,0.000592333248,-0.000169150919
1.0040816326530613,0.9877551020408163,0.000590137148,-0.00016949112
1.0040816326530613,0.9795918367346939,0.000590827623,-0.000168664799
1.0040816326530613,0.9714285714285714,0.000591180381,-0.000168617947
1.0040816326530613,0.963265306122449,0.000591199069,-0.000168519521
1.0040816326530613,0.9551020408163265,0.000590942621,-0.000169689479
1.0040816326530613,0.9469387755102041,0.000591540618,-0.000169457819
1.0040816326530613,0.9387755102040816,0.000591852935,-0.000168661363
1.0040816326530613,0.9306122448979592,0.000591447946,-0.000168128808
1.0040816326530613,0.9224489795918367,0.000590304663,-0.000168544665
1.0040816326530613,0.9142857142857143,0.000591754419,-0.000168878412
1.0040816326530613,0.9061224489795918,0.000591834728,-0.000168096791
1.0040816326530613,0.8979591836734694,0.000591915609,-0.000168300096
1.0040816326530613,0.889795918367347,0.000591727107,-0.000168513709
1.0040816326530613,0.8816326530612244,0.00059244566,-0.000168543574
1.0040816326530613,0.8734693877551021,0.000591827923,-0.000168567658
1.0040816326530613,0.8653061224489795,0.000591774353,-0.000167792043
1.0040816326530613,0.8571428571428572,0.000592399181,-0.000168446658
1.0040816326530613,0.8489795918367347,0.000592214224,-0.000169232582
1.0040816326530613,0.8408163265306122,0.000591435777,-0.000167432928
1.0040816326530613,0.8326530612244898,0.000591034333,-0.000168282885
1.0040816326530613,0.8244897959183674,0.000590928439,-0.000168603335
1.0040816326530613,0.8163265306122449,0.000592752133,-0.00016902112
1.0040816326530613,0.8081632653061225,0.000592136695,-0.000169082359
1.0040816326530613,0.8,0.000592060605,-0.000169148125
0.9959183673469387,1.2,0.000589372596,-0.000169887197
0.9959183673469387,1.1918367346938774,0.000590403946,-0.000170583719
0.9959183673469387,1.183673469387755,0.000590658381,-0.000170103604
0.9959183673469387,1.1755102040816325,0.000590512333,-0.000169252781
0.9959183673469387,1.1673469387755102,0.000591078799,-0.000170120366
0.9959183673469387,1.1591836734693877,0.000591278418,-0.000169793717
0.9959183673469387,1.1510204081632653,0.000589974425,-0.000170528485
0.9959183673469387,1.1428571428571428,0.000589966853,-0.000169728368
0.9959183673469387,1.1346938775510205,0.000589485774,-0.000170184206
0.9959183673469387,1.126530612244898,0.000589799338,-0.00017065443
0.9959183673469387,1.1183673469387754,0.00058955554,-0.000171539421
0.9959183673469387,1.110204081632653,0.000590355168,-0.000170045383
0.9959183673469387,1.1020408163265305,0.000589427892,-0.000168920319
0.9959183673469387,1.0938775510204082,0.000590696523,-0.000169115242
0.9959183673469387,1.0857142857142856,0.00059059724,-0.000169732671
0.9959183673469387,1.0775510204081633,0.000589741456,-0.000169205286
0.9959183673469387,1.0693877551020408,0.000590140887,-0.000169009078
0.9959183673469387,1.0612244897959184,0.000590520957,-0.000169645645
0.9959183673469387,1.0530612244897959,0.000590313481,-0.000169349279
0.9959183673469387,1.0448979591836736,0.000588856154,-0.000168540363
0.9959183673469387,1.036734693877551,0.000589424153,-0.000169489193
0.9959183673469387,1.0285714285714285,0.00058823765,-0.000169781032
0.9959183673469387,1.0204081632653061,0.000588868803,-0.000170046667
0.9959183673469387,1.0122448979591836,0.000588399127,-0.000171186118
0.9959183673469387,1.0040816326530613,0.000588160314,-0.000169348636
0.9959183673469387,0.9959183673469387,0.000588110576,-0.000169844005
0.9959183673469387,0.9877551020408163,0.000588928412,-0.00016917693
0.9959183673469387,0.9795918367346939,0.00058834709,-0.000169272337
0.9959183673469387,0.9714285714285714,0.000588290454,-0.000170101259
0.9959183673469387,0.963265306122449,0.000588574694,-0.000168696591
0.9959183673469387,0.9551020408163265,0.000588561758,-0.000169461031
0.9959183673469387,0.9469387755102041,0.00058893349,-0.00016936906
0.9959183673469387,0.9387755102040816,0.000588845324,-0.000169640058
0.9959183673469387,0.9306122448979592,0.00058872908,-0.000169574291
0.9959183673469387,0.9224489795918367,0.000590046682,-0.000169448571
0.9959183673469387,0.9142857142857143,0.000590820052,-0.000169839284
0.9959183673469387,0.9061224489795918,0.000589797325,-0.000168656417
0.9959183673469387,0.8979591836734694,0.000589854921,-0.000169321565
0.9959183673469387,0.889795918367347,0.000589353622,-0.000169434602
0.9959183673469387,0.8816326530612244,0.000588943074,-0.000169222049
0.9959183673469387,0.8734693877551021,0.000589800105,-0.000170618753
0.9959183673469387,0.8653061224489795,0.000588212638,-0.000170124027
0.9959183673469387,0.8571428571428572,0.000589292,-0.000169009302
0.9959183673469387,0.8489795918367347,0.00058945597,-0.000170158837
0.9959183673469387,0.8408163265306122,0.000589284909,-0.000171098419
0.9959183673469387,0.8326530612244898,0.000590114148,-0.000169671432
0.9959183673469387,0.8244897959183674,0.000590040358,-0.0001694662
0.9959183673469387,0.8163265306122449,0.000590498437,-0.000169869149
0.9959183673469387,0.8081632653061225,0.00059030361,-0.000169467485
0.9959183673469387,0.8,0.000589008241,-0.000170088992
0.9877551020408163,1.2,0.000588219443,-0.000171766361
0.9877551020408163,1.1918367346938774,0.000588216664,-0.000170455846
0.9877551020408163,1.183673469387755,0.000588189638,-0.000169821012
0.9877551020408163,1.1755102040816325,0.000587493319,-0.000169744071
0.9877551020408163,1.1673469387755102,0.000588601432,-0.000170350324
0.9877551020408163,1.1591836734693877,0.000588563577,-0.000170409219
0.9877551020408163,1.1510204081632653,0.000588488254,-0.00016967079
0.9877551020408163,1.1428571428571428,0.000588501956,-0.000170152189
0.9877551020408163,1.1346938775510205,0.000590016878,-0.000169897729
0.9877551020408163,1.126530612244898,0.000588309908,-0.000170513649
0.9877551020408163,1.1183673469387754,0.000588765209,-0.000170603275
0.9877551020408163,1.110204081632653,0.00058910781,-0.00017027274
0.9877551020408163,1.1020408163265305,0.000589592915,-0.000169690346
0.9877551020408163,1.0938775510204082,0.000589234885,-0.000169707109
0.9877551020408163,1.0857142857142856,0.000588976424,-0.000171011618
0.9877551020408163,1.0775510204081633,0.000589793014,-0.000170102319
0.9877551020408163,1.0693877551020408,0.000589639394,-0.00017128798
0.9877551020408163,1.0612244897959184,0.000589699769,-0.000171438427
0.9877551020408163,1.0530612244897959,0.00058841149,-0.00017108339
0.9877551020408163,1.0448979591836736,0.000589036799,-0.000171065118
0.9877551020408163,1.036734693877551,0.00058830483,-0.000171533416
0.9877551020408163,1.0285714285714285,0.000589221755,-0.000170858153
0.9877551020408163,1.0204081632653061,0.000588372296,-0.000170696337
0.9877551020408163,1.0122448979591836,0.000587655276,-0.000171082105
0.9877551020408163,1.0040816326530613,0.000589065643,-0.000170987759
0.9877551020408163,0.9959183673469387,0.000588343258,-0.000170828288
0.9877551020408163,0.9877551020408163,0.000588778338,-0.000170789817
0.9877551020408163,0.9795918367346939,0.000589471112,-0.000171983217
0.9877551020408163,0.9714285714285714,0.000589457217,-0.000170270813
0.9877551020408163,0.963265306122449,0.000589721522,-0.000171681262
0.9877551020408163,0.9551020408163265,0.000588746521,-0.000171088753
0.9877551020408163,0.9469387755102041,0.000589488554,-0.000170339149
0.9877551020408163,0.9387755102040816,0.00058916186,-0.000171082523
0.9877551020408163,0.9306122448979592,0.000588786195,-0.00017025922
0.9877551020408163,0.9224489795918367,0.000588064577,-0.000170087065
0.9877551020408163,0.9142857142857143,0.000587679042,-0.000170009706
0.9877551020408163,0.9061224489795918,0.00058814038,-0.000169255156
0.9877551020408163,0.8979591836734694,0.000589968386,-0.000169260744
0.9877551020408163,0.889795918367347,0.0005899451,-0.000170607578
0.9877551020408163,0.8816326530612244,0.000589672744,-0.000170065357
0.9877551020408163,0.8734693877551021,0.000589344038,-0.000170738886
0.9877551020408163,0.8653061224489795,0.000589719989,-0.000171169998
0.9877551020408163,0.8571428571428572,0.000590260677,-0.000171145496
0.9877551020408163,0.8489795918367347,0.000589257598,-0.000169880967
0.9877551020408163,0.8408163265306122,0.000589187926,-0.000169996797
0.9877551020408163,0.8326530612244898,0.000589699575,-0.000170526558
0.9877551020408163,0.8244897959183674,0.000589113082,-0.00016936389
0.9877551020408163,0.8163265306122449,0.000590389764,-0.000170269304
0.9877551020408163,0.8081632653061225,0.000589385532,-0.000169873003
0.9877551020408163,0.8,0.000591092409,-0.000170853014
0.9795918367346939,1.2,0.000589564643,-0.000170921768
0.9795918367346939,1.1918367346938774,0.000590332168,-0.000171898536
0.9795918367346939,1.183673469387755,0.000589738197,-0.000170724693
0.9795918367346939,1.1755102040816325,0.000588774792,-0.000170688823
0.9795918367346939,1.1673469387755102,0.00059000145,-0.000171405961
0.9795918367346939,1.1591836734693877,0.000588797026,-0.000171427027
0.9795918367346939,1.1510204081632653,0.00059004237,-0.000171630974
0.9795918367346939,1.1428571428571428,0.000589764456,-0.000170970129
0.9795918367346939,1.1346938775510205,0.000589920374,-0.000170438441
0.9795918367346939,1.126530612244898,0.000590326416,-0.000170893412
0.9795918367346939,1.1183673469387754,0.000590359766,-0.00017135654
0.9795918367346939,1.110204081632653,0.000591014112,-0.000170414164
0.9795918367346939,1.1020408163265305,0.000591082825,-0.000169718927
0.9795918367346939,1.0938775510204082,0.000591172524,-0.000170914253
0.9795918367346939,1.0857142857142856,0.000591163706,-0.000170392874
0.9795918367346939,1.0775510204081633,0.000591699029,-0.000170428775
0.9795918367346939,1.0693877551020408,0.000592143499,-0.000171113255
0.9795918367346939,1.0612244897959184,0.000591400414,-0.000171687074
0.9795918367346939,1.0530612244897959,0.000591730653,-0.000170393098
0.9795918367346939,1.0448979591836736,0.000591251586,-0.000169962629
0.9795918367346939,1.036734693877551,0.000590624265,-0.000170873631
0.9795918367346939,1.0285714285714285,0.000591255132,-0.000170304757
0.9795918367346939,1.0204081632653061,0.00059221825,-0.000169649082
0.9795918367346939,1.0122448979591836,0.000591039891,-0.000169952321
0.9795918367346939,1.0040816326530613,0.000591866351,-0.000170041722
0.9795918367346939,0.9959183673469387,0.000591343585,-0.000169878397
0.9795918367346939,0.9877551020408163,0.000591386518,-0.000170381281
0.9795918367346939,0.9795918367346939,0.000591654849,-0.000169231073
0.9795918367346939,0.9714285714285714,0.000589979696,-0.000170514516
0.9795918367346939,0.963265306122449,0.000590317313,-0.0001705272
0.9795918367346939,0.9551020408163265,0.000590612096,-0.000170288443
0.9795918367346939,0.9469387755102041,0.00059161872,-0.000170993122
0.9795918367346939,0.9387755102040816,0.000590629057,-0.000170384717
0.9795918367346939,0.9306122448979592,0.000590668732,-0.000171137757
0.9795918367346939,0.9224489795918367,0.000590210939,-0.000170078042
0.9795918367346939,0.9142857142857143,0.000590551241,-0.000170594894
0.9795918367346939,0.9061224489795918,0.000590570981,-0.000170011633
0.9795918367346939,0.8979591836734694,0.000591091449,-0.000170042365
0.9795918367346939,0.889795918367347,0.000590869117,-0.000170131766
0.9795918367346939,0.8816326530612244,0.000590273806,-0.000170705361
0.9795918367346939,0.8734693877551021,0.000590853688,-0.000169582673
0.9795918367346939,0.8653061224489795,0.000591384506,-0.00017057341
0.9795918367346939,0.8571428571428572,0.000591011333,-0.000171121636
0.9795918367346939,0.8489795918367347,0.000590599253,-0.000170770903
0.9795918367346939,0.8408163265306122,0.000590478983,-0.000170096313
0.9795918367346939,0.8326530612244898,0.000590710419,-0.000169896445
0.9795918367346939,0.8244897959183674,0.000589795313,-0.000169317038
0.9795918367346939,0.8163265306122449,0.000590342325,-0.000169023047
0.9795918367346939,0.8081632653061225,0.00059118364,-0.000167877366
0.9795918367346939,0.8,0.000591090396,-0.000168842093
0.9714285714285714,1.2,0.000590358713,-0.000168613001
0.9714285714285714,1.1918367346938774,0.000590330635,-0.000168605905
0.9714285714285714,1.183673469387755,0.000590470359,-0.000168909144
0.9714285714285714,1.1755102040816325,0.000590189952,-0.000167714684
0.9714285714285714,1.1673469387755102,0.000590273806,-0.000169095686
0.9714285714285714,1.1591836734693877,0.0005903797,-0.000169234733
0.9714285714285714,1.1510204081632653,0.000590991113,-0.000167563176
0.9714285714285714,1.1428571428571428,0.000590264222,-0.000168527678
0.9714285714285714,1.1346938775510205,0.000589597227,-0.000167997724
0.9714285714285714,1.126530612244898,0.000590649278,-0.000169453934
0.9714285714285714,1.1183673469387754,0.000589644666,-0.000169505089
0.9714285714285714,1.110204081632653,0.000590473425,-0.000168763224
0.9714285714285714,1.1020408163265305,0.000590428192,-0.000169841629
0.9714285714285714,1.0938775510204082,0.000589526215,-0.000169204868
0.9714285714285714,1.0857142857142856,0.000590122199,-0.000169412027
0.9714285714285714,1.0775510204081633,0.000589825883,-0.000170155401
0.9714285714285714,1.0693877551020408,0.000589938582,-0.000168801695
0.9714285714285714,1.0612244897959184,0.000591288482,-0.000169156925
0.9714285714285714,1.0530612244897959,0.000590681861,-0.000169505313
0.9714285714285714,1.0448979591836736,0.000590649564,-0.000169431166
0.9714285714285714,1.036734693877551,0.000588887971,-0.00016938152
0.9714285714285714,1.0285714285714285,0.000589970879,-0.000169948885
0.9714285714285714,1.0204081632653061,0.000589454437,-0.000169864846
0.9714285714285714,1.0122448979591836,0.000590435283,-0.000169360036
0.9714285714285714,1.0040816326530613,0.000590634615,-0.000168630406
0.9714285714285714,0.9959183673469387,0.000591046696,-0.000170044292
0.9714285714285714,0.9877551020408163,0.000590540124,-0.000169130078
0.9714285714285714,0.9795918367346939,0.000590713964,-0.000169596
0.9714285714285714,0.9714285714285714,0.000590305623,-0.000169508749
0.9714285714285714,0.963265306122449,0.000589476191,-0.00016873808
0.9714285714285714,0.9551020408163265,0.000590340026,-0.000169778881
0.9714285714285714,0.9469387755102041,0.000589539345,-0.000169204868
0.9714285714285714,0.9387755102040816,0.000589660861,-0.000168083465
0.9714285714285714,0.9306122448979592,0.000589098706,-0.000170157135
0.9714285714285714,0.9224489795918367,0.000589050981,-0.000168907635
0.9714285714285714,0.9142857142857143,0.000589868817,-0.000168744534
0.9714285714285714,0.9061224489795918,0.0005894691,-0.000168842959
0.9714285714285714,0.8979591836734694,0.000589075707,-0.000169179499
0.9714285714285714,0.889795918367347,0.000588384465,-0.00016865449
0.9714285714285714,0.8816326530612244,0.000589677056,-0.000168585706
0.9714285714285714,0.8734693877551021,0.00059011798,-0.000169030562
0.9714285714285714,0.8653061224489795,0.000589675043,-0.000169115467
0.9714285714285714,0.8571428571428572,0.000590842285,-0.00016860462
0.9714285714285714,0.8489795918367347,0.000591080812,-0.000168533908
0.9714285714285714,0.8408163265306122,0.000589904946,-0.000168298587
0.9714285714285714,0.8326530612244898,0.000590909751,-0.00016855218
0.9714285714285714,0.8244897959183674,0.000591060112,-0.000169036374
0.9714285714285714,0.8163265306122449,0.000591480243,-0.000169264822
0.9714285714285714,0.8081632653061225,0.000591161887,-0.000169364532
0.9714285714285714,0.8,0.000590401167,-0.00016976427
0.963265306122449,1.2,0.000590458283,-0.0001675836
0.963265306122449,1.1918367346938774,0.000590426179,-0.000167998366
0.963265306122449,1.183673469387755,0.000589858467,-0.000168016638
0.963265306122449,1.1755102040816325,0.000590407492,-0.000167590472
0.963265306122449,1.1673469387755102,0.000590478697,-0.00016712455
0.963265306122449,1.1591836734693877,0.000589797039,-0.000169228279
0.963265306122449,1.1510204081632653,0.000590361013,-0.000168064775
0.963265306122449,1.1428571428571428,0.000590709939,-0.000167664813
0.963265306122449,1.1346938775510205,0.00059121651,-0.000167358363
0.963265306122449,1.126530612244898,0.000591709952,-0.000167302262
0.963265306122449,1.1183673469387754,0.00059179534,-0.000167725217
0.963265306122449,1.110204081632653,0.000591582111,-0.000166647872
0.963265306122449,1.1020408163265305,0.000591203094,-0.000166781331
0.963265306122449,1.0938775510204082,0.000590952205,-0.000167201043
0.963265306122449,1.0857142857142856,0.000591011333,-0.00016642501
0.963265306122449,1.0775510204081633,0.00059133726,-0.00016657093
0.963265306122449,1.0693877551020408,0.0005915985,-0.000167810733
0.963265306122449,1.0612244897959184,0.000592214991,-0.000167729519
0.963265306122449,1.0530612244897959,0.000592380493,-0.000167495259
0.963265306122449,1.0448979591836736,0.000592352988,-0.000167648917
0.963265306122449,1.036734693877551,0.000592354235,-0.000167851804
0.963265306122449,1.0285714285714285,0.000592143979,-0.000167703284
0.963265306122449,1.0204081632653061,0.000590910038,-0.000167631512
0.963265306122449,1.0122448979591836,0.000591743782,-0.000168003729
0.963265306122449,1.0040816326530613,0.000591349623,-0.00016934777
0.963265306122449,0.9959183673469387,0.00059187948,-0.000167229206
0.963265306122449,0.9877551020408163,0.000590407492,-0.000167332576
0.963265306122449,0.9795918367346939,0.000591070175,-0.000167652996
0.963265306122449,0.9714285714285714,0.000590626278,-0.000167340091
0.963265306122449,0.963265306122449,0.000590350856,-0.000167887257
0.963265306122449,0.9551020408163265,0.000590845064,-0.000167800007
0.963265306122449,0.9469387755102041,0.00059160789,-0.000167927879
0.963265306122449,0.9387755102040816,0.000592386532,-0.000168106682
0.963265306122449,0.9306122448979592,0.000593441935,-0.00016756854
0.963265306122449,0.9224489795918367,0.000591470659,-0.000167937769
0.963265306122449,0.9142857142857143,0.000590921921,-0.000167009138
0.963265306122449,0.9061224489795918,0.000591620253,-0.000167619919
0.963265306122449,0.8979591836734694,0.000591734678,-0.000167333636
0.963265306122449,0.889795918367347,0.000591078033,-0.000168228324
0.963265306122449,0.8816326530612244,0.000591260977,-0.000167709963
0.963265306122449,0.8734693877551021,0.000591033566,-0.000168952335
0.963265306122449,0.8653061224489795,0.000590700835,-0.000168399164
0.963265306122449,0.8571428571428572,0.000590888764,-0.00016761324
0.963265306122449,0.8489795918367347,0.000590410751,-0.000166563191
0.963265306122449,0.8408163265306122,0.000590897388,-0.000166972819
0.963265306122449,0.8326530612244898,0.000591191212,-0.000167936903
0.963265306122449,0.8244897959183674,0.000591388051,-0.000167842974
0.963265306122449,0.8163265306122449,0.000591143966,-0.000167085855
0.963265306122449,0.8081632653061225,0.000590813247,-0.000166953904
0.963265306122449,0.8,0.000591194471,-0.000168536926
0.9551020408163265,1.2,0.000592650837,-0.000166992375
0.9551020408163265,1.1918367346938774,0.000592425726,-0.000167087364
0.9551020408163265,1.183673469387755,0.000592706134,-0.000166943372
0.9551020408163265,1.1755102040816325,0.000592166213,-0.000166606831
0.9551020408163265,1.1673469387755102,0.000592387298,-0.000167083286
0.9551020408163265,1.1591836734693877,0.000591071995,-0.000167674061
0.9551020408163265,1.1510204081632653,0.00059333604,-0.000167011289
0.9551020408163265,1.1428571428571428,0.000592823144,-0.000168289563
0.9551020408163265,1.1346938775510205,0.000592235211,-0.000167337939
0.9551020408163265,1.126530612244898,0.000591761703,-0.000166638623
0.9551020408163265,1.1183673469387754,0.000592235211,-0.000165965961
0.9551020408163265,1.110204081632653,0.000592470959,-0.000166351087
0.9551020408163265,1.1020408163265305,0.000592505555,-0.000166249643
0.9551020408163265,1.0938775510204082,0.000592755965,-0.0001655686
0.9551020408163265,1.0857142857142856,0.000592030801,-0.000167066299
0.9551020408163265,1.0775510204081633,0.000592519451,-0.000167140222
0.9551020408163265,1.0693877551020408,0.000592878727,-0.000167492047
0.9551020408163265,1.0612244897959184,0.00059208763,-0.000166379025
0.9551020408163265,1.0530612244897959,0.000592823911,-0.000166660331
0.9551020408163265,1.0448979591836736,0.000592944661,-0.00016751976
0.9551020408163265,1.036734693877551,0.000592999764,-0.000166541483
0.9551020408163265,1.0285714285714285,0.000593101539,-0.000166846456
0.9551020408163265,1.0204081632653061,0.000593231199,-0.000166963795
0.9551020408163265,1.0122448979591836,0.000593291574,-0.000166663125
0.9551020408163265,1.0040816326530613,0.000592933064,-0.000166013038
0.9551020408163265,0.9959183673469387,0.000593117734,-0.00016637774
0.9551020408163265,0.9877551020408163,0.000592139187,-0.000165988311
0.9551020408163265,0.9795918367346939,0.000592518971,-0.000166419423
0.9551020408163265,0.9714285714285714,0.000591832235,-0.000167894996
0.9551020408163265,0.963265306122449,0.000591064424,-0.000167071886
0.9551020408163265,0.9551020408163265,0.000592274886,-0.000166193768
0.9551020408163265,0.9469387755102041,0.000592315807,-0.000166384612
0.9551020408163265,0.9387755102040816,0.000592831482,-0.000166133813
0.9551020408163265,0.9306122448979592,0.000592059359,-0.000166840644
0.9551020408163265,0.9224489795918367,0.000591885999,-0.000166633903
0.9551020408163265,0.9142857142857143,0.000591874688,-0.000166354299
0.9551020408163265,0.9061224489795918,0.000591258677,-0.000165632857
0.9551020408163265,0.8979591836734694,0.000590804144,-0.000166341839
0.9551020408163265,0.889795918367347,0.000590821298,-0.000166040109
0.9551020408163265,0.8816326530612244,0.00059069681,-0.000167327631
0.9551020408163265,0.8734693877551021,0.00059040318,-0.000166677961
0.9551020408163265,0.8653061224489795,0.00059031626,-0.000166570512
0.9551020408163265,0.8571428571428572,0.000590028475,-0.000165664007
0.9551020408163265,0.8489795918367347,0.000590194744,-0.000166479153
0.9551020408163265,0.8408163265306122,0.000591400894,-0.000167099824
0.9551020408163265,0.8326530612244898,0.000589689419,-0.000166179381
0.9551020408163265,0.8244897959183674,0.000590109356,-0.000166249643
0.9551020408163265,0.8163265306122449,0.000590045436,-0.000166102215
0.9551020408163265,0.8081632653061225,0.000588881646,-0.00016485037
0.9551020408163265,0.8,0.000589756598,-0.000166050642
0.9469387755102041,1.2,0.000590421867,-0.000167675571
0.9469387755102041,1.1918367346938774,0.000589485008,-0.000168599899
0.9469387755102041,1.183673469387755,0.000590521437,-0.000166804324
0.9469387755102041,1.1755102040816325,0.000590388038,-0.000166891799
0.9469387755102041,1.1673469387755102,0.00059009872,-0.000167449915
0.9469387755102041,1.1591836734693877,0.000592330949,-0.000167060293
0.9469387755102041,1.1510204081632653,0.000591067396,-0.000167315813
0.9469387755102041,1.1428571428571428,0.000590418608,-0.000166779822
0.9469387755102041,1.1346938775510205,0.000590186886,-0.000166431883
0.9469387755102041,1.126530612244898,0.000590936296,-0.000167794195
0.9469387755102041,1.1183673469387754,0.000590358713,-0.000167175899
0.9469387755102041,1.110204081632653,0.000590668732,-0.000167952381
0.9469387755102041,1.1020408163265305,0.000591659641,-0.000167638384
0.9469387755102041,1.0938775510204082,0.000592152317,-0.000168130093
0.9469387755102041,1.0857142857142856,0.000591406739,-0.000167276476
0.9469387755102041,1.0775510204081633,0.000590319325,-0.000167098315
0.9469387755102041,1.0693877551020408,0.000590397908,-0.000167364592
0.9469387755102041,1.0612244897959184,0.000590758144,-0.000167331067
0.9469387755102041,1.0530612244897959,0.000591258964,-0.000166811839
0.9469387755102041,1.0448979591836736,0.00059030495,-0.000167657523
0.9469387755102041,1.036734693877551,0.000590024929,-0.000167374483
0.9469387755102041,1.0285714285714285,0.00059072786,-0.000168661138
0.9469387755102041,1.0204081632653061,0.000589806429,-0.000168401315
0.9469387755102041,1.0122448979591836,0.000590581812,-0.000168380892
0.9469387755102041,1.0040816326530613,0.000590738977,-0.000167257144
0.9469387755102041,0.9959183673469387,0.000590202315,-0.000167352775
0.9469387755102041,0.9877551020408163,0.00059004189,-0.00016709231
0.9469387755102041,0.9795918367346939,0.000591219003,-0.000167523839
0.9469387755102041,0.9714285714285714,0.00059027256,-0.000167442819
0.9469387755102041,0.963265306122449,0.000589842752,-0.000167483441
0.9469387755102041,0.9551020408163265,0.000590793027,-0.000166605098
0.9469387755102041,0.9469387755102041,0.00059133726,-0.000167004835
0.9469387755102041,0.9387755102040816,0.000591670758,-0.000168262492
0.9469387755102041,0.9306122448979592,0.000590661927,-0.000167272173
0.9469387755102041,0.9224489795918367,0.000590049462,-0.000167709963
0.9469387755102041,0.9142857142857143,0.000590644966,-0.000167336654
0.9469387755102041,0.9061224489795918,0.00059080539,-0.00016764956
0.9469387755102041,0.8979591836734694,0.000590295559,-0.000168430762
0.9469387755102041,0.889795918367347,0.000591212198,-0.000167698981
0.9469387755102041,0.8816326530612244,0.000591039125,-0.000167153549
0.9469387755102041,0.8734693877551021,0.000591190445,-0.000167414238
0.9469387755102041,0.8653061224489795,0.000591106591,-0.000168188344
0.9469387755102041,0.8571428571428572,0.000590449945,-0.000167835459
0.9469387755102041,0.8489795918367347,0.000590081279,-0.000168868103
0.9469387755102041,0.8408163265306122,0.00059058785,-0.000168480408
0.9469387755102041,0.8326530612244898,0.000590536865,-0.000168609565
0.9469387755102041,0.8244897959183674,0.000590536865,-0.000167587678
0.9469387755102041,0.8163265306122449,0.000592008568,-0.000167705884
0.9469387755102041,0.8081632653061225,0.000590602032,-0.000167489895
0.9469387755102041,0.8,0.000591361506,-0.000167209425
0.9387755102040816,1.2,0.000592007801,-0.000167098091
0.9387755102040816,1.1918367346938774,0.000593036659,-0.000167331291
0.9387755102040816,1.183673469387755,0.00059247901,-0.000167065014
0.9387755102040816,1.1755102040816325,0.000592728367,-0.000167809448
0.9387755102040816,1.1673469387755102,0.000592076513,-0.000168687149
0.9387755102040816,1.1591836734693877,0.000592122319,-0.000168704779
0.9387755102040816,1.1510204081632653,0.00059230517,-0.000167891111
0.9387755102040816,1.1428571428571428,0.000590683874,-0.000168536284
0.9387755102040816,1.1346938775510205,0.000591807702,-0.00016717805
0.9387755102040816,1.126530612244898,0.000591935543,-0.000167997499
0.9387755102040816,1.1183673469387754,0.000591633669,-0.000167850071
0.9387755102040816,1.110204081632653,0.000589523436,-0.000167732731
0.9387755102040816,1.1020408163265305,0.00058997749,-0.000167880802
0.9387755102040816,1.0938775510204082,0.000589342791,-0.000167639894
0.9387755102040816,1.0857142857142856,0.000589497657,-0.000166755545
0.9387755102040816,1.0775510204081633,0.000589698522,-0.000168568943
0.9387755102040816,1.0693877551020408,0.000589439295,-0.000167001399
0.9387755102040816,1.0612244897959184,0.000588582551,-0.000167897565
0.9387755102040816,1.0530612244897959,0.000589774806,-0.000167316231
0.9387755102040816,1.0448979591836736,0.000589310402,-0.000167153549
0.9387755102040816,1.036734693877551,0.000588472345,-0.000167349981
0.9387755102040816,1.0285714285714285,0.000589395309,-0.000167069959
0.9387755102040816,1.0204081632653061,0.000589405946,-0.000167109715
0.9387755102040816,1.0122448979591836,0.000589091422,-0.000165545607
0.9387755102040816,1.0040816326530613,0.000589204314,-0.000166937142
0.9387755102040816,0.9959183673469387,0.000589345571,-0.000165793388
0.9387755102040816,0.9877551020408163,0.000588930711,-0.000167793134
0.9387755102040816,0.9795918367346939,0.000589117394,-0.000166890932
0.9387755102040816,0.9714285714285714,0.000589023669,-0.000167234569
0.9387755102040816,0.963265306122449,0.000589156589,-0.000167620337
0.9387755102040816,0.9551020408163265,0.00058895697,-0.000167489671
0.9387755102040816,0.9469387755102041,0.000589665653,-0.000166795943
0.9387755102040816,0.9387755102040816,0.000589423387,-0.000168393158
0.9387755102040816,0.9306122448979592,0.000589537812,-0.00016712089
0.9387755102040816,0.9224489795918367,0.000589350843,-0.000168346948
0.9387755102040816,0.9142857142857143,0.00059071799,-0.000167179335
0.9387755102040816,0.9061224489795918,0.000590009021,-0.000167597344
0.9387755102040816,0.8979591836734694,0.000589091902,-0.000167352775
0.9387755102040816,0.889795918367347,0.00058916416,-0.000166510976
0.9387755102040816,0.8816326530612244,0.000590113668,-0.000166891799
0.9387755102040816,0.8734693877551021,0.000589678302,-0.000168079162
0.9387755102040816,0.8653061224489795,0.000588779584,-0.000168636861
0.9387755102040816,0.8571428571428572,0.000589298805,-0.000167504282
0.9387755102040816,0.8489795918367347,0.000589733119,-0.000166921888
0.9387755102040816,0.8408163265306122,0.000589395595,-0.00016729539
0.9387755102040816,0.8326530612244898,0.000589481462,-0.000166424143
0.9387755102040816,0.8244897959183674,0.000589679068,-0.000167309583
0.9387755102040816,0.8163265306122449,0.000590229626,-0.000167728653
0.9387755102040816,0.8081632653061225,0.000589604031,-0.000167691467
0.9387755102040816,0.8,0.000588858933,-0.000167895638
0.9306122448979592,1.2,0.000589115381,-0.000167611731
0.9306122448979592,1.1918367346938774,0.000589269767,-0.000165863008
0.9306122448979592,1.183673469387755,0.000589745768,-0.000165589023
0.9306122448979592,1.1755102040816325,0.000589128511,-0.000165961882
0.9306122448979592,1.1673469387755102,0.000587866491,-0.000166655611
0.9306122448979592,1.1591836734693877,0.000589813234,-0.000166755963
0.9306122448979592,1.1510204081632653,0.000588646952,-0.000167060293
0.9306122448979592,1.1428571428571428,0.000589110303,-0.000165812945
0.9306122448979592,1.1346938775510205,0.000589574994,-0.000167047384
0.9306122448979592,1.126530612244898,0.00058865251,-0.000165666158
0.9306122448979592,1.1183673469387754,0.000588427879,-0.000166213549
0.9306122448979592,1.110204081632653,0.000589203068,-0.000166100063
0.9306122448979592,1.1020408163265305,0.000589209872,-0.000166247716
0.9306122448979592,1.0938775510204082,0.000587949865,-0.000166496782
0.9306122448979592,1.0857142857142856,0.000589179302,-0.000166445852
0.9306122448979592,1.0775510204081633,0.000589294013,-0.00016642501
0.9306122448979592,1.0693877551020408,0.000589808442,-0.000165766092
0.9306122448979592,1.0612244897959184,0.000589966087,-0.000167129047
0.9306122448979592,1.0530612244897959,0.00058909746,-0.000166624879
0.9306122448979592,1.0448979591836736,0.00058993475,-0.000166761133
0.9306122448979592,1.036734693877551,0.000591123266,-0.000166395563
0.9306122448979592,1.0285714285714285,0.000591312728,-0.000166249001
0.9306122448979592,1.0204081632653061,0.000590681861,-0.000166802173
0.9306122448979592,1.0122448979591836,0.000591307456,-0.000166568136
0.9306122448979592,1.0040816326530613,0.000591213158,-0.000166310689
0.9306122448979592,0.9959183673469387,0.000591651304,-0.000166509049
0.9306122448979592,0.9877551020408163,0.000590808935,-0.000167144943
0.9306122448979592,0.9795918367346939,0.000589820039,-0.00016613057
0.9306122448979592,0.9714285714285714,0.000589826363,-0.000166500667
0.9306122448979592,0.963265306122449,0.000590681381,-0.000165396669
0.9306122448979592,0.9551020408163265,0.000590147498,-0.000165794255
0.9306122448979592,0.9469387755102041,0.000588918062,-0.000165085691
0.9306122448979592,0.9387755102040816,0.000588818012,-0.000167207273
0.9306122448979592,0.9306122448979592,0.000590814494,-0.000164959328
0.9306122448979592,0.9224489795918367,0.000590344818,-0.000165803054
0.9306122448979592,0.9142857142857143,0.000591051008,-0.000165599749
0.9306122448979592,0.9061224489795918,0.000589221755,-0.000165866669
0.9306122448979592,0.8979591836734694,0.000589776339,-0.000166604038
0.9306122448979592,0.889795918367347,0.000589864025,-0.000165657777
0.9306122448979592,0.8816326530612244,0.00059032613,-0.000165945762
0.9306122448979592,0.8734693877551021,0.000589551228,-0.000164090233
0.9306122448979592,0.8653061224489795,0.000589689705,-0.00016441518
0.9306122448979592,0.8571428571428572,0.00059181604,-0.000164296331
0.9306122448979592,0.8489795918367347,0.000591697016,-0.000165294583
0.9306122448979592,0.8408163265306122,0.000591243535,-0.000165295226
0.9306122448979592,0.8326530612244898,0.000591311481,-0.000164547131
0.9306122448979592,0.8244897959183674,0.000591834728,-0.000164370255
0.9306122448979592,0.8163265306122449,0.00059012929,-0.000165570109
0.9306122448979592,0.8081632653061225,0.000590760444,-0.000165843676
0.9306122448979592,0.8,0.000590124785,-0.000164534446
0.9224489795918367,1.2,0.00059343513,-0.00016472937
0.9224489795918367,1.1918367346938774,0.000592225821,-0.000164257861
0.9224489795918367,1.183673469387755,0.000592589696,-0.000164398193
0.9224489795918367,1.1755102040816325,0.00059153458,-0.000163820519
0.9224489795918367,1.1673469387755102,0.000592700862,-0.000165359707
0.9224489795918367,1.1591836734693877,0.00059153132,-0.000164256351
0.9224489795918367,1.1510204081632653,0.000591476984,-0.000165400105
0.9224489795918367,1.1428571428571428,0.000591573488,-0.000166035164
0.9224489795918367,1.1346938775510205,0.000590980476,-0.000164693693
0.9224489795918367,1.126530612244898,0.000591574734,-0.000164937844
0.9224489795918367,1.1183673469387754,0.000591743782,-0.00016421939
0.9224489795918367,1.110204081632653,0.000592318106,-0.000164385733
0.9224489795918367,1.1020408163265305,0.000590877934,-0.000164531877
0.9224489795918367,1.0938775510204082,0.000591549528,-0.000163714997
0.9224489795918367,1.0857142857142856,0.000591380194,-0.000165042275
0.9224489795918367,1.0775510204081633,0.000591175783,-0.000164541543
0.9224489795918367,1.0693877551020408,0.000592345611,-0.000165743324
0.9224489795918367,1.0612244897959184,0.000591775406,-0.000164582583
0.9224489795918367,1.0530612244897959,0.000591914556,-0.000164892052
0.9224489795918367,1.0448979591836736,0.000591478517,-0.000164611612
0.9224489795918367,1.036734693877551,0.000591648525,-0.00016560964
0.9224489795918367,1.0285714285714285,0.0005910558,-0.000165359707
0.9224489795918367,1.0204081632653061,0.000590888284,-0.00016601108
0.9224489795918367,1.0122448979591836,0.000591666732,-0.000166808627
0.9224489795918367,1.0040816326530613,0.000590518658,-0.000166483038
0.9224489795918367,0.9959183673469387,0.000589876388,-0.000166932839
0.9224489795918367,0.9877551020408163,0.000590744249,-0.000166416629
0.9224489795918367,0.9795918367346939,0.000591384026,-0.000166226651
0.9224489795918367,0.9714285714285714,0.000590208353,-0.000166258249
0.9224489795918367,0.963265306122449,0.000590884739,-0.000165857645
0.9224489795918367,0.9551020408163265,0.00059041353,-0.000166025497
0.9224489795918367,0.9469387755102041,0.000592079773,-0.000165373676
0.9224489795918367,0.9387755102040816,0.000591567929,-0.000166532041
0.9224489795918367,0.9306122448979592,0.000591363039,-0.000165766959
0.9224489795918367,0.9224489795918367,0.000591011047,-0.000165608355
0.9224489795918367,0.9142857142857143,0.000590899401,-0.000167445837
0.9224489795918367,0.9061224489795918,0.00059223799,-0.000166922755
0.9224489795918367,0.8979591836734694,0.000590842572,-0.000166699669
0.9224489795918367,0.889795918367347,0.000592738237,-0.00016574676
0.9224489795918367,0.8816326530612244,0.000592868664,-0.000165216357
0.9224489795918367,0.8734693877551021,0.000592011633,-0.000166209021
0.9224489795918367,0.8653061224489795,0.000591287235,-0.000166881908
0.9224489795918367,0.8571428571428572,0.000591236444,-0.000167321176
0.9224489795918367,0.8489795918367347,0.000590703614,-0.000166561039
0.9224489795918367,0.8408163265306122,0.000591866351,-0.00016720191
0.9224489795918367,0.8326530612244898,0.000591278898,-0.000166487116
0.9224489795918367,0.8244897959183674,0.00059179534,-0.000166750182
0.9224489795918367,0.8163265306122449,0.000590647551,-0.000166003789
0.9224489795918367,0.8081632653061225,0.000589002489,-0.000166249868
0.9224489795918367,0.8,0.000589355154,-0.000167574352
0.9142857142857143,1.2,0.000589245521,-0.000166846231
0.9142857142857143,1.1918367346938774,0.000588866218,-0.000166625297
0.9142857142857143,1.183673469387755,0.000588621939,-0.000166578027
0.9142857142857143,1.1755102040816325,0.000589731872,-0.000167198474
0.9142857142857143,1.1673469387755102,0.000588886725,-0.000165750196
0.9142857142857143,1.1591836734693877,0.000590093162,-0.000165539795
0.9142857142857143,1.1510204081632653,0.000589631536,-0.000166428446
0.9142857142857143,1.1428571428571428,0.000589513566,-0.00016538999
0.9142857142857143,1.1346938775510205,0.000590137148,-0.000166050417
0.9142857142857143,1.126530612244898,0.00059013207,-0.000165504985
0.9142857142857143,1.1183673469387754,0.000590117694,-0.000166197204
0.9142857142857143,1.110204081632653,0.000589471399,-0.000165652831
0.9142857142857143,1.1020408163265305,0.0005897266,-0.000166370419
0.9142857142857143,1.0938775510204082,0.00058981448,-0.000165982724
0.9142857142857143,1.0857142857142856,0.00058946862,-0.000166916943
0.9142857142857143,1.0775510204081633,0.000590438542,-0.000167019671
0.9142857142857143,1.0693877551020408,0.000589874089,-0.000165496603
0.9142857142857143,1.0612244897959184,0.000588877141,-0.000167094237
0.9142857142857143,1.0530612244897959,0.000589365025,-0.000167219315
0.9142857142857143,1.0448979591836736,0.000590128044,-0.000167720047
0.9142857142857143,1.036734693877551,0.000589350843,-0.000166681397
0.9142857142857143,1.0285714285714285,0.000589601252,-0.000165533565
0.9142857142857143,1.0204081632653061,0.000589012839,-0.000166181308
0.9142857142857143,1.0122448979591836,0.000589518358,-0.000166316695
0.9142857142857143,1.0040816326530613,0.00058913129,-0.000166580178
0.9142857142857143,0.9959183673469387,0.000590311948,-0.000165919751
0.9142857142857143,0.9877551020408163,0.00058974021,-0.000166883835
0.9142857142857143,0.9795918367346939,0.00058920556,-0.000166651532
0.9142857142857143,0.9714285714285714,0.000589190705,-0.000166722662
0.9142857142857143,0.963265306122449,0.000589196263,-0.000167281003
0.9142857142857143,0.9551020408163265,0.0005872063,-0.000167570691
0.9142857142857143,0.9469387755102041,0.000588278571,-0.000166617364
0.9142857142857143,0.9387755102040816,0.000587987527,-0.000167383282
0.9142857142857143,0.9306122448979592,0.000588564824,-0.000166681397
0.9142857142857143,0.9224489795918367,0.00058810703,-0.000166352372
0.9142857142857143,0.9142857142857143,0.000588914996,-0.000165153609
0.9142857142857143,0.9061224489795918,0.000588111822,-0.00016581166
0.9142857142857143,0.8979591836734694,0.000588838426,-0.000165924054
0.9142857142857143,0.889795918367347,0.000588221742,-0.000166839134
0.9142857142857143,0.8816326530612244,0.000587719196,-0.000166517206
0.9142857142857143,0.8734693877551021,0.000588746521,-0.000166058156
0.9142857142857143,0.8653061224489795,0.000587916516,-0.000167286591
0.9142857142857143,0.8571428571428572,0.000588316233,-0.000166395145
0.9142857142857143,0.8489795918367347,0.000587542097,-0.00016592126
0.9142857142857143,0.8408163265306122,0.000587428345,-0.0001669812
0.9142857142857143,0.8326530612244898,0.000588454904,-0.000165794897
0.9142857142857143,0.8244897959183674,0.000587616848,-0.000165914164
0.9142857142857143,0.8163265306122449,0.000585874802,-0.000166751242
0.9142857142857143,0.8081632653061225,0.000586638301,-0.000166066538
0.9142857142857143,0.8,0.000587449619,-0.000166453815
0.9061224489795918,1.2,0.000588242729,-0.000165850773
0.9061224489795918,1.1918367346938774,0.000589463061,-0.000164254424
0.9061224489795918,1.183673469387755,0.000588932724,-0.000165641014
0.9061224489795918,1.1755102040816325,0.000587453644,-0.000165379264
0.9061224489795918,1.1673469387755102,0.000589255105,-0.000164846934
0.9061224489795918,1.1591836734693877,0.000588512306,-0.000165666382
0.9061224489795918,1.1510204081632653,0.000588916049,-0.000165106757
0.9061224489795918,1.1428571428571428,0.000589295546,-0.000167346321
0.9061224489795918,1.1346938775510205,0.000589700055,-0.000166553107
0.9061224489795918,1.126530612244898,0.000589143173,-0.000165718598
0.9061224489795918,1.1183673469387754,0.000589116434,-0.000165456848
0.9061224489795918,1.110204081632653,0.000589624538,-0.000164483516
0.9061224489795918,1.1020408163265305,0.00058906363,-0.000164816844
0.9061224489795918,1.0938775510204082,0.000588845038,-0.000165724185
0.9061224489795918,1.0857142857142856,0.000589518644,-0.000164814917
0.9061224489795918,1.0775510204081633,0.000589632589,-0.000165409996
0.9061224489795918,1.0693877551020408,0.000587821258,-0.000164614824
0.9061224489795918,1.0612244897959184,0.000589126211,-0.000164237437
0.9061224489795918,1.0530612244897959,0.000589167419,-0.000163818368
0.9061224489795918,1.0448979591836736,0.000589572694,-0.000164523496
0.9061224489795918,1.036734693877551,0.000589533306,-0.000165538928
0.9061224489795918,1.0285714285714285,0.000588507994,-0.000164800948
0.9061224489795918,1.0204081632653061,0.000588906179,-0.000164766556
0.9061224489795918,1.0122448979591836,0.000589268521,-0.000163339986
0.9061224489795918,1.0040816326530613,0.000589765988,-0.000164274848
0.9061224489795918,0.9959183673469387,0.000588493332,-0.000163743578
0.9061224489795918,0.9877551020408163,0.000588560798,-0.000163545443
0.9061224489795918,0.9795918367346939,0.000588955723,-0.000163429388
0.9061224489795918,0.9714285714285714,0.000589101006,-0.000164744848
0.9061224489795918,0.963265306122449,0.000588632289,-0.000164880235
0.9061224489795918,0.9551020408163265,0.000589720276,-0.000165637578
0.9061224489795918,0.9469387755102041,0.000589175756,-0.000165834653
0.9061224489795918,0.9387755102040816,0.000589469866,-0.000165493167
0.9061224489795918,0.9306122448979592,0.000590082811,-0.000165385494
0.9061224489795918,0.9224489795918367,0.000590204614,-0.000164766331
0.9061224489795918,0.9142857142857143,0.000589415049,-0.000165214205
0.9061224489795918,0.9061224489795918,0.000591067396,-0.000164491255
0.9061224489795918,0.8979591836734694,0.000589966853,-0.000165212921
0.9061224489795918,0.889795918367347,0.000589808922,-0.000164936335
0.9061224489795918,0.8816326530612244,0.000588799038,-0.00016471068
0.9061224489795918,0.8734693877551021,0.000589515099,-0.000164850145
0.9061224489795918,0.8653061224489795,0.000589575954,-0.000165667025
0.9061224489795918,0.8571428571428572,0.000589108577,-0.000164762895
0.9061224489795918,0.8489795918367347,0.000589661627,-0.000164673494
0.9061224489795918,0.8408163265306122,0.00058910781,-0.000165459642
0.9061224489795918,0.8326530612244898,0.00058867503,-0.000165241726
0.9061224489795918,0.8244897959183674,0.000589289988,-0.000165443521
0.9061224489795918,0.8163265306122449,0.000588615135,-0.000165590083
0.9061224489795918,0.8081632653061225,0.00058955554,-0.000164250764
0.9061224489795918,0.8,0.00059031626,-0.000164352207
0.8979591836734694,1.2,0.000589062098,-0.000165333921
0.8979591836734694,1.1918367346938774,0.00058913129,-0.000163735421
0.8979591836734694,1.183673469387755,0.000588116614,-0.000164443118
0.8979591836734694,1.1755102040816325,0.000587568836,-0.000164601079
0.8979591836734694,1.1673469387755102,0.000587690638,-0.000163961718
0.8979591836734694,1.1591836734693877,0.000587737404,-0.000163601094
0.8979591836734694,1.1510204081632653,0.000587939515,-0.000164403138
0.8979591836734694,1.1428571428571428,0.000587852309,-0.000164169326
0.8979591836734694,1.1346938775510205,0.000587382153,-0.000163421006
0.8979591836734694,1.126530612244898,0.000587458436,-0.00016400385
0.8979591836734694,1.1183673469387754,0.000588296299,-0.000163642583
0.8979591836734694,1.110204081632653,0.000587200262,-0.000164533162
0.8979591836734694,1.1020408163265305,0.000588138367,-0.000164215954
0.8979591836734694,1.0938775510204082,0.000588216664,-0.000164183937
0.8979591836734694,1.0857142857142856,0.000587242429,-0.000164624072
0.8979591836734694,1.0775510204081633,0.000588691418,-0.0001640911
0.8979591836734694,1.0693877551020408,0.000588307416,-0.000164509302
0.8979591836734694,1.0612244897959184,0.00058799002,-0.000165267512
0.8979591836734694,1.0530612244897959,0.000588498124,-0.000165633499
0.8979591836734694,1.0448979591836736,0.000586796232,-0.000165161348
0.8979591836734694,1.036734693877551,0.00058806333,-0.000164689196
0.8979591836734694,1.0285714285714285,0.000587904153,-0.000163816441
0.8979591836734694,1.0204081632653061,0.000586599679,-0.000164813184
0.8979591836734694,1.0122448979591836,0.000587452111,-0.000165019924
0.8979591836734694,1.0040816326530613,0.000586788661,-0.000164702716
0.8979591836734694,0.9959183673469387,0.000586983968,-0.00016349859
0.8979591836734694,0.9877551020408163,0.000586960969,-0.000163973118
0.8979591836734694,0.9795918367346939,0.000586427086,-0.000164731746
0.8979591836734694,0.9714285714285714,0.000586996331,-0.000165086333
0.8979591836734694,0.963265306122449,0.000586284869,-0.000164520702
0.8979591836734694,0.9551020408163265,0.000587262363,-0.000164344693
0.8979591836734694,0.9469387755102041,0.000586716117,-0.000164561324
0.8979591836734694,0.9387755102040816,0.000587345737,-0.00016530791
0.8979591836734694,0.9306122448979592,0.000587345544,-0.000165502609
0.8979591836734694,0.9224489795918367,0.000586480176,-0.000164783543
0.8979591836734694,0.9142857142857143,0.000586764895,-0.000165240216
0.8979591836734694,0.9061224489795918,0.000586768441,-0.000166304235
0.8979591836734694,0.8979591836734694,0.000587524656,-0.000166272636
0.8979591836734694,0.889795918367347,0.000587127717,-0.000165582569
0.8979591836734694,0.8816326530612244,0.000586555213,-0.000165362277
0.8979591836734694,0.8734693877551021,0.000587772766,-0.000165322103
0.8979591836734694,0.8653061224489795,0.000586240403,-0.000165250525
0.8979591836734694,0.8571428571428572,0.000586093588,-0.000165645959
0.8979591836734694,0.8489795918367347,0.000586939502,-0.000165396027
0.8979591836734694,0.8408163265306122,0.000586704521,-0.000166218912
0.8979591836734694,0.8326530612244898,0.000587040797,-0.000166248359
0.8979591836734694,0.8244897959183674,0.000587016072,-0.000164549058
0.8979591836734694,0.8163265306122449,0.000587158288,-0.000165858512
0.8979591836734694,0.8081632653061225,0.000587920061,-0.000166371061
0.8979591836734694,0.8,0.000587593082,-0.000166143479
0.889795918367347,1.2,0.000589339726,-0.000164423337
0.889795918367347,1.1918367346938774,0.000589176043,-0.000165716671
0.889795918367347,1.183673469387755,0.000588953424,-0.000164728085
0.889795918367347,1.1755102040816325,0.0005894691,-0.000165114271
0.889795918367347,1.1673469387755102,0.000588801338,-0.00016558472
0.889795918367347,1.1591836734693877,0.000588487774,-0.000164786755
0.889795918367347,1.1510204081632653,0.000587959736,-0.000164211233
0.889795918367347,1.1428571428571428,0.000588711638,-0.000165173165
0.889795918367347,1.1346938775510205,0.000588517384,-0.000163939592
0.889795918367347,1.126530612244898,0.000590212951,-0.000164269036
0.889795918367347,1.1183673469387754,0.000590333701,-0.000164714758
0.889795918367347,1.110204081632653,0.000589617641,-0.00016435028
0.889795918367347,1.1020408163265305,0.000590073228,-0.000165324448
0.889795918367347,1.0938775510204082,0.000590317506,-0.000163689211
0.889795918367347,1.0857142857142856,0.000589868337,-0.00016578308
0.889795918367347,1.0775510204081633,0.00059052297,-0.000165450393
0.889795918367347,1.0693877551020408,0.000591424946,-0.000165264718
0.889795918367347,1.0612244897959184,0.000590548942,-0.000164901943
0.889795918367347,1.0530612244897959,0.000590353155,-0.000165825404
0.889795918367347,1.0448979591836736,0.000589398854,-0.000164658882
0.889795918367347,1.036734693877551,0.0005910121,-0.000165560861
0.889795918367347,1.0285714285714285,0.00059193631,-0.000165113853
0.889795918367347,1.0204081632653061,0.000591280431,-0.000164831038
0.889795918367347,1.0122448979591836,0.000590677356,-0.000164272054
0.889795918367347,1.0040816326530613,0.000589417062,-0.000164978242
0.889795918367347,0.9959183673469387,0.000590536099,-0.000166095567
0.889795918367347,0.9877551020408163,0.00059075134,-0.00016533649
0.889795918367347,0.9795918367346939,0.000590014099,-0.000166344408
0.889795918367347,0.9714285714285714,0.000590382959,-0.000166144122
0.889795918367347,0.963265306122449,0.000589613615,-0.000165478556
0.889795918367347,0.9551020408163265,0.000589866038,-0.000165185401
0.889795918367347,0.9469387755102041,0.000590988814,-0.000164882611
0.889795918367347,0.9387755102040816,0.000590030008,-0.000164447196
0.889795918367347,0.9306122448979592,0.000589977204,-0.000165330678
0.889795918367347,0.9224489795918367,0.000590459816,-0.000165080103
0.889795918367347,0.9142857142857143,0.000590627044,-0.000164677797
0.889795918367347,0.9061224489795918,0.000589672744,-0.00016477924
0.889795918367347,0.8979591836734694,0.000590112329,-0.000165075382
0.889795918367347,0.889795918367347,0.000589949892,-0.000166017758
0.889795918367347,0.8816326530612244,0.000589945867,-0.000164649216
0.889795918367347,0.8734693877551021,0.000588343258,-0.000165261058
0.889795918367347,0.8653061224489795,0.000588674457,-0.00016517445
0.889795918367347,0.8571428571428572,0.000589956217,-0.000165040348
0.889795918367347,0.8489795918367347,0.000589549215,-0.000165031966
0.889795918367347,0.8408163265306122,0.000587972385,-0.000164601722
0.889795918367347,0.8326530612244898,0.000589645719,-0.000165229684
0.889795918367347,0.8244897959183674,0.000590401647,-0.000164173629
0.889795918367347,0.8163265306122449,0.000589900634,-0.000164600213
0.889795918367347,0.8081632653061225,0.000590069202,-0.000164318682
0.889795918367347,0.8,0.000589593681,-0.000164476419
0.8816326530612244,1.2,0.00059394774,-0.000163013755
0.8816326530612244,1.1918367346938774,0.000594091489,-0.000163712428
0.8816326530612244,1.183673469387755,0.000593359806,-0.000163459477
0.8816326530612244,1.1755102040816325,0.000593634656,-0.000162934662
0.8816326530612244,1.1673469387755102,0.000591313494,-0.00016404232
0.8816326530612244,1.1591836734693877,0.000591775599,-0.000164841988
0.8816326530612244,1.1510204081632653,0.000593250653,-0.000162942625
0.8816326530612244,1.1428571428571428,0.000592680928,-0.000163864578
0.8816326530612244,1.1346938775510205,0.000593089943,-0.000162902003
0.8816326530612244,1.126530612244898,0.000593170538,-0.00016408487
0.8816326530612244,1.1183673469387754,0.000592085137,-0.000164193603
0.8816326530612244,1.110204081632653,0.000592400714,-0.000163907994
0.8816326530612244,1.1020408163265305,0.000591207886,-0.000164053913
0.8816326530612244,1.0938775510204082,0.000591676796,-0.000164470189
0.8816326530612244,1.0857142857142856,0.000592278911,-0.000164548415
0.8816326530612244,1.0775510204081633,0.000593032347,-0.000164823298
0.8816326530612244,1.0693877551020408,0.000592496451,-0.000164352432
0.8816326530612244,1.0612244897959184,0.000592106604,-0.000163999547
0.8816326530612244,1.0530612244897959,0.000592164006,-0.000162886525
0.8816326530612244,1.0448979591836736,0.000592720029,-0.000162736526
0.8816326530612244,1.036734693877551,0.000593650371,-0.000163518147
0.8816326530612244,1.0285714285714285,0.000591793327,-0.000163855972
0.8816326530612244,1.0204081632653061,0.000592547242,-0.000164343826
0.8816326530612244,1.0122448979591836,0.000592280924,-0.000164541543
0.8816326530612244,1.0040816326530613,0.000592600333,-0.000164688972
0.8816326530612244,0.9959183673469387,0.000591353169,-0.000164494273
0.8816326530612244,0.9877551020408163,0.00059315233,-0.000163947749
0.8816326530612244,0.9795918367346939,0.000593258224,-0.000164228413
0.8816326530612244,0.9714285714285714,0.000593182421,-0.000165004671
0.8816326530612244,0.963265306122449,0.000592059839,-0.000163878771
0.8816326530612244,0.9551020408163265,0.000591907272,-0.000164226486
0.8816326530612244,0.9469387755102041,0.000592641253,-0.000163070273
0.8816326530612244,0.9387755102040816,0.000591872103,-0.000163135815
0.8816326530612244,0.9306122448979592,0.000591384219,-0.000162813019
0.8816326530612244,0.9224489795918367,0.00059194666,-0.000163938501
0.8816326530612244,0.9142857142857143,0.000590969932,-0.000164125043
0.8816326530612244,0.9061224489795918,0.000592744562,-0.000163494287
0.8816326530612244,0.8979591836734694,0.000591492892,-0.000164384448
0.8816326530612244,0.889795918367347,0.000592641733,-0.000164895937
0.8816326530612244,0.8816326530612244,0.000592203394,-0.000163061025
0.8816326530612244,0.8734693877551021,0.000593032827,-0.000164768065
0.8816326530612244,0.8653061224489795,0.000592337273,-0.000164501145
0.8816326530612244,0.8571428571428572,0.000593068189,-0.000164873362
0.8816326530612244,0.8489795918367347,0.000592582891,-0.000164607309
0.8816326530612244,0.8408163265306122,0.000591602332,-0.000164224977
0.8816326530612244,0.8326530612244898,0.000591393896,-0.000163210829
0.8816326530612244,0.8244897959183674,0.000592006555,-0.000163590561
0.8816326530612244,0.8163265306122449,0.000590613149,-0.00016383407
0.8816326530612244,0.8081632653061225,0.00059149088,-0.000163681696
0.8816326530612244,0.8,0.00059171877,-0.000163517505
0.8734693877551021,1.2,0.00059179534,-0.000163560054
0.8734693877551021,1.1918367346938774,0.00059158815,-0.000165797049
0.8734693877551021,1.183673469387755,0.000590657615,-0.000164662319
0.8734693877551021,1.1755102040816325,0.00059083778,-0.000164856824
0.8734693877551021,1.1673469387755102,0.000591037112,-0.000164356286
0.8734693877551021,1.1591836734693877,0.000590655889,-0.000164440324
0.8734693877551021,1.1510204081632653,0.000591818819,-0.000164215311
0.8734693877551021,1.1428571428571428,0.000591483788,-0.000164491897
0.8734693877551021,1.1346938775510205,0.00059213037,-0.000164207797
0.8734693877551021,1.126530612244898,0.000591927972,-0.000163907351
0.8734693877551021,1.1183673469387754,0.000591465867,-0.00016418307
0.8734693877551021,1.110204081632653,0.000590977217,-0.000164575711
0.8734693877551021,1.1020408163265305,0.000591883986,-0.000164649859
0.8734693877551021,1.0938775510204082,0.000593028321,-0.000164710455
0.8734693877551021,1.0857142857142856,0.000592390077,-0.000165199594
0.8734693877551021,1.0775510204081633,0.000592189212,-0.0001639701
0.8734693877551021,1.0693877551020408,0.00059250153,-0.00016501241
0.8734693877551021,1.0612244897959184,0.000591959309,-0.000164932899
0.8734693877551021,1.0530612244897959,0.000591908805,-0.000163489342
0.8734693877551021,1.0448979591836736,0.000591572528,-0.000163864578
0.8734693877551021,1.036734693877551,0.000591765535,-0.000164533804
0.8734693877551021,1.0285714285714285,0.00059146836,-0.000164545621
0.8734693877551021,1.0204081632653061,0.000591917622,-0.000163768304
0.8734693877551021,1.0122448979591836,0.000591812014,-0.000163609475
0.8734693877551021,1.0040816326530613,0.00059110985,-0.000163988147
0.8734693877551021,0.9959183673469387,0.000591415363,-0.000163699744
0.8734693877551021,0.9877551020408163,0.000592128071,-0.000164712607
0.8734693877551021,0.9795918367346939,0.000592528555,-0.00016417578
0.8734693877551021,0.9714285714285714,0.000590845064,-0.000164324269
0.8734693877551021,0.963265306122449,0.000591572241,-0.000164238528
0.8734693877551021,0.9551020408163265,0.000591551254,-0.000164231432
0.8734693877551021,0.9469387755102041,0.000590065084,-0.000164933317
0.8734693877551021,0.9387755102040816,0.000589876868,-0.000165317576
0.8734693877551021,0.9306122448979592,0.000590358713,-0.000164557021
0.8734693877551021,0.9224489795918367,0.00059019647,-0.000164013291
0.8734693877551021,0.9142857142857143,0.000590809222,-0.0001642656
0.8734693877551021,0.9061224489795918,0.000591268548,-0.000164420767
0.8734693877551021,0.8979591836734694,0.000590636915,-0.000165001877
0.8734693877551021,0.889795918367347,0.000591640954,-0.000163829543
0.8734693877551021,0.8816326530612244,0.000591566683,-0.000165300171
0.8734693877551021,0.8734693877551021,0.000592197836,-0.000163983202
0.8734693877551021,0.8653061224489795,0.000591984322,-0.00016418201
0.8734693877551021,0.8571428571428572,0.000592247094,-0.000163356749
0.8734693877551021,0.8489795918367347,0.000591563617,-0.000164285156
0.8734693877551021,0.8408163265306122,0.000591827923,-0.000165140282
0.8734693877551021,0.8326530612244898,0.000592392376,-0.000164918288
0.8734693877551021,0.8244897959183674,0.000591592462,-0.000166199131
0.8734693877551021,0.8163265306122449,0.000591510814,-0.000164623205
0.8734693877551021,0.8081632653061225,0.00059140348,-0.000166366758
0.8734693877551021,0.8,0.000591953751,-0.000165292656
0.8653061224489795,1.2,0.000594642527,-0.000164500503
0.8653061224489795,1.1918367346938774,0.000595420208,-0.000164431943
0.8653061224489795,1.183673469387755,0.000594111423,-0.000164263448
0.8653061224489795,1.1755102040816325,0.000595443208,-0.000163635486
0.8653061224489795,1.1673469387755102,0.000594532607,-0.000163955906
0.8653061224489795,1.1591836734693877,0.000593186253,-0.00016376185
0.8653061224489795,1.1510204081632653,0.000594295899,-0.000164218105
0.8653061224489795,1.1428571428571428,0.000593478063,-0.00016483274
0.8653061224489795,1.1346938775510205,0.000593787795,-0.000164451499
0.8653061224489795,1.126530612244898,0.000594611476,-0.000164118171
0.8653061224489795,1.1183673469387754,0.000593842132,-0.000164325136
0.8653061224489795,1.110204081632653,0.000595142293,-0.000163917884
0.8653061224489795,1.1020408163265305,0.000594133176,-0.000164066373
0.8653061224489795,1.0938775510204082,0.000595236784,-0.000163672448
0.8653061224489795,1.0857142857142856,0.000595440909,-0.000164126777
0.8653061224489795,1.0775510204081633,0.000594617994,-0.000164354359
0.8653061224489795,1.0693877551020408,0.000594632943,-0.000163813423
0.8653061224489795,1.0612244897959184,0.000594973532,-0.000163550163
0.8653061224489795,1.0530612244897959,0.000594464661,-0.000164867132
0.8653061224489795,1.0448979591836736,0.000594168252,-0.000164568614
0.8653061224489795,1.036734693877551,0.000593766042,-0.000165040572
0.8653061224489795,1.0285714285714285,0.000594483349,-0.000165344229
0.8653061224489795,1.0204081632653061,0.00059509936,-0.000164589904
0.8653061224489795,1.0122448979591836,0.000593803704,-0.00016522066
0.8653061224489795,1.0040816326530613,0.000594628151,-0.000165363368
0.8653061224489795,0.9959183673469387,0.000595196343,-0.000164822432
0.8653061224489795,0.9877551020408163,0.000593943428,-0.000164145242
0.8653061224489795,0.9795918367346939,0.000594728967,-0.000164325554
0.8653061224489795,0.9714285714285714,0.000594163267,-0.000164886689
0.8653061224489795,0.963265306122449,0.000593952051,-0.000165215715
0.8653061224489795,0.9551020408163265,0.00059426073,-0.000164723782
0.8653061224489795,0.9469387755102041,0.000593517451,-0.000165194007
0.8653061224489795,0.9387755102040816,0.000594270121,-0.000164201342
0.8653061224489795,0.9306122448979592,0.000594688239,-0.000165040348
0.8653061224489795,0.9224489795918367,0.000595361846,-0.000164732388
0.8653061224489795,0.9142857142857143,0.000593650371,-0.000164839837
0.8653061224489795,0.9061224489795918,0.000594343625,-0.000163854045
0.8653061224489795,0.8979591836734694,0.000593480556,-0.000164781167
0.8653061224489795,0.889795918367347,0.00059417611,-0.000164478152
0.8653061224489795,0.8816326530612244,0.000593820665,-0.000165298019
0.8653061224489795,0.8734693877551021,0.000591850443,-0.000164911833
0.8653061224489795,0.8653061224489795,0.000593618747,-0.000164436021
0.8653061224489795,0.8571428571428572,0.000592805703,-0.000163829125
0.8653061224489795,0.8489795918367347,0.000594456324,-0.000164044023
0.8653061224489795,0.8408163265306122,0.0005938383,-0.000164590322
0.8653061224489795,0.8326530612244898,0.00059317485,-0.000164476643
0.8653061224489795,0.8244897959183674,0.00059500027,-0.000164774713
0.8653061224489795,0.8163265306122449,0.000593490906,-0.000164158793
0.8653061224489795,0.8081632653061225,0.000594632176,-0.000163566508
0.8653061224489795,0.8,0.000593942661,-0.000164665979
0.8571428571428572,1.2,0.000591341286,-0.000164441609
0.8571428571428572,1.1918367346938774,0.000591954517,-0.000165887092
0.8571428571428572,1.183673469387755,0.000590969646,-0.000164338881
0.8571428571428572,1.1755102040816325,0.000591039125,-0.000164134709
0.8571428571428572,1.1673469387755102,0.000592564684,-0.000164329857
0.8571428571428572,1.1591836734693877,0.000592171291,-0.000162460583
0.8571428571428572,1.1510204081632653,0.000592147811,-0.000163348368
0.8571428571428572,1.1428571428571428,0.000592214224,-0.000164283229
0.8571428571428572,1.1346938775510205,0.000592389597,-0.000163661915
0.8571428571428572,1.126530612244898,0.000592925493,-0.000163379742
0.8571428571428572,1.1183673469387754,0.000593492919,-0.000163446151
0.8571428571428572,1.110204081632653,0.00059235874,-0.000163923247
0.8571428571428572,1.1020408163265305,0.000592258977,-0.000164369837
0.8571428571428572,1.0938775510204082,0.000590777885,-0.000163980632
0.8571428571428572,1.0857142857142856,0.000590610849,-0.000163785067
0.8571428571428572,1.0775510204081633,0.000592110916,-0.000163076503
0.8571428571428572,1.0693877551020408,0.000591348377,-0.000163224574
0.8571428571428572,1.0612244897959184,0.000590424647,-0.000162911026
0.8571428571428572,1.0530612244897959,0.00059183674,-0.000163035463
0.8571428571428572,1.0448979591836736,0.000591095954,-0.00016279282
0.8571428571428572,1.036734693877551,0.000591572241,-0.000163024287
0.8571428571428572,1.0285714285714285,0.000590057799,-0.000163258966
0.8571428571428572,1.0204081632653061,0.000591506022,-0.000163793448
0.8571428571428572,1.0122448979591836,0.000591525476,-0.000163137324
0.8571428571428572,1.0040816326530613,0.000592019684,-0.000163693289
0.8571428571428572,0.9959183673469387,0.00059109902,-0.000164302786
0.8571428571428572,0.9877551020408163,0.000591665199,-0.000163019342
0.8571428571428572,0.9795918367346939,0.000591723082,-0.0001628977
0.8571428571428572,0.9714285714285714,0.000591574254,-0.000162851072
0.8571428571428572,0.963265306122449,0.000590506775,-0.000163051583
0.8571428571428572,0.9551020408163265,0.000591882259,-0.000164492539
0.8571428571428572,0.9469387755102041,0.000590883972,-0.000163918944
0.8571428571428572,0.9387755102040816,0.000590672277,-0.000164130213
0.8571428571428572,0.9306122448979592,0.000590665666,-0.000164649859
0.8571428571428572,0.9224489795918367,0.000591183927,-0.000162837745
0.8571428571428572,0.9142857142857143,0.000591367351,-0.000164062295
0.8571428571428572,0.9061224489795918,0.000593280171,-0.000164215311
0.8571428571428572,0.8979591836734694,0.000593050748,-0.000163293359
0.8571428571428572,0.889795918367347,0.000591858014,-0.00016226672
0.8571428571428572,0.8816326530612244,0.000591311481,-0.000162404483
0.8571428571428572,0.8734693877551021,0.000592167745,-0.000163177079
0.8571428571428572,0.8653061224489795,0.000592102292,-0.000162874065
0.8571428571428572,0.8571428571428572,0.000591837027,-0.000163346441
0.8571428571428572,0.8489795918367347,0.000592796886,-0.00016275801
0.8571428571428572,0.8408163265306122,0.000591384026,-0.000163797527
0.8571428571428572,0.8326530612244898,0.000591369077,-0.000163117125
0.8571428571428572,0.8244897959183674,0.000591666252,-0.000162732224
0.8571428571428572,0.8163265306122449,0.000591557579,-0.000162988835
0.8571428571428572,0.8081632653061225,0.000592240483,-0.000163165262
0.8571428571428572,0.8,0.000591363519,-0.000162511514
0.8489795918367347,1.2,0.000589574421,-0.000164851654
0.8489795918367347,1.1918367346938774,0.000590835194,-0.000165996917
0.8489795918367347,1.183673469387755,0.00059035948,-0.000166070198
0.8489795918367347,1.1755102040816325,0.000589833454,-0.000164630944
0.8489795918367347,1.1673469387755102,0.000589925166,-0.000165344872
0.8489795918367347,1.1591836734693877,0.000590401167,-0.00016563199
0.8489795918367347,1.1510204081632653,0.000590093162,-0.00016568809
0.8489795918367347,1.1428571428571428,0.000590789481,-0.000165685715
0.8489795918367347,1.1346938775510205,0.000589884725,-0.000166382685
0.8489795918367347,1.126530612244898,0.00059018516,-0.00016575922
0.8489795918367347,1.1183673469387754,0.000590841039,-0.000166562131
0.8489795918367347,1.110204081632653,0.000589623965,-0.000166394696
0.8489795918367347,1.1020408163265305,0.000590170498,-0.000166351729
0.8489795918367347,1.0938775510204082,0.000589888751,-0.000166725873
0.8489795918367347,1.0857142857142856,0.00059017251,-0.000165743742
0.8489795918367347,1.0775510204081633,0.000590086357,-0.000165167578
0.8489795918367347,1.0693877551020408,0.000589160614,-0.000166251153
0.8489795918367347,1.0612244897959184,0.000588558785,-0.000164578087
0.8489795918367347,1.0530612244897959,0.000589582565,-0.000165923412
0.8489795918367347,1.0448979591836736,0.000588502436,-0.000165055826
0.8489795918367347,1.036734693877551,0.000589531774,-0.000165872481
0.8489795918367347,1.0285714285714285,0.000589688172,-0.000165292656
0.8489795918367347,1.0204081632653061,0.000589849076,-0.000165439218
0.8489795918367347,1.0122448979591836,0.000589895842,-0.000165920618
0.8489795918367347,1.0040816326530613,0.000589932451,-0.000166369359
0.8489795918367347,0.9959183673469387,0.000590847077,-0.000165869045
0.8489795918367347,0.9877551020408163,0.000590268728,-0.000165594611
0.8489795918367347,0.9795918367346939,0.000588547669,-0.000165635426
0.8489795918367347,0.9714285714285714,0.000589845051,-0.000166267273
0.8489795918367347,0.963265306122449,0.000589854155,-0.000165738379
0.8489795918367347,0.9551020408163265,0.000590391583,-0.000165684012
0.8489795918367347,0.9469387755102041,0.000590095174,-0.000165409996
0.8489795918367347,0.9387755102040816,0.000588649251,-0.000167027828
0.8489795918367347,0.9306122448979592,0.000589853675,-0.000166581687
0.8489795918367347,0.9224489795918367,0.000589997424,-0.000165881505
0.8489795918367347,0.9142857142857143,0.000590501696,-0.000165405693
0.8489795918367347,0.9061224489795918,0.000589917595,-0.000166109311
0.8489795918367347,0.8979591836734694,0.000590629824,-0.000165276536
0.8489795918367347,0.889795918367347,0.000589224534,-0.000166746939
0.8489795918367347,0.8816326530612244,0.000589193484,-0.000165948974
0.8489795918367347,0.8734693877551021,0.000589431724,-0.000165166711
0.8489795918367347,0.8653061224489795,0.000589530241,-0.000165900419
0.8489795918367347,0.8571428571428572,0.000588851362,-0.000166079222
0.8489795918367347,0.8489795918367347,0.000589519891,-0.000164998216
0.8489795918367347,0.8408163265306122,0.000589269767,-0.000165815738
0.8489795918367347,0.8326530612244898,0.000591125278,-0.00016591137
0.8489795918367347,0.8244897959183674,0.000588407945,-0.000165034536
0.8489795918367347,0.8163265306122449,0.000589345284,-0.00016718428
0.8489795918367347,0.8081632653061225,0.000589219456,-0.00016639126
0.8489795918367347,0.8,0.000588765975,-0.000166109087
0.8408163265306122,1.2,0.000590237677,-0.000165112986
0.8408163265306122,1.1918367346938774,0.000589172211,-0.000164541543
0.8408163265306122,1.183673469387755,0.000590154303,-0.000165355404
0.8408163265306122,1.1755102040816325,0.000589288168,-0.000164781167
0.8408163265306122,1.1673469387755102,0.00058939205,-0.000164629435
0.8408163265306122,1.1591836734693877,0.000590809702,-0.000165966185
0.8408163265306122,1.1510204081632653,0.000590521917,-0.000165555691
0.8408163265306122,1.1428571428571428,0.000589984008,-0.000163800963
0.8408163265306122,1.1346938775510205,0.000591063371,-0.000165271366
0.8408163265306122,1.126530612244898,0.000590385738,-0.000165325315
0.8408163265306122,1.1183673469387754,0.000589950945,-0.000164886047
0.8408163265306122,1.110204081632653,0.00059011894,-0.000164460523
0.8408163265306122,1.1020408163265305,0.000591517138,-0.000164771501
0.8408163265306122,1.0938775510204082,0.000590398388,-0.000165921036
0.8408163265306122,1.0857142857142856,0.000591930751,-0.000165514651
0.8408163265306122,1.0775510204081633,0.000591684174,-0.000164626866
0.8408163265306122,1.0693877551020408,0.000590323637,-0.000164563027
0.8408163265306122,1.0612244897959184,0.000591672577,-0.000164905828
0.8408163265306122,1.0530612244897959,0.00059152193,-0.000164529083
0.8408163265306122,1.0448979591836736,0.000590319325,-0.000163941937
0.8408163265306122,1.036734693877551,0.000591056566,-0.000164817711
0.8408163265306122,1.0285714285714285,0.000589833648,-0.000165462435
0.8408163265306122,1.0204081632653061,0.00059108637,-0.00016404489
0.8408163265306122,1.0122448979591836,0.000590550475,-0.000165344229
0.8408163265306122,1.0040816326530613,0.000590322584,-0.000165085691
0.8408163265306122,0.9959183673469387,0.000589419555,-0.000165478974
0.8408163265306122,0.9877551020408163,0.000589829909,-0.000166327227
0.8408163265306122,0.9795918367346939,0.000591070748,-0.000166470578
0.8408163265306122,0.9714285714285714,0.000591275352,-0.000164821789
0.8408163265306122,0.963265306122449,0.000591202615,-0.00016658705
0.8408163265306122,0.9551020408163265,0.000591677082,-0.000167026319
0.8408163265306122,0.9469387755102041,0.00059132643,-0.000165841749
0.8408163265306122,0.9387755102040816,0.00059194666,-0.000165822193
0.8408163265306122,0.9306122448979592,0.000592088396,-0.000166074501
0.8408163265306122,0.9224489795918367,0.000591255132,-0.000166881041
0.8408163265306122,0.9142857142857143,0.000590652343,-0.000165471877
0.8408163265306122,0.9061224489795918,0.000590941855,-0.000165593101
0.8408163265306122,0.8979591836734694,0.000591908232,-0.000165139415
0.8408163265306122,0.889795918367347,0.000591046696,-0.000165186267
0.8408163265306122,0.8816326530612244,0.000590695277,-0.000164157926
0.8408163265306122,0.8734693877551021,0.000592015659,-0.000165364653
0.8408163265306122,0.8653061224489795,0.000590304377,-0.000165164559
0.8408163265306122,0.8571428571428572,0.000590159095,-0.000164824359
0.8408163265306122,0.8489795918367347,0.000590334467,-0.000165273742
0.8408163265306122,0.8408163265306122,0.000590126031,-0.000165713235
0.8408163265306122,0.8326530612244898,0.000591626771,-0.000165970906
0.8408163265306122,0.8244897959183674,0.000591495191,-0.000164691123
0.8408163265306122,0.8163265306122449,0.000591049955,-0.000165562788
0.8408163265306122,0.8081632653061225,0.000591213445,-0.000165302098
0.8408163265306122,0.8,0.000590588136,-0.000166375364
0.8326530612244898,1.2,0.00059163185,-0.000165544965
0.8326530612244898,1.1918367346938774,0.00059202093,-0.000166317979
0.8326530612244898,1.183673469387755,0.000593286016,-0.000166562549
0.8326530612244898,1.1755102040816325,0.00059246818,-0.000166818935
0.8326530612244898,1.1673469387755102,0.000592296833,-0.000167486459
0.8326530612244898,1.1591836734693877,0.000592260224,-0.000166633036
0.8326530612244898,1.1510204081632653,0.000593337287,-0.000167491822
0.8326530612244898,1.1428571428571428,0.000591996685,-0.000167642687
0.8326530612244898,1.1346938775510205,0.000592757211,-0.000167111224
0.8326530612244898,1.126530612244898,0.000591085604,-0.000167356435
0.8326530612244898,1.1183673469387754,0.000591640474,-0.000167065014
0.8326530612244898,1.110204081632653,0.000591733432,-0.000168140625
0.8326530612244898,1.1020408163265305,0.000592027255,-0.000167113151
0.8326530612244898,1.0938775510204082,0.000591057812,-0.000167577788
0.8326530612244898,1.0857142857142856,0.000590484255,-0.000168351894
0.8326530612244898,1.0775510204081633,0.000590445633,-0.000167607877
0.8326530612244898,1.0693877551020408,0.000590372609,-0.000167611313
0.8326530612244898,1.0612244897959184,0.000589718743,-0.000167754439
0.8326530612244898,1.0530612244897959,0.000589979696,-0.000167266167
0.8326530612244898,1.0448979591836736,0.00059176199,-0.000167891335
0.8326530612244898,1.036734693877551,0.000592229653,-0.000166736631
0.8326530612244898,1.0285714285714285,0.000592160174,-0.000166105008
0.8326530612244898,1.0204081632653061,0.000591539658,-0.000166678603
0.8326530612244898,1.0122448979591836,0.0005915778,-0.000167908322
0.8326530612244898,1.0040816326530613,0.000591856961,-0.000166702014
0.8326530612244898,0.9959183673469387,0.000592018438,-0.000166076428
0.8326530612244898,0.9877551020408163,0.000592444414,-0.000166567494
0.8326530612244898,0.9795918367346939,0.000591854948,-0.000166428222
0.8326530612244898,0.9714285714285714,0.000591308702,-0.000166278642
0.8326530612244898,0.963265306122449,0.000591663187,-0.00016623439
0.8326530612244898,0.9551020408163265,0.000592159694,-0.0001666743
0.8326530612244898,0.9469387755102041,0.000591612396,-0.000168086483
0.8326530612244898,0.9387755102040816,0.000592482076,-0.000167279494
0.8326530612244898,0.9306122448979592,0.000591949439,-0.000166458311
0.8326530612244898,0.9224489795918367,0.000592023516,-0.000168189629
0.8326530612244898,0.9142857142857143,0.000590062111,-0.00016693499
0.8326530612244898,0.9061224489795918,0.00059044688,-0.000167633021
0.8326530612244898,0.8979591836734694,0.000591275352,-0.000167971937
0.8326530612244898,0.889795918367347,0.00059206693,-0.000168535417
0.8326530612244898,0.8816326530612244,0.000591535059,-0.00016871422
0.8326530612244898,0.8734693877551021,0.000593177629,-0.000168170297
0.8326530612244898,0.8653061224489795,0.000592663487,-0.000167951514
0.8326530612244898,0.8571428571428572,0.000592609916,-0.00016791391
0.8326530612244898,0.8489795918367347,0.000591876415,-0.000167385016
0.8326530612244898,0.8408163265306122,0.000591863572,-0.000167616034
0.8326530612244898,0.8326530612244898,0.000592630617,-0.000168093998
0.8326530612244898,0.8244897959183674,0.00059218442,-0.000167611956
0.8326530612244898,0.8163265306122449,0.000593014906,-0.000167234569
0.8326530612244898,0.8081632653061225,0.000592177616,-0.000167973222
0.8326530612244898,0.8,0.000592845378,-0.000168864443
0.8244897959183674,1.2,0.000595452312,-0.000165986384
0.8244897959183674,1.1918367346938774,0.000595429792,-0.000166197846
0.8244897959183674,1.183673469387755,0.000594800458,-0.000165912461
0.8244897959183674,1.1755102040816325,0.000595059399,-0.000165474028
0.8244897959183674,1.1673469387755102,0.000594414636,-0.000167289802
0.8244897959183674,1.1591836734693877,0.000594592022,-0.000166400926
0.8244897959183674,1.1510204081632653,0.000595085178,-0.000165873766
0.8244897959183674,1.1428571428571428,0.000593911611,-0.000165977361
0.8244897959183674,1.1346938775510205,0.000594392403,-0.000165800485
0.8244897959183674,1.126530612244898,0.000594416936,-0.000165464362
0.8244897959183674,1.1183673469387754,0.000593900208,-0.000165258264
0.8244897959183674,1.110204081632653,0.000594642813,-0.000165201746
0.8244897959183674,1.1020408163265305,0.000593420661,-0.000164250988
0.8244897959183674,1.0938775510204082,0.000594074048,-0.00016548758
0.8244897959183674,1.0857142857142856,0.00059346666,-0.000165192497
0.8244897959183674,1.0775510204081633,0.000593154629,-0.000166533102
0.8244897959183674,1.0693877551020408,0.000593421428,-0.000165949198
0.8244897959183674,1.0612244897959184,0.000593886312,-0.000165360992
0.8244897959183674,1.0530612244897959,0.000594220576,-0.000165785231
0.8244897959183674,1.0448979591836736,0.000594197096,-0.00016543514
0.8244897959183674,1.036734693877551,0.000594061685,-0.000165474895
0.8244897959183674,1.0285714285714285,0.000595227201,-0.000165562788
0.8244897959183674,1.0204081632653061,0.000594843678,-0.000164974581
0.8244897959183674,1.0122448979591836,0.000592592475,-0.000165991972
0.8244897959183674,1.0040816326530613,0.000593734225,-0.000165244937
0.8244897959183674,0.9959183673469387,0.000595286809,-0.00016719674
0.8244897959183674,0.9877551020408163,0.000595243875,-0.000165761372
0.8244897959183674,0.9795918367346939,0.000594301938,-0.000166147333
0.8244897959183674,0.9714285714285714,0.000594700602,-0.000165726337
0.8244897959183674,0.963265306122449,0.00059542404,-0.000165610089
0.8244897959183674,0.9551020408163265,0.000595226914,-0.00016544137
0.8244897959183674,0.9469387755102041,0.000595146319,-0.000166002505
0.8244897959183674,0.9387755102040816,0.000595781497,-0.000166302726
0.8244897959183674,0.9306122448979592,0.00059553262,-0.000165444163
0.8244897959183674,0.9224489795918367,0.000594348417,-0.000166856764
0.8244897959183674,0.9142857142857143,0.000595352262,-0.000166786919
0.8244897959183674,0.9061224489795918,0.000595023076,-0.000166233299
0.8244897959183674,0.8979591836734694,0.000594712005,-0.000165546892
0.8244897959183674,0.889795918367347,0.0005931645,-0.000165362919
0.8244897959183674,0.8816326530612244,0.000594603139,-0.000165325539
0.8244897959183674,0.8734693877551021,0.000595155423,-0.000165791461
0.8244897959183674,0.8653061224489795,0.000595265822,-0.000167338806
0.8244897959183674,0.8571428571428572,0.000595457583,-0.000165678842
0.8244897959183674,0.8489795918367347,0.000595396442,-0.000166165412
0.8244897959183674,0.8408163265306122,0.000596440156,-0.000166690003
0.8244897959183674,0.8326530612244898,0.00059469715,-0.000167264658
0.8244897959183674,0.8244897959183674,0.000594397195,-0.000166855255
0.8244897959183674,0.8163265306122449,0.000595676656,-0.000166964213
0.8244897959183674,0.8081632653061225,0.000595305783,-0.000165685072
0.8244897959183674,0.8,0.000594178409,-0.000165644674
0.8163265306122449,1.2,0.000596993779,-0.000165775341
0.8163265306122449,1.1918367346938774,0.000596560712,-0.000167036209
0.8163265306122449,1.183673469387755,0.000596424247,-0.00016553228
0.8163265306122449,1.1755102040816325,0.000596063244,-0.000166263612
0.8163265306122449,1.1673469387755102,0.000594683927,-0.000166143479
0.8163265306122449,1.1591836734693877,0.000595512206,-0.00016622816
0.8163265306122449,1.1510204081632653,0.000595773926,-0.000166841286
0.8163265306122449,1.1428571428571428,0.000595374495,-0.000166145631
0.8163265306122449,1.1346938775510205,0.000595737031,-0.000166771023
0.8163265306122449,1.126530612244898,0.000595533673,-0.000166818293
0.8163265306122449,1.1183673469387754,0.000595680682,-0.000166080731
0.8163265306122449,1.110204081632653,0.000595188006,-0.000166757054
0.8163265306122449,1.1020408163265305,0.000595774213,-0.000165473386
0.8163265306122449,1.0938775510204082,0.000596435364,-0.000166010019
0.8163265306122449,1.0857142857142856,0.000595237071,-0.00016636162
0.8163265306122449,1.0775510204081633,0.000595516518,-0.000166538689
0.8163265306122449,1.0693877551020408,0.000594721589,-0.000167061129
0.8163265306122449,1.0612244897959184,0.00059449092,-0.000166040751
0.8163265306122449,1.0530612244897959,0.000595195097,-0.000166077713
0.8163265306122449,1.0448979591836736,0.000596020024,-0.000165910085
0.8163265306122449,1.036734693877551,0.000596637761,-0.000166884284
0.8163265306122449,1.0285714285714285,0.000596316147,-0.000165719047
0.8163265306122449,1.0204081632653061,0.00059566228,-0.00016621053
0.8163265306122449,1.0122448979591836,0.000595894196,-0.000167261222
0.8163265306122449,1.0040816326530613,0.00059559884,-0.000167302262
0.8163265306122449,0.9959183673469387,0.000595931091,-0.000167475702
0.8163265306122449,0.9877551020408163,0.000596236031,-0.000166802815
0.8163265306122449,0.9795918367346939,0.000597123919,-0.000167301202
0.8163265306122449,0.9714285714285714,0.000596373262,-0.000168170715
0.8163265306122449,0.963265306122449,0.000596774706,-0.000166395563
0.8163265306122449,0.9551020408163265,0.000596248394,-0.000167465394
0.8163265306122449,0.9469387755102041,0.000597226461,-0.000167150113
0.8163265306122449,0.9387755102040816,0.000596374509,-0.000166492928
0.8163265306122449,0.9306122448979592,0.000596016479,-0.000166621861
0.8163265306122449,0.9224489795918367,0.000595165579,-0.000166329379
0.8163265306122449,0.9142857142857143,0.000594781004,-0.000166134873
0.8163265306122449,0.9061224489795918,0.000595054413,-0.000166281018
0.8163265306122449,0.8979591836734694,0.000595555906,-0.000165967246
0.8163265306122449,0.889795918367347,0.000594967493,-0.000167401554
0.8163265306122449,0.8816326530612244,0.000595203435,-0.000166192901
0.8163265306122449,0.8734693877551021,0.00059469811,-0.000166148424
0.8163265306122449,0.8653061224489795,0.000595957637,-0.00016571301
0.8163265306122449,0.8571428571428572,0.000595988687,-0.000166574366
0.8163265306122449,0.8489795918367347,0.000596008141,-0.000166677961
0.8163265306122449,0.8408163265306122,0.000594726954,-0.000165521972
0.8163265306122449,0.8326530612244898,0.00059423955,-0.000166289399
0.8163265306122449,0.8244897959183674,0.000595325717,-0.000166362038
0.8163265306122449,0.8163265306122449,0.000595030841,-0.000166244474
0.8163265306122449,0.8081632653061225,0.000594920441,-0.000166654326
0.8163265306122449,0.8,0.000595474545,-0.000166148424
0.8081632653061225,1.2,0.000595199123,-0.000168483844
0.8081632653061225,1.1918367346938774,0.000594775926,-0.000166957983
0.8081632653061225,1.183673469387755,0.000594844924,-0.000167582091
0.8081632653061225,1.1755102040816325,0.000594803524,-0.000167694485
0.8081632653061225,1.1673469387755102,0.00059465115,-0.000166339045
0.8081632653061225,1.1591836734693877,0.000595592515,-0.000166848383
0.8081632653061225,1.1510204081632653,0.000594218563,-0.000167173105
0.8081632653061225,1.1428571428571428,0.000594798445,-0.000168755709
0.8081632653061225,1.1346938775510205,0.000595533387,-0.000168596656
0.8081632653061225,1.126530612244898,0.000596011207,-0.000168718523
0.8081632653061225,1.1183673469387754,0.000595272433,-0.000167710381
0.8081632653061225,1.110204081632653,0.000595549582,-0.000166687627
0.8081632653061225,1.1020408163265305,0.000595512686,-0.00016717956
0.8081632653061225,1.0938775510204082,0.000596169332,-0.000168242711
0.8081632653061225,1.0857142857142856,0.000595572581,-0.000168552822
0.8081632653061225,1.0775510204081633,0.000594999024,-0.000167662886
0.8081632653061225,1.0693877551020408,0.000594599593,-0.000167951514
0.8081632653061225,1.0612244897959184,0.000595693331,-0.000166217627
0.8081632653061225,1.0530612244897959,0.000594767108,-0.00016794249
0.8081632653061225,1.0448979591836736,0.000596403067,-0.000166852461
0.8081632653061225,1.036734693877551,0.000596886925,-0.000167818054
0.8081632653061225,1.0285714285714285,0.00059621811,-0.00016712455
0.8081632653061225,1.0204081632653061,0.000595148904,-0.000166979049
0.8081632653061225,1.0122448979591836,0.000595727161,-0.000166870091
0.8081632653061225,1.0040816326530613,0.000596602399,-0.00016678907
0.8081632653061225,0.9959183673469387,0.000596605465,-0.000166434034
0.8081632653061225,0.9877551020408163,0.000597168865,-0.00016605472
0.8081632653061225,0.9795918367346939,0.000596378534,-0.000167089291
0.8081632653061225,0.9714285714285714,0.000597284343,-0.000166509466
0.8081632653061225,0.963265306122449,0.000595921988,-0.000165221302
0.8081632653061225,0.9551020408163265,0.000597492299,-0.000166745012
0.8081632653061225,0.9469387755102041,0.000597464508,-0.000166723304
0.8081632653061225,0.9387755102040816,0.000597058946,-0.000167568764
0.8081632653061225,0.9306122448979592,0.000596724202,-0.000167416808
0.8081632653061225,0.9224489795918367,0.000596829043,-0.000167315813
0.8081632653061225,0.9142857142857143,0.000596678489,-0.000167651069
0.8081632653061225,0.9061224489795918,0.000596779498,-0.00016768331
0.8081632653061225,0.8979591836734694,0.000596682994,-0.000167962689
0.8081632653061225,0.889795918367347,0.000596677436,-0.000167396609
0.8081632653061225,0.8816326530612244,0.000596466987,-0.000167586811
0.8081632653061225,0.8734693877551021,0.000596716344,-0.000166630466
0.8081632653061225,0.8653061224489795,0.00059637221,-0.000166717074
0.8081632653061225,0.8571428571428572,0.000596510687,-0.000166097269
0.8081632653061225,0.8489795918367347,0.000596469766,-0.000166865145
0.8081632653061225,0.8408163265306122,0.000596531674,-0.00016727304
0.8081632653061225,0.8326530612244898,0.000596329276,-0.000168219076
0.8081632653061225,0.8244897959183674,0.000595582165,-0.000166942729
0.8081632653061225,0.8163265306122449,0.000596613036,-0.00016767191
0.8081632653061225,0.8081632653061225,0.000594475778,-0.00016786876
0.8081632653061225,0.8,0.000594824224,-0.000167436589
0.8,1.2,0.000594936636,-0.000167681383
0.8,1.1918367346938774,0.000594339313,-0.000167141731
0.8,1.183673469387755,0.000594602852,-0.000167997724
0.8,1.1755102040816325,0.000596126112,-0.000167031264
0.8,1.1673469387755102,0.000594709226,-0.000166499158
0.8,1.1591836734693877,0.000595539998,-0.000167685879
0.8,1.1510204081632653,0.00059496922,-0.000167639251
0.8,1.1428571428571428,0.000594927819,-0.000166654102
0.8,1.1346938775510205,0.00059617489,-0.000168189211
0.8,1.126530612244898,0.000595599606,-0.000167344394
0.8,1.1183673469387754,0.000594443961,-0.000167732731
0.8,1.110204081632653,0.00059507684,-0.000167449049
0.8,1.1020408163265305,0.000595014932,-0.000168613868
0.8,1.0938775510204082,0.000594428532,-0.000166944014
0.8,1.0857142857142856,0.000595055853,-0.000166858273
0.8,1.0775510204081633,0.000593909311,-0.000167579939
0.8,1.0693877551020408,0.00059254571,-0.000167023525
0.8,1.0612244897959184,0.000594736538,-0.000166994302
0.8,1.0530612244897959,0.000594668785,-0.000168411206
0.8,1.0448979591836736,0.00059508623,-0.000167039421
0.8,1.036734693877551,0.000595902534,-0.000167042664
0.8,1.0285714285714285,0.000594583684,-0.000165732149
0.8,1.0204081632653061,0.000595368937,-0.000166472087
0.8,1.0122448979591836,0.000594573814,-0.000166940578
0.8,1.0040816326530613,0.000594535386,-0.000166348069
0.8,0.9959183673469387,0.000593607437,-0.000167131198
0.8,0.9877551020408163,0.000594552061,-0.000168139116
0.8,0.9795918367346939,0.000594248367,-0.000165267512
0.8,0.9714285714285714,0.000593583385,-0.00016493505
0.8,0.963265306122449,0.000593391623,-0.000165583435
0.8,0.9551020408163265,0.000594667825,-0.000164744848
0.8,0.9469387755102041,0.000594944207,-0.000165675406
0.8,0.9387755102040816,0.000593878741,-0.000166774235
0.8,0.9306122448979592,0.000593111696,-0.000165941041
0.8,0.9224489795918367,0.000594416363,-0.000165406335
0.8,0.9142857142857143,0.000594153876,-0.000165497021
0.8,0.9061224489795918,0.000594259771,-0.000166417496
0.8,0.8979591836734694,0.00059190248,-0.000164552076
0.8,0.889795918367347,0.000594112189,-0.000164468262
0.8,0.8816326530612244,0.000594338833,-0.000165119441
0.8,0.8734693877551021,0.000593913337,-0.000165786291
0.8,0.8653061224489795,0.000594166526,-0.000166029994
0.8,0.8571428571428572,0.000594712292,-0.000166169266
0.8,0.8489795918367347,0.000593983102,-0.000165241277
0.8,0.8408163265306122,0.0005941855,-0.000165508421
0.8,0.8326530612244898,0.000594861313,-0.000164739485
0.8,0.8244897959183674,0.000593156929,-0.000164407441
0.8,0.8163265306122449,0.000593704901,-0.000165512724
0.8,0.8081632653061225,0.000594584931,-0.00016564962
0.8,0.8,0.000594170071,-0.000165295226
