spi_rack.module2.dac5.voltage,spi_rack.module1.dac5.voltage,agilent_left.volt,agilent_right.volt
1.2,1.2,0.000587566823,-0.000169378501
1.2,1.1918367346938774,0.000587688339,-0.000169359394
1.2,1.183673469387755,0.000589317013,-0.000170098465
1.2,1.1755102040816325,0.000589175276,-0.000169879682
1.2,1.1673469387755102,0.000589388504,-0.000169573425
1.2,1.1591836734693877,0.000589084811,-0.000168792447
1.2,1.1510204081632653,0.000589259417,-0.000171281525
1.2,1.1428571428571428,0.000587773246,-0.000170205047
1.2,1.1346938775510205,0.000587369503,-0.000169194978
1.2,1.126530612244898,0.000588665159,-0.000169219479
1.2,1.1183673469387754,0.000589167705,-0.000169656403
1.2,1.110204081632653,0.000588239663,-0.000169378726
1.2,1.1020408163265305,0.000588719496,-0.000170294448
1.2,1.0938775510204082,0.000588893529,-0.000169502071
1.2,1.0857142857142856,0.000588263143,-0.000168590651
1.2,1.0775510204081633,0.000588856154,-0.000168652757
1.2,1.0693877551020408,0.000587665912,-0.000168597748
1.2,1.0612244897959184,0.000587578992,-0.00016818812
1.2,1.0530612244897959,0.000587749,-0.000169661124
1.2,1.0448979591836736,0.000588912024,-0.00016823799
1.2,1.036734693877551,0.000587740949,-0.000168367147
1.2,1.0285714285714285,0.0005867947,-0.000168670162
1.2,1.0204081632653061,0.000586251713,-0.0001696407
1.2,1.0122448979591836,0.000584808569,-0.000169001563
1.2,1.0040816326530613,0.00058541241,-0.000170207841
1.2,0.9959183673469387,0.000585790947,-0.000168648678
1.2,0.9877551020408163,0.000585978396,-0.000170283273
1.2,0.9795918367346939,0.000584820452,-0.000169776087
1.2,0.9714285714285714,0.000584960942,-0.000169947375
1.2,0.963265306122449,0.000585282557,-0.000169291476
1.2,0.9551020408163265,0.000585432631,-0.000169620501
1.2,0.9469387755102041,0.000585986927,-0.000169812406
1.2,0.9387755102040816,0.000585642313,-0.000169483381
1.2,0.9306122448979592,0.000584937176,-0.000167959447
1.2,0.9224489795918367,0.000585855061,-0.000169002206
1.2,0.9142857142857143,0.000586134509,-0.000169433735
1.2,0.9061224489795918,0.000587700222,-0.000169494781
1.2,0.8979591836734694,0.000587127717,-0.000169608459
1.2,0.889795918367347,0.000586677495,-0.000169957042
1.2,0.8816326530612244,0.000587057472,-0.000170939397
1.2,0.8734693877551021,0.000586326556,-0.000170462301
1.2,0.8653061224489795,0.000587565577,-0.000169167682
1.2,0.8571428571428572,0.00058641271,-0.000169427505
1.2,0.8489795918367347,0.000588059498,-0.000170518401
1.2,0.8408163265306122,0.000586605238,-0.000170706003
1.2,0.8326530612244898,0.000586545343,-0.000169595133
1.2,0.8244897959183674,0.000585843465,-0.000169326286
1.2,0.8163265306122449,0.00058715225,-0.000168603335
1.2,0.8081632653061225,0.000587053927,-0.000169001339
1.2,0.8,0.000587111043,-0.000168963735
1.1918367346938774,1.2,0.000593416922,-0.000169608684
1.1918367346938774,1.1918367346938774,0.000592715524,-0.000170397819
1.1918367346938774,1.183673469387755,0.000593216537,-0.000170270171
1.1918367346938774,1.1755102040816325,0.000591893376,-0.000170344737
1.1918367346938774,1.1673469387755102,0.000591770327,-0.000169629525
1.1918367346938774,1.1591836734693877,0.000591186226,-0.000170666248
1.1918367346938774,1.1510204081632653,0.000590865285,-0.000170577489
1.1918367346938774,1.1428571428571428,0.000591343585,-0.000170297885
1.1918367346938774,1.1346938775510205,0.000591104578,-0.000170644764
1.1918367346938774,1.126530612244898,0.000590871609,-0.000170535806
1.1918367346938774,1.1183673469387754,0.000591168212,-0.000170131124
1.1918367346938774,1.110204081632653,0.000591611149,-0.000170999994
1.1918367346938774,1.1020408163265305,0.000592441348,-0.000170826779
1.1918367346938774,1.0938775510204082,0.000591655616,-0.000169357242
1.1918367346938774,1.0857142857142856,0.000590234418,-0.000170263941
1.1918367346938774,1.0775510204081633,0.000590813247,-0.000169541408
1.1918367346938774,1.0693877551020408,0.000590367817,-0.000170761879
1.1918367346938774,1.0612244897959184,0.000590725847,-0.000171298288
1.1918367346938774,1.0530612244897959,0.000590629344,-0.000170191302
1.1918367346938774,1.0448979591836736,0.000590610849,-0.000170168952
1.1918367346938774,1.036734693877551,0.000590458763,-0.000170779284
1.1918367346938774,1.0285714285714285,0.000592219303,-0.000169540124
1.1918367346938774,1.0204081632653061,0.000590399921,-0.000169464691
1.1918367346938774,1.0122448979591836,0.000591085124,-0.000169734629
1.1918367346938774,1.0040816326530613,0.000591804157,-0.000171195784
1.1918367346938774,0.9959183673469387,0.000592540151,-0.00017040514
1.1918367346938774,0.9877551020408163,0.000590948659,-0.000170509795
1.1918367346938774,0.9795918367346939,0.000591949439,-0.000170490881
1.1918367346938774,0.9714285714285714,0.000592069709,-0.000168648903
1.1918367346938774,0.963265306122449,0.000592111396,-0.000171099286
1.1918367346938774,0.9551020408163265,0.000591784223,-0.000170082987
1.1918367346938774,0.9469387755102041,0.000591223601,-0.000169732029
1.1918367346938774,0.9387755102040816,0.000592305936,-0.000170171104
1.1918367346938774,0.9306122448979592,0.000591172524,-0.000169758906
1.1918367346938774,0.9224489795918367,0.000591718003,-0.000167968501
1.1918367346938774,0.9142857142857143,0.000591532853,-0.000169975089
1.1918367346938774,0.9061224489795918,0.000592166979,-0.000169389034
1.1918367346938774,0.8979591836734694,0.000591781637,-0.000169280718
1.1918367346938774,0.889795918367347,0.000591958829,-0.000169522494
1.1918367346938774,0.8816326530612244,0.000592043164,-0.000169356375
1.1918367346938774,0.8734693877551021,0.000591890311,-0.000167954308
1.1918367346938774,0.8653061224489795,0.000592129124,-0.000169291058
1.1918367346938774,0.8571428571428572,0.000591464621,-0.000168811585
1.1918367346938774,0.8489795918367347,0.000591439322,-0.000169064312
1.1918367346938774,0.8408163265306122,0.000591077266,-0.000168921186
1.1918367346938774,0.8326530612244898,0.000591025995,-0.000168972759
1.1918367346938774,0.8244897959183674,0.000591473918,-0.000169528724
1.1918367346938774,0.8163265306122449,0.000591283976,-0.000169655954
1.1918367346938774,0.8081632653061225,0.000590796092,-0.000169772009
1.1918367346938774,0.8,0.000591881973,-0.000169105576
1.183673469387755,1.2,0.000590089136,-0.000169193051
1.183673469387755,1.1918367346938774,0.000590745015,-0.000170006045
1.183673469387755,1.183673469387755,0.000589442554,-0.000170136711
1.183673469387755,1.1755102040816325,0.000590545396,-0.000170639819
1.183673469387755,1.1673469387755102,0.000591054267,-0.000170578131
1.183673469387755,1.1591836734693877,0.000590482049,-0.000170925653
1.183673469387755,1.1510204081632653,0.000589791481,-0.000170304115
1.183673469387755,1.1428571428571428,0.000589259417,-0.000168476105
1.183673469387755,1.1346938775510205,0.000589987554,-0.000169594072
1.183673469387755,1.126530612244898,0.000590243522,-0.000169390543
1.183673469387755,1.1183673469387754,0.000590508787,-0.000170393098
1.183673469387755,1.110204081632653,0.000588949399,-0.000169702806
1.183673469387755,1.1020408163265305,0.000589507241,-0.000169378726
1.183673469387755,1.0938775510204082,0.000590234418,-0.000169193693
1.183673469387755,1.0857142857142856,0.000589541071,-0.000169340897
1.183673469387755,1.0775510204081633,0.000588458449,-0.000170884164
1.183673469387755,1.0693877551020408,0.000590399921,-0.000170178618
1.183673469387755,1.0612244897959184,0.000589189652,-0.000169990567
1.183673469387755,1.0530612244897959,0.000589203068,-0.000168380892
1.183673469387755,1.0448979591836736,0.000589213898,-0.000168946972
1.183673469387755,1.036734693877551,0.000590046202,-0.000168765151
1.183673469387755,1.0285714285714285,0.000590276872,-0.000168077653
1.183673469387755,1.0204081632653061,0.000590789001,-0.000168749897
1.183673469387755,1.0122448979591836,0.00059040318,-0.000168828124
1.183673469387755,1.0040816326530613,0.000589290754,-0.000167884463
1.183673469387755,0.9959183673469387,0.000590068149,-0.000168587215
1.183673469387755,0.9877551020408163,0.00058943527,-0.000169234958
1.183673469387755,0.9795918367346939,0.000590122772,-0.000168842959
1.183673469387755,0.9714285714285714,0.000589120653,-0.000169253005
1.183673469387755,0.963265306122449,0.000589400674,-0.000170419527
1.183673469387755,0.9551020408163265,0.000589041111,-0.000170051613
1.183673469387755,0.9469387755102041,0.000588840726,-0.000168745176
1.183673469387755,0.9387755102040816,0.000588659601,-0.000169047549
1.183673469387755,0.9306122448979592,0.000589587836,-0.00016996629
1.183673469387755,0.9224489795918367,0.000588837753,-0.00016887154
1.183673469387755,0.9142857142857143,0.000590463361,-0.000169601587
1.183673469387755,0.9061224489795918,0.000590047449,-0.000168876903
1.183673469387755,0.8979591836734694,0.00058895649,-0.000168088634
1.183673469387755,0.889795918367347,0.000589589369,-0.000168495662
1.183673469387755,0.8816326530612244,0.000588671198,-0.000168892381
1.183673469387755,0.8734693877551021,0.000588850596,-0.00016807701
1.183673469387755,0.8653061224489795,0.000589774326,-0.000170013784
1.183673469387755,0.8571428571428572,0.00058957624,-0.000168716372
1.183673469387755,0.8489795918367347,0.000589866804,-0.000168559052
1.183673469387755,0.8408163265306122,0.000589947399,-0.000168403467
1.183673469387755,0.8326530612244898,0.000590018411,-0.000168210052
1.183673469387755,0.8244897959183674,0.000589355921,-0.000167893711
1.183673469387755,0.8163265306122449,0.000588984475,-0.000168581627
1.183673469387755,0.8081632653061225,0.000588175263,-0.000168827481
1.183673469387755,0.8,0.000588285182,-0.000169628016
1.1755102040816325,1.2,0.000587821258,-0.000169047773
1.1755102040816325,1.1918367346938774,0.000588373062,-0.0001700125
1.1755102040816325,1.183673469387755,0.000589631057,-0.000168787083
1.1755102040816325,1.1755102040816325,0.00058968616,-0.000168771381
1.1755102040816325,1.1673469387755102,0.000588444074,-0.000168829633
1.1755102040816325,1.1591836734693877,0.000589655109,-0.00016880041
1.1755102040816325,1.1510204081632653,0.000590459529,-0.000169082359
1.1755102040816325,1.1428571428571428,0.000590356701,-0.00016782149
1.1755102040816325,1.1346938775510205,0.000589940595,-0.000167908098
1.1755102040816325,1.126530612244898,0.000590294027,-0.000168761715
1.1755102040816325,1.1183673469387754,0.00058888979,-0.000169552166
1.1755102040816325,1.110204081632653,0.000589149977,-0.000170111567
1.1755102040816325,1.1020408163265305,0.000588889504,-0.00016976276
1.1755102040816325,1.0938775510204082,0.00058917451,-0.000169742144
1.1755102040816325,1.0857142857142856,0.000588519111,-0.000169372496
1.1755102040816325,1.0775510204081633,0.000589203834,-0.00016996629
1.1755102040816325,1.0693877551020408,0.000587953411,-0.000169918795
1.1755102040816325,1.0612244897959184,0.000588077993,-0.000169913625
1.1755102040816325,1.0530612244897959,0.000589505995,-0.000170520104
1.1755102040816325,1.0448979591836736,0.000589361479,-0.000170213428
1.1755102040816325,1.036734693877551,0.000589262196,-0.000170958312
1.1755102040816325,1.0285714285714285,0.000588146705,-0.000170568465
1.1755102040816325,1.0204081632653061,0.000588550928,-0.000171736496
1.1755102040816325,1.0122448979591836,0.000588814467,-0.000170557932
1.1755102040816325,1.0040816326530613,0.000589242262,-0.000171217268
1.1755102040816325,0.9959183673469387,0.000589182847,-0.000170872989
1.1755102040816325,0.9877551020408163,0.000588700522,-0.0001716645
1.1755102040816325,0.9795918367346939,0.00058963077,-0.000170727487
1.1755102040816325,0.9714285714285714,0.000590505528,-0.000171352237
1.1755102040816325,0.963265306122449,0.000589312987,-0.000170564386
1.1755102040816325,0.9551020408163265,0.000589956217,-0.000170335071
1.1755102040816325,0.9469387755102041,0.000590361206,-0.000170064715
1.1755102040816325,0.9387755102040816,0.000588494578,-0.000170184206
1.1755102040816325,0.9306122448979592,0.000588400854,-0.000170587797
1.1755102040816325,0.9224489795918367,0.000589565317,-0.000169585467
1.1755102040816325,0.9142857142857143,0.000590159095,-0.00016975547
1.1755102040816325,0.9061224489795918,0.000588542877,-0.000170667757
1.1755102040816325,0.8979591836734694,0.000588272533,-0.000170122518
1.1755102040816325,0.889795918367347,0.00058878313,-0.000170954875
1.1755102040816325,0.8816326530612244,0.000588215417,-0.000170110282
1.1755102040816325,0.8734693877551021,0.000587147171,-0.000171603261
1.1755102040816325,0.8653061224489795,0.000588218196,-0.000170023032
1.1755102040816325,0.8571428571428572,0.000590236431,-0.00017064454
1.1755102040816325,0.8489795918367347,0.000590236911,-0.000169561607
1.1755102040816325,0.8408163265306122,0.000589916829,-0.000169999815
1.1755102040816325,0.8326530612244898,0.000591440088,-0.000170636158
1.1755102040816325,0.8244897959183674,0.000590419855,-0.00016891881
1.1755102040816325,0.8163265306122449,0.000590610849,-0.000170300036
1.1755102040816325,0.8081632653061225,0.000589035552,-0.000170734166
1.1755102040816325,0.8,0.000588725534,-0.000171037823
1.1673469387755102,1.2,0.000590258378,-0.000170543321
1.1673469387755102,1.1918367346938774,0.000589558032,-0.000169690122
1.1673469387755102,1.183673469387755,0.000588989553,-0.000169489193
1.1673469387755102,1.1755102040816325,0.000588238897,-0.000171063385
1.1673469387755102,1.1673469387755102,0.000588546902,-0.000169402585
1.1673469387755102,1.1591836734693877,0.000589319505,-0.000170135844
1.1673469387755102,1.1510204081632653,0.000590282144,-0.000169654669
1.1673469387755102,1.1428571428571428,0.000589086343,-0.000169895802
1.1673469387755102,1.1346938775510205,0.000589875142,-0.000169795868
1.1673469387755102,1.126530612244898,0.000590504475,-0.000169573649
1.1673469387755102,1.1183673469387754,0.000589820519,-0.000170216222
1.1673469387755102,1.110204081632653,0.000590153823,-0.000170470458
1.1673469387755102,1.1020408163265305,0.000589346051,-0.000171838582
1.1673469387755102,1.0938775510204082,0.00058903124,-0.00017145002
1.1673469387755102,1.0857142857142856,0.00059030591,-0.000171140775
1.1673469387755102,1.0775510204081633,0.000590698536,-0.0001706035
1.1673469387755102,1.0693877551020408,0.000589000383,-0.000171172149
1.1673469387755102,1.0612244897959184,0.000589051461,-0.000171718449
1.1673469387755102,1.0530612244897959,0.000588823284,-0.000172008361
1.1673469387755102,1.0448979591836736,0.000588697743,-0.00017090372
1.1673469387755102,1.036734693877551,0.000588894296,-0.000171347934
1.1673469387755102,1.0285714285714285,0.000588838233,-0.000170150038
1.1673469387755102,1.0204081632653061,0.000588653563,-0.000172055631
1.1673469387755102,1.0122448979591836,0.000589876102,-0.000170519686
1.1673469387755102,1.0040816326530613,0.000589783143,-0.000170801859
1.1673469387755102,0.9959183673469387,0.000589685107,-0.000170431987
1.1673469387755102,0.9877551020408163,0.000589084811,-0.000170941549
1.1673469387755102,0.9795918367346939,0.000589791481,-0.00017111348
1.1673469387755102,0.9714285714285714,0.000589636135,-0.000171382326
1.1673469387755102,0.963265306122449,0.000589267754,-0.00017115452
1.1673469387755102,0.9551020408163265,0.000589544137,-0.00017099248
1.1673469387755102,0.9469387755102041,0.000589638341,-0.000171644943
1.1673469387755102,0.9387755102040816,0.000589376621,-0.000170287158
1.1673469387755102,0.9306122448979592,0.000589866518,-0.000170975717
1.1673469387755102,0.9224489795918367,0.00058981448,-0.000170061054
1.1673469387755102,0.9142857142857143,0.000590000203,-0.000170443386
1.1673469387755102,0.9061224489795918,0.000589611123,-0.000172011573
1.1673469387755102,0.8979591836734694,0.000589694211,-0.000172119246
1.1673469387755102,0.889795918367347,0.000590814014,-0.000170673987
1.1673469387755102,0.8816326530612244,0.000589632783,-0.000170222677
1.1673469387755102,0.8734693877551021,0.000590132836,-0.000170995273
1.1673469387755102,0.8653061224489795,0.000590768015,-0.00017072299
1.1673469387755102,0.8571428571428572,0.000590747314,-0.000170397401
1.1673469387755102,0.8489795918367347,0.000590679082,-0.000171373078
1.1673469387755102,0.8408163265306122,0.000589633069,-0.000171652458
1.1673469387755102,0.8326530612244898,0.000590175576,-0.000171223722
1.1673469387755102,0.8244897959183674,0.000590095174,-0.000170710306
1.1673469387755102,0.8163265306122449,0.000590144719,-0.000170398686
1.1673469387755102,0.8081632653061225,0.000589713665,-0.000170437574
1.1673469387755102,0.8,0.00058942492,-0.000171638489
1.1591836734693877,1.2,0.000587632756,-0.000171439487
1.1591836734693877,1.1918367346938774,0.000588525722,-0.00017006966
1.1591836734693877,1.183673469387755,0.000588423373,-0.000169158883
1.1591836734693877,1.1755102040816325,0.000588115368,-0.000169997664
1.1591836734693877,1.1673469387755102,0.00058936905,-0.000170764673
1.1591836734693877,1.1591836734693877,0.000589188692,-0.000170474118
1.1591836734693877,1.1510204081632653,0.000588486241,-0.000170257711
1.1591836734693877,1.1428571428571428,0.000590569162,-0.000171109819
1.1591836734693877,1.1346938775510205,0.000589797325,-0.000170184206
1.1591836734693877,1.126530612244898,0.000589100719,-0.000170833233
1.1591836734693877,1.1183673469387754,0.000589675043,-0.000170681501
1.1591836734693877,1.110204081632653,0.000589690951,-0.000170340658
1.1591836734693877,1.1020408163265305,0.000590077733,-0.000169663693
1.1591836734693877,1.0938775510204082,0.000589798092,-0.00017036516
1.1591836734693877,1.0857142857142856,0.000589354388,-0.000169598569
1.1591836734693877,1.0775510204081633,0.000589931205,-0.000170611657
1.1591836734693877,1.0693877551020408,0.000589334934,-0.00017032412
1.1591836734693877,1.0612244897959184,0.000589323337,-0.000169769215
1.1591836734693877,1.0530612244897959,0.000589956217,-0.000170659375
1.1591836734693877,1.0448979591836736,0.000590726327,-0.000171818158
1.1591836734693877,1.036734693877551,0.0005898807,-0.00017171543
1.1591836734693877,1.0285714285714285,0.000589245521,-0.000170759952
1.1591836734693877,1.0204081632653061,0.000589403166,-0.000169781257
1.1591836734693877,1.0122448979591836,0.000589478203,-0.000170083629
1.1591836734693877,1.0040816326530613,0.000589846584,-0.000168769229
1.1591836734693877,0.9959183673469387,0.000589993879,-0.000170857511
1.1591836734693877,0.9877551020408163,0.000588899854,-0.000170223319
1.1591836734693877,0.9795918367346939,0.00058877326,-0.000171107667
1.1591836734693877,0.9714285714285714,0.000588886245,-0.000170577713
1.1591836734693877,0.963265306122449,0.000589426166,-0.000171030726
1.1591836734693877,0.9551020408163265,0.000590636148,-0.000170602857
1.1591836734693877,0.9469387755102041,0.000589046383,-0.000170736511
1.1591836734693877,0.9387755102040816,0.00058939253,-0.000170564386
1.1591836734693877,0.9306122448979592,0.000589588123,-0.000171437335
1.1591836734693877,0.9224489795918367,0.000589143653,-0.000170766824
1.1591836734693877,0.9142857142857143,0.000589894309,-0.000169470279
1.1591836734693877,0.9061224489795918,0.000589188406,-0.000171429596
1.1591836734693877,0.8979591836734694,0.000590291247,-0.000171247582
1.1591836734693877,0.889795918367347,0.000590093448,-0.000171050507
1.1591836734693877,0.8816326530612244,0.000590617654,-0.000171062324
1.1591836734693877,0.8734693877551021,0.000590022436,-0.000170864189
1.1591836734693877,0.8653061224489795,0.000590654069,-0.000170332919
1.1591836734693877,0.8571428571428572,0.00059030591,-0.000171123146
1.1591836734693877,0.8489795918367347,0.000590594461,-0.000170089217
1.1591836734693877,0.8408163265306122,0.000589920854,-0.00017069698
1.1591836734693877,0.8326530612244898,0.000590543384,-0.000169826375
1.1591836734693877,0.8244897959183674,0.000588912503,-0.000169622653
1.1591836734693877,0.8163265306122449,0.000590070448,-0.000169980901
1.1591836734693877,0.8081632653061225,0.000589236417,-0.000170158644
1.1591836734693877,0.8,0.000590522203,-0.000170683011
1.1510204081632653,1.2,0.000589882713,-0.000170616602
1.1510204081632653,1.1918367346938774,0.00058933522,-0.000171418003
1.1510204081632653,1.183673469387755,0.000589475904,-0.000169966065
1.1510204081632653,1.1755102040816325,0.000589057019,-0.000171137115
1.1510204081632653,1.1673469387755102,0.000589624732,-0.000170518819
1.1510204081632653,1.1591836734693877,0.000588241196,-0.000169447286
1.1510204081632653,1.1510204081632653,0.000588432957,-0.000168715729
1.1510204081632653,1.1428571428571428,0.00058966316,-0.00016880664
1.1510204081632653,1.1346938775510205,0.000589665173,-0.000168971474
1.1510204081632653,1.126530612244898,0.000590051761,-0.000169831545
1.1510204081632653,1.1183673469387754,0.000589360713,-0.000170388377
1.1510204081632653,1.110204081632653,0.000588523903,-0.000169646288
1.1510204081632653,1.1020408163265305,0.000589075707,-0.000168769036
1.1510204081632653,1.0938775510204082,0.000589622239,-0.000168685864
1.1510204081632653,1.0857142857142856,0.000589668718,-0.000169804025
1.1510204081632653,1.0775510204081633,0.000589564357,-0.000168832426
1.1510204081632653,1.0693877551020408,0.000589862012,-0.000168986503
1.1510204081632653,1.0612244897959184,0.000589365025,-0.000169016175
1.1510204081632653,1.0530612244897959,0.000589300338,-0.000169744071
1.1510204081632653,1.0448979591836736,0.000589277338,-0.00017057598
1.1510204081632653,1.036734693877551,0.000588783416,-0.00017045241
1.1510204081632653,1.0285714285714285,0.000588921321,-0.000170532788
1.1510204081632653,1.0204081632653061,0.000588731859,-0.000170131124
1.1510204081632653,1.0122448979591836,0.000588310388,-0.000169678947
1.1510204081632653,1.0040816326530613,0.000590513866,-0.000169403646
1.1510204081632653,0.9959183673469387,0.000589146718,-0.000169846574
1.1510204081632653,0.9877551020408163,0.000588815233,-0.000171274877
1.1510204081632653,0.9795918367346939,0.000588180055,-0.000170599197
1.1510204081632653,0.9714285714285714,0.000587598926,-0.000170092653
1.1510204081632653,0.963265306122449,0.000588008514,-0.000169667771
1.1510204081632653,0.9551020408163265,0.000588794726,-0.000169611896
1.1510204081632653,0.9469387755102041,0.000587672717,-0.000169176706
1.1510204081632653,0.9387755102040816,0.000588761183,-0.00016972795
1.1510204081632653,0.9306122448979592,0.00058879348,-0.000169433317
1.1510204081632653,0.9224489795918367,0.000589249547,-0.000169660257
1.1510204081632653,0.9142857142857143,0.000588907425,-0.000170504626
1.1510204081632653,0.9061224489795918,0.000588762716,-0.000171188912
1.1510204081632653,0.8979591836734694,0.000587732612,-0.000170905647
1.1510204081632653,0.889795918367347,0.000589745768,-0.000169605666
1.1510204081632653,0.8816326530612244,0.000589032773,-0.000170379129
1.1510204081632653,0.8734693877551021,0.000588371816,-0.000170537733
1.1510204081632653,0.8653061224489795,0.000588355907,-0.000171402525
1.1510204081632653,0.8571428571428572,0.000587512006,-0.000171331171
1.1510204081632653,0.8489795918367347,0.000588349103,-0.000170819907
1.1510204081632653,0.8408163265306122,0.000588724001,-0.000170840972
1.1510204081632653,0.8326530612244898,0.000589114135,-0.000170620905
1.1510204081632653,0.8244897959183674,0.000588396542,-0.000170320235
1.1510204081632653,0.8163265306122449,0.000588259117,-0.000169762985
1.1510204081632653,0.8081632653061225,0.000588209859,-0.000170867401
1.1510204081632653,0.8,0.000588070422,-0.000171449602
1.1428571428571428,1.2,0.000589937049,-0.000167657299
1.1428571428571428,1.1918367346938774,0.000590772327,-0.000167491822
1.1428571428571428,1.183673469387755,0.000590027228,-0.000167020089
1.1428571428571428,1.1755102040816325,0.000589650511,-0.000167877366
1.1428571428571428,1.1673469387755102,0.000589745002,-0.00016747978
1.1428571428571428,1.1591836734693877,0.000590652823,-0.000167984397
1.1428571428571428,1.1510204081632653,0.000589726794,-0.000167010423
1.1428571428571428,1.1428571428571428,0.000589426166,-0.00016688255
1.1428571428571428,1.1346938775510205,0.00059078421,-0.000167599914
1.1428571428571428,1.126530612244898,0.000590443334,-0.000168306968
1.1428571428571428,1.1183673469387754,0.000590660874,-0.000167599914
1.1428571428571428,1.110204081632653,0.000590353442,-0.000167709096
1.1428571428571428,1.1020408163265305,0.000588912983,-0.000168260983
1.1428571428571428,1.0938775510204082,0.000588080292,-0.000167191377
1.1428571428571428,1.0857142857142856,0.000589059032,-0.000167250047
1.1428571428571428,1.0775510204081633,0.000588725054,-0.000167496125
1.1428571428571428,1.0693877551020408,0.000589442074,-0.000167544038
1.1428571428571428,1.0612244897959184,0.000588767221,-0.000168310629
1.1428571428571428,1.0530612244897959,0.000588163093,-0.000169243339
1.1428571428571428,1.0448979591836736,0.000589432204,-0.00016815954
1.1428571428571428,1.036734693877551,0.000589022137,-0.000168823178
1.1428571428571428,1.0285714285714285,0.000589590136,-0.000167573485
1.1428571428571428,1.0204081632653061,0.000590020904,-0.000167440025
1.1428571428571428,1.0122448979591836,0.00058914116,-0.00016880147
1.1428571428571428,1.0040816326530613,0.000588906179,-0.000169204644
1.1428571428571428,0.9959183673469387,0.000589009294,-0.000169469636
1.1428571428571428,0.9877551020408163,0.000589929672,-0.000169158434
1.1428571428571428,0.9795918367346939,0.000589878687,-0.000168237348
1.1428571428571428,0.9714285714285714,0.000589144706,-0.000167650426
1.1428571428571428,0.963265306122449,0.000588911737,-0.000168605487
1.1428571428571428,0.9551020408163265,0.000589730339,-0.000169051627
1.1428571428571428,0.9469387755102041,0.00059009824,-0.000168485353
1.1428571428571428,0.9387755102040816,0.000591864532,-0.0001686981
1.1428571428571428,0.9306122448979592,0.000589902167,-0.000169175421
1.1428571428571428,0.9224489795918367,0.000590284443,-0.0001690497
1.1428571428571428,0.9142857142857143,0.000590537345,-0.000167667832
1.1428571428571428,0.9061224489795918,0.000591362272,-0.000168922052
1.1428571428571428,0.8979591836734694,0.000590906492,-0.000168707348
1.1428571428571428,0.889795918367347,0.0005899244,-0.000168984576
1.1428571428571428,0.8816326530612244,0.000590266235,-0.000168379832
1.1428571428571428,0.8734693877551021,0.000590024163,-0.000167765614
1.1428571428571428,0.8653061224489795,0.000589443321,-0.000168927191
1.1428571428571428,0.8571428571428572,0.000589124005,-0.000167905946
1.1428571428571428,0.8489795918367347,0.000590089902,-0.000168361335
1.1428571428571428,0.8408163265306122,0.000588985048,-0.000169916644
1.1428571428571428,0.8326530612244898,0.000590440555,-0.000168200804
1.1428571428571428,0.8244897959183674,0.000589905712,-0.000169354866
1.1428571428571428,0.8163265306122449,0.000589986787,-0.000168283109
1.1428571428571428,0.8081632653061225,0.000590235378,-0.000168397655
1.1428571428571428,0.8,0.000589387258,-0.000169155222
1.1346938775510205,1.2,0.000589923154,-0.00016781526
1.1346938775510205,1.1918367346938774,0.000589257884,-0.000167695769
1.1346938775510205,1.183673469387755,0.000589574994,-0.000169078056
1.1346938775510205,1.1755102040816325,0.000589715964,-0.000168109894
1.1346938775510205,1.1673469387755102,0.000590493645,-0.000168856928
1.1346938775510205,1.1591836734693877,0.000588854621,-0.00016958826
1.1346938775510205,1.1510204081632653,0.000590176342,-0.000169487684
1.1346938775510205,1.1428571428571428,0.000589146238,-0.000170213428
1.1346938775510205,1.1346938775510205,0.000590197523,-0.000169811764
1.1346938775510205,1.126530612244898,0.000589715197,-0.000170113719
1.1346938775510205,1.1183673469387754,0.000590197236,-0.000169985846
1.1346938775510205,1.110204081632653,0.000590574721,-0.000170414806
1.1346938775510205,1.1020408163265305,0.000589530241,-0.000170562011
1.1346938775510205,1.0938775510204082,0.000588883946,-0.00017010964
1.1346938775510205,1.0857142857142856,0.000589833454,-0.000170311436
1.1346938775510205,1.0775510204081633,0.000588960229,-0.000169198414
1.1346938775510205,1.0693877551020408,0.000589620706,-0.000170215804
1.1346938775510205,1.0612244897959184,0.000589695743,-0.000169134381
1.1346938775510205,1.0530612244897959,0.000590897388,-0.000168879054
1.1346938775510205,1.0448979591836736,0.000589803364,-0.000170513874
1.1346938775510205,1.036734693877551,0.00059015181,-0.000170807447
1.1346938775510205,1.0285714285714285,0.000588088056,-0.000169822297
1.1346938775510205,1.0204081632653061,0.000588654523,-0.000169357885
1.1346938775510205,1.0122448979591836,0.000588867557,-0.000168906992
1.1346938775510205,1.0040816326530613,0.000589807676,-0.000168355972
1.1346938775510205,0.9959183673469387,0.000589437762,-0.000168451603
1.1346938775510205,0.9877551020408163,0.000588957736,-0.00016753739
1.1346938775510205,0.9795918367346939,0.000589027695,-0.000169509167
1.1346938775510205,0.9714285714285714,0.000589026929,-0.000169099764
1.1346938775510205,0.963265306122449,0.000589248014,-0.000169536463
1.1346938775510205,0.9551020408163265,0.000588810921,-0.000169219897
1.1346938775510205,0.9469387755102041,0.000588592901,-0.000168879279
1.1346938775510205,0.9387755102040816,0.000589317493,-0.000167998142
1.1346938775510205,0.9306122448979592,0.000591756431,-0.000168699609
1.1346938775510205,0.9224489795918367,0.00058942262,-0.000168513067
1.1346938775510205,0.9142857142857143,0.000589541644,-0.000169290385
1.1346938775510205,0.9061224489795918,0.00059063107,-0.000169029277
1.1346938775510205,0.8979591836734694,0.000590384492,-0.000169663051
1.1346938775510205,0.889795918367347,0.00058985818,-0.000168605711
1.1346938775510205,0.8816326530612244,0.000589933984,-0.000169484248
1.1346938775510205,0.8734693877551021,0.000590731886,-0.000170467664
1.1346938775510205,0.8653061224489795,0.000590120953,-0.000169556886
1.1346938775510205,0.8571428571428572,0.00059057702,-0.000170475627
1.1346938775510205,0.8489795918367347,0.000590852155,-0.000168848547
1.1346938775510205,0.8408163265306122,0.000590661641,-0.000168905065
1.1346938775510205,0.8326530612244898,0.000589166172,-0.00016952487
1.1346938775510205,0.8244897959183674,0.000589440062,-0.000169141895
1.1346938775510205,0.8163265306122449,0.000589275806,-0.000169257083
1.1346938775510205,0.8081632653061225,0.000589069669,-0.000169555602
1.1346938775510205,0.8,0.000589457503,-0.000169643494
1.126530612244898,1.2,0.000589971645,-0.000170442102
1.126530612244898,1.1918367346938774,0.000588931958,-0.000169871076
1.126530612244898,1.183673469387755,0.000590677549,-0.000170474985
1.126530612244898,1.1755102040816325,0.000589197509,-0.000171183324
1.126530612244898,1.1673469387755102,0.000590346064,-0.000170416958
1.126530612244898,1.1591836734693877,0.000590234132,-0.000169767706
1.126530612244898,1.1510204081632653,0.000590578553,-0.000170881594
1.126530612244898,1.1428571428571428,0.000590978177,-0.000170465737
1.126530612244898,1.1346938775510205,0.000590751626,-0.000169651233
1.126530612244898,1.126530612244898,0.000589658082,-0.000171312899
1.126530612244898,1.1183673469387754,0.000591559592,-0.000170087708
1.126530612244898,1.110204081632653,0.000590154589,-0.000170544605
1.126530612244898,1.1020408163265305,0.00059004467,-0.000169817352
1.126530612244898,1.0938775510204082,0.000589404413,-0.000170133051
1.126530612244898,1.0857142857142856,0.000589026449,-0.000171422724
1.126530612244898,1.0775510204081633,0.000589481749,-0.00017063574
1.126530612244898,1.0693877551020408,0.000589291234,-0.000169769215
1.126530612244898,1.0612244897959184,0.00058839175,-0.000170326689
1.126530612244898,1.0530612244897959,0.000589565123,-0.000170061279
1.126530612244898,1.0448979591836736,0.000587623172,-0.000171143345
1.126530612244898,1.036734693877551,0.000589079252,-0.000170699355
1.126530612244898,1.0285714285714285,0.000589239963,-0.000172477076
1.126530612244898,1.0204081632653061,0.000588997411,-0.000171349443
1.126530612244898,1.0122448979591836,0.0005893794,-0.00017119556
1.126530612244898,1.0040816326530613,0.000588506461,-0.000172148469
1.126530612244898,0.9959183673469387,0.000589168185,-0.000171348576
1.126530612244898,0.9877551020408163,0.000589105225,-0.000172435169
1.126530612244898,0.9795918367346939,0.000588111342,-0.000172715834
1.126530612244898,0.9714285714285714,0.000589851376,-0.00017140747
1.126530612244898,0.963265306122449,0.000590132356,-0.000172193394
1.126530612244898,0.9551020408163265,0.0005899681,-0.0001710735
1.126530612244898,0.9469387755102041,0.000591216224,-0.000171523301
1.126530612244898,0.9387755102040816,0.000590043137,-0.000170360857
1.126530612244898,0.9306122448979592,0.000590704094,-0.000171655894
1.126530612244898,0.9224489795918367,0.000590166666,-0.000172370912
1.126530612244898,0.9142857142857143,0.000590143186,-0.000172357361
1.126530612244898,0.9061224489795918,0.000590542904,-0.000171074366
1.126530612244898,0.8979591836734694,0.000589519697,-0.000171165277
1.126530612244898,0.889795918367347,0.000590862026,-0.00017177304
1.126530612244898,0.8816326530612244,0.000590107057,-0.00017155856
1.126530612244898,0.8734693877551021,0.000589918555,-0.000172513814
1.126530612244898,0.8653061224489795,0.000589883959,-0.000173010691
1.126530612244898,0.8571428571428572,0.000589726314,-0.000171858138
1.126530612244898,0.8489795918367347,0.000589960529,-0.000171555766
1.126530612244898,0.8408163265306122,0.000590058852,-0.000171802487
1.126530612244898,0.8326530612244898,0.000589927179,-0.00017221446
1.126530612244898,0.8244897959183674,0.00058944562,-0.000170254917
1.126530612244898,0.8163265306122449,0.00059042388,-0.00017169308
1.126530612244898,0.8081632653061225,0.000588831142,-0.000172068958
1.126530612244898,0.8,0.000589266222,-0.000171416076
1.1183673469387754,1.2,0.000591071708,-0.000170939397
1.1183673469387754,1.1918367346938774,0.000591192458,-0.000171620666
1.1183673469387754,1.183673469387755,0.000589712612,-0.000171343213
1.1183673469387754,1.1755102040816325,0.000590085877,-0.000171116273
1.1183673469387754,1.1673469387755102,0.000589624538,-0.000171203748
1.1183673469387754,1.1591836734693877,0.000591605591,-0.000170325405
1.1183673469387754,1.1510204081632653,0.000590365518,-0.000168875618
1.1183673469387754,1.1428571428571428,0.000589992826,-0.000170355494
1.1183673469387754,1.1346938775510205,0.000589669198,-0.000170289503
1.1183673469387754,1.126530612244898,0.000591682161,-0.000169087304
1.1183673469387754,1.1183673469387754,0.000591059825,-0.000169424711
1.1183673469387754,1.110204081632653,0.000590644679,-0.000169336819
1.1183673469387754,1.1020408163265305,0.000590670744,-0.000169244624
1.1183673469387754,1.0938775510204082,0.000591560358,-0.00017001722
1.1183673469387754,1.0857142857142856,0.000590013813,-0.000170184206
1.1183673469387754,1.0775510204081633,0.000590074187,-0.000168959656
1.1183673469387754,1.0693877551020408,0.000589651277,-0.000168711009
1.1183673469387754,1.0612244897959184,0.000591121253,-0.000169432675
1.1183673469387754,1.0530612244897959,0.000590242469,-0.000168330603
1.1183673469387754,1.0448979591836736,0.00059097875,-0.000168230251
1.1183673469387754,1.036734693877551,0.00059027304,-0.000168206392
1.1183673469387754,1.0285714285714285,0.000590437776,-0.000168478899
1.1183673469387754,1.0204081632653061,0.000590698056,-0.000168532848
1.1183673469387754,1.0122448979591836,0.000590416309,-0.000168548102
1.1183673469387754,1.0040816326530613,0.000589147485,-0.000168411848
1.1183673469387754,0.9959183673469387,0.000589959762,-0.000168474596
1.1183673469387754,0.9877551020408163,0.000588590409,-0.000168989746
1.1183673469387754,0.9795918367346939,0.000589101486,-0.00016898737
1.1183673469387754,0.9714285714285714,0.000589220509,-0.00016835533
1.1183673469387754,0.963265306122449,0.000588254805,-0.000166961001
1.1183673469387754,0.9551020408163265,0.000589016098,-0.000167612598
1.1183673469387754,0.9469387755102041,0.000588375841,-0.000167109715
1.1183673469387754,0.9387755102040816,0.00058955554,-0.000166700954
1.1183673469387754,0.9306122448979592,0.000589310688,-0.000166640775
1.1183673469387754,0.9224489795918367,0.000589210352,-0.000168348009
1.1183673469387754,0.9142857142857143,0.0005892046,-0.000168540587
1.1183673469387754,0.9061224489795918,0.000589027215,-0.00016858593
1.1183673469387754,0.8979591836734694,0.000587777845,-0.000168012335
1.1183673469387754,0.889795918367347,0.000587880387,-0.000167806237
1.1183673469387754,0.8816326530612244,0.000587382633,-0.000167796122
1.1183673469387754,0.8734693877551021,0.000588360699,-0.000168075726
1.1183673469387754,0.8653061224489795,0.000588693911,-0.000168646751
1.1183673469387754,0.8571428571428572,0.000589117201,-0.000168520806
1.1183673469387754,0.8489795918367347,0.000589055773,-0.000167456788
1.1183673469387754,0.8408163265306122,0.000588757638,-0.000167437456
1.1183673469387754,0.8326530612244898,0.000587819245,-0.000167303771
1.1183673469387754,0.8244897959183674,0.000588949879,-0.000166600377
1.1183673469387754,0.8163265306122449,0.000587553214,-0.000168019207
1.1183673469387754,0.8081632653061225,0.000588837466,-0.000168191138
1.1183673469387754,0.8,0.000589055486,-0.00016914318
1.110204081632653,1.2,0.000590892596,-0.000168697682
1.110204081632653,1.1918367346938774,0.000591064137,-0.000168588499
1.110204081632653,1.183673469387755,0.00059072738,-0.000168252602
1.110204081632653,1.1755102040816325,0.000591277365,-0.000168956863
1.110204081632653,1.1673469387755102,0.000591407219,-0.000169271695
1.110204081632653,1.1591836734693877,0.000590396375,-0.000169011229
1.110204081632653,1.1510204081632653,0.000589803364,-0.000168544665
1.110204081632653,1.1428571428571428,0.000589162627,-0.000169242697
1.110204081632653,1.1346938775510205,0.00059131752,-0.000169556886
1.110204081632653,1.126530612244898,0.000590795806,-0.000169931255
1.110204081632653,1.1183673469387754,0.000591069982,-0.000168132468
1.110204081632653,1.110204081632653,0.000589692964,-0.000168705197
1.110204081632653,1.1020408163265305,0.0005893587,-0.0001689936
1.110204081632653,1.0938775510204082,0.000589754585,-0.000169842496
1.110204081632653,1.0857142857142856,0.000588696976,-0.000169267616
1.110204081632653,1.0775510204081633,0.000589094681,-0.000169783408
1.110204081632653,1.0693877551020408,0.000588754572,-0.000169125999
1.110204081632653,1.0612244897959184,0.000589354388,-0.000168687149
1.110204081632653,1.0530612244897959,0.000589148251,-0.000168684773
1.110204081632653,1.0448979591836736,0.000588978437,-0.00016759712
1.110204081632653,1.036734693877551,0.000588245988,-0.000168246147
1.110204081632653,1.0285714285714285,0.000588998944,-0.000168817815
1.110204081632653,1.0204081632653061,0.000588083551,-0.000167944417
1.110204081632653,1.0122448979591836,0.000590323064,-0.000169974447
1.110204081632653,1.0040816326530613,0.000590166952,-0.000169283737
1.110204081632653,0.9959183673469387,0.000589860959,-0.000170141432
1.110204081632653,0.9877551020408163,0.000589622239,-0.000169284379
1.110204081632653,0.9795918367346939,0.000589477723,-0.000168766884
1.110204081632653,0.9714285714285714,0.000589662874,-0.000169183802
1.110204081632653,0.963265306122449,0.000590770027,-0.000168122578
1.110204081632653,0.9551020408163265,0.000591171278,-0.000167910249
1.110204081632653,0.9469387755102041,0.000590919621,-0.000169274489
1.110204081632653,0.9387755102040816,0.000589311454,-0.000169429881
1.110204081632653,0.9306122448979592,0.000590057033,-0.000169777596
1.110204081632653,0.9224489795918367,0.000589337713,-0.000169444268
1.110204081632653,0.9142857142857143,0.00058930417,-0.000169855405
1.110204081632653,0.9061224489795918,0.000590553254,-0.000169607817
1.110204081632653,0.8979591836734694,0.000591235678,-0.000169153937
1.110204081632653,0.889795918367347,0.000590661161,-0.000170043649
1.110204081632653,0.8816326530612244,0.000590879181,-0.000169544844
1.110204081632653,0.8734693877551021,0.000591016892,-0.0001689287
1.110204081632653,0.8653061224489795,0.000591239223,-0.000168691228
1.110204081632653,0.8571428571428572,0.00058975056,-0.000170458865
1.110204081632653,0.8489795918367347,0.000590115395,-0.000169658972
1.110204081632653,0.8408163265306122,0.000591442388,-0.000168766018
1.110204081632653,0.8326530612244898,0.000591703628,-0.000170402122
1.110204081632653,0.8244897959183674,0.000592173784,-0.000169222273
1.110204081632653,0.8163265306122449,0.00059139083,-0.000169859901
1.110204081632653,0.8081632653061225,0.000591959309,-0.000169507465
1.110204081632653,0.8,0.000589743755,-0.00016915564
1.1020408163265305,1.2,0.000591741769,-0.000168794598
1.1020408163265305,1.1918367346938774,0.000591571761,-0.000169220346
1.1020408163265305,1.183673469387755,0.000589882233,-0.00016926418
1.1020408163265305,1.1755102040816325,0.000591376648,-0.000169169191
1.1020408163265305,1.1673469387755102,0.000590928439,-0.000168532399
1.1020408163265305,1.1591836734693877,0.000591343105,-0.000168747103
1.1020408163265305,1.1510204081632653,0.000590448413,-0.000169503804
1.1020408163265305,1.1428571428571428,0.000590091629,-0.00016938001
1.1020408163265305,1.1346938775510205,0.000589583045,-0.000170077399
1.1020408163265305,1.126530612244898,0.000589254052,-0.000169636173
1.1020408163265305,1.1183673469387754,0.000589874855,-0.000170657224
1.1020408163265305,1.110204081632653,0.000589752093,-0.000168833069
1.1020408163265305,1.1020408163265305,0.000590613149,-0.000168913671
1.1020408163265305,1.0938775510204082,0.000590503709,-0.000170139505
1.1020408163265305,1.0857142857142856,0.00059157502,-0.000170115003
1.1020408163265305,1.0775510204081633,0.000590110123,-0.000170823343
1.1020408163265305,1.0693877551020408,0.00058995871,-0.000169335534
1.1020408163265305,1.0612244897959184,0.000589902933,-0.000169597927
1.1020408163265305,1.0530612244897959,0.00058903172,-0.000169878173
1.1020408163265305,1.0448979591836736,0.000590248314,-0.000170015711
1.1020408163265305,1.036734693877551,0.000590506008,-0.000170263941
1.1020408163265305,1.0285714285714285,0.000589355154,-0.000169123848
1.1020408163265305,1.0204081632653061,0.000589946633,-0.000170223961
1.1020408163265305,1.0122448979591836,0.000590551721,-0.000168828766
1.1020408163265305,1.0040816326530613,0.000590209406,-0.000170050104
1.1020408163265305,0.9959183673469387,0.000591158915,-0.00016926418
1.1020408163265305,0.9877551020408163,0.000591328443,-0.000169790923
1.1020408163265305,0.9795918367346939,0.000590347117,-0.000169992943
1.1020408163265305,0.9714285714285714,0.000591663953,-0.000168729923
1.1020408163265305,0.963265306122449,0.000591727587,-0.000170160346
1.1020408163265305,0.9551020408163265,0.000592132383,-0.000170421036
1.1020408163265305,0.9469387755102041,0.000591118474,-0.000168154176
1.1020408163265305,0.9387755102040816,0.000591469893,-0.000168567883
1.1020408163265305,0.9306122448979592,0.000590654836,-0.000168773532
1.1020408163265305,0.9224489795918367,0.000591006255,-0.000169134381
1.1020408163265305,0.9142857142857143,0.000591369363,-0.000169104067
1.1020408163265305,0.9061224489795918,0.000590931504,-0.000169165531
1.1020408163265305,0.8979591836734694,0.000590721535,-0.000167876724
1.1020408163265305,0.889795918367347,0.000590526709,-0.000168114421
1.1020408163265305,0.8816326530612244,0.000589627031,-0.000168818457
1.1020408163265305,0.8734693877551021,0.000590599253,-0.00016882276
1.1020408163265305,0.8653061224489795,0.000590151524,-0.000168572603
1.1020408163265305,0.8571428571428572,0.000590451192,-0.000167471623
1.1020408163265305,0.8489795918367347,0.000591217757,-0.000168749255
1.1020408163265305,0.8408163265306122,0.000590809988,-0.00016826914
1.1020408163265305,0.8326530612244898,0.00059094492,-0.000168697682
1.1020408163265305,0.8244897959183674,0.000591720782,-0.000169686043
1.1020408163265305,0.8163265306122449,0.000589298805,-0.000170159286
1.1020408163265305,0.8081632653061225,0.000589854155,-0.000168708857
1.1020408163265305,0.8,0.000589216677,-0.000169093534
1.0938775510204082,1.2,0.00058920556,-0.000168048012
1.0938775510204082,1.1918367346938774,0.000590230873,-0.000167192886
1.0938775510204082,1.183673469387755,0.000589279351,-0.000169112897
1.0938775510204082,1.1755102040816325,0.000588873595,-0.000168314065
1.0938775510204082,1.1673469387755102,0.000588781884,-0.000166736631
1.0938775510204082,1.1591836734693877,0.000589620226,-0.000168086259
1.0938775510204082,1.1510204081632653,0.000589645719,-0.000169030144
1.0938775510204082,1.1428571428571428,0.000589132823,-0.00016801105
1.0938775510204082,1.1346938775510205,0.000589832688,-0.000167340957
1.0938775510204082,1.126530612244898,0.000589659901,-0.000167915195
1.0938775510204082,1.1183673469387754,0.000590144719,-0.000167702866
1.0938775510204082,1.110204081632653,0.000589024436,-0.000167393173
1.0938775510204082,1.1020408163265305,0.000589398374,-0.00016792637
1.0938775510204082,1.0938775510204082,0.00059058785,-0.000167929806
1.0938775510204082,1.0857142857142856,0.00058959876,-0.000168683713
1.0938775510204082,1.0775510204081633,0.000590066903,-0.000167878009
1.0938775510204082,1.0693877551020408,0.000589437283,-0.000167590023
1.0938775510204082,1.0612244897959184,0.000590153536,-0.000167377919
1.0938775510204082,1.0530612244897959,0.000591245548,-0.000167567479
1.0938775510204082,1.0448979591836736,0.000589925166,-0.00016832781
1.0938775510204082,1.036734693877551,0.000589738677,-0.00016790874
1.0938775510204082,1.0285714285714285,0.000590686939,-0.000167468605
1.0938775510204082,1.0204081632653061,0.00059060807,-0.00016693499
1.0938775510204082,1.0122448979591836,0.000589762443,-0.000168597105
1.0938775510204082,1.0040816326530613,0.0005893587,-0.000168804489
1.0938775510204082,0.9959183673469387,0.00058955276,-0.000168542514
1.0938775510204082,0.9877551020408163,0.000589882713,-0.000166781331
1.0938775510204082,0.9795918367346939,0.000589158601,-0.000167908322
1.0938775510204082,0.9714285714285714,0.000589432684,-0.000167934751
1.0938775510204082,0.963265306122449,0.000589401154,-0.000169186596
1.0938775510204082,0.9551020408163265,0.000589245521,-0.000168099585
1.0938775510204082,0.9469387755102041,0.000588225287,-0.000168052091
1.0938775510204082,0.9387755102040816,0.000588955723,-0.000167680516
1.0938775510204082,0.9306122448979592,0.000589029994,-0.00016739253
1.0938775510204082,0.9224489795918367,0.000588006501,-0.000167010005
1.0938775510204082,0.9142857142857143,0.000588384179,-0.000168646751
1.0938775510204082,0.9061224489795918,0.000588099173,-0.000168590651
1.0938775510204082,0.8979591836734694,0.000589002683,-0.000168801052
1.0938775510204082,0.889795918367347,0.000588683081,-0.000168288921
1.0938775510204082,0.8816326530612244,0.000588699755,-0.000167986549
1.0938775510204082,0.8734693877551021,0.000589257118,-0.000167586587
1.0938775510204082,0.8653061224489795,0.000587798259,-0.000167440249
1.0938775510204082,0.8571428571428572,0.000588538851,-0.000169009302
1.0938775510204082,0.8489795918367347,0.000588573927,-0.000167358363
1.0938775510204082,0.8408163265306122,0.000588832675,-0.000168646527
1.0938775510204082,0.8326530612244898,0.000589106757,-0.000168550253
1.0938775510204082,0.8244897959183674,0.000588146705,-0.000168512649
1.0938775510204082,0.8163265306122449,0.000589781897,-0.00016878901
1.0938775510204082,0.8081632653061225,0.000588264196,-0.000168139983
1.0938775510204082,0.8,0.000588742689,-0.000168520164
1.0857142857142856,1.2,0.000589949126,-0.000168551538
1.0857142857142856,1.1918367346938774,0.000589507528,-0.000169126417
1.0857142857142856,1.183673469387755,0.000589544903,-0.000169287173
1.0857142857142856,1.1755102040816325,0.000590235185,-0.000169586976
1.0857142857142856,1.1673469387755102,0.000590281664,-0.000169487459
1.0857142857142856,1.1591836734693877,0.000591035099,-0.000168729698
1.0857142857142856,1.1510204081632653,0.000588816766,-0.000168542738
1.0857142857142856,1.1428571428571428,0.000590089136,-0.000169331231
1.0857142857142856,1.1346938775510205,0.000589808922,-0.000168941385
1.0857142857142856,1.126530612244898,0.000590682147,-0.000169043888
1.0857142857142856,1.1183673469387754,0.00059059772,-0.00017034281
1.0857142857142856,1.110204081632653,0.000591216224,-0.000170566313
1.0857142857142856,1.1020408163265305,0.000590385738,-0.000169374198
1.0857142857142856,1.0938775510204082,0.000590771847,-0.000168649963
1.0857142857142856,1.0857142857142856,0.000591019671,-0.000168071005
1.0857142857142856,1.0775510204081633,0.00059228121,-0.000168902914
1.0857142857142856,1.0693877551020408,0.000592062138,-0.000169090965
1.0857142857142856,1.0612244897959184,0.000591818339,-0.000167985264
1.0857142857142856,1.0530612244897959,0.00059153132,-0.000168939457
1.0857142857142856,1.0448979591836736,0.000591643253,-0.000169486817
1.0857142857142856,1.036734693877551,0.000591964101,-0.00016931662
1.0857142857142856,1.0285714285714285,0.000591517138,-0.000169508749
1.0857142857142856,1.0204081632653061,0.000592245562,-0.000168974268
1.0857142857142856,1.0122448979591836,0.000593322145,-0.000169933406
1.0857142857142856,1.0040816326530613,0.000592085617,-0.000169824448
1.0857142857142856,0.9959183673469387,0.000592441635,-0.000169113733
1.0857142857142856,0.9877551020408163,0.000592815093,-0.000169217328
1.0857142857142856,0.9795918367346939,0.000593345624,-0.000170022584
1.0857142857142856,0.9714285714285714,0.000592575034,-0.000169667129
1.0857142857142856,0.963265306122449,0.000592201575,-0.000169396773
1.0857142857142856,0.9551020408163265,0.000593375715,-0.000168950408
1.0857142857142856,0.9469387755102041,0.00059322842,-0.000168773114
1.0857142857142856,0.9387755102040816,0.000592608384,-0.000169870434
1.0857142857142856,0.9306122448979592,0.000593086397,-0.000169863562
1.0857142857142856,0.9224489795918367,0.000592488594,-0.000169056797
1.0857142857142856,0.9142857142857143,0.000592130084,-0.000168709275
1.0857142857142856,0.9061224489795918,0.000593623826,-0.000169843781
1.0857142857142856,0.8979591836734694,0.000592810781,-0.000169625864
1.0857142857142856,0.889795918367347,0.000592162953,-0.00016992374
1.0857142857142856,0.8816326530612244,0.000592497698,-0.000169298348
1.0857142857142856,0.8734693877551021,0.00059215107,-0.000168915598
1.0857142857142856,0.8653061224489795,0.000593097034,-0.00017053966
1.0857142857142856,0.8571428571428572,0.000593097514,-0.000170388377
1.0857142857142856,0.8489795918367347,0.000593169292,-0.0001708876
1.0857142857142856,0.8408163265306122,0.000592681888,-0.000171561547
1.0857142857142856,0.8326530612244898,0.000592948686,-0.000170877067
1.0857142857142856,0.8244897959183674,0.000592506801,-0.000171456892
1.0857142857142856,0.8163265306122449,0.000592124525,-0.000171207184
1.0857142857142856,0.8081632653061225,0.000591257431,-0.00016992631
1.0857142857142856,0.8,0.000592812794,-0.000171306669
1.0775510204081633,1.2,0.000590221002,-0.000168287636
1.0775510204081633,1.1918367346938774,0.000591848623,-0.00016862074
1.0775510204081633,1.183673469387755,0.000591508801,-0.000169372271
1.0775510204081633,1.1755102040816325,0.000591797832,-0.000169552583
1.0775510204081633,1.1673469387755102,0.000591831948,-0.000168684355
1.0775510204081633,1.1591836734693877,0.000592012113,-0.000168566374
1.0775510204081633,1.1510204081632653,0.000590471892,-0.000167818054
1.0775510204081633,1.1428571428571428,0.000591824184,-0.000167934527
1.0775510204081633,1.1346938775510205,0.000590602032,-0.000167453576
1.0775510204081633,1.126530612244898,0.000591594188,-0.000167977301
1.0775510204081633,1.1183673469387754,0.000592800145,-0.000167708454
1.0775510204081633,1.110204081632653,0.0005927299,-0.00016787393
1.0775510204081633,1.1020408163265305,0.000592573787,-0.000167825793
1.0775510204081633,1.0938775510204082,0.000592357494,-0.00016865706
1.0775510204081633,1.0857142857142856,0.000592303924,-0.000168622667
1.0775510204081633,1.0775510204081633,0.000592857261,-0.000167684594
1.0775510204081633,1.0693877551020408,0.000592963635,-0.00016831535
1.0775510204081633,1.0612244897959184,0.00059273977,-0.000169144689
1.0775510204081633,1.0530612244897959,0.0005922516,-0.000168395085
1.0775510204081633,1.0448979591836736,0.000592447959,-0.000167563594
1.0775510204081633,1.036734693877551,0.000592276132,-0.000167377919
1.0775510204081633,1.0285714285714285,0.000592083891,-0.000168690585
1.0775510204081633,1.0204081632653061,0.000592809249,-0.000168350384
1.0775510204081633,1.0122448979591836,0.000593657175,-0.000169023689
1.0775510204081633,1.0040816326530613,0.000594059672,-0.000168953844
1.0775510204081633,0.9959183673469387,0.000593374949,-0.000168782138
1.0775510204081633,0.9877551020408163,0.000594469739,-0.000167984397
1.0775510204081633,0.9795918367346939,0.000593788562,-0.000168803622
1.0775510204081633,0.9714285714285714,0.000593486114,-0.000168613868
1.0775510204081633,0.963265306122449,0.000593999777,-0.000168865728
1.0775510204081633,0.9551020408163265,0.000594079606,-0.000168038122
1.0775510204081633,0.9469387755102041,0.000593608397,-0.000168537793
1.0775510204081633,0.9387755102040816,0.00059334869,-0.000168553047
1.0775510204081633,0.9306122448979592,0.000593536139,-0.000168729698
1.0775510204081633,0.9224489795918367,0.00059333652,-0.000168304175
1.0775510204081633,0.9142857142857143,0.000593874715,-0.000168152443
1.0775510204081633,0.9061224489795918,0.000594013673,-0.000169009302
1.0775510204081633,0.8979591836734694,0.000593477777,-0.000168547877
1.0775510204081633,0.889795918367347,0.000594200642,-0.000168029098
1.0775510204081633,0.8816326530612244,0.00059498005,-0.000167850295
1.0775510204081633,0.8734693877551021,0.000595109423,-0.00016825668
1.0775510204081633,0.8653061224489795,0.000595425,-0.000168776968
1.0775510204081633,0.8571428571428572,0.000593520711,-0.000169216686
1.0775510204081633,0.8489795918367347,0.000594726667,-0.000168219943
1.0775510204081633,0.8408163265306122,0.000594987141,-0.000168552822
1.0775510204081633,0.8326530612244898,0.000594283536,-0.000168525109
1.0775510204081633,0.8244897959183674,0.000593017685,-0.00016955602
1.0775510204081633,0.8163265306122449,0.000591934297,-0.000168830275
1.0775510204081633,0.8081632653061225,0.000592577333,-0.000168538853
1.0775510204081633,0.8,0.000593256498,-0.000168454397
1.0693877551020408,1.2,0.000594018945,-0.000169128569
1.0693877551020408,1.1918367346938774,0.000593762017,-0.000168735286
1.0693877551020408,1.183673469387755,0.000593388078,-0.000168787726
1.0693877551020408,1.1755102040816325,0.000593596034,-0.000167647633
1.0693877551020408,1.1673469387755102,0.000593086204,-0.000169632543
1.0693877551020408,1.1591836734693877,0.000593297612,-0.000168701118
1.0693877551020408,1.1510204081632653,0.000593413857,-0.000168817173
1.0693877551020408,1.1428571428571428,0.000593590476,-0.000168603335
1.0693877551020408,1.1346938775510205,0.000594241563,-0.000168297945
1.0693877551020408,1.126530612244898,0.000593755692,-0.000170472609
1.0693877551020408,1.1183673469387754,0.000595132709,-0.000168418078
1.0693877551020408,1.110204081632653,0.000594114968,-0.000168041782
1.0693877551020408,1.1020408163265305,0.000593222095,-0.000168567883
1.0693877551020408,1.0938775510204082,0.000593498764,-0.000168502534
1.0693877551020408,1.0857142857142856,0.000593022477,-0.000168414642
1.0693877551020408,1.0775510204081633,0.000593012413,-0.000168360275
1.0693877551020408,1.0693877551020408,0.000593014426,-0.000167454636
1.0693877551020408,1.0612244897959184,0.000592480543,-0.000167540377
1.0693877551020408,1.0530612244897959,0.000593675863,-0.000168299229
1.0693877551020408,1.0448979591836736,0.000592369377,-0.000167096388
1.0693877551020408,1.036734693877551,0.000592506801,-0.000168061339
1.0693877551020408,1.0285714285714285,0.000593358274,-0.000168466439
1.0693877551020408,1.0204081632653061,0.000594010127,-0.00016727304
1.0693877551020408,1.0122448979591836,0.000593760004,-0.000167006987
1.0693877551020408,1.0040816326530613,0.000593829962,-0.00016794506
1.0693877551020408,0.9959183673469387,0.000593248641,-0.000166575008
1.0693877551020408,0.9877551020408163,0.000594301171,-0.000167247895
1.0693877551020408,0.9795918367346939,0.000594101359,-0.000167364592
1.0693877551020408,0.9714285714285714,0.000593737004,-0.000168413133
1.0693877551020408,0.963265306122449,0.000593440882,-0.000167109072
1.0693877551020408,0.9551020408163265,0.000594210226,-0.000167718762
1.0693877551020408,0.9469387755102041,0.000594066476,-0.00016772178
1.0693877551020408,0.9387755102040816,0.000594474245,-0.000168648678
1.0693877551020408,0.9306122448979592,0.000594361833,-0.000167027828
1.0693877551020408,0.9224489795918367,0.000595406599,-0.000168095925
1.0693877551020408,0.9142857142857143,0.000594143526,-0.000167498052
1.0693877551020408,0.9061224489795918,0.000592868664,-0.000168334264
1.0693877551020408,0.8979591836734694,0.000592064917,-0.000167168384
1.0693877551020408,0.889795918367347,0.000591679382,-0.000166232656
1.0693877551020408,0.8816326530612244,0.000592326443,-0.00016738158
1.0693877551020408,0.8734693877551021,0.000592039905,-0.000166852043
1.0693877551020408,0.8653061224489795,0.000591687433,-0.000166678603
1.0693877551020408,0.8571428571428572,0.000590792261,-0.00016742262
1.0693877551020408,0.8489795918367347,0.000592269807,-0.000167223394
1.0693877551020408,0.8408163265306122,0.000591796872,-0.000167010423
1.0693877551020408,0.8326530612244898,0.000590381713,-0.000167299693
1.0693877551020408,0.8244897959183674,0.000592340339,-0.000168064775
1.0693877551020408,0.8163265306122449,0.000592311015,-0.000168098076
1.0693877551020408,0.8081632653061225,0.00059263263,-0.000168533266
1.0693877551020408,0.8,0.000592580592,-0.000167707811
1.0612244897959184,1.2,0.000593122526,-0.000166677737
1.0612244897959184,1.1918367346938774,0.000592908818,-0.000166264255
1.0612244897959184,1.183673469387755,0.000593747834,-0.000168245729
1.0612244897959184,1.1755102040816325,0.000593375235,-0.000167270888
1.0612244897959184,1.1673469387755102,0.000594888911,-0.000167408008
1.0612244897959184,1.1591836734693877,0.000592566983,-0.000167125611
1.0612244897959184,1.1510204081632653,0.000593136422,-0.000167964616
1.0612244897959184,1.1428571428571428,0.000593657655,-0.000166341839
1.0612244897959184,1.1346938775510205,0.000592644799,-0.00016702224
1.0612244897959184,1.126530612244898,0.000592293093,-0.000166958625
1.0612244897959184,1.1183673469387754,0.000592944181,-0.000167150755
1.0612244897959184,1.110204081632653,0.00059296766,-0.000165929642
1.0612244897959184,1.1020408163265305,0.000593113229,-0.000166196561
1.0612244897959184,1.0938775510204082,0.000593008101,-0.000166525811
1.0612244897959184,1.0857142857142856,0.000593888611,-0.000167079401
1.0612244897959184,1.0775510204081633,0.000593789808,-0.000167533505
1.0612244897959184,1.0693877551020408,0.000592516672,-0.000166056872
1.0612244897959184,1.0612244897959184,0.000594233225,-0.000166882775
1.0612244897959184,1.0530612244897959,0.000593227654,-0.000168171582
1.0612244897959184,1.0448979591836736,0.000593935857,-0.000166343123
1.0612244897959184,1.036734693877551,0.000593128371,-0.000167868342
1.0612244897959184,1.0285714285714285,0.00059430625,-0.00016691264
1.0612244897959184,1.0204081632653061,0.000591715511,-0.000167522554
1.0612244897959184,1.0122448979591836,0.000593369677,-0.00016652472
1.0612244897959184,1.0040816326530613,0.000592408285,-0.000168143001
1.0612244897959184,0.9959183673469387,0.000592386818,-0.000167289384
1.0612244897959184,0.9877551020408163,0.000592874415,-0.000166601019
1.0612244897959184,0.9795918367346939,0.000593279211,-0.0001677581
1.0612244897959184,0.9714285714285714,0.000593148305,-0.000168306102
1.0612244897959184,0.963265306122449,0.000593529048,-0.000167110357
1.0612244897959184,0.9551020408163265,0.00059224125,-0.000167623355
1.0612244897959184,0.9469387755102041,0.000593027555,-0.000168944821
1.0612244897959184,0.9387755102040816,0.000593779744,-0.000167867476
1.0612244897959184,0.9306122448979592,0.000593188746,-0.00016811076
1.0612244897959184,0.9224489795918367,0.000592664733,-0.000168273443
1.0612244897959184,0.9142857142857143,0.000593198616,-0.000167884881
1.0612244897959184,0.9061224489795918,0.000594203421,-0.000167366744
1.0612244897959184,0.8979591836734694,0.000593744862,-0.000166773592
1.0612244897959184,0.889795918367347,0.000593380507,-0.000168123863
1.0612244897959184,0.8816326530612244,0.000592094241,-0.000167518894
1.0612244897959184,0.8734693877551021,0.000592524243,-0.000168110118
1.0612244897959184,0.8653061224489795,0.000594093502,-0.00016814451
1.0612244897959184,0.8571428571428572,0.000593872416,-0.000168734195
1.0612244897959184,0.8489795918367347,0.000592809729,-0.000167790116
1.0612244897959184,0.8408163265306122,0.000592303444,-0.000168571737
1.0612244897959184,0.8326530612244898,0.0005919664,-0.000167832023
1.0612244897959184,0.8244897959183674,0.000592397648,-0.000168214773
1.0612244897959184,0.8163265306122449,0.00059179256,-0.00016866952
1.0612244897959184,0.8081632653061225,0.000591286183,-0.000168121711
1.0612244897959184,0.8,0.000590814014,-0.000168544665
1.0530612244897959,1.2,0.000590221002,-0.000167546414
1.0530612244897959,1.1918367346938774,0.000589983528,-0.000167430777
1.0530612244897959,1.183673469387755,0.000590319325,-0.000167662244
1.0530612244897959,1.1755102040816325,0.000590253106,-0.000166894368
1.0530612244897959,1.1673469387755102,0.000590505722,-0.000167073813
1.0530612244897959,1.1591836734693877,0.000590151044,-0.000165886868
1.0530612244897959,1.1510204081632653,0.000589795793,-0.000166739425
1.0530612244897959,1.1428571428571428,0.000590530541,-0.000168698967
1.0530612244897959,1.1346938775510205,0.000591416609,-0.00016765428
1.0530612244897959,1.126530612244898,0.000590328143,-0.000166463705
1.0530612244897959,1.1183673469387754,0.000590059045,-0.000166903841
1.0530612244897959,1.110204081632653,0.000590310988,-0.000166671089
1.0530612244897959,1.1020408163265305,0.000590537345,-0.000166642926
1.0530612244897959,1.0938775510204082,0.000591171757,-0.000165808224
1.0530612244897959,1.0857142857142856,0.000591304197,-0.000167036434
1.0530612244897959,1.0775510204081633,0.000590986801,-0.000166988715
1.0530612244897959,1.0693877551020408,0.000591201848,-0.000166847098
1.0530612244897959,1.0612244897959184,0.00059055354,-0.000167521045
1.0530612244897959,1.0530612244897959,0.00059043375,-0.00016814708
1.0530612244897959,1.0448979591836736,0.00059139083,-0.000167367386
1.0530612244897959,1.036734693877551,0.00059118412,-0.000166821729
1.0530612244897959,1.0285714285714285,0.000591154316,-0.000166427162
1.0530612244897959,1.0204081632653061,0.000591235198,-0.000166575875
1.0530612244897959,1.0122448979591836,0.000591732185,-0.000166677094
1.0530612244897959,1.0040816326530613,0.00059153228,-0.000165668309
1.0530612244897959,0.9959183673469387,0.000591442388,-0.000166600795
1.0530612244897959,0.9877551020408163,0.000592309482,-0.000166184101
1.0530612244897959,0.9795918367346939,0.000591654849,-0.000166788428
1.0530612244897959,0.9714285714285714,0.000591634915,-0.000166380727
1.0530612244897959,0.963265306122449,0.000592470673,-0.000166715565
1.0530612244897959,0.9551020408163265,0.000592195823,-0.000166585766
1.0530612244897959,0.9469387755102041,0.000591522983,-0.000167067165
1.0530612244897959,0.9387755102040816,0.000591958543,-0.000167088007
1.0530612244897959,0.9306122448979592,0.000591918868,-0.000166948959
1.0530612244897959,0.9224489795918367,0.000591768314,-0.000167238872
1.0530612244897959,0.9142857142857143,0.000592019684,-0.000166318204
1.0530612244897959,0.9061224489795918,0.000592175316,-0.000166829886
1.0530612244897959,0.8979591836734694,0.000591664433,-0.000167083704
1.0530612244897959,0.889795918367347,0.000590634329,-0.000167092085
1.0530612244897959,0.8816326530612244,0.000590405959,-0.000166282527
1.0530612244897959,0.8734693877551021,0.000589880413,-0.000165549685
1.0530612244897959,0.8653061224489795,0.000590409218,-0.000165849488
1.0530612244897959,0.8571428571428572,0.000590659628,-0.000166806894
1.0530612244897959,0.8489795918367347,0.000592124045,-0.000165569466
1.0530612244897959,0.8408163265306122,0.00059101258,-0.000164796003
1.0530612244897959,0.8326530612244898,0.000591114162,-0.000166967231
1.0530612244897959,0.8244897959183674,0.000590903233,-0.00016646756
1.0530612244897959,0.8163265306122449,0.000591055033,-0.000165865609
1.0530612244897959,0.8081632653061225,0.000590943867,-0.000166210306
1.0530612244897959,0.8,0.00059045675,-0.000165949841
1.0448979591836736,1.2,0.000591801664,-0.000166695366
1.0448979591836736,1.1918367346938774,0.000591522217,-0.00016532403
1.0448979591836736,1.183673469387755,0.000592069995,-0.0001663341
1.0448979591836736,1.1755102040816325,0.000592561138,-0.00016649357
1.0448979591836736,1.1673469387755102,0.000592681408,-0.000166940578
1.0448979591836736,1.1591836734693877,0.000591773873,-0.000167257144
1.0448979591836736,1.1510204081632653,0.00059154493,-0.00016751353
1.0448979591836736,1.1428571428571428,0.000592443647,-0.000167025901
1.0448979591836736,1.1346938775510205,0.000592314274,-0.000166427804
1.0448979591836736,1.126530612244898,0.000592628318,-0.000166713638
1.0448979591836736,1.1183673469387754,0.000592584138,-0.000167782377
1.0448979591836736,1.110204081632653,0.000592681888,-0.000167164724
1.0448979591836736,1.1020408163265305,0.000593300391,-0.000167282288
1.0448979591836736,1.0938775510204082,0.00059310863,-0.000168199519
1.0448979591836736,1.0857142857142856,0.000592039138,-0.000166985054
1.0448979591836736,1.0775510204081633,0.000592169758,-0.000166897804
1.0448979591836736,1.0693877551020408,0.000592005022,-0.00016697131
1.0448979591836736,1.0612244897959184,0.000592265016,-0.000167825793
1.0448979591836736,1.0530612244897959,0.000592244795,-0.000168148364
1.0448979591836736,1.0448979591836736,0.000593397468,-0.000167811182
1.0448979591836736,1.036734693877551,0.000593638488,-0.00016665818
1.0448979591836736,1.0285714285714285,0.000592971972,-0.000167442819
1.0448979591836736,1.0204081632653061,0.000593959816,-0.000168625237
1.0448979591836736,1.0122448979591836,0.000592930765,-0.000167090158
1.0448979591836736,1.0040816326530613,0.000593421428,-0.000166821087
1.0448979591836736,0.9959183673469387,0.0005932956,-0.000165791237
1.0448979591836736,0.9877551020408163,0.00059307758,-0.000166686985
1.0448979591836736,0.9795918367346939,0.00059395857,-0.000166291326
1.0448979591836736,0.9714285714285714,0.000592788262,-0.000167543171
1.0448979591836736,0.963265306122449,0.000593384532,-0.000166883193
1.0448979591836736,0.9551020408163265,0.000593308249,-0.000166163678
1.0448979591836736,0.9469387755102041,0.000593317066,-0.000167083061
1.0448979591836736,0.9387755102040816,0.000593026022,-0.000166454875
1.0448979591836736,0.9306122448979592,0.000593126072,-0.000166417496
1.0448979591836736,0.9224489795918367,0.000592873935,-0.000165826496
1.0448979591836736,0.9142857142857143,0.000593237524,-0.000166066762
1.0448979591836736,0.9061224489795918,0.00059208715,-0.000165030457
1.0448979591836736,0.8979591836734694,0.000591726341,-0.000165859797
1.0448979591836736,0.889795918367347,0.000591876415,-0.000165651547
1.0448979591836736,0.8816326530612244,0.000592646332,-0.000165276954
1.0448979591836736,0.8734693877551021,0.000592535646,-0.000165501131
1.0448979591836736,0.8653061224489795,0.000592890324,-0.000165243877
1.0448979591836736,0.8571428571428572,0.000593311028,-0.000165551837
1.0448979591836736,0.8489795918367347,0.00059246914,-0.000166471638
1.0448979591836736,0.8408163265306122,0.00059247901,-0.000165640372
1.0448979591836736,0.8326530612244898,0.000593908259,-0.000166150576
1.0448979591836736,0.8244897959183674,0.000593589423,-0.00016587033
1.0448979591836736,0.8163265306122449,0.000593055346,-0.000167210291
1.0448979591836736,0.8081632653061225,0.000592256678,-0.000167095746
1.0448979591836736,0.8,0.000593506048,-0.000166319488
1.036734693877551,1.2,0.000590871609,-0.000166722437
1.036734693877551,1.1918367346938774,0.000590503709,-0.000167243175
1.036734693877551,1.183673469387755,0.000590308402,-0.000167701357
1.036734693877551,1.1755102040816325,0.000591155849,-0.000167954532
1.036734693877551,1.1673469387755102,0.00059086931,-0.000166336893
1.036734693877551,1.1591836734693877,0.000590270261,-0.000166947032
1.036734693877551,1.1510204081632653,0.000590590915,-0.000166316695
1.036734693877551,1.1428571428571428,0.000592004542,-0.000165489731
1.036734693877551,1.1346938775510205,0.000591559112,-0.000166468202
1.036734693877551,1.126530612244898,0.00059097827,-0.000166877605
1.036734693877551,1.1183673469387754,0.000590335714,-0.000166300799
1.036734693877551,1.110204081632653,0.000590629824,-0.000166357317
1.036734693877551,1.1020408163265305,0.000592349156,-0.000167911534
1.036734693877551,1.0938775510204082,0.000591085604,-0.000167566613
1.036734693877551,1.0857142857142856,0.000591124512,-0.00016625157
1.036734693877551,1.0775510204081633,0.000590939842,-0.000166991508
1.036734693877551,1.0693877551020408,0.000590472658,-0.000166310883
1.036734693877551,1.0612244897959184,0.000589754105,-0.000166702463
1.036734693877551,1.0530612244897959,0.000590235185,-0.000167603574
1.036734693877551,1.0448979591836736,0.000590862506,-0.000166824523
1.036734693877551,1.036734693877551,0.000590111656,-0.000166745654
1.036734693877551,1.0285714285714285,0.00059075134,-0.000167212218
1.036734693877551,1.0204081632653061,0.000590105045,-0.000167179784
1.036734693877551,1.0122448979591836,0.000590155069,-0.000166650665
1.036734693877551,1.0040816326530613,0.000589905712,-0.000166956056
1.036734693877551,0.9959183673469387,0.00058987083,-0.000167365684
1.036734693877551,0.9877551020408163,0.000590296326,-0.000167939472
1.036734693877551,0.9795918367346939,0.000590340026,-0.000166686342
1.036734693877551,0.9714285714285714,0.000590140693,-0.00016677295
1.036734693877551,0.963265306122449,0.000590860013,-0.000167993197
1.036734693877551,0.9551020408163265,0.000590443334,-0.000167915613
1.036734693877551,0.9469387755102041,0.000589918075,-0.000168668877
1.036734693877551,0.9387755102040816,0.000590437296,-0.000167884238
1.036734693877551,0.9306122448979592,0.000590211898,-0.000167751645
1.036734693877551,0.9224489795918367,0.000591403193,-0.000168494377
1.036734693877551,0.9142857142857143,0.000590057799,-0.000168364996
1.036734693877551,0.9061224489795918,0.00059034635,-0.000168389498
1.036734693877551,0.8979591836734694,0.000589822338,-0.000167693618
1.036734693877551,0.889795918367347,0.000590478983,-0.000167131198
1.036734693877551,0.8816326530612244,0.000589899867,-0.000168171357
1.036734693877551,0.8734693877551021,0.000590671991,-0.000166549864
1.036734693877551,0.8653061224489795,0.000591469893,-0.000167639251
1.036734693877551,0.8571428571428572,0.000590975204,-0.000167106696
1.036734693877551,0.8489795918367347,0.000590429438,-0.000167356435
1.036734693877551,0.8408163265306122,0.000592622759,-0.000167939054
1.036734693877551,0.8326530612244898,0.00059034683,-0.000167729937
1.036734693877551,0.8244897959183674,0.000590618227,-0.000168021359
1.036734693877551,0.8163265306122449,0.000591089149,-0.000167845768
1.036734693877551,0.8081632653061225,0.000592763536,-0.000166767138
1.036734693877551,0.8,0.00059279334,-0.000167029337
1.0285714285714285,1.2,0.000590450712,-0.000167642463
1.0285714285714285,1.1918367346938774,0.000589800871,-0.000167823642
1.0285714285714285,1.183673469387755,0.000590347117,-0.00016716816
1.0285714285714285,1.1755102040816325,0.000589384479,-0.000168803622
1.0285714285714285,1.1673469387755102,0.000589877921,-0.000166401151
1.0285714285714285,1.1591836734693877,0.000589288455,-0.000167151622
1.0285714285714285,1.1510204081632653,0.000589076953,-0.000166761133
1.0285714285714285,1.1428571428571428,0.000588529747,-0.000168058738
1.0285714285714285,1.1346938775510205,0.000588403919,-0.000167918631
1.0285714285714285,1.126530612244898,0.000588770287,-0.000167430134
1.0285714285714285,1.1183673469387754,0.000588926399,-0.000167124326
1.0285714285714285,1.110204081632653,0.000590069682,-0.000168028456
1.0285714285714285,1.1020408163265305,0.000589579019,-0.000168848965
1.0285714285714285,1.0938775510204082,0.000588778818,-0.000166749957
1.0285714285714285,1.0857142857142856,0.000589487787,-0.000167362441
1.0285714285714285,1.0775510204081633,0.000587769221,-0.00016754362
1.0285714285714285,1.0693877551020408,0.000588950645,-0.000167804728
1.0285714285714285,1.0612244897959184,0.000588521603,-0.000168563998
1.0285714285714285,1.0530612244897959,0.000589269767,-0.000168370808
1.0285714285714285,1.0448979591836736,0.000588678289,-0.000167192019
1.0285714285714285,1.036734693877551,0.000588637081,-0.000166860425
1.0285714285714285,1.0285714285714285,0.000590201548,-0.000167200819
1.0285714285714285,1.0204081632653061,0.000590576733,-0.000167180202
1.0285714285714285,1.0122448979591836,0.000589634602,-0.000167015368
1.0285714285714285,1.0040816326530613,0.000589749793,-0.000166379025
1.0285714285714285,0.9959183673469387,0.000590124979,-0.000166868581
1.0285714285714285,0.9877551020408163,0.000590645732,-0.000167841465
1.0285714285714285,0.9795918367346939,0.000590499204,-0.00016728916
1.0285714285714285,0.9714285714285714,0.000589713665,-0.000167340315
1.0285714285714285,0.963265306122449,0.00059040318,-0.000166589844
1.0285714285714285,0.9551020408163265,0.000591463854,-0.00016730056
1.0285714285714285,0.9469387755102041,0.000590192251,-0.000167362665
1.0285714285714285,0.9387755102040816,0.000589742222,-0.000166230954
1.0285714285714285,0.9306122448979592,0.000590550475,-0.00016771189
1.0285714285714285,0.9224489795918367,0.000589990333,-0.000167697054
1.0285714285714285,0.9142857142857143,0.0005915548,-0.000167601647
1.0285714285714285,0.9061224489795918,0.000591136109,-0.000167809673
1.0285714285714285,0.8979591836734694,0.000590623499,-0.000168296436
1.0285714285714285,0.889795918367347,0.00059033648,-0.00016875054
1.0285714285714285,0.8816326530612244,0.000590401453,-0.000167887032
1.0285714285714285,0.8734693877551021,0.000590642953,-0.00016825668
1.0285714285714285,0.8653061224489795,0.00059093553,-0.000167725859
1.0285714285714285,0.8571428571428572,0.000590596187,-0.000167074038
1.0285714285714285,0.8489795918367347,0.000590914829,-0.000168105815
1.0285714285714285,0.8408163265306122,0.000591267495,-0.00016748495
1.0285714285714285,0.8326530612244898,0.000591356714,-0.000167453352
1.0285714285714285,0.8244897959183674,0.000588751599,-0.00016740133
1.0285714285714285,0.8163265306122449,0.000589746534,-0.000166144122
1.0285714285714285,0.8081632653061225,0.000590272273,-0.00016789779
1.0285714285714285,0.8,0.000588927932,-0.000167761954
1.0204081632653061,1.2,0.000591388531,-0.00016600851
1.0204081632653061,1.1918367346938774,0.000591411051,-0.000166063101
1.0204081632653061,1.183673469387755,0.000592824677,-0.000166254589
1.0204081632653061,1.1755102040816325,0.000592373689,-0.00016546995
1.0204081632653061,1.1673469387755102,0.00059224029,-0.000166139819
1.0204081632653061,1.1591836734693877,0.000592725588,-0.000165994541
1.0204081632653061,1.1510204081632653,0.000592133916,-0.000164517684
1.0204081632653061,1.1428571428571428,0.000590754405,-0.000164367043
1.0204081632653061,1.1346938775510205,0.000590792261,-0.000165811018
1.0204081632653061,1.126530612244898,0.000589797325,-0.000165623833
1.0204081632653061,1.1183673469387754,0.000589474178,-0.000165439218
1.0204081632653061,1.110204081632653,0.000588697743,-0.000165685297
1.0204081632653061,1.1020408163265305,0.000590350662,-0.000165167353
1.0204081632653061,1.0938775510204082,0.000590279364,-0.000166795718
1.0204081632653061,1.0857142857142856,0.000590571941,-0.000166485831
1.0204081632653061,1.0775510204081633,0.000589692198,-0.000166275654
1.0204081632653061,1.0693877551020408,0.000589373076,-0.000166734479
1.0204081632653061,1.0612244897959184,0.000589224534,-0.000166409532
1.0204081632653061,1.0530612244897959,0.000590484541,-0.000165944895
1.0204081632653061,1.0448979591836736,0.000589144706,-0.000166576518
1.0204081632653061,1.036734693877551,0.000589693731,-0.00016661091
1.0204081632653061,1.0285714285714285,0.000590436816,-0.000166056872
1.0204081632653061,1.0204081632653061,0.000590987087,-0.000165889244
1.0204081632653061,1.0122448979591836,0.000590243522,-0.000166172926
1.0204081632653061,1.0040816326530613,0.000590452152,-0.000165517862
1.0204081632653061,0.9959183673469387,0.000589251846,-0.000166429313
1.0204081632653061,0.9877551020408163,0.00058964294,-0.000164749793
1.0204081632653061,0.9795918367346939,0.00058965329,-0.000165616512
1.0204081632653061,0.9714285714285714,0.000589853388,-0.000165951992
1.0204081632653061,0.963265306122449,0.000590234898,-0.000165484786
1.0204081632653061,0.9551020408163265,0.000589560331,-0.000166875036
1.0204081632653061,0.9469387755102041,0.000589545669,-0.00016535412
1.0204081632653061,0.9387755102040816,0.000590558812,-0.0001654476
1.0204081632653061,0.9306122448979592,0.000589929958,-0.000166202791
1.0204081632653061,0.9224489795918367,0.000590099486,-0.000165290505
1.0204081632653061,0.9142857142857143,0.00059049997,-0.000165046578
1.0204081632653061,0.9061224489795918,0.000589170198,-0.000164660809
1.0204081632653061,0.8979591836734694,0.00059057702,-0.000165600616
1.0204081632653061,0.889795918367347,0.000589042643,-0.000166438112
1.0204081632653061,0.8816326530612244,0.000589671977,-0.000166223857
1.0204081632653061,0.8734693877551021,0.000589945387,-0.00016627543
1.0204081632653061,0.8653061224489795,0.000589415816,-0.000166590711
1.0204081632653061,0.8571428571428572,0.000590763989,-0.000166656253
1.0204081632653061,0.8489795918367347,0.000591527775,-0.00016663949
1.0204081632653061,0.8408163265306122,0.00058944562,-0.00016619958
1.0204081632653061,0.8326530612244898,0.000589918075,-0.000165924054
1.0204081632653061,0.8244897959183674,0.000590395609,-0.00016498232
1.0204081632653061,0.8163265306122449,0.000588653276,-0.000164907755
1.0204081632653061,0.8081632653061225,0.000589664886,-0.000165059262
1.0204081632653061,0.8,0.000590400401,-0.000164924293
1.0122448979591836,1.2,0.000589490566,-0.000164941698
1.0122448979591836,1.1918367346938774,0.000589890764,-0.000165157045
1.0122448979591836,1.183673469387755,0.000590068149,-0.000164872944
1.0122448979591836,1.1755102040816325,0.000588531474,-0.000165313497
1.0122448979591836,1.1673469387755102,0.000588553993,-0.0001648031
1.0122448979591836,1.1591836734693877,0.00058891375,-0.000165579132
1.0122448979591836,1.1510204081632653,0.00058710951,-0.000164409592
1.0122448979591836,1.1428571428571428,0.000588480683,-0.000164718837
1.0122448979591836,1.1346938775510205,0.000588828843,-0.000165585362
1.0122448979591836,1.126530612244898,0.000589008241,-0.000166591353
1.0122448979591836,1.1183673469387754,0.00058825078,-0.000165013919
1.0122448979591836,1.110204081632653,0.000587737117,-0.000165395802
1.0122448979591836,1.1020408163265305,0.000588608044,-0.000165116005
1.0122448979591836,1.0938775510204082,0.000589240729,-0.000165520881
1.0122448979591836,1.0857142857142856,0.000587900607,-0.000165002101
1.0122448979591836,1.0775510204081633,0.000589537812,-0.000164763538
1.0122448979591836,1.0693877551020408,0.000590600499,-0.000166301216
1.0122448979591836,1.0612244897959184,0.000591077266,-0.000165983591
1.0122448979591836,1.0530612244897959,0.000591218523,-0.00016461203
1.0122448979591836,1.0448979591836736,0.000591209899,-0.000165250749
1.0122448979591836,1.036734693877551,0.000591802911,-0.000165714295
1.0122448979591836,1.0285714285714285,0.000590679848,-0.00016707468
1.0122448979591836,1.0204081632653061,0.000590797339,-0.000165855494
1.0122448979591836,1.0122448979591836,0.000591426193,-0.000165789309
1.0122448979591836,1.0040816326530613,0.000591409518,-0.00016600851
1.0122448979591836,0.9959183673469387,0.000589698043,-0.000166012171
1.0122448979591836,0.9877551020408163,0.000590168199,-0.000166046981
1.0122448979591836,0.9795918367346939,0.000590954504,-0.000166378383
1.0122448979591836,0.9714285714285714,0.000590194744,-0.000165068286
1.0122448979591836,0.963265306122449,0.00059057702,-0.000166339269
1.0122448979591836,0.9551020408163265,0.000590750573,-0.000165457266
1.0122448979591836,0.9469387755102041,0.00058995823,-0.000166409532
1.0122448979591836,0.9387755102040816,0.000591691265,-0.000167177408
1.0122448979591836,0.9306122448979592,0.00059177186,-0.000167440249
1.0122448979591836,0.9224489795918367,0.000590763989,-0.000166378158
1.0122448979591836,0.9142857142857143,0.000591355948,-0.000166134455
1.0122448979591836,0.9061224489795918,0.000592800431,-0.000165760505
1.0122448979591836,0.8979591836734694,0.000592102292,-0.000166241262
1.0122448979591836,0.889795918367347,0.000590986035,-0.000166979049
1.0122448979591836,0.8816326530612244,0.000591820352,-0.000165235271
1.0122448979591836,0.8734693877551021,0.00059128369,-0.000166744145
1.0122448979591836,0.8653061224489795,0.000591442868,-0.000166715789
1.0122448979591836,0.8571428571428572,0.000591335441,-0.000166302726
1.0122448979591836,0.8489795918367347,0.000591287235,-0.000166152085
1.0122448979591836,0.8408163265306122,0.000590822831,-0.000166865145
1.0122448979591836,0.8326530612244898,0.000590073707,-0.000165588156
1.0122448979591836,0.8244897959183674,0.000590777405,-0.000166071483
1.0122448979591836,0.8163265306122449,0.000591059825,-0.000165769528
1.0122448979591836,0.8081632653061225,0.00059092518,-0.000165935872
1.0122448979591836,0.8,0.00059063107,-0.000165887092
1.0040816326530613,1.2,0.000590596954,-0.00016786147
1.0040816326530613,1.1918367346938774,0.000589665653,-0.000166423083
1.0040816326530613,1.183673469387755,0.000589206327,-0.000166554167
1.0040816326530613,1.1755102040816325,0.00058958707,-0.000166917585
1.0040816326530613,1.1673469387755102,0.000589573747,-0.000166193768
1.0040816326530613,1.1591836734693877,0.000589347583,-0.000166033879
1.0040816326530613,1.1510204081632653,0.000590139927,-0.000166597583
1.0040816326530613,1.1428571428571428,0.000590089136,-0.000166496364
1.0040816326530613,1.1346938775510205,0.000590149031,-0.000165857003
1.0040816326530613,1.126530612244898,0.000590793507,-0.000165640372
1.0040816326530613,1.1183673469387754,0.000589964841,-0.000165982724
1.0040816326530613,1.110204081632653,0.000590056266,-0.000165803278
1.0040816326530613,1.1020408163265305,0.000589943854,-0.000166157673
1.0040816326530613,1.0938775510204082,0.000589742989,-0.000165287711
1.0040816326530613,1.0857142857142856,0.000589802117,-0.000166813572
1.0040816326530613,1.0775510204081633,0.000591343585,-0.000166393636
1.0040816326530613,1.0693877551020408,0.000591552787,-0.000166517206
1.0040816326530613,1.0612244897959184,0.000590188899,-0.000166275654
1.0040816326530613,1.0530612244897959,0.000590378934,-0.000167037718
1.0040816326530613,1.0448979591836736,0.000590227041,-0.000166847098
1.0040816326530613,1.036734693877551,0.000590418322,-0.000166000771
1.0040816326530613,1.0285714285714285,0.000589721236,-0.000166488625
1.0040816326530613,1.0204081632653061,0.00059081478,-0.000167196322
1.0040816326530613,1.0122448979591836,0.000590634615,-0.000166855479
1.0040816326530613,1.0040816326530613,0.000590116927,-0.000165753857
1.0040816326530613,0.9959183673469387,0.000589851376,-0.000167180844
1.0040816326530613,0.9877551020408163,0.000590363792,-0.000166357541
1.0040816326530613,0.9795918367346939,0.000591135915,-0.000164714116
1.0040816326530613,0.9714285714285714,0.000590027515,-0.000166425653
1.0040816326530613,0.963265306122449,0.000590527955,-0.000165147154
1.0040816326530613,0.9551020408163265,0.000590681095,-0.000166839134
1.0040816326530613,0.9469387755102041,0.000591289248,-0.000165529904
1.0040816326530613,0.9387755102040816,0.00058996762,-0.000166030218
1.0040816326530613,0.9306122448979592,0.000590427712,-0.000166163678
1.0040816326530613,0.9224489795918367,0.00059060759,-0.000166128643
1.0040816326530613,0.9142857142857143,0.000590174237,-0.00016621676
1.0040816326530613,0.9061224489795918,0.000591117707,-0.000166716207
1.0040816326530613,0.8979591836734694,0.000589862779,-0.000166349578
1.0040816326530613,0.889795918367347,0.000591256378,-0.000165623609
1.0040816326530613,0.8816326530612244,0.000589994165,-0.000165786516
1.0040816326530613,0.8734693877551021,0.000590646978,-0.000165604052
1.0040816326530613,0.8653061224489795,0.00059037922,-0.000165834653
1.0040816326530613,0.8571428571428572,0.000590551721,-0.000165367446
1.0040816326530613,0.8489795918367347,0.000589701302,-0.000166133589
1.0040816326530613,0.8408163265306122,0.000589076187,-0.000164361455
1.0040816326530613,0.8326530612244898,0.000589873609,-0.000165062056
1.0040816326530613,0.8244897959183674,0.000588774792,-0.00016532403
1.0040816326530613,0.8163265306122449,0.000589820805,-0.000165597822
1.0040816326530613,0.8081632653061225,0.000589646965,-0.000165433631
1.0040816326530613,0.8,0.000589913763,-0.000166156164
0.9959183673469387,1.2,0.000591604825,-0.000165117932
0.9959183673469387,1.1918367346938774,0.000590975491,-0.000164654804
0.9959183673469387,1.183673469387755,0.000590502749,-0.000164509944
0.9959183673469387,1.1755102040816325,0.000590738977,-0.000165229266
0.9959183673469387,1.1673469387755102,0.00058995497,-0.000166377516
0.9959183673469387,1.1591836734693877,0.000590552007,-0.000164990702
0.9959183673469387,1.1510204081632653,0.000592403779,-0.000165496603
0.9959183673469387,1.1428571428571428,0.000592196303,-0.000165773831
0.9959183673469387,1.1346938775510205,0.00059166146,-0.000164513381
0.9959183673469387,1.126530612244898,0.000590312714,-0.000165085691
0.9959183673469387,1.1183673469387754,0.000591769274,-0.000164349638
0.9959183673469387,1.110204081632653,0.000591027242,-0.000165713235
0.9959183673469387,1.1020408163265305,0.0005914444,-0.000164339105
0.9959183673469387,1.0938775510204082,0.000591983555,-0.000165066777
0.9959183673469387,1.0857142857142856,0.000592898468,-0.000164108729
0.9959183673469387,1.0775510204081633,0.000593096554,-0.000164209724
0.9959183673469387,1.0693877551020408,0.000593253146,-0.000165239574
0.9959183673469387,1.0612244897959184,0.000592418922,-0.00016604226
0.9959183673469387,1.0530612244897959,0.000592447673,-0.000164281078
0.9959183673469387,1.0448979591836736,0.000592986634,-0.000165231417
0.9959183673469387,1.036734693877551,0.000593136708,-0.000164220899
0.9959183673469387,1.0285714285714285,0.000592203874,-0.000164317173
0.9959183673469387,1.0204081632653061,0.000591704394,-0.00016434039
0.9959183673469387,1.0122448979591836,0.00059279382,-0.000164532295
0.9959183673469387,1.0040816326530613,0.000592294053,-0.000164097972
0.9959183673469387,0.9959183673469387,0.000592505555,-0.000164849727
0.9959183673469387,0.9877551020408163,0.000592015179,-0.000163436485
0.9959183673469387,0.9795918367346939,0.000591853222,-0.000163390917
0.9959183673469387,0.9714285714285714,0.000592411544,-0.000163736063
0.9959183673469387,0.963265306122449,0.000591895389,-0.000164458371
0.9959183673469387,0.9551020408163265,0.000592352702,-0.000164621278
0.9959183673469387,0.9469387755102041,0.000592605604,-0.000164831455
0.9959183673469387,0.9387755102040816,0.000591590929,-0.000164893561
0.9959183673469387,0.9306122448979592,0.000592492426,-0.000164358662
0.9959183673469387,0.9224489795918367,0.000592561904,-0.000164867132
0.9959183673469387,0.9142857142857143,0.000592279198,-0.000164816844
0.9959183673469387,0.9061224489795918,0.000591439322,-0.000164609012
0.9959183673469387,0.8979591836734694,0.000591031554,-0.000164048968
0.9959183673469387,0.889795918367347,0.00059227182,-0.000164683384
0.9959183673469387,0.8816326530612244,0.000590819286,-0.000164553809
0.9959183673469387,0.8734693877551021,0.000592025242,-0.00016415449
0.9959183673469387,0.8653061224489795,0.000591087903,-0.000164141163
0.9959183673469387,0.8571428571428572,0.000591674303,-0.000166220196
0.9959183673469387,0.8489795918367347,0.000591563904,-0.0001639052
0.9959183673469387,0.8408163265306122,0.00059139035,-0.000165036269
0.9959183673469387,0.8326530612244898,0.000590401933,-0.000165411056
0.9959183673469387,0.8244897959183674,0.000590824364,-0.000164891634
0.9959183673469387,0.8163265306122449,0.000591425426,-0.000164424846
0.9959183673469387,0.8081632653061225,0.000590952971,-0.000165017997
0.9959183673469387,0.8,0.000591716757,-0.00016642135
0.9877551020408163,1.2,0.000592721849,-0.000167780001
0.9877551020408163,1.1918367346938774,0.000592902207,-0.000167999009
0.9877551020408163,1.183673469387755,0.000593296366,-0.000166980558
0.9877551020408163,1.1755102040816325,0.000592710446,-0.000168366505
0.9877551020408163,1.1673469387755102,0.000592299898,-0.000168693155
0.9877551020408163,1.1591836734693877,0.00059240196,-0.000167339448
0.9877551020408163,1.1510204081632653,0.00059344596,-0.000167126895
0.9877551020408163,1.1428571428571428,0.000593433311,-0.000166772726
0.9877551020408163,1.1346938775510205,0.000593123292,-0.000166559337
0.9877551020408163,1.126530612244898,0.000592592475,-0.000166207319
0.9877551020408163,1.1183673469387754,0.00059279382,-0.0001667953
0.9877551020408163,1.110204081632653,0.000592750887,-0.000166895235
0.9877551020408163,1.1020408163265305,0.000592494439,-0.000166546653
0.9877551020408163,1.0938775510204082,0.000592342065,-0.000166451439
0.9877551020408163,1.0857142857142856,0.000592107371,-0.000166764569
0.9877551020408163,1.0775510204081633,0.000592328936,-0.000165820041
0.9877551020408163,1.0693877551020408,0.000593910078,-0.000166505164
0.9877551020408163,1.0612244897959184,0.00059260963,-0.000165640372
0.9877551020408163,1.0530612244897959,0.000593095501,-0.000166569421
0.9877551020408163,1.0448979591836736,0.000594425273,-0.000166513127
0.9877551020408163,1.036734693877551,0.000592802444,-0.000167118096
0.9877551020408163,1.0285714285714285,0.000592414896,-0.000166474656
0.9877551020408163,1.0204081632653061,0.000591815274,-0.000165945762
0.9877551020408163,1.0122448979591836,0.000591944647,-0.000166894368
0.9877551020408163,1.0040816326530613,0.000591112629,-0.000166840001
0.9877551020408163,0.9959183673469387,0.000591405492,-0.000166921246
0.9877551020408163,0.9877551020408163,0.000591640954,-0.000167642463
0.9877551020408163,0.9795918367346939,0.000590919049,-0.000168201671
0.9877551020408163,0.9714285714285714,0.000591896349,-0.000166946165
0.9877551020408163,0.963265306122449,0.000591019671,-0.000167115945
0.9877551020408163,0.9551020408163265,0.000590539838,-0.000167406724
0.9877551020408163,0.9469387755102041,0.00058989105,-0.000166730176
0.9877551020408163,0.9387755102040816,0.000592303924,-0.000166970025
0.9877551020408163,0.9306122448979592,0.00059177234,-0.000167588096
0.9877551020408163,0.9224489795918367,0.000591292794,-0.000167493749
0.9877551020408163,0.9142857142857143,0.000591508321,-0.000167333861
0.9877551020408163,0.9061224489795918,0.000592331429,-0.000168072514
0.9877551020408163,0.8979591836734694,0.00059138048,-0.000168177169
0.9877551020408163,0.889795918367347,0.00059067477,-0.000168196726
0.9877551020408163,0.8816326530612244,0.000591715511,-0.000167830514
0.9877551020408163,0.8734693877551021,0.000590981243,-0.000167452485
0.9877551020408163,0.8653061224489795,0.000592297405,-0.000167998142
0.9877551020408163,0.8571428571428572,0.000592723381,-0.000168223379
0.9877551020408163,0.8489795918367347,0.000592369857,-0.000167900583
0.9877551020408163,0.8408163265306122,0.000591569942,-0.000167925085
0.9877551020408163,0.8326530612244898,0.000591967647,-0.000167738094
0.9877551020408163,0.8244897959183674,0.000591313494,-0.000168286127
0.9877551020408163,0.8163265306122449,0.000591324131,-0.000168263777
0.9877551020408163,0.8081632653061225,0.00059143405,-0.000167780226
0.9877551020408163,0.8,0.000591128057,-0.000168118275
0.9795918367346939,1.2,0.000592840299,-0.000167018162
0.9795918367346939,1.1918367346938774,0.000591509567,-0.000167160421
0.9795918367346939,1.183673469387755,0.00059140396,-0.000166215476
0.9795918367346939,1.1755102040816325,0.000589822818,-0.000167700297
0.9795918367346939,1.1673469387755102,0.000591737457,-0.000166824523
0.9795918367346939,1.1591836734693877,0.000590839313,-0.000166567494
0.9795918367346939,1.1510204081632653,0.000590125265,-0.000166132304
0.9795918367346939,1.1428571428571428,0.000590658095,-0.000166071483
0.9795918367346939,1.1346938775510205,0.000590143473,-0.000165569884
0.9795918367346939,1.126530612244898,0.000590403946,-0.000165878711
0.9795918367346939,1.1183673469387754,0.000590626758,-0.00016653612
0.9795918367346939,1.110204081632653,0.000590904959,-0.00016742262
0.9795918367346939,1.1020408163265305,0.000590752393,-0.000166392351
0.9795918367346939,1.0938775510204082,0.00058988118,-0.000166605322
0.9795918367346939,1.0857142857142856,0.00058997845,-0.000166152503
0.9795918367346939,1.0775510204081633,0.000590290481,-0.000166989357
0.9795918367346939,1.0693877551020408,0.000590928439,-0.000167190735
0.9795918367346939,1.0612244897959184,0.000590136382,-0.000166294569
0.9795918367346939,1.0530612244897959,0.000591400414,-0.000165654565
0.9795918367346939,1.0448979591836736,0.000591830416,-0.000167025034
0.9795918367346939,1.036734693877551,0.000591682641,-0.000166848383
0.9795918367346939,1.0285714285714285,0.000591602332,-0.000166809045
0.9795918367346939,1.0204081632653061,0.000590736678,-0.000167421111
0.9795918367346939,1.0122448979591836,0.000591127578,-0.000167642463
0.9795918367346939,1.0040816326530613,0.000591198303,-0.000166183877
0.9795918367346939,0.9959183673469387,0.000591051488,-0.000165841107
0.9795918367346939,0.9877551020408163,0.000590698536,-0.000166421992
0.9795918367346939,0.9795918367346939,0.000591226574,-0.000167238229
0.9795918367346939,0.9714285714285714,0.000591252639,-0.000166311749
0.9795918367346939,0.963265306122449,0.000590970126,-0.000167291536
0.9795918367346939,0.9551020408163265,0.000592492426,-0.000167894996
0.9795918367346939,0.9469387755102041,0.000591185173,-0.000167219315
0.9795918367346939,0.9387755102040816,0.00059103184,-0.00016844881
0.9795918367346939,0.9306122448979592,0.000591384219,-0.000168615795
0.9795918367346939,0.9224489795918367,0.000590706873,-0.000167306565
0.9795918367346939,0.9142857142857143,0.000590981529,-0.00016768074
0.9795918367346939,0.9061224489795918,0.000591319819,-0.000167984397
0.9795918367346939,0.8979591836734694,0.000591908232,-0.00016778151
0.9795918367346939,0.889795918367347,0.000592272873,-0.000168959432
0.9795918367346939,0.8816326530612244,0.000591070748,-0.000168176302
0.9795918367346939,0.8734693877551021,0.000592005022,-0.000167490313
0.9795918367346939,0.8653061224489795,0.000592015372,-0.000167444328
0.9795918367346939,0.8571428571428572,0.000592320599,-0.000168311914
0.9795918367346939,0.8489795918367347,0.000592572735,-0.000168429895
0.9795918367346939,0.8408163265306122,0.000592013359,-0.000167829872
0.9795918367346939,0.8326530612244898,0.000592734978,-0.000168229384
0.9795918367346939,0.8244897959183674,0.000592520984,-0.000167149695
0.9795918367346939,0.8163265306122449,0.000593192291,-0.000166059023
0.9795918367346939,0.8081632653061225,0.000592666746,-0.00016652366
0.9795918367346939,0.8,0.000592231952,-0.000167546189
0.9714285714285714,1.2,0.000590287702,-0.000167287008
0.9714285714285714,1.1918367346938774,0.000591212965,-0.000168300738
0.9714285714285714,1.183673469387755,0.000591083591,-0.000167970428
0.9714285714285714,1.1755102040816325,0.000591105824,-0.000166894368
0.9714285714285714,1.1673469387755102,0.000590164939,-0.000167217164
0.9714285714285714,1.1591836734693877,0.000589571448,-0.000167526633
0.9714285714285714,1.1510204081632653,0.000590465567,-0.000166560622
0.9714285714285714,1.1428571428571428,0.00059015229,-0.00016670439
0.9714285714285714,1.1346938775510205,0.000589906479,-0.000165501549
0.9714285714285714,1.126530612244898,0.000591132083,-0.000166077713
0.9714285714285714,1.1183673469387754,0.000590106577,-0.000167144525
0.9714285714285714,1.110204081632653,0.000590545969,-0.000165801994
0.9714285714285714,1.1020408163265305,0.000590820052,-0.000166314125
0.9714285714285714,1.0938775510204082,0.000589333688,-0.000168104306
0.9714285714285714,1.0857142857142856,0.000590511567,-0.000167659032
0.9714285714285714,1.0775510204081633,0.000590384012,-0.000166994302
0.9714285714285714,1.0693877551020408,0.000590818806,-0.00016677295
0.9714285714285714,1.0612244897959184,0.0005909684,-0.000166626806
0.9714285714285714,1.0530612244897959,0.000591236731,-0.000166033237
0.9714285714285714,1.0448979591836736,0.000590036046,-0.000166804324
0.9714285714285714,1.036734693877551,0.00059156563,-0.000166832487
0.9714285714285714,1.0285714285714285,0.00059206645,-0.000167029113
0.9714285714285714,1.0204081632653061,0.000591905259,-0.000167644839
0.9714285714285714,1.0122448979591836,0.000592202628,-0.000167409518
0.9714285714285714,1.0040816326530613,0.000592577813,-0.000167121532
0.9714285714285714,0.9959183673469387,0.000593037139,-0.00016713335
0.9714285714285714,0.9877551020408163,0.000591692031,-0.00016743508
0.9714285714285714,0.9795918367346939,0.000592514659,-0.000167361156
0.9714285714285714,0.9714285714285714,0.000592121746,-0.000167114018
0.9714285714285714,0.963265306122449,0.000593645292,-0.00016831278
0.9714285714285714,0.9551020408163265,0.000592920415,-0.000168133111
0.9714285714285714,0.9469387755102041,0.000592910544,-0.0001669812
0.9714285714285714,0.9387755102040816,0.000593111696,-0.000166966364
0.9714285714285714,0.9306122448979592,0.000593864845,-0.000167627852
0.9714285714285714,0.9224489795918367,0.00059449983,-0.000167531578
0.9714285714285714,0.9142857142857143,0.000593005322,-0.000167237363
0.9714285714285714,0.9061224489795918,0.000593524256,-0.000166476808
0.9714285714285714,0.8979591836734694,0.000593309495,-0.000166809687
0.9714285714285714,0.889795918367347,0.000593204174,-0.000167259071
0.9714285714285714,0.8816326530612244,0.00059261998,-0.000167215654
0.9714285714285714,0.8734693877551021,0.000592141967,-0.000166883835
0.9714285714285714,0.8653061224489795,0.000593485348,-0.000167213952
0.9714285714285714,0.8571428571428572,0.000592214224,-0.000167911116
0.9714285714285714,0.8489795918367347,0.000593427272,-0.000167460448
0.9714285714285714,0.8408163265306122,0.000592375702,-0.000168500607
0.9714285714285714,0.8326530612244898,0.000592639434,-0.000168211337
0.9714285714285714,0.8244897959183674,0.00059248888,-0.000168461494
0.9714285714285714,0.8163265306122449,0.000593291288,-0.000168810943
0.9714285714285714,0.8081632653061225,0.000592517152,-0.000167870269
0.9714285714285714,0.8,0.000592228887,-0.000167874797
0.963265306122449,1.2,0.000593220083,-0.000167081777
0.963265306122449,1.1918367346938774,0.000592115708,-0.000167455921
0.963265306122449,1.183673469387755,0.000592272587,-0.000167119156
0.963265306122449,1.1755102040816325,0.000592085904,-0.000166363965
0.963265306122449,1.1673469387755102,0.000592636941,-0.000168513291
0.963265306122449,1.1591836734693877,0.000593352715,-0.000167964841
0.963265306122449,1.1510204081632653,0.000593277678,-0.000167303771
0.963265306122449,1.1428571428571428,0.000593442128,-0.0001678116
0.963265306122449,1.1346938775510205,0.000593956843,-0.000168177811
0.963265306122449,1.126530612244898,0.000592949452,-0.000167523839
0.963265306122449,1.1183673469387754,0.000592693004,-0.000166627673
0.963265306122449,1.110204081632653,0.000594015685,-0.000166851819
0.963265306122449,1.1020408163265305,0.000594013386,-0.000167265525
0.963265306122449,1.0938775510204082,0.000593090709,-0.000166468202
0.963265306122449,1.0857142857142856,0.000593175616,-0.000166925742
0.963265306122449,1.0775510204081633,0.000593192771,-0.000166980558
0.963265306122449,1.0693877551020408,0.000593544957,-0.000167301202
0.963265306122449,1.0612244897959184,0.000592175316,-0.000167988476
0.963265306122449,1.0530612244897959,0.000593158175,-0.000167165815
0.963265306122449,1.0448979591836736,0.000593936143,-0.000166504103
0.963265306122449,1.036734693877551,0.00059400179,-0.000167082419
0.963265306122449,1.0285714285714285,0.000593100099,-0.000166303368
0.963265306122449,1.0204081632653061,0.000593196603,-0.000166371061
0.963265306122449,1.0122448979591836,0.00059276277,-0.000168210052
0.963265306122449,1.0040816326530613,0.000591714458,-0.000167330425
0.963265306122449,0.9959183673469387,0.000592689265,-0.000166531817
0.963265306122449,0.9877551020408163,0.000592677862,-0.000167148828
0.963265306122449,0.9795918367346939,0.000592811261,-0.000167558873
0.963265306122449,0.9714285714285714,0.000592610396,-0.00016628683
0.963265306122449,0.963265306122449,0.000591656096,-0.00016663326
0.963265306122449,0.9551020408163265,0.000592634449,-0.0001676818
0.963265306122449,0.9469387755102041,0.000591492892,-0.000166843437
0.963265306122449,0.9387755102040816,0.000592062138,-0.000167519118
0.963265306122449,0.9306122448979592,0.000592336027,-0.000166593923
0.963265306122449,0.9224489795918367,0.000593659668,-0.000167427565
0.963265306122449,0.9142857142857143,0.00059278347,-0.000167150979
0.963265306122449,0.9061224489795918,0.000592198316,-0.000166508824
0.963265306122449,0.8979591836734694,0.000592977244,-0.000167173748
0.963265306122449,0.889795918367347,0.000592322131,-0.000168111627
0.963265306122449,0.8816326530612244,0.00059187996,-0.000167205346
0.963265306122449,0.8734693877551021,0.00059230469,-0.000166948092
0.963265306122449,0.8653061224489795,0.000591997737,-0.000167338806
0.963265306122449,0.8571428571428572,0.000592104111,-0.000167319025
0.963265306122449,0.8489795918367347,0.000591189965,-0.000168233045
0.963265306122449,0.8408163265306122,0.000591958063,-0.000168319653
0.963265306122449,0.8326530612244898,0.000591188432,-0.000167329782
0.963265306122449,0.8244897959183674,0.00059128369,-0.000167001399
0.963265306122449,0.8163265306122449,0.000590660874,-0.000167971071
0.963265306122449,0.8081632653061225,0.000590588616,-0.000167660959
0.963265306122449,0.8,0.00059030265,-0.000167310644
0.9551020408163265,1.2,0.000589654056,-0.000166781749
0.9551020408163265,1.1918367346938774,0.000590913297,-0.000166895877
0.9551020408163265,1.183673469387755,0.00059034913,-0.000165648753
0.9551020408163265,1.1755102040816325,0.000590335234,-0.00016684408
0.9551020408163265,1.1673469387755102,0.000589401154,-0.000165621682
0.9551020408163265,1.1591836734693877,0.000589745768,-0.000166503879
0.9551020408163265,1.1510204081632653,0.000590284923,-0.000166960777
0.9551020408163265,1.1428571428571428,0.000590933517,-0.000166547937
0.9551020408163265,1.1346938775510205,0.00059050045,-0.000166578251
0.9551020408163265,1.126530612244898,0.000591755665,-0.000166000996
0.9551020408163265,1.1183673469387754,0.000590301598,-0.000166725231
0.9551020408163265,1.110204081632653,0.000591077746,-0.000167704793
0.9551020408163265,1.1020408163265305,0.00059056389,-0.000167160645
0.9551020408163265,1.0938775510204082,0.000590449179,-0.000167512021
0.9551020408163265,1.0857142857142856,0.000591737744,-0.000166720928
0.9551020408163265,1.0775510204081633,0.000589831922,-0.000167837611
0.9551020408163265,1.0693877551020408,0.000590816793,-0.000167160003
0.9551020408163265,1.0612244897959184,0.000591310235,-0.00016717805
0.9551020408163265,1.0530612244897959,0.000590453204,-0.000166942087
0.9551020408163265,1.0448979591836736,0.000591535826,-0.000166953904
0.9551020408163265,1.036734693877551,0.00059109902,-0.000166305101
0.9551020408163265,1.0285714285714285,0.000591676796,-0.000166491419
0.9551020408163265,1.0204081632653061,0.000590993892,-0.000165843258
0.9551020408163265,1.0122448979591836,0.000590496424,-0.000166897804
0.9551020408163265,1.0040816326530613,0.000591176069,-0.000165433631
0.9551020408163265,0.9959183673469387,0.000591765535,-0.000165968112
0.9551020408163265,0.9877551020408163,0.00059129308,-0.000166409532
0.9551020408163265,0.9795918367346939,0.000591722315,-0.000165632632
0.9551020408163265,0.9714285714285714,0.000591074487,-0.000165059262
0.9551020408163265,0.963265306122449,0.000591489347,-0.000166820445
0.9551020408163265,0.9551020408163265,0.000591519437,-0.000167077249
0.9551020408163265,0.9469387755102041,0.000591438556,-0.000166686985
0.9551020408163265,0.9387755102040816,0.000592605124,-0.000168084332
0.9551020408163265,0.9306122448979592,0.000591810002,-0.000167123684
0.9551020408163265,0.9224489795918367,0.000591531514,-0.000166696233
0.9551020408163265,0.9142857142857143,0.000590492592,-0.000166648514
0.9551020408163265,0.9061224489795918,0.000591057332,-0.000166862994
0.9551020408163265,0.8979591836734694,0.000590968593,-0.000166313258
0.9551020408163265,0.889795918367347,0.000591627058,-0.000167367611
0.9551020408163265,0.8816326530612244,0.000591950685,-0.000166072768
0.9551020408163265,0.8734693877551021,0.000591574734,-0.000167150979
0.9551020408163265,0.8653061224489795,0.000591536592,-0.000167795061
0.9551020408163265,0.8571428571428572,0.000591372143,-0.000166762193
0.9551020408163265,0.8489795918367347,0.000591507268,-0.000166528381
0.9551020408163265,0.8408163265306122,0.000592246041,-0.000166176138
0.9551020408163265,0.8326530612244898,0.0005920975,-0.000167134217
0.9551020408163265,0.8244897959183674,0.000591170511,-0.000166925966
0.9551020408163265,0.8163265306122449,0.000591808469,-0.000166381819
0.9551020408163265,0.8081632653061225,0.000591645745,-0.000166677319
0.9551020408163265,0.8,0.000591717523,-0.000166419198
0.9469387755102041,1.2,0.000592083605,-0.000166692348
0.9469387755102041,1.1918367346938774,0.000591614408,-0.000165236138
0.9469387755102041,1.183673469387755,0.000591334481,-0.000165984651
0.9469387755102041,1.1755102040816325,0.000592062424,-0.000165732149
0.9469387755102041,1.1673469387755102,0.000592020644,-0.000167067808
0.9469387755102041,1.1591836734693877,0.000592002243,-0.000167738543
0.9469387755102041,1.1510204081632653,0.000591417855,-0.000167021822
0.9469387755102041,1.1428571428571428,0.000591646225,-0.000166540423
0.9469387755102041,1.1346938775510205,0.000591556333,-0.000166591996
0.9469387755102041,1.126530612244898,0.000591283976,-0.000167555437
0.9469387755102041,1.1183673469387754,0.00059110985,-0.000167315171
0.9469387755102041,1.110204081632653,0.000590599733,-0.000166469935
0.9469387755102041,1.1020408163265305,0.000590417076,-0.000166084167
0.9469387755102041,1.0938775510204082,0.000589754105,-0.000166830111
0.9469387755102041,1.0857142857142856,0.000590661641,-0.000164776222
0.9469387755102041,1.0775510204081633,0.000592067696,-0.000165204315
0.9469387755102041,1.0693877551020408,0.000592142733,-0.000166168623
0.9469387755102041,1.0612244897959184,0.000592106604,-0.000165465872
0.9469387755102041,1.0530612244897959,0.000592390844,-0.000166167981
0.9469387755102041,1.0448979591836736,0.000593364598,-0.000165946629
0.9469387755102041,1.036734693877551,0.00059321807,-0.000166162811
0.9469387755102041,1.0285714285714285,0.000592786535,-0.000166608116
0.9469387755102041,1.0204081632653061,0.000593207913,-0.000166755321
0.9469387755102041,1.0122448979591836,0.000593008867,-0.000166531399
0.9469387755102041,1.0040816326530613,0.000594127138,-0.000165938023
0.9469387755102041,0.9959183673469387,0.000593104605,-0.00016578308
0.9469387755102041,0.9877551020408163,0.000592465114,-0.000165811435
0.9469387755102041,0.9795918367346939,0.000592449972,-0.000164754514
0.9469387755102041,0.9714285714285714,0.000593014426,-0.000165657134
0.9469387755102041,0.963265306122449,0.000593116968,-0.000166263837
0.9469387755102041,0.9551020408163265,0.000592424193,-0.000166111238
0.9469387755102041,0.9469387755102041,0.00059170842,-0.000166120904
0.9469387755102041,0.9387755102040816,0.000592091942,-0.000166531175
0.9469387755102041,0.9306122448979592,0.000591231172,-0.000165728264
0.9469387755102041,0.9224489795918367,0.000591981542,-0.000165223678
0.9469387755102041,0.9142857142857143,0.00059303206,-0.000166898253
0.9469387755102041,0.9061224489795918,0.00059233852,-0.000165402899
0.9469387755102041,0.8979591836734694,0.000591462322,-0.000165301455
0.9469387755102041,0.889795918367347,0.000593003309,-0.000165440503
0.9469387755102041,0.8816326530612244,0.000593174083,-0.000166061817
0.9469387755102041,0.8734693877551021,0.000592985101,-0.000165633499
0.9469387755102041,0.8653061224489795,0.000593627085,-0.000166121996
0.9469387755102041,0.8571428571428572,0.000593016438,-0.000165776625
0.9469387755102041,0.8489795918367347,0.000593029854,-0.000165183474
0.9469387755102041,0.8408163265306122,0.000593072021,-0.000165791461
0.9469387755102041,0.8326530612244898,0.000592822378,-0.00016662703
0.9469387755102041,0.8244897959183674,0.000593535373,-0.000166839777
0.9469387755102041,0.8163265306122449,0.000593752146,-0.000166701596
0.9469387755102041,0.8081632653061225,0.000593362779,-0.000166168848
0.9469387755102041,0.8,0.000592286482,-0.0001665761
0.9387755102040816,1.2,0.000591897882,-0.00016527933
0.9387755102040816,1.1918367346938774,0.000591518191,-0.000167065881
0.9387755102040816,1.183673469387755,0.000591375402,-0.000167122399
0.9387755102040816,1.1755102040816325,0.000592165733,-0.000165597822
0.9387755102040816,1.1673469387755102,0.000590397621,-0.000166885344
0.9387755102040816,1.1591836734693877,0.000592130657,-0.000167099824
0.9387755102040816,1.1510204081632653,0.000593375715,-0.000166113614
0.9387755102040816,1.1428571428571428,0.000592366598,-0.000166967007
0.9387755102040816,1.1346938775510205,0.000593327703,-0.000168321804
0.9387755102040816,1.126530612244898,0.00059234839,-0.000166039466
0.9387755102040816,1.1183673469387754,0.000591070462,-0.00016612585
0.9387755102040816,1.110204081632653,0.000592896169,-0.000166453815
0.9387755102040816,1.1020408163265305,0.000593035412,-0.000165965319
0.9387755102040816,1.0938775510204082,0.00059194618,-0.000165857645
0.9387755102040816,1.0857142857142856,0.000592372156,-0.000166523435
0.9387755102040816,1.0775510204081633,0.000592252653,-0.000166512903
0.9387755102040816,1.0693877551020408,0.000591024463,-0.000166268333
0.9387755102040816,1.0612244897959184,0.000591835494,-0.000164990702
0.9387755102040816,1.0530612244897959,0.000591951738,-0.00016786404
0.9387755102040816,1.0448979591836736,0.000592205121,-0.000166441549
0.9387755102040816,1.036734693877551,0.000592309482,-0.000166788204
0.9387755102040816,1.0285714285714285,0.000592139187,-0.000165054541
0.9387755102040816,1.0204081632653061,0.000591390544,-0.000165521523
0.9387755102040816,1.0122448979591836,0.000593270587,-0.000165282766
0.9387755102040816,1.0040816326530613,0.000591524229,-0.000164778149
0.9387755102040816,0.9959183673469387,0.000591812781,-0.000165996693
0.9387755102040816,0.9877551020408163,0.000590550761,-0.000165545607
0.9387755102040816,0.9795918367346939,0.000590860493,-0.000164837267
0.9387755102040816,0.9714285714285714,0.00059229386,-0.000165648111
0.9387755102040816,0.963265306122449,0.000591186133,-0.000164626224
0.9387755102040816,0.9551020408163265,0.000590947893,-0.000165847337
0.9387755102040816,0.9469387755102041,0.000591138694,-0.00016573687
0.9387755102040816,0.9387755102040816,0.000591446413,-0.000166771665
0.9387755102040816,0.9306122448979592,0.000591053787,-0.000166631751
0.9387755102040816,0.9224489795918367,0.000592004542,-0.000166363965
0.9387755102040816,0.9142857142857143,0.000592554813,-0.000165753632
0.9387755102040816,0.9061224489795918,0.000590560345,-0.000166302726
0.9387755102040816,0.8979591836734694,0.000591292794,-0.000166910713
0.9387755102040816,0.889795918367347,0.000592221316,-0.000166069556
0.9387755102040816,0.8816326530612244,0.000591461842,-0.000166936275
0.9387755102040816,0.8734693877551021,0.00059048023,-0.000166418556
0.9387755102040816,0.8653061224489795,0.000589986308,-0.000166352789
0.9387755102040816,0.8571428571428572,0.00059019503,-0.000166490552
0.9387755102040816,0.8489795918367347,0.000590788715,-0.00016564339
0.9387755102040816,0.8408163265306122,0.000590754885,-0.000166149934
0.9387755102040816,0.8326530612244898,0.000590441321,-0.000165286844
0.9387755102040816,0.8244897959183674,0.000590423114,-0.000165837222
0.9387755102040816,0.8163265306122449,0.000590842572,-0.00016489507
0.9387755102040816,0.8081632653061225,0.000590489333,-0.000165659286
0.9387755102040816,0.8,0.000590779131,-0.000165655207
0.9306122448979592,1.2,0.000591091449,-0.000167113569
0.9306122448979592,1.1918367346938774,0.000591196003,-0.000166664634
0.9306122448979592,1.183673469387755,0.000590672757,-0.000165807581
0.9306122448979592,1.1755102040816325,0.000590689718,-0.000166288757
0.9306122448979592,1.1673469387755102,0.000591480243,-0.000165713877
0.9306122448979592,1.1591836734693877,0.000589904946,-0.000166590711
0.9306122448979592,1.1510204081632653,0.000589708106,-0.000166264479
0.9306122448979592,1.1428571428571428,0.00058947945,-0.000166592414
0.9306122448979592,1.1346938775510205,0.000589082032,-0.000166112105
0.9306122448979592,1.126530612244898,0.000588811208,-0.000165601258
0.9306122448979592,1.1183673469387754,0.000588057486,-0.000166120487
0.9306122448979592,1.110204081632653,0.000588957736,-0.000166394279
0.9306122448979592,1.1020408163265305,0.000588008994,-0.000165680994
0.9306122448979592,1.0938775510204082,0.000589452905,-0.00016548241
0.9306122448979592,1.0857142857142856,0.000588451931,-0.000165499815
0.9306122448979592,1.0775510204081633,0.000589172497,-0.000166003565
0.9306122448979592,1.0693877551020408,0.00058824043,-0.000166849667
0.9306122448979592,1.0612244897959184,0.000588319492,-0.000167748852
0.9306122448979592,1.0530612244897959,0.000587953411,-0.000165739021
0.9306122448979592,1.0448979591836736,0.000587763376,-0.000166340972
0.9306122448979592,1.036734693877551,0.000587975358,-0.000166826675
0.9306122448979592,1.0285714285714285,0.00058877278,-0.000166384612
0.9306122448979592,1.0204081632653061,0.000588621173,-0.000167467096
0.9306122448979592,1.0122448979591836,0.000587841192,-0.000167887675
0.9306122448979592,1.0040816326530613,0.000587233325,-0.000167129689
0.9306122448979592,0.9959183673469387,0.000587627484,-0.000166254589
0.9306122448979592,0.9877551020408163,0.000588062564,-0.000166148424
0.9306122448979592,0.9795918367346939,0.000588514319,-0.000164911833
0.9306122448979592,0.9714285714285714,0.000588069655,-0.000165864518
0.9306122448979592,0.963265306122449,0.000587779857,-0.000165828647
0.9306122448979592,0.9551020408163265,0.000587177742,-0.000166078997
0.9306122448979592,0.9469387755102041,0.000585855061,-0.00016614197
0.9306122448979592,0.9387755102040816,0.000586803037,-0.000166583614
0.9306122448979592,0.9306122448979592,0.000587952358,-0.000165509705
0.9306122448979592,0.9224489795918367,0.000587402087,-0.000165866893
0.9306122448979592,0.9142857142857143,0.000585394489,-0.000165268797
0.9306122448979592,0.9061224489795918,0.000585555199,-0.00016572441
0.9306122448979592,0.8979591836734694,0.000586598913,-0.000166132528
0.9306122448979592,0.889795918367347,0.000586504422,-0.000165742457
0.9306122448979592,0.8816326530612244,0.00058578079,-0.00016640889
0.9306122448979592,0.8734693877551021,0.000585711792,-0.000166672373
0.9306122448979592,0.8653061224489795,0.000586658521,-0.000165439218
0.9306122448979592,0.8571428571428572,0.000586224974,-0.000165379264
0.9306122448979592,0.8489795918367347,0.000588204301,-0.000165517445
0.9306122448979592,0.8408163265306122,0.000587851349,-0.000166031952
0.9306122448979592,0.8326530612244898,0.000587087083,-0.000165559994
0.9306122448979592,0.8244897959183674,0.000586931451,-0.000165548401
0.9306122448979592,0.8163265306122449,0.000586715637,-0.000165019507
0.9306122448979592,0.8081632653061225,0.000585833594,-0.000165656074
0.9306122448979592,0.8,0.000586837153,-0.000165487804
0.9224489795918367,1.2,0.000585999097,-0.000168232178
0.9224489795918367,1.1918367346938774,0.000586224494,-0.000167382222
0.9224489795918367,1.183673469387755,0.000585931151,-0.000167578206
0.9224489795918367,1.1755102040816325,0.000587149184,-0.000168353821
0.9224489795918367,1.1673469387755102,0.00058503368,-0.000167178693
0.9224489795918367,1.1591836734693877,0.000586025162,-0.000166546653
0.9224489795918367,1.1510204081632653,0.000586658041,-0.000166553749
0.9224489795918367,1.1428571428571428,0.00058698876,-0.000166376873
0.9224489795918367,1.1346938775510205,0.000585583471,-0.000167670625
0.9224489795918367,1.126530612244898,0.00058495663,-0.000166768005
0.9224489795918367,1.1183673469387754,0.000586687846,-0.000167015144
0.9224489795918367,1.110204081632653,0.000585051601,-0.000166718359
0.9224489795918367,1.1020408163265305,0.000586157795,-0.000166944881
0.9224489795918367,1.0938775510204082,0.000586311128,-0.000167968277
0.9224489795918367,1.0857142857142856,0.000585831582,-0.000167377695
0.9224489795918367,1.0775510204081633,0.000585999863,-0.000167648693
0.9224489795918367,1.0693877551020408,0.000586964801,-0.000167866191
0.9224489795918367,1.0612244897959184,0.000586043083,-0.000168140207
0.9224489795918367,1.0530612244897959,0.00058502007,-0.000167510288
0.9224489795918367,1.0448979591836736,0.000586215104,-0.00016625308
0.9224489795918367,1.036734693877551,0.000585802544,-0.000166761775
0.9224489795918367,1.0285714285714285,0.000585482655,-0.000167512664
0.9224489795918367,1.0204081632653061,0.000585201675,-0.0001676257
0.9224489795918367,1.0122448979591836,0.000586158561,-0.000166152727
0.9224489795918367,1.0040816326530613,0.000587043097,-0.000166260176
0.9224489795918367,0.9959183673469387,0.000585654482,-0.000166534611
0.9224489795918367,0.9877551020408163,0.00058576009,-0.000167574994
0.9224489795918367,0.9795918367346939,0.000585593341,-0.000167132707
0.9224489795918367,0.9714285714285714,0.000586203987,-0.000165329618
0.9224489795918367,0.963265306122449,0.000585614808,-0.000165785007
0.9224489795918367,0.9551020408163265,0.000585684287,-0.000165881505
0.9224489795918367,0.9469387755102041,0.000585707766,-0.000166417271
0.9224489795918367,0.9387755102040816,0.000585442501,-0.00016635645
0.9224489795918367,0.9306122448979592,0.0005868384,-0.000167217388
0.9224489795918367,0.9224489795918367,0.000587437736,-0.000167797213
0.9224489795918367,0.9142857142857143,0.000586360386,-0.000166786501
0.9224489795918367,0.9061224489795918,0.000587822504,-0.000166907695
0.9224489795918367,0.8979591836734694,0.000586780324,-0.000167808806
0.9224489795918367,0.889795918367347,0.000586273466,-0.000166451439
0.9224489795918367,0.8816326530612244,0.000586581472,-0.000166457893
0.9224489795918367,0.8734693877551021,0.000587232079,-0.000166460238
0.9224489795918367,0.8653061224489795,0.000586385398,-0.000166637981
0.9224489795918367,0.8571428571428572,0.000586526655,-0.000166833771
0.9224489795918367,0.8489795918367347,0.000587120146,-0.00016627543
0.9224489795918367,0.8408163265306122,0.000587584551,-0.000166195919
0.9224489795918367,0.8326530612244898,0.000587688625,-0.000164749151
0.9224489795918367,0.8244897959183674,0.000587288142,-0.000165048087
0.9224489795918367,0.8163265306122449,0.000588093135,-0.000165890111
0.9224489795918367,0.8081632653061225,0.000587236871,-0.000165253319
0.9224489795918367,0.8,0.000586860919,-0.000166401375
0.9142857142857143,1.2,0.000586349269,-0.000164201567
0.9142857142857143,1.1918367346938774,0.000585801777,-0.000165387645
0.9142857142857143,1.183673469387755,0.00058787914,-0.00016505239
0.9142857142857143,1.1755102040816325,0.000588026915,-0.000165833368
0.9142857142857143,1.1673469387755102,0.000587753312,-0.000164890767
0.9142857142857143,1.1591836734693877,0.00058771843,-0.000165453412
0.9142857142857143,1.1510204081632653,0.000588404399,-0.000165611567
0.9142857142857143,1.1428571428571428,0.000588004682,-0.000166606607
0.9142857142857143,1.1346938775510205,0.000588191651,-0.000167036434
0.9142857142857143,1.126530612244898,0.000587114588,-0.000166392994
0.9142857142857143,1.1183673469387754,0.000587865245,-0.000166802173
0.9142857142857143,1.110204081632653,0.000586515538,-0.000166506897
0.9142857142857143,1.1020408163265305,0.000588064577,-0.000167688897
0.9142857142857143,1.0938775510204082,0.000587678755,-0.000167279494
0.9142857142857143,1.0857142857142856,0.000587146885,-0.000166803682
0.9142857142857143,1.0775510204081633,0.000586888231,-0.000166937784
0.9142857142857143,1.0693877551020408,0.000586483435,-0.000167674286
0.9142857142857143,1.0612244897959184,0.000587667352,-0.000166443282
0.9142857142857143,1.0530612244897959,0.000586554926,-0.000167518476
0.9142857142857143,1.0448979591836736,0.00058712973,-0.000168208961
0.9142857142857143,1.036734693877551,0.000587660068,-0.000168092071
0.9142857142857143,1.0285714285714285,0.000588549681,-0.000167461315
0.9142857142857143,1.0204081632653061,0.000588178235,-0.000166246207
0.9142857142857143,1.0122448979591836,0.000587213871,-0.000167254125
0.9142857142857143,1.0040816326530613,0.000587862945,-0.000167347187
0.9142857142857143,0.9959183673469387,0.00058696806,-0.000167333218
0.9142857142857143,0.9877551020408163,0.000587766922,-0.000167017519
0.9142857142857143,0.9795918367346939,0.000588147951,-0.000167495901
0.9142857142857143,0.9714285714285714,0.000587378127,-0.00016667581
0.9142857142857143,0.963265306122449,0.000588835167,-0.000166406738
0.9142857142857143,0.9551020408163265,0.000588795013,-0.000167171821
0.9142857142857143,0.9469387755102041,0.000589134835,-0.00016734783
0.9142857142857143,0.9387755102040816,0.000589885492,-0.000166717716
0.9142857142857143,0.9306122448979592,0.000589984775,-0.000166919094
0.9142857142857143,0.9224489795918367,0.000588875322,-0.000166810554
0.9142857142857143,0.9142857142857143,0.00058974021,-0.000166015607
0.9142857142857143,0.9061224489795918,0.000587795286,-0.000166207094
0.9142857142857143,0.8979591836734694,0.000589253859,-0.000166933481
0.9142857142857143,0.889795918367347,0.000588718443,-0.000166522151
0.9142857142857143,0.8816326530612244,0.000588277805,-0.000166828184
0.9142857142857143,0.8734693877551021,0.000588724288,-0.000167377052
0.9142857142857143,0.8653061224489795,0.000589181794,-0.000166452081
0.9142857142857143,0.8571428571428572,0.000588749014,-0.000168044352
0.9142857142857143,0.8489795918367347,0.00058945549,-0.000167009138
0.9142857142857143,0.8408163265306122,0.000588989553,-0.000166285963
0.9142857142857143,0.8326530612244898,0.000588470332,-0.000167409293
0.9142857142857143,0.8244897959183674,0.000589055773,-0.00016836779
0.9142857142857143,0.8163265306122449,0.000588883946,-0.000166933706
0.9142857142857143,0.8081632653061225,0.000587061018,-0.000167081552
0.9142857142857143,0.8,0.000587791934,-0.00016658705
0.9061224489795918,1.2,0.000589218496,-0.000168283333
0.9061224489795918,1.1918367346938774,0.000587406685,-0.00016811699
0.9061224489795918,1.183673469387755,0.000588943554,-0.000168426459
0.9061224489795918,1.1755102040816325,0.000589796079,-0.000168115063
0.9061224489795918,1.1673469387755102,0.000589018111,-0.000167265943
0.9061224489795918,1.1591836734693877,0.000589742989,-0.000166595432
0.9061224489795918,1.1510204081632653,0.000589472645,-0.000167574994
0.9061224489795918,1.1428571428571428,0.000589182847,-0.000168281182
0.9061224489795918,1.1346938775510205,0.00058841475,-0.000168862934
0.9061224489795918,1.126530612244898,0.000588634302,-0.000168422381
0.9061224489795918,1.1183673469387754,0.000589892296,-0.000168342645
0.9061224489795918,1.110204081632653,0.000589255871,-0.000168846395
0.9061224489795918,1.1020408163265305,0.000587951398,-0.000167826853
0.9061224489795918,1.0938775510204082,0.000587492072,-0.000168328676
0.9061224489795918,1.0857142857142856,0.000587912204,-0.000168183175
0.9061224489795918,1.0775510204081633,0.000587171704,-0.000167911534
0.9061224489795918,1.0693877551020408,0.000587513539,-0.000168232403
0.9061224489795918,1.0612244897959184,0.000587307116,-0.000167647633
0.9061224489795918,1.0530612244897959,0.000587672717,-0.000168020492
0.9061224489795918,1.0448979591836736,0.00058795667,-0.000167434437
0.9061224489795918,1.036734693877551,0.000587374582,-0.000168386704
0.9061224489795918,1.0285714285714285,0.000588470139,-0.000168139565
0.9061224489795918,1.0204081632653061,0.000588869283,-0.000167259295
0.9061224489795918,1.0122448979591836,0.000588796259,-0.000167977076
0.9061224489795918,1.0040816326530613,0.000587990306,-0.000167944417
0.9061224489795918,0.9959183673469387,0.000588721222,-0.000166996678
0.9061224489795918,0.9877551020408163,0.000587872529,-0.000168348233
0.9061224489795918,0.9795918367346939,0.000588172484,-0.000167109072
0.9061224489795918,0.9714285714285714,0.000587458243,-0.000167040512
0.9061224489795918,0.963265306122449,0.000588144692,-0.000167561025
0.9061224489795918,0.9551020408163265,0.000586962981,-0.000167518894
0.9061224489795918,0.9469387755102041,0.000587496098,-0.000168828348
0.9061224489795918,0.9387755102040816,0.000588165873,-0.000169548729
0.9061224489795918,0.9306122448979592,0.000589403646,-0.000168232403
0.9061224489795918,0.9224489795918367,0.000588384945,-0.000167866191
0.9061224489795918,0.9142857142857143,0.000588506748,-0.0001678028
0.9061224489795918,0.9061224489795918,0.000588567123,-0.000168115481
0.9061224489795918,0.8979591836734694,0.00058790262,-0.000168084107
0.9061224489795918,0.889795918367347,0.000587884699,-0.000166884477
0.9061224489795918,0.8816326530612244,0.000588622226,-0.000167715326
0.9061224489795918,0.8734693877551021,0.000587776505,-0.000166888138
0.9061224489795918,0.8653061224489795,0.000587931178,-0.000167727368
0.9061224489795918,0.8571428571428572,0.000590167912,-0.000166810554
0.9061224489795918,0.8489795918367347,0.000589160614,-0.00016775293
0.9061224489795918,0.8408163265306122,0.000589168472,-0.000167405215
0.9061224489795918,0.8326530612244898,0.000589491619,-0.000167408008
0.9061224489795918,0.8244897959183674,0.000588085277,-0.000166144122
0.9061224489795918,0.8163265306122449,0.000589839493,-0.000167018386
0.9061224489795918,0.8081632653061225,0.000588311727,-0.00016661091
0.9061224489795918,0.8,0.000587483448,-0.000166122414
0.8979591836734694,1.2,0.000587059005,-0.000169192826
0.8979591836734694,1.1918367346938774,0.000586673663,-0.000169767063
0.8979591836734694,1.183673469387755,0.000587479136,-0.000169181651
0.8979591836734694,1.1755102040816325,0.000586288128,-0.00016889389
0.8979591836734694,1.1673469387755102,0.000587267155,-0.000169399567
0.8979591836734694,1.1591836734693877,0.00058729322,-0.000169110521
0.8979591836734694,1.1510204081632653,0.000586755312,-0.000168491359
0.8979591836734694,1.1428571428571428,0.000585447579,-0.000169448571
0.8979591836734694,1.1346938775510205,0.000588003436,-0.000168157388
0.8979591836734694,1.126530612244898,0.000588049148,-0.000168983291
0.8979591836734694,1.1183673469387754,0.00058685862,-0.000169158016
0.8979591836734694,1.110204081632653,0.000586810895,-0.000168794598
0.8979591836734694,1.1020408163265305,0.000586257558,-0.000167777432
0.8979591836734694,1.0938775510204082,0.000586190858,-0.000168526618
0.8979591836734694,1.0857142857142856,0.000587610043,-0.000168230251
0.8979591836734694,1.0775510204081633,0.000587710859,-0.000168171806
0.8979591836734694,1.0693877551020408,0.000587569122,-0.000167225545
0.8979591836734694,1.0612244897959184,0.00058643571,-0.000166993884
0.8979591836734694,1.0530612244897959,0.000585614042,-0.000167296675
0.8979591836734694,1.0448979591836736,0.000586658041,-0.000167748852
0.8979591836734694,1.036734693877551,0.000587428345,-0.000166682682
0.8979591836734694,1.0285714285714285,0.000587453644,-0.000167465169
0.8979591836734694,1.0204081632653061,0.0005871396,-0.000167186432
0.8979591836734694,1.0122448979591836,0.000586954164,-0.000166619067
0.8979591836734694,1.0040816326530613,0.000587769987,-0.000165728488
0.8979591836734694,0.9959183673469387,0.000587347557,-0.000168126238
0.8979591836734694,0.9877551020408163,0.000587446073,-0.000167338806
0.8979591836734694,0.9795918367346939,0.00058687884,-0.000166823881
0.8979591836734694,0.9714285714285714,0.000588669471,-0.000168441295
0.8979591836734694,0.963265306122449,0.00058745671,-0.000167079625
0.8979591836734694,0.9551020408163265,0.000588479916,-0.000167499337
0.8979591836734694,0.9469387755102041,0.000586660534,-0.000166448227
0.8979591836734694,0.9387755102040816,0.000585588263,-0.000166134455
0.8979591836734694,0.9306122448979592,0.000586909411,-0.000167452709
0.8979591836734694,0.9224489795918367,0.000586019317,-0.000166434452
0.8979591836734694,0.9142857142857143,0.000586710079,-0.000167507076
0.8979591836734694,0.9061224489795918,0.000586133262,-0.000168049939
0.8979591836734694,0.8979591836734694,0.000586558472,-0.000168654041
0.8979591836734694,0.889795918367347,0.000585508434,-0.000167729519
0.8979591836734694,0.8816326530612244,0.000586026888,-0.000169271919
0.8979591836734694,0.8734693877551021,0.000586226987,-0.000167801291
0.8979591836734694,0.8653061224489795,0.0005866406,-0.000167728428
0.8979591836734694,0.8571428571428572,0.000585417008,-0.000167697921
0.8979591836734694,0.8489795918367347,0.000585104691,-0.000166612195
0.8979591836734694,0.8408163265306122,0.000586691391,-0.000166889005
0.8979591836734694,0.8326530612244898,0.000585489746,-0.000168522957
0.8979591836734694,0.8244897959183674,0.000585322711,-0.000168116572
0.8979591836734694,0.8163265306122449,0.000586210026,-0.000168809209
0.8979591836734694,0.8081632653061225,0.00058513095,-0.000168387571
0.8979591836734694,0.8,0.000585646911,-0.000167528784
0.889795918367347,1.2,0.000587153976,-0.000165595028
0.889795918367347,1.1918367346938774,0.000587682301,-0.000166130377
0.889795918367347,1.183673469387755,0.000588615901,-0.000166305101
0.889795918367347,1.1755102040816325,0.000586897815,-0.000166775102
0.889795918367347,1.1673469387755102,0.000588055473,-0.000165976269
0.889795918367347,1.1591836734693877,0.000587171897,-0.000166018401
0.889795918367347,1.1510204081632653,0.000587823557,-0.000166552658
0.889795918367347,1.1428571428571428,0.000588273779,-0.000165870105
0.889795918367347,1.1346938775510205,0.000587330115,-0.000167270888
0.889795918367347,1.126530612244898,0.000587461982,-0.000166910488
0.889795918367347,1.1183673469387754,0.000587199975,-0.000166784125
0.889795918367347,1.110204081632653,0.000587136821,-0.000166167981
0.889795918367347,1.1020408163265305,0.000587642146,-0.000166795943
0.889795918367347,1.0938775510204082,0.000587987814,-0.000165054541
0.889795918367347,1.0857142857142856,0.000588562811,-0.0001650872
0.889795918367347,1.0775510204081633,0.000588264962,-0.000165092145
0.889795918367347,1.0693877551020408,0.000588438515,-0.000165630481
0.889795918367347,1.0612244897959184,0.000587570941,-0.000165688508
0.889795918367347,1.0530612244897959,0.000589071681,-0.000166630466
0.889795918367347,1.0448979591836736,0.000589332441,-0.000166835698
0.889795918367347,1.036734693877551,0.000588399607,-0.000166203016
0.889795918367347,1.0285714285714285,0.000587970086,-0.000165171656
0.889795918367347,1.0204081632653061,0.000587407165,-0.000165393008
0.889795918367347,1.0122448979591836,0.000588114601,-0.000166183877
0.889795918367347,1.0040816326530613,0.000587800558,-0.00016609576
0.889795918367347,0.9959183673469387,0.000588036499,-0.000165958222
0.889795918367347,0.9877551020408163,0.000588409191,-0.000166179156
0.889795918367347,0.9795918367346939,0.000588031993,-0.000166833771
0.889795918367347,0.9714285714285714,0.000586883152,-0.000167115078
0.889795918367347,0.963265306122449,0.000588378907,-0.000167401136
0.889795918367347,0.9551020408163265,0.000587541811,-0.000167213085
0.889795918367347,0.9469387755102041,0.000588404399,-0.000166983352
0.889795918367347,0.9387755102040816,0.000589598473,-0.000166535253
0.889795918367347,0.9306122448979592,0.000589017345,-0.00016557849
0.889795918367347,0.9224489795918367,0.000588445607,-0.000166102857
0.889795918367347,0.9142857142857143,0.000587758584,-0.000166672373
0.889795918367347,0.9061224489795918,0.000587498111,-0.00016588645
0.889795918367347,0.8979591836734694,0.000587478943,-0.000166008092
0.889795918367347,0.889795918367347,0.000586582238,-0.000166044412
0.889795918367347,0.8816326530612244,0.000586473851,-0.000166392769
0.889795918367347,0.8734693877551021,0.00058761838,-0.000165174674
0.889795918367347,0.8653061224489795,0.000587947373,-0.000166035164
0.889795918367347,0.8571428571428572,0.000589154289,-0.000166051284
0.889795918367347,0.8489795918367347,0.000587521877,-0.000166343348
0.889795918367347,0.8408163265306122,0.000587418568,-0.000167637967
0.889795918367347,0.8326530612244898,0.000587734338,-0.000167352133
0.889795918367347,0.8244897959183674,0.000588253365,-0.000168103021
0.889795918367347,0.8163265306122449,0.000587760883,-0.00016786404
0.889795918367347,0.8081632653061225,0.000588238417,-0.000167292821
0.889795918367347,0.8,0.000588619927,-0.000168315574
0.8816326530612244,1.2,0.000589152757,-0.000165162408
0.8816326530612244,1.1918367346938774,0.000590053487,-0.000164650277
0.8816326530612244,1.183673469387755,0.00058929526,-0.000165791461
0.8816326530612244,1.1755102040816325,0.000590062591,-0.000165620173
0.8816326530612244,1.1673469387755102,0.000589803364,-0.000165037554
0.8816326530612244,1.1591836734693877,0.000590524696,-0.000164981678
0.8816326530612244,1.1510204081632653,0.000589736184,-0.000166237826
0.8816326530612244,1.1428571428571428,0.000590475724,-0.000165839598
0.8816326530612244,1.1346938775510205,0.000590014099,-0.000166350862
0.8816326530612244,1.126530612244898,0.000588966267,-0.000165586005
0.8816326530612244,1.1183673469387754,0.000589812468,-0.00016620947
0.8816326530612244,1.110204081632653,0.000588941828,-0.000165425249
0.8816326530612244,1.1020408163265305,0.000590083098,-0.000166485831
0.8816326530612244,1.0938775510204082,0.000590546449,-0.000165477913
0.8816326530612244,1.0857142857142856,0.000590410271,-0.000166255231
0.8816326530612244,1.0775510204081633,0.000589536852,-0.000165682503
0.8816326530612244,1.0693877551020408,0.000589517591,-0.000166440264
0.8816326530612244,1.0612244897959184,0.000589908491,-0.000166342706
0.8816326530612244,1.0530612244897959,0.00058975056,-0.000166283393
0.8816326530612244,1.0448979591836736,0.000590186406,-0.000166431883
0.8816326530612244,1.036734693877551,0.000590274093,-0.000166518072
0.8816326530612244,1.0285714285714285,0.000591188912,-0.000167588321
0.8816326530612244,1.0204081632653061,0.000590550475,-0.000167383507
0.8816326530612244,1.0122448979591836,0.000590962841,-0.000166724171
0.8816326530612244,1.0040816326530613,0.000589904659,-0.000167292596
0.8816326530612244,0.9959183673469387,0.000589686639,-0.000166267273
0.8816326530612244,0.9877551020408163,0.00058928213,-0.000165790594
0.8816326530612244,0.9795918367346939,0.000590038825,-0.000165860021
0.8816326530612244,0.9714285714285714,0.000590180848,-0.000167220824
0.8816326530612244,0.963265306122449,0.000589942321,-0.000166578027
0.8816326530612244,0.9551020408163265,0.00059026269,-0.000166342481
0.8816326530612244,0.9469387755102041,0.000590144239,-0.000165989596
0.8816326530612244,0.9387755102040816,0.000590800598,-0.000165929417
0.8816326530612244,0.9306122448979592,0.000590385259,-0.000165302965
0.8816326530612244,0.9224489795918367,0.000590600499,-0.000165855076
0.8816326530612244,0.9142857142857143,0.000591091929,-0.000165914388
0.8816326530612244,0.9061224489795918,0.000591128057,-0.000166810779
0.8816326530612244,0.8979591836734694,0.000591507554,-0.000166024855
0.8816326530612244,0.889795918367347,0.000590103798,-0.000166323567
0.8816326530612244,0.8816326530612244,0.000590395609,-0.000165322521
0.8816326530612244,0.8734693877551021,0.000589747014,-0.000166334966
0.8816326530612244,0.8653061224489795,0.000590373376,-0.000165051523
0.8816326530612244,0.8571428571428572,0.000591985088,-0.000165235496
0.8816326530612244,0.8489795918367347,0.000591207886,-0.000165309419
0.8816326530612244,0.8408163265306122,0.000590895375,-0.000165858288
0.8816326530612244,0.8326530612244898,0.000591232132,-0.00016616583
0.8816326530612244,0.8244897959183674,0.000591017658,-0.000165198952
0.8816326530612244,0.8163265306122449,0.000590888284,-0.000164952455
0.8816326530612244,0.8081632653061225,0.000590707353,-0.000164935693
0.8816326530612244,0.8,0.000591868364,-0.000165673897
0.8734693877551021,1.2,0.000588210625,-0.000164163514
0.8734693877551021,1.1918367346938774,0.000588864492,-0.000163949258
0.8734693877551021,1.183673469387755,0.000588771247,-0.000164313961
0.8734693877551021,1.1755102040816325,0.00058915151,-0.000164964915
0.8734693877551021,1.1673469387755102,0.000589981516,-0.000163752183
0.8734693877551021,1.1591836734693877,0.000589989567,-0.000164695426
0.8734693877551021,1.1510204081632653,0.000591051774,-0.000165607713
0.8734693877551021,1.1428571428571428,0.000589829909,-0.000164328348
0.8734693877551021,1.1346938775510205,0.000590363025,-0.000165112986
0.8734693877551021,1.126530612244898,0.000590830402,-0.000165119859
0.8734693877551021,1.1183673469387754,0.000590990633,-0.000164535313
0.8734693877551021,1.110204081632653,0.000590082811,-0.000163901764
0.8734693877551021,1.1020408163265305,0.000590805676,-0.000163567793
0.8734693877551021,1.0938775510204082,0.000590991113,-0.00016362839
0.8734693877551021,1.0857142857142856,0.00059144766,-0.000163817725
0.8734693877551021,1.0775510204081633,0.000590970126,-0.000164114092
0.8734693877551021,1.0693877551020408,0.000590448699,-0.000165628778
0.8734693877551021,1.0612244897959184,0.000590712718,-0.000165409996
0.8734693877551021,1.0530612244897959,0.000591068929,-0.000165641656
0.8734693877551021,1.0448979591836736,0.000591419868,-0.00016530168
0.8734693877551021,1.036734693877551,0.000590971659,-0.000164386375
0.8734693877551021,1.0285714285714285,0.000591734965,-0.000164559815
0.8734693877551021,1.0204081632653061,0.000591205874,-0.000164248837
0.8734693877551021,1.0122448979591836,0.000590973192,-0.000165036912
0.8734693877551021,1.0040816326530613,0.000590676783,-0.000165079043
0.8734693877551021,0.9959183673469387,0.000590376155,-0.000165410638
0.8734693877551021,0.9877551020408163,0.0005904671,-0.000163664709
0.8734693877551021,0.9795918367346939,0.00059080491,-0.000163367282
0.8734693877551021,0.9714285714285714,0.000590222535,-0.000164080342
0.8734693877551021,0.963265306122449,0.000590940035,-0.000164434512
0.8734693877551021,0.9551020408163265,0.000590613915,-0.00016522689
0.8734693877551021,0.9469387755102041,0.00058973925,-0.000166483904
0.8734693877551021,0.9387755102040816,0.000590393596,-0.00016515833
0.8734693877551021,0.9306122448979592,0.000590234898,-0.000165624251
0.8734693877551021,0.9224489795918367,0.000590203847,-0.000165296735
0.8734693877551021,0.9142857142857143,0.000590644486,-0.000165362919
0.8734693877551021,0.9061224489795918,0.000589710119,-0.00016436274
0.8734693877551021,0.8979591836734694,0.000590826377,-0.000164190391
0.8734693877551021,0.889795918367347,0.000591047462,-0.000164656089
0.8734693877551021,0.8816326530612244,0.000590503229,-0.0001642007
0.8734693877551021,0.8734693877551021,0.000590637395,-0.000164233359
0.8734693877551021,0.8653061224489795,0.000590691731,-0.000163793448
0.8734693877551021,0.8571428571428572,0.000591569942,-0.00016392755
0.8734693877551021,0.8489795918367347,0.000590426179,-0.00016478547
0.8734693877551021,0.8408163265306122,0.000591007308,-0.000164069391
0.8734693877551021,0.8326530612244898,0.000589867284,-0.000164373273
0.8734693877551021,0.8244897959183674,0.000590658381,-0.00016499478
0.8734693877551021,0.8163265306122449,0.000589508008,-0.000164076264
0.8734693877551021,0.8081632653061225,0.000589528514,-0.000164237662
0.8734693877551021,0.8,0.000588675509,-0.000164681233
0.8653061224489795,1.2,0.000589703314,-0.000164588395
0.8653061224489795,1.1918367346938774,0.000590542904,-0.000164461165
0.8653061224489795,1.183673469387755,0.000589314234,-0.000163847815
0.8653061224489795,1.1755102040816325,0.000588888258,-0.000163471937
0.8653061224489795,1.1673469387755102,0.000588814467,-0.000163889722
0.8653061224489795,1.1591836734693877,0.000588275312,-0.000164079058
0.8653061224489795,1.1510204081632653,0.000588652796,-0.000164250121
0.8653061224489795,1.1428571428571428,0.000588921321,-0.000164006419
0.8653061224489795,1.1346938775510205,0.000589099473,-0.000164026842
0.8653061224489795,1.126530612244898,0.000589475904,-0.000164114735
0.8653061224489795,1.1183673469387754,0.000587666872,-0.000164079058
0.8653061224489795,1.110204081632653,0.000588568849,-0.000164722497
0.8653061224489795,1.1020408163265305,0.000588328596,-0.000164209081
0.8653061224489795,1.0938775510204082,0.000588483462,-0.000164301277
0.8653061224489795,1.0857142857142856,0.00058955602,-0.00016515059
0.8653061224489795,1.0775510204081633,0.000588031993,-0.000164664052
0.8653061224489795,1.0693877551020408,0.000588814467,-0.00016421316
0.8653061224489795,1.0612244897959184,0.000588726781,-0.000165114271
0.8653061224489795,1.0530612244897959,0.000589311168,-0.000164706153
0.8653061224489795,1.0448979591836736,0.000589406712,-0.000164799857
0.8653061224489795,1.036734693877551,0.000588963295,-0.000165293941
0.8653061224489795,1.0285714285714285,0.000589276572,-0.000165238707
0.8653061224489795,1.0204081632653061,0.00058957528,-0.000165330678
0.8653061224489795,1.0122448979591836,0.000589531294,-0.000166151218
0.8653061224489795,1.0040816326530613,0.000589912037,-0.000165194649
0.8653061224489795,0.9959183673469387,0.000589432204,-0.000165499397
0.8653061224489795,0.9877551020408163,0.00059056389,-0.0001652617
0.8653061224489795,0.9795918367346939,0.000590495658,-0.000166463481
0.8653061224489795,0.9714285714285714,0.000589436036,-0.000165248598
0.8653061224489795,0.963265306122449,0.000590111369,-0.000165949423
0.8653061224489795,0.9551020408163265,0.000590388518,-0.000165293523
0.8653061224489795,0.9469387755102041,0.000590004229,-0.000164260236
0.8653061224489795,0.9387755102040816,0.000590025982,-0.000164451499
0.8653061224489795,0.9306122448979592,0.000590748561,-0.000166273503
0.8653061224489795,0.9224489795918367,0.000590312714,-0.000165147154
0.8653061224489795,0.9142857142857143,0.000590256365,-0.000165825629
0.8653061224489795,0.9061224489795918,0.000589912803,-0.000166432749
0.8653061224489795,0.8979591836734694,0.000590291534,-0.000166102215
0.8653061224489795,0.889795918367347,0.00058916464,-0.00016541022
0.8653061224489795,0.8816326530612244,0.000591532567,-0.000164211651
0.8653061224489795,0.8734693877551021,0.000590729393,-0.000165149306
0.8653061224489795,0.8653061224489795,0.000589363492,-0.000164673076
0.8653061224489795,0.8571428571428572,0.000588975657,-0.000163773249
0.8653061224489795,0.8489795918367347,0.000587911244,-0.00016646133
0.8653061224489795,0.8408163265306122,0.000587932711,-0.000165204539
0.8653061224489795,0.8326530612244898,0.000588396828,-0.000164640835
0.8653061224489795,0.8244897959183674,0.000588723521,-0.000164652877
0.8653061224489795,0.8163265306122449,0.000589579019,-0.000164326003
0.8653061224489795,0.8081632653061225,0.000589592628,-0.000164672851
0.8653061224489795,0.8,0.000590301598,-0.000164901076
0.8571428571428572,1.2,0.000592683901,-0.000165343587
0.8571428571428572,1.1918367346938774,0.00059281634,-0.000164630944
0.8571428571428572,1.183673469387755,0.00059236861,-0.000164078415
0.8571428571428572,1.1755102040816325,0.000592317819,-0.000165122877
0.8571428571428572,1.1673469387755102,0.000591305923,-0.00016542374
0.8571428571428572,1.1591836734693877,0.000591864818,-0.000164404647
0.8571428571428572,1.1510204081632653,0.00059131704,-0.000163895952
0.8571428571428572,1.1428571428571428,0.000589559279,-0.000164108505
0.8571428571428572,1.1346938775510205,0.000591106877,-0.000164463541
0.8571428571428572,1.126530612244898,0.000590661641,-0.000163681696
0.8571428571428572,1.1183673469387754,0.000591589683,-0.00016327422
0.8571428571428572,1.110204081632653,0.00059154493,-0.000162975284
0.8571428571428572,1.1020408163265305,0.000589961775,-0.000163971384
0.8571428571428572,1.0938775510204082,0.000591195523,-0.000163026439
0.8571428571428572,1.0857142857142856,0.000590950672,-0.000164728309
0.8571428571428572,1.0775510204081633,0.000591055513,-0.000163906485
0.8571428571428572,1.0693877551020408,0.000591167732,-0.000163527171
0.8571428571428572,1.0612244897959184,0.000591041904,-0.000164579147
0.8571428571428572,1.0530612244897959,0.000591433284,-0.00016408959
0.8571428571428572,1.0448979591836736,0.000590150757,-0.000164037151
0.8571428571428572,1.036734693877551,0.000591835974,-0.000165226247
0.8571428571428572,1.0285714285714285,0.000593012126,-0.000163571005
0.8571428571428572,1.0204081632653061,0.000591354988,-0.000163839433
0.8571428571428572,1.0122448979591836,0.000592772833,-0.000164370479
0.8571428571428572,1.0040816326530613,0.000591856481,-0.000164122474
0.8571428571428572,0.9959183673469387,0.000591806936,-0.000164393472
0.8571428571428572,0.9877551020408163,0.000591907272,-0.000164522629
0.8571428571428572,0.9795918367346939,0.000592212212,-0.00016378314
0.8571428571428572,0.9714285714285714,0.000592192278,-0.000164460523
0.8571428571428572,0.963265306122449,0.000592964595,-0.000163780121
0.8571428571428572,0.9551020408163265,0.000593235991,-0.000163855554
0.8571428571428572,0.9469387755102041,0.000592948206,-0.000164266242
0.8571428571428572,0.9387755102040816,0.000593126072,-0.000163698683
0.8571428571428572,0.9306122448979592,0.000592461569,-0.000164139236
0.8571428571428572,0.9224489795918367,0.000591420154,-0.000163845663
0.8571428571428572,0.9142857142857143,0.000591649771,-0.000163666218
0.8571428571428572,0.9061224489795918,0.000593217303,-0.000163618081
0.8571428571428572,0.8979591836734694,0.000591491932,-0.000162645616
0.8571428571428572,0.889795918367347,0.000592471439,-0.000165004028
0.8571428571428572,0.8816326530612244,0.000592193524,-0.000163344289
0.8571428571428572,0.8734693877551021,0.000592308236,-0.000164042096
0.8571428571428572,0.8653061224489795,0.000592080345,-0.00016466447
0.8571428571428572,0.8571428571428572,0.000592135162,-0.000164535955
0.8571428571428572,0.8489795918367347,0.000592096734,-0.000164611388
0.8571428571428572,0.8408163265306122,0.000591839039,-0.000164082494
0.8571428571428572,0.8326530612244898,0.000591214498,-0.000163660631
0.8571428571428572,0.8244897959183674,0.000591399168,-0.000163128943
0.8571428571428572,0.8163265306122449,0.00059133678,-0.000163222005
0.8571428571428572,0.8081632653061225,0.000591680342,-0.000163221138
0.8571428571428572,0.8,0.000592082358,-0.000163872959
0.8489795918367347,1.2,0.000590982009,-0.000164510811
0.8489795918367347,1.1918367346938774,0.000591812494,-0.00016444999
0.8489795918367347,1.183673469387755,0.000591562371,-0.000164550791
0.8489795918367347,1.1755102040816325,0.000590866051,-0.000165446315
0.8489795918367347,1.1673469387755102,0.000591837987,-0.000165234404
0.8489795918367347,1.1591836734693877,0.000591623992,-0.000165399463
0.8489795918367347,1.1510204081632653,0.000591387571,-0.00016466447
0.8489795918367347,1.1428571428571428,0.0005922079,-0.00016542268
0.8489795918367347,1.1346938775510205,0.000592858027,-0.000164715625
0.8489795918367347,1.126530612244898,0.00059286004,-0.000165428685
0.8489795918367347,1.1183673469387754,0.000592056099,-0.000165301038
0.8489795918367347,1.110204081632653,0.000591685706,-0.00016480416
0.8489795918367347,1.1020408163265305,0.000591047462,-0.000166075561
0.8489795918367347,1.0938775510204082,0.000591359207,-0.000165676915
0.8489795918367347,1.0857142857142856,0.000591842105,-0.000165983591
0.8489795918367347,1.0775510204081633,0.000593168525,-0.00016542891
0.8489795918367347,1.0693877551020408,0.000593678162,-0.000166156806
0.8489795918367347,1.0612244897959184,0.000594034659,-0.000166487341
0.8489795918367347,1.0530612244897959,0.000592694057,-0.000166528381
0.8489795918367347,1.0448979591836736,0.000592863585,-0.000166537404
0.8489795918367347,1.036734693877551,0.000592788548,-0.000165071946
0.8489795918367347,1.0285714285714285,0.000591891843,-0.000165277403
0.8489795918367347,1.0204081632653061,0.000592144746,-0.000165121368
0.8489795918367347,1.0122448979591836,0.000592724628,-0.000166056872
0.8489795918367347,1.0040816326530613,0.00059265285,-0.000166343766
0.8489795918367347,0.9959183673469387,0.000592913323,-0.000165500457
0.8489795918367347,0.9877551020408163,0.000592245082,-0.000165493809
0.8489795918367347,0.9795918367346939,0.000592218536,-0.000164705735
0.8489795918367347,0.9714285714285714,0.000592779924,-0.000165067643
0.8489795918367347,0.963265306122449,0.000591694524,-0.000164667906
0.8489795918367347,0.9551020408163265,0.000592427739,-0.00016448374
0.8489795918367347,0.9469387755102041,0.000591860793,-0.000164906888
0.8489795918367347,0.9387755102040816,0.000592006075,-0.000165157045
0.8489795918367347,0.9306122448979592,0.000593118501,-0.000165023585
0.8489795918367347,0.9224489795918367,0.000592185667,-0.000166028709
0.8489795918367347,0.9142857142857143,0.00059290326,-0.000164429791
0.8489795918367347,0.9061224489795918,0.000592946193,-0.000164046399
0.8489795918367347,0.8979591836734694,0.000591717237,-0.000164762253
0.8489795918367347,0.889795918367347,0.000591472672,-0.000165233344
0.8489795918367347,0.8816326530612244,0.000592114175,-0.000165045935
0.8489795918367347,0.8734693877551021,0.000592597747,-0.00016536035
0.8489795918367347,0.8653061224489795,0.000592258211,-0.000166686342
0.8489795918367347,0.8571428571428572,0.000592901727,-0.000165383342
0.8489795918367347,0.8489795918367347,0.000591948673,-0.000165440085
0.8489795918367347,0.8408163265306122,0.000591426959,-0.000165091278
0.8489795918367347,0.8326530612244898,0.000592259457,-0.000165158554
0.8489795918367347,0.8244897959183674,0.000593525789,-0.000165029397
0.8489795918367347,0.8163265306122449,0.000591846417,-0.000164758174
0.8489795918367347,0.8081632653061225,0.000591710912,-0.000163533401
0.8489795918367347,0.8,0.000591978763,-0.000163906067
0.8408163265306122,1.2,0.000592891377,-0.000164467844
0.8408163265306122,1.1918367346938774,0.000593796899,-0.000164143315
0.8408163265306122,1.183673469387755,0.000592944661,-0.000162936813
0.8408163265306122,1.1755102040816325,0.0005932519,-0.000162947988
0.8408163265306122,1.1673469387755102,0.000593537672,-0.000164308149
0.8408163265306122,1.1591836734693877,0.000594062931,-0.000165038839
0.8408163265306122,1.1510204081632653,0.000592106318,-0.000163871032
0.8408163265306122,1.1428571428571428,0.00059269607,-0.000163380609
0.8408163265306122,1.1346938775510205,0.000592451505,-0.000164780525
0.8408163265306122,1.126530612244898,0.000594107111,-0.000163954846
0.8408163265306122,1.1183673469387754,0.000593318599,-0.000163645152
0.8408163265306122,1.110204081632653,0.000593039918,-0.000163190406
0.8408163265306122,1.1020408163265305,0.00059368372,-0.000163961076
0.8408163265306122,1.0938775510204082,0.000593127124,-0.000164480079
0.8408163265306122,1.0857142857142856,0.000591297586,-0.000164081209
0.8408163265306122,1.0775510204081633,0.000592483322,-0.00016399611
0.8408163265306122,1.0693877551020408,0.000592473738,-0.000162631647
0.8408163265306122,1.0612244897959184,0.000592745328,-0.000163469786
0.8408163265306122,1.0530612244897959,0.000592463101,-0.00016421316
0.8408163265306122,1.0448979591836736,0.000592018438,-0.000163369209
0.8408163265306122,1.036734693877551,0.000592553567,-0.000163823955
0.8408163265306122,1.0285714285714285,0.000591743782,-0.000163573381
0.8408163265306122,1.0204081632653061,0.00059252175,-0.000164001698
0.8408163265306122,1.0122448979591836,0.00059225112,-0.000163000428
0.8408163265306122,1.0040816326530613,0.000593193538,-0.000164446136
0.8408163265306122,0.9959183673469387,0.000592953764,-0.000163362337
0.8408163265306122,0.9877551020408163,0.000592921947,-0.000163254663
0.8408163265306122,0.9795918367346939,0.000592476517,-0.000163811496
0.8408163265306122,0.9714285714285714,0.00059244518,-0.000163376948
0.8408163265306122,0.963265306122449,0.00059177234,-0.000163344289
0.8408163265306122,0.9551020408163265,0.000593366611,-0.000162661512
0.8408163265306122,0.9469387755102041,0.000593877688,-0.000162499696
0.8408163265306122,0.9387755102040816,0.000592439336,-0.00016328045
0.8408163265306122,0.9306122448979592,0.000591804157,-0.000163213399
0.8408163265306122,0.9224489795918367,0.000592419402,-0.00016295014
0.8408163265306122,0.9142857142857143,0.000591979243,-0.000162030114
0.8408163265306122,0.9061224489795918,0.000592204641,-0.000162525901
0.8408163265306122,0.8979591836734694,0.000592067696,-0.000162465722
0.8408163265306122,0.889795918367347,0.000592440868,-0.000162535791
0.8408163265306122,0.8816326530612244,0.000592981556,-0.000161857959
0.8408163265306122,0.8734693877551021,0.000591907752,-0.000162936813
0.8408163265306122,0.8653061224489795,0.000592533827,-0.000162546966
0.8408163265306122,0.8571428571428572,0.000593627851,-0.000162970563
0.8408163265306122,0.8489795918367347,0.000594411091,-0.000164041454
0.8408163265306122,0.8408163265306122,0.000594669838,-0.000164634381
0.8408163265306122,0.8326530612244898,0.000593617501,-0.000164672209
0.8408163265306122,0.8244897959183674,0.000593465414,-0.00016468682
0.8408163265306122,0.8163265306122449,0.000593996518,-0.000164839837
0.8408163265306122,0.8081632653061225,0.000593337287,-0.000165831859
0.8408163265306122,0.8,0.000593231199,-0.00016500618
0.8326530612244898,1.2,0.000593624592,-0.000164775997
0.8326530612244898,1.1918367346938774,0.000594511907,-0.000164943432
0.8326530612244898,1.183673469387755,0.00059346666,-0.000164747642
0.8326530612244898,1.1755102040816325,0.000594739317,-0.000165268797
0.8326530612244898,1.1673469387755102,0.000593838106,-0.0001642656
0.8326530612244898,1.1591836734693877,0.000592796886,-0.000164643629
0.8326530612244898,1.1510204081632653,0.000592677862,-0.000163687059
0.8326530612244898,1.1428571428571428,0.000592608384,-0.00016377797
0.8326530612244898,1.1346938775510205,0.000591576553,-0.00016319063
0.8326530612244898,1.126530612244898,0.000592733925,-0.000163861559
0.8326530612244898,1.1183673469387754,0.000591927972,-0.000164929463
0.8326530612244898,1.110204081632653,0.000591679382,-0.000163869298
0.8326530612244898,1.1020408163265305,0.000591324131,-0.000164736466
0.8326530612244898,1.0938775510204082,0.00059173899,-0.000165942101
0.8326530612244898,1.0857142857142856,0.000591023216,-0.000165379264
0.8326530612244898,1.0775510204081633,0.000591151537,-0.000164949437
0.8326530612244898,1.0693877551020408,0.000591010087,-0.000163840943
0.8326530612244898,1.0612244897959184,0.000592643553,-0.00016495374
0.8326530612244898,1.0530612244897959,0.000592438856,-0.000164952873
0.8326530612244898,1.0448979591836736,0.000591030787,-0.000163445508
0.8326530612244898,1.036734693877551,0.000592380207,-0.000163551672
0.8326530612244898,1.0285714285714285,0.000592340053,-0.000163912939
0.8326530612244898,1.0204081632653061,0.000592924727,-0.000164699505
0.8326530612244898,1.0122448979591836,0.000593078826,-0.000164520059
0.8326530612244898,1.0040816326530613,0.000592598513,-0.000164368328
0.8326530612244898,0.9959183673469387,0.000592399661,-0.000165409996
0.8326530612244898,0.9877551020408163,0.000593936623,-0.000165474671
0.8326530612244898,0.9795918367346939,0.000593628904,-0.000165071946
0.8326530612244898,0.9714285714285714,0.000591570422,-0.000165443521
0.8326530612244898,0.963265306122449,0.000591740523,-0.000165298886
0.8326530612244898,0.9551020408163265,0.000592689745,-0.000164339523
0.8326530612244898,0.9469387755102041,0.000592485621,-0.000164433452
0.8326530612244898,0.9387755102040816,0.000591973205,-0.00016445622
0.8326530612244898,0.9306122448979592,0.000591486374,-0.000164387884
0.8326530612244898,0.9224489795918367,0.000592225341,-0.000163630541
0.8326530612244898,0.9142857142857143,0.000592718303,-0.000164889483
0.8326530612244898,0.9061224489795918,0.000592154616,-0.00016475689
0.8326530612244898,0.8979591836734694,0.000592079579,-0.000164260012
0.8326530612244898,0.889795918367347,0.000593342365,-0.000165449109
0.8326530612244898,0.8816326530612244,0.000592998231,-0.000165100945
0.8326530612244898,0.8734693877551021,0.000592738524,-0.000165126955
0.8326530612244898,0.8653061224489795,0.000591874688,-0.000165425892
0.8326530612244898,0.8571428571428572,0.000592789795,-0.00016498855
0.8326530612244898,0.8489795918367347,0.000593138721,-0.000165256979
0.8326530612244898,0.8408163265306122,0.000592865598,-0.000164148485
0.8326530612244898,0.8326530612244898,0.000591315027,-0.000163528037
0.8326530612244898,0.8244897959183674,0.000592634929,-0.00016446245
0.8326530612244898,0.8163265306122449,0.000592623526,-0.000165438576
0.8326530612244898,0.8081632653061225,0.000592226107,-0.000164439682
0.8326530612244898,0.8,0.000592693771,-0.00016450243
0.8244897959183674,1.2,0.000591465101,-0.000166793791
0.8244897959183674,1.1918367346938774,0.000591331222,-0.000165569884
0.8244897959183674,1.183673469387755,0.000590338493,-0.000166762417
0.8244897959183674,1.1755102040816325,0.000590230106,-0.000166843437
0.8244897959183674,1.1673469387755102,0.000591126811,-0.000167104769
0.8244897959183674,1.1591836734693877,0.00059049058,-0.000166144122
0.8244897959183674,1.1510204081632653,0.000591251873,-0.000167050178
0.8244897959183674,1.1428571428571428,0.000591157382,-0.000166423501
0.8244897959183674,1.1346938775510205,0.00059137013,-0.000166934123
0.8244897959183674,1.126530612244898,0.000592268561,-0.000167043948
0.8244897959183674,1.1183673469387754,0.000592721849,-0.000167687164
0.8244897959183674,1.110204081632653,0.000592900674,-0.000167154415
0.8244897959183674,1.1020408163265305,0.000592056099,-0.000166288114
0.8244897959183674,1.0938775510204082,0.000593318599,-0.000167907231
0.8244897959183674,1.0857142857142856,0.000591787002,-0.000167309359
0.8244897959183674,1.0775510204081633,0.000592062138,-0.000168033594
0.8244897959183674,1.0693877551020408,0.000592297599,-0.000166297138
0.8244897959183674,1.0612244897959184,0.000592340053,-0.00016687889
0.8244897959183674,1.0530612244897959,0.000593584917,-0.000166912864
0.8244897959183674,1.0448979591836736,0.000592875468,-0.000165595253
0.8244897959183674,1.036734693877551,0.000592460322,-0.000165559994
0.8244897959183674,1.0285714285714285,0.000591420154,-0.000166604038
0.8244897959183674,1.0204081632653061,0.00059170612,-0.000166081149
0.8244897959183674,1.0122448979591836,0.000591644499,-0.00016587656
0.8244897959183674,1.0040816326530613,0.000593063398,-0.000166184744
0.8244897959183674,0.9959183673469387,0.00059417333,-0.00016677918
0.8244897959183674,0.9877551020408163,0.000591887338,-0.000166773817
0.8244897959183674,0.9795918367346939,0.000593473752,-0.000167057275
0.8244897959183674,0.9714285714285714,0.000592372922,-0.000167950872
0.8244897959183674,0.963265306122449,0.000591275066,-0.00016657716
0.8244897959183674,0.9551020408163265,0.000591932764,-0.000167082419
0.8244897959183674,0.9469387755102041,0.000591029255,-0.000166178514
0.8244897959183674,0.9387755102040816,0.000592472972,-0.000165968979
0.8244897959183674,0.9306122448979592,0.000592551554,-0.000166092324
0.8244897959183674,0.9224489795918367,0.000591953271,-0.000166872018
0.8244897959183674,0.9142857142857143,0.000592474505,-0.000165747627
0.8244897959183674,0.9061224489795918,0.000590731599,-0.000165815096
0.8244897959183674,0.8979591836734694,0.000591679095,-0.000167134217
0.8244897959183674,0.889795918367347,0.000591516178,-0.000166667428
0.8244897959183674,0.8816326530612244,0.000592221316,-0.000165636517
0.8244897959183674,0.8734693877551021,0.00059231456,-0.000165539153
0.8244897959183674,0.8653061224489795,0.000592204641,-0.000166452948
0.8244897959183674,0.8571428571428572,0.00059174886,-0.000166397072
0.8244897959183674,0.8489795918367347,0.000592560852,-0.00016646499
0.8244897959183674,0.8408163265306122,0.000592462335,-0.000166319264
0.8244897959183674,0.8326530612244898,0.0005920975,-0.000167302905
0.8244897959183674,0.8244897959183674,0.000591486568,-0.000167201268
0.8244897959183674,0.8163265306122449,0.000591168978,-0.00016649357
0.8244897959183674,0.8081632653061225,0.000591678615,-0.000165651547
0.8244897959183674,0.8,0.000591986814,-0.000166398357
0.8163265306122449,1.2,0.000593628617,-0.000165588574
0.8163265306122449,1.1918367346938774,0.000592852949,-0.000165720107
0.8163265306122449,1.183673469387755,0.000592605124,-0.000164725934
0.8163265306122449,1.1755102040816325,0.000592119733,-0.000166569003
0.8163265306122449,1.1673469387755102,0.000592604838,-0.000165646601
0.8163265306122449,1.1591836734693877,0.000591334961,-0.00016667947
0.8163265306122449,1.1510204081632653,0.000593380507,-0.000166623145
0.8163265306122449,1.1428571428571428,0.00059343609,-0.000165713235
0.8163265306122449,1.1346938775510205,0.000592561138,-0.000165888377
0.8163265306122449,1.126530612244898,0.000592005308,-0.00016658705
0.8163265306122449,1.1183673469387754,0.00059219707,-0.000166458536
0.8163265306122449,1.110204081632653,0.000591371856,-0.000166370001
0.8163265306122449,1.1020408163265305,0.000592635889,-0.000166236317
0.8163265306122449,1.0938775510204082,0.000592887065,-0.000164898507
0.8163265306122449,1.0857142857142856,0.000593056113,-0.000165582344
0.8163265306122449,1.0775510204081633,0.000592944181,-0.000165055601
0.8163265306122449,1.0693877551020408,0.000592575034,-0.000164822432
0.8163265306122449,1.0612244897959184,0.00059271677,-0.000166274145
0.8163265306122449,1.0530612244897959,0.000591387285,-0.000165924278
0.8163265306122449,1.0448979591836736,0.000591315793,-0.00016525547
0.8163265306122449,1.036734693877551,0.000592823144,-0.000166067404
0.8163265306122449,1.0285714285714285,0.000592139954,-0.000165672612
0.8163265306122449,1.0204081632653061,0.000591292794,-0.000165252034
0.8163265306122449,1.0122448979591836,0.000591766782,-0.00016600228
0.8163265306122449,1.0040816326530613,0.000591057332,-0.000165902122
0.8163265306122449,0.9959183673469387,0.000591677849,-0.000165762656
0.8163265306122449,0.9877551020408163,0.000592246041,-0.000165349592
0.8163265306122449,0.9795918367346939,0.000590287988,-0.000167128404
0.8163265306122449,0.9714285714285714,0.000590412284,-0.000166230087
0.8163265306122449,0.963265306122449,0.000589802117,-0.000165853342
0.8163265306122449,0.9551020408163265,0.000590355934,-0.000166239111
0.8163265306122449,0.9469387755102041,0.000591463088,-0.000167690182
0.8163265306122449,0.9387755102040816,0.000591487334,-0.000166583614
0.8163265306122449,0.9306122448979592,0.000591648045,-0.000166342706
0.8163265306122449,0.9224489795918367,0.000590102745,-0.000166659689
0.8163265306122449,0.9142857142857143,0.000590700549,-0.00016642501
0.8163265306122449,0.9061224489795918,0.00059035996,-0.000165218508
0.8163265306122449,0.8979591836734694,0.000591507554,-0.000166586408
0.8163265306122449,0.889795918367347,0.000590424647,-0.000165587514
0.8163265306122449,0.8816326530612244,0.00058966268,-0.000165292432
0.8163265306122449,0.8734693877551021,0.000591950972,-0.00016655481
0.8163265306122449,0.8653061224489795,0.000591136395,-0.00016687266
0.8163265306122449,0.8571428571428572,0.000590728627,-0.000166061817
0.8163265306122449,0.8489795918367347,0.000591084358,-0.000166111238
0.8163265306122449,0.8408163265306122,0.000592036359,-0.000164796421
0.8163265306122449,0.8326530612244898,0.000591286469,-0.000164799857
0.8163265306122449,0.8244897959183674,0.000591372623,-0.000165207558
0.8163265306122449,0.8163265306122449,0.000590516358,-0.000165199594
0.8163265306122449,0.8081632653061225,0.000589852142,-0.000165494452
0.8163265306122449,0.8,0.000589949606,-0.000165245162
0.8081632653061225,1.2,0.000591159395,-0.000165878711
0.8081632653061225,1.1918367346938774,0.000590130057,-0.00016548135
0.8081632653061225,1.183673469387755,0.000591490593,-0.000166144539
0.8081632653061225,1.1755102040816325,0.000591406739,-0.000165840465
0.8081632653061225,1.1673469387755102,0.000591997451,-0.0001661596
0.8081632653061225,1.1591836734693877,0.000590502463,-0.000165784364
0.8081632653061225,1.1510204081632653,0.000590128044,-0.000166406096
0.8081632653061225,1.1428571428571428,0.000591319819,-0.000166706959
0.8081632653061225,1.1346938775510205,0.000590619473,-0.000165973924
0.8081632653061225,1.126530612244898,0.000591476697,-0.000165641238
0.8081632653061225,1.1183673469387754,0.000591388245,-0.000164668773
0.8081632653061225,1.110204081632653,0.000590721535,-0.000164840255
0.8081632653061225,1.1020408163265305,0.000589335987,-0.00016470445
0.8081632653061225,1.0938775510204082,0.000589933984,-0.000164864114
0.8081632653061225,1.0857142857142856,0.000590407492,-0.000164886271
0.8081632653061225,1.0775510204081633,0.000590090096,-0.000165664873
0.8081632653061225,1.0693877551020408,0.000590779131,-0.000164990926
0.8081632653061225,1.0612244897959184,0.000591108603,-0.000164621278
0.8081632653061225,1.0530612244897959,0.00059102197,-0.000165428685
0.8081632653061225,1.0448979591836736,0.000591313494,-0.000165052165
0.8081632653061225,1.036734693877551,0.000591229353,-0.000165454696
0.8081632653061225,1.0285714285714285,0.000590774053,-0.000164676288
0.8081632653061225,1.0204081632653061,0.000591503243,-0.000165595028
0.8081632653061225,1.0122448979591836,0.000591941868,-0.000164795778
0.8081632653061225,1.0040816326530613,0.000592653616,-0.000164050895
0.8081632653061225,0.9959183673469387,0.000592952998,-0.000164731521
0.8081632653061225,0.9877551020408163,0.000592178382,-0.000164617618
0.8081632653061225,0.9795918367346939,0.00059179256,-0.000164492539
0.8081632653061225,0.9714285714285714,0.000591700562,-0.000163968815
0.8081632653061225,0.963265306122449,0.000591198589,-0.000164521344
0.8081632653061225,0.9551020408163265,0.000591047176,-0.000165022076
0.8081632653061225,0.9469387755102041,0.000591603578,-0.000164028769
0.8081632653061225,0.9387755102040816,0.000590676303,-0.000164175556
0.8081632653061225,0.9306122448979592,0.00059211063,-0.000165344872
0.8081632653061225,0.9224489795918367,0.000593239537,-0.000164685536
0.8081632653061225,0.9142857142857143,0.000593130863,-0.000164595267
0.8081632653061225,0.9061224489795918,0.000592732679,-0.000164775804
0.8081632653061225,0.8979591836734694,0.000592382506,-0.000163792806
0.8081632653061225,0.889795918367347,0.000593606864,-0.000163084242
0.8081632653061225,0.8816326530612244,0.000593719083,-0.00016336664
0.8081632653061225,0.8734693877551021,0.000592684667,-0.000163978481
0.8081632653061225,0.8653061224489795,0.000593512373,-0.000162649052
0.8081632653061225,0.8571428571428572,0.000592898948,-0.000163764001
0.8081632653061225,0.8489795918367347,0.000592734978,-0.000163362337
0.8081632653061225,0.8408163265306122,0.000592220549,-0.000163198787
0.8081632653061225,0.8326530612244898,0.000592506035,-0.000162585437
0.8081632653061225,0.8244897959183674,0.000591913597,-0.000163107459
0.8081632653061225,0.8163265306122449,0.000593261003,-0.000164032205
0.8081632653061225,0.8081632653061225,0.000594180422,-0.000164038017
0.8081632653061225,0.8,0.000593630917,-0.000164565402
0.8,1.2,0.000591442868,-0.000165944477
0.8,1.1918367346938774,0.000591413063,-0.00016566057
0.8,1.183673469387755,0.000591986621,-0.000164418616
0.8,1.1755102040816325,0.000591641434,-0.000164387242
0.8,1.1673469387755102,0.000592087916,-0.000163994377
0.8,1.1591836734693877,0.000592352416,-0.000163805683
0.8,1.1510204081632653,0.000592340339,-0.000163610985
0.8,1.1428571428571428,0.000591756145,-0.000163056946
0.8,1.1346938775510205,0.00059307758,-0.000163450453
0.8,1.126530612244898,0.000591555566,-0.000163939368
0.8,1.1183673469387754,0.000591381726,-0.000163094775
0.8,1.110204081632653,0.000591003476,-0.000164077997
0.8,1.1020408163265305,0.000592255145,-0.000163835131
0.8,1.0938775510204082,0.000591509087,-0.000163755844
0.8,1.0857142857142856,0.000594120527,-0.000163662558
0.8,1.0775510204081633,0.000594227861,-0.000163831919
0.8,1.0693877551020408,0.000593661681,-0.000163328811
0.8,1.0612244897959184,0.000594274433,-0.00016324564
0.8,1.0530612244897959,0.000592941401,-0.000163525886
0.8,1.0448979591836736,0.000593955791,-0.000162120158
0.8,1.036734693877551,0.00059231456,-0.000163226725
0.8,1.0285714285714285,0.000593278445,-0.000163592937
0.8,1.0204081632653061,0.000593062918,-0.000163402959
0.8,1.0122448979591836,0.000592466167,-0.000163303443
0.8,1.0040816326530613,0.000593337287,-0.000164015443
0.8,0.9959183673469387,0.000592735458,-0.000163493645
0.8,0.9877551020408163,0.000592895689,-0.000163338702
0.8,0.9795918367346939,0.000594402753,-0.000164087663
0.8,0.9714285714285714,0.000592679589,-0.000163983426
0.8,0.963265306122449,0.000593630917,-0.000163506329
0.8,0.9551020408163265,0.000593160954,-0.000163184818
0.8,0.9469387755102041,0.000593321378,-0.000163832979
0.8,0.9387755102040816,0.000593270587,-0.00016350482
0.8,0.9306122448979592,0.00059293661,-0.000163594864
0.8,0.9224489795918367,0.000592404453,-0.000164656731
0.8,0.9142857142857143,0.00059280369,-0.000163971384
0.8,0.9061224489795918,0.000592053034,-0.000163825464
0.8,0.8979591836734694,0.000592204641,-0.000164127419
0.8,0.889795918367347,0.000592491659,-0.000163467634
0.8,0.8816326530612244,0.000592772833,-0.000162362576
0.8,0.8734693877551021,0.000592580112,-0.000161666921
0.8,0.8653061224489795,0.000592850456,-0.000162046234
0.8,0.8571428571428572,0.000592733445,-0.00016292005
0.8,0.8489795918367347,0.000593114761,-0.000162352043
0.8,0.8408163265306122,0.000593137955,-0.000162128764
0.8,0.8326530612244898,0.00059501244,-0.000163794733
0.8,0.8244897959183674,0.000592955777,-0.000162994616
0.8,0.8163265306122449,0.000593238484,-0.000162725769
0.8,0.8081632653061225,0.000592201382,-0.000164353716
0.8,0.8,0.00059228217,-0.00016309972
