spi_rack.module2.dac5.voltage,spi_rack.module1.dac5.voltage,agilent_left.volt,agilent_right.volt
1.2,1.2,0.00059077204,-0.000166728249
1.2,1.1918367346938774,0.000590557279,-0.000167802576
1.2,1.183673469387755,0.000590800884,-0.000166748448
1.2,1.1755102040816325,0.000591802431,-0.000167048251
1.2,1.1673469387755102,0.000591721262,-0.000166146915
1.2,1.1591836734693877,0.000591020151,-0.000166709111
1.2,1.1510204081632653,0.000591968127,-0.000167408008
1.2,1.1428571428571428,0.000592589982,-0.000166542992
1.2,1.1346938775510205,0.000592949259,-0.000166896519
1.2,1.126530612244898,0.000591916376,-0.000166684191
1.2,1.1183673469387754,0.000591547995,-0.000167441534
1.2,1.110204081632653,0.000592515905,-0.000167150113
1.2,1.1020408163265305,0.000593280457,-0.000167092952
1.2,1.0938775510204082,0.000592886298,-0.000167607653
1.2,1.0857142857142856,0.000592881507,-0.000168541872
1.2,1.0775510204081633,0.000592095488,-0.000167803443
1.2,1.0693877551020408,0.000592838573,-0.000167502131
1.2,1.0612244897959184,0.000592232432,-0.000168030383
1.2,1.0530612244897959,0.000592863779,-0.000168068629
1.2,1.0448979591836736,0.000592918882,-0.000167089291
1.2,1.036734693877551,0.000593405806,-0.000168087125
1.2,1.0285714285714285,0.000593376195,-0.000167663529
1.2,1.0204081632653061,0.000593486881,-0.000167361799
1.2,1.0122448979591836,0.000594016452,-0.000167946569
1.2,1.0040816326530613,0.000593706434,-0.00016849502
1.2,0.9959183673469387,0.000593385779,-0.000167190735
1.2,0.9877551020408163,0.000593319846,-0.000168103021
1.2,0.9795918367346939,0.000592908532,-0.000167287233
1.2,0.9714285714285714,0.000592941401,-0.000168225082
1.2,0.963265306122449,0.0005935094,-0.000167409936
1.2,0.9551020408163265,0.000594106917,-0.000169011229
1.2,0.9469387755102041,0.000593799392,-0.000167883596
1.2,0.9387755102040816,0.000593585397,-0.000169495423
1.2,0.9306122448979592,0.000594221342,-0.000167601198
1.2,0.9224489795918367,0.000593362586,-0.000168321162
1.2,0.9142857142857143,0.000592614708,-0.000168520806
1.2,0.9061224489795918,0.000593531347,-0.000168701118
1.2,0.8979591836734694,0.000592575034,-0.000168457191
1.2,0.889795918367347,0.000592833975,-0.000168106682
1.2,0.8816326530612244,0.000593923974,-0.000169344558
1.2,0.8734693877551021,0.000593201109,-0.000168989746
1.2,0.8653061224489795,0.000593430531,-0.000167234151
1.2,0.8571428571428572,0.000593808496,-0.000167662468
1.2,0.8489795918367347,0.000594371703,-0.000169052494
1.2,0.8408163265306122,0.000592380493,-0.000168781496
1.2,0.8326530612244898,0.000593360286,-0.00016797881
1.2,0.8244897959183674,0.000592942168,-0.00016848728
1.2,0.8163265306122449,0.00059258615,-0.00016807701
1.2,0.8081632653061225,0.000592909584,-0.00016819178
1.2,0.8,0.000593291094,-0.000168852625
1.1918367346938774,1.2,0.000594455844,-0.000168553689
1.1918367346938774,1.1918367346938774,0.000594443674,-0.000168794822
1.1918367346938774,1.183673469387755,0.000594095514,-0.000168367147
1.1918367346938774,1.1755102040816325,0.000594375728,-0.000168594954
1.1918367346938774,1.1673469387755102,0.000593330002,-0.000168513291
1.1918367346938774,1.1591836734693877,0.000595438896,-0.000168679186
1.1918367346938774,1.1510204081632653,0.00059383878,-0.000169032295
1.1918367346938774,1.1428571428571428,0.000593665033,-0.000168507704
1.1918367346938774,1.1346938775510205,0.000592894922,-0.000167896923
1.1918367346938774,1.126530612244898,0.0005935531,-0.000168000293
1.1918367346938774,1.1183673469387754,0.000594689292,-0.000167749494
1.1918367346938774,1.110204081632653,0.000593514192,-0.000168351027
1.1918367346938774,1.1020408163265305,0.000593670018,-0.000167824509
1.1918367346938774,1.0938775510204082,0.000593449986,-0.000167915837
1.1918367346938774,1.0857142857142856,0.000593886598,-0.00016803597
1.1918367346938774,1.0775510204081633,0.000593824691,-0.000167774863
1.1918367346938774,1.0693877551020408,0.000593169772,-0.000168343512
1.1918367346938774,1.0612244897959184,0.000593189992,-0.000167906171
1.1918367346938774,1.0530612244897959,0.000594304237,-0.000169181009
1.1918367346938774,1.0448979591836736,0.00059459854,-0.000169387974
1.1918367346938774,1.036734693877551,0.000594571802,-0.000168119142
1.1918367346938774,1.0285714285714285,0.000593669538,-0.000167180202
1.1918367346938774,1.0204081632653061,0.00059311898,-0.000167793552
1.1918367346938774,1.0122448979591836,0.000593914103,-0.00016856464
1.1918367346938774,1.0040816326530613,0.000593753199,-0.000168536284
1.1918367346938774,0.9959183673469387,0.000593180408,-0.000168366729
1.1918367346938774,0.9877551020408163,0.000592897415,-0.000168792029
1.1918367346938774,0.9795918367346939,0.000594305963,-0.000168428193
1.1918367346938774,0.9714285714285714,0.000593720043,-0.000169122981
1.1918367346938774,0.963265306122449,0.00059383734,-0.000168147304
1.1918367346938774,0.9551020408163265,0.000592373116,-0.000169170476
1.1918367346938774,0.9469387755102041,0.000592942168,-0.000168955578
1.1918367346938774,0.9387755102040816,0.000593358754,-0.000168588499
1.1918367346938774,0.9306122448979592,0.000592514373,-0.000169783408
1.1918367346938774,0.9224489795918367,0.000593410597,-0.00016887626
1.1918367346938774,0.9142857142857143,0.000592660421,-0.000168937082
1.1918367346938774,0.9061224489795918,0.000593849703,-0.000169343916
1.1918367346938774,0.8979591836734694,0.00059313115,-0.000168969322
1.1918367346938774,0.889795918367347,0.000593677876,-0.000168667175
1.1918367346938774,0.8816326530612244,0.00059405536,-0.000168696815
1.1918367346938774,0.8734693877551021,0.000594435337,-0.000169164246
1.1918367346938774,0.8653061224489795,0.000593345911,-0.000169464916
1.1918367346938774,0.8571428571428572,0.000594135475,-0.000169412894
1.1918367346938774,0.8489795918367347,0.000594829976,-0.00017057964
1.1918367346938774,0.8408163265306122,0.000593601879,-0.000168392934
1.1918367346938774,0.8326530612244898,0.00059434669,-0.000169266332
1.1918367346938774,0.8244897959183674,0.000594401507,-0.000169346485
1.1918367346938774,0.8163265306122449,0.000593138721,-0.000169358527
1.1918367346938774,0.8081632653061225,0.000593782237,-0.000169445777
1.1918367346938774,0.8,0.000593898195,-0.00016951347
1.183673469387755,1.2,0.000592940635,-0.000167575861
1.183673469387755,1.1918367346938774,0.00059299018,-0.000167099182
1.183673469387755,1.183673469387755,0.000593603892,-0.000168226815
1.183673469387755,1.1755102040816325,0.000594082385,-0.00016812839
1.183673469387755,1.1673469387755102,0.000593459089,-0.000168182114
1.183673469387755,1.1591836734693877,0.000593155876,-0.000168422799
1.183673469387755,1.1510204081632653,0.000594277692,-0.000168791162
1.183673469387755,1.1428571428571428,0.000593844911,-0.000169370344
1.183673469387755,1.1346938775510205,0.000594353209,-0.000168637921
1.183673469387755,1.126530612244898,0.000593700109,-0.000168003954
1.183673469387755,1.1183673469387754,0.000592789028,-0.00016831901
1.183673469387755,1.110204081632653,0.000592974751,-0.000168010184
1.183673469387755,1.1020408163265305,0.000593617021,-0.000168711426
1.183673469387755,1.0938775510204082,0.000593938636,-0.000168236481
1.183673469387755,1.0857142857142856,0.000594243096,-0.000168531981
1.183673469387755,1.0775510204081633,0.000592973985,-0.000169077638
1.183673469387755,1.0693877551020408,0.000594572568,-0.00016903358
1.183673469387755,1.0612244897959184,0.000594710279,-0.000169993585
1.183673469387755,1.0530612244897959,0.000593997478,-0.000168728414
1.183673469387755,1.0448979591836736,0.000594738264,-0.000169288458
1.183673469387755,1.036734693877551,0.000593431298,-0.000169403646
1.183673469387755,1.0285714285714285,0.000593979556,-0.000168662423
1.183673469387755,1.0204081632653061,0.000595267355,-0.000169309523
1.183673469387755,1.0122448979591836,0.000594596814,-0.000168413775
1.183673469387755,1.0040816326530613,0.000595226434,-0.000168798676
1.183673469387755,0.9959183673469387,0.000596095828,-0.000168844244
1.183673469387755,0.9877551020408163,0.000595359833,-0.000170319593
1.183673469387755,0.9795918367346939,0.000594890637,-0.000169027992
1.183673469387755,0.9714285714285714,0.000594705201,-0.000169284379
1.183673469387755,0.963265306122449,0.000593698863,-0.000169791341
1.183673469387755,0.9551020408163265,0.00059392426,-0.000170766182
1.183673469387755,0.9469387755102041,0.000593149838,-0.000169885688
1.183673469387755,0.9387755102040816,0.000593253432,-0.000169025198
1.183673469387755,0.9306122448979592,0.000592667512,-0.000169323492
1.183673469387755,0.9224489795918367,0.000594581865,-0.000168151158
1.183673469387755,0.9142857142857143,0.000594573048,-0.000169080432
1.183673469387755,0.9061224489795918,0.000595003336,-0.000169011229
1.183673469387755,0.8979591836734694,0.000594026322,-0.000170003894
1.183673469387755,0.889795918367347,0.000594349183,-0.000170674629
1.183673469387755,0.8816326530612244,0.000592372922,-0.000170571259
1.183673469387755,0.8734693877551021,0.000593540931,-0.000170483366
1.183673469387755,0.8653061224489795,0.000593877494,-0.000170097598
1.183673469387755,0.8571428571428572,0.000593497997,-0.000170210859
1.183673469387755,0.8489795918367347,0.000594837353,-0.000170669684
1.183673469387755,0.8408163265306122,0.00059447779,-0.000170041498
1.183673469387755,0.8326530612244898,0.000592561618,-0.000169815843
1.183673469387755,0.8244897959183674,0.000592658408,-0.00016992374
1.183673469387755,0.8163265306122449,0.00059341357,-0.000170010766
1.183673469387755,0.8081632653061225,0.000593158941,-0.000169508749
1.183673469387755,0.8,0.000593128371,-0.000170060412
1.1755102040816325,1.2,0.000594076827,-0.000171331396
1.1755102040816325,1.1918367346938774,0.00059383734,-0.000171570377
1.1755102040816325,1.183673469387755,0.000593409065,-0.000171726188
1.1755102040816325,1.1755102040816325,0.000594116501,-0.000171140551
1.1755102040816325,1.1673469387755102,0.000593149071,-0.000171380399
1.1755102040816325,1.1591836734693877,0.000592374935,-0.00017086374
1.1755102040816325,1.1510204081632653,0.000593755692,-0.00016983906
1.1755102040816325,1.1428571428571428,0.000593701642,-0.000170525049
1.1755102040816325,1.1346938775510205,0.000593680941,-0.00017018549
1.1755102040816325,1.126530612244898,0.000594024023,-0.000171744877
1.1755102040816325,1.1183673469387754,0.000593939882,-0.000170167443
1.1755102040816325,1.110204081632653,0.000594633709,-0.000169960478
1.1755102040816325,1.1020408163265305,0.000593692058,-0.000171264987
1.1755102040816325,1.0938775510204082,0.000593744095,-0.000170151965
1.1755102040816325,1.0857142857142856,0.000593669538,-0.000170769618
1.1755102040816325,1.0775510204081633,0.000593324637,-0.000171004297
1.1755102040816325,1.0693877551020408,0.000593633409,-0.000170956803
1.1755102040816325,1.0612244897959184,0.000593404466,-0.000169905886
1.1755102040816325,1.0530612244897959,0.000592962102,-0.000170911459
1.1755102040816325,1.0448979591836736,0.000594146305,-0.000170024093
1.1755102040816325,1.036734693877551,0.000594672331,-0.00017045241
1.1755102040816325,1.0285714285714285,0.000593766328,-0.000170434363
1.1755102040816325,1.0204081632653061,0.000593412324,-0.000170490881
1.1755102040816325,1.0122448979591836,0.000593492439,-0.000170040213
1.1755102040816325,1.0040816326530613,0.000594221629,-0.000170299169
1.1755102040816325,0.9959183673469387,0.000593423727,-0.000168920961
1.1755102040816325,0.9877551020408163,0.000594629397,-0.000170473476
1.1755102040816325,0.9795918367346939,0.00059309732,-0.000170998067
1.1755102040816325,0.9714285714285714,0.000594094748,-0.000170644958
1.1755102040816325,0.963265306122449,0.000593111409,-0.000170143359
1.1755102040816325,0.9551020408163265,0.000592614708,-0.000169621786
1.1755102040816325,0.9469387755102041,0.000592697603,-0.00017141993
1.1755102040816325,0.9387755102040816,0.000592627551,-0.0001705272
1.1755102040816325,0.9306122448979592,0.000593440115,-0.000170258129
1.1755102040816325,0.9224489795918367,0.000592505555,-0.000170768976
1.1755102040816325,0.9142857142857143,0.000593180888,-0.000170618111
1.1755102040816325,0.9061224489795918,0.000593424207,-0.000169671208
1.1755102040816325,0.8979591836734694,0.000595786576,-0.000168865085
1.1755102040816325,0.889795918367347,0.000597036712,-0.000171031817
1.1755102040816325,0.8816326530612244,0.00059607762,-0.000170959372
1.1755102040816325,0.8734693877551021,0.000595214838,-0.000169894518
1.1755102040816325,0.8653061224489795,0.000595716331,-0.000170973565
1.1755102040816325,0.8571428571428572,0.00059594604,-0.000169980677
1.1755102040816325,0.8489795918367347,0.000595851263,-0.000170791102
1.1755102040816325,0.8408163265306122,0.000595915949,-0.000171430688
1.1755102040816325,0.8326530612244898,0.00059472868,-0.000170620038
1.1755102040816325,0.8244897959183674,0.000595832575,-0.000170955293
1.1755102040816325,0.8163265306122449,0.000595962428,-0.000171723169
1.1755102040816325,0.8081632653061225,0.000595831042,-0.000170772412
1.1755102040816325,0.8,0.000595485375,-0.00016969314
1.1673469387755102,1.2,0.000591937842,-0.000170877067
1.1673469387755102,1.1918367346938774,0.000592421894,-0.000171192766
1.1673469387755102,1.183673469387755,0.000592168032,-0.000171210396
1.1673469387755102,1.1755102040816325,0.000592428505,-0.000171758846
1.1673469387755102,1.1673469387755102,0.00059271955,-0.000171571886
1.1673469387755102,1.1591836734693877,0.000592272873,-0.000171223498
1.1673469387755102,1.1510204081632653,0.000591958543,-0.000171698892
1.1673469387755102,1.1428571428571428,0.000592066163,-0.000170961748
1.1673469387755102,1.1346938775510205,0.000591986814,-0.000172073261
1.1673469387755102,1.126530612244898,0.000592509867,-0.000170754782
1.1673469387755102,1.1183673469387754,0.000593683434,-0.000172404213
1.1673469387755102,1.110204081632653,0.000591892323,-0.000171092189
1.1673469387755102,1.1020408163265305,0.00059199975,-0.000171653324
1.1673469387755102,1.0938775510204082,0.000590828389,-0.000171729624
1.1673469387755102,1.0857142857142856,0.000591114448,-0.000170685804
1.1673469387755102,1.0775510204081633,0.00059205332,-0.000171886719
1.1673469387755102,1.0693877551020408,0.000592020164,-0.00017166816
1.1673469387755102,1.0612244897959184,0.000592293093,-0.000171062967
1.1673469387755102,1.0530612244897959,0.000592235978,-0.000171017624
1.1673469387755102,1.0448979591836736,0.000592024476,-0.000171566074
1.1673469387755102,1.036734693877551,0.000590650524,-0.000170585228
1.1673469387755102,1.0285714285714285,0.000589682134,-0.000170937246
1.1673469387755102,1.0204081632653061,0.000590033553,-0.000170768976
1.1673469387755102,1.0122448979591836,0.000590561111,-0.000170366445
1.1673469387755102,1.0040816326530613,0.00059066442,-0.000171068779
1.1673469387755102,0.9959183673469387,0.000589542124,-0.000171744011
1.1673469387755102,0.9877551020408163,0.000590491346,-0.000170823343
1.1673469387755102,0.9795918367346939,0.000590993606,-0.000172025766
1.1673469387755102,0.9714285714285714,0.000590486841,-0.000170534073
1.1673469387755102,0.963265306122449,0.000590847077,-0.000170519686
1.1673469387755102,0.9551020408163265,0.000589971932,-0.00017122931
1.1673469387755102,0.9469387755102041,0.000590241509,-0.000170958954
1.1673469387755102,0.9387755102040816,0.000589041877,-0.000170754365
1.1673469387755102,0.9306122448979592,0.000588679821,-0.000170874273
1.1673469387755102,0.9224489795918367,0.000589816779,-0.00017073179
1.1673469387755102,0.9142857142857143,0.000588588589,-0.00017043995
1.1673469387755102,0.9061224489795918,0.00058961946,-0.000170873631
1.1673469387755102,0.8979591836734694,0.000589310688,-0.000170479706
1.1673469387755102,0.889795918367347,0.000589498137,-0.00017140275
1.1673469387755102,0.8816326530612244,0.000589636615,-0.000172292686
1.1673469387755102,0.8734693877551021,0.000589270534,-0.000171228667
1.1673469387755102,0.8653061224489795,0.000589744235,-0.000171733702
1.1673469387755102,0.8571428571428572,0.000589881466,-0.000171418646
1.1673469387755102,0.8489795918367347,0.000591508801,-0.000171941952
1.1673469387755102,0.8408163265306122,0.000590905439,-0.000171101438
1.1673469387755102,0.8326530612244898,0.000590506775,-0.000171026005
1.1673469387755102,0.8244897959183674,0.000590079746,-0.000171017624
1.1673469387755102,0.8163265306122449,0.000589974425,-0.000170413521
1.1673469387755102,0.8081632653061225,0.000591082345,-0.000170699549
1.1673469387755102,0.8,0.000591016892,-0.000170560501
1.1591836734693877,1.2,0.000590589096,-0.000168329543
1.1591836734693877,1.1918367346938774,0.000591086657,-0.000168461912
1.1591836734693877,1.183673469387755,0.000589258364,-0.000167231999
1.1591836734693877,1.1755102040816325,0.000589617161,-0.000168982649
1.1591836734693877,1.1673469387755102,0.000591174057,-0.000169059366
1.1591836734693877,1.1591836734693877,0.000591079566,-0.000168761072
1.1591836734693877,1.1510204081632653,0.00058972708,-0.000168810076
1.1591836734693877,1.1428571428571428,0.000590926426,-0.000169412027
1.1591836734693877,1.1346938775510205,0.000590550475,-0.00016992631
1.1591836734693877,1.126530612244898,0.000590263742,-0.000169736974
1.1591836734693877,1.1183673469387754,0.000590366284,-0.000170066224
1.1591836734693877,1.110204081632653,0.000589768288,-0.000169442341
1.1591836734693877,1.1020408163265305,0.000589459516,-0.000169463824
1.1591836734693877,1.0938775510204082,0.000588367024,-0.000169993361
1.1591836734693877,1.0857142857142856,0.000589021657,-0.000169556886
1.1591836734693877,1.0775510204081633,0.000589208626,-0.0001698266
1.1591836734693877,1.0693877551020408,0.000588920075,-0.000169284379
1.1591836734693877,1.0612244897959184,0.000589862972,-0.000169604381
1.1591836734693877,1.0530612244897959,0.000590095941,-0.000169680456
1.1591836734693877,1.0448979591836736,0.000590300351,-0.000169607175
1.1591836734693877,1.036734693877551,0.000589778351,-0.000170251257
1.1591836734693877,1.0285714285714285,0.00058939157,-0.000169866998
1.1591836734693877,1.0204081632653061,0.00058849889,-0.00016980274
1.1591836734693877,1.0122448979591836,0.0005894024,-0.000169662184
1.1591836734693877,1.0040816326530613,0.000590444867,-0.00017046381
1.1591836734693877,0.9959183673469387,0.000591476504,-0.000169339613
1.1591836734693877,0.9877551020408163,0.000590971659,-0.000169747507
1.1591836734693877,0.9795918367346939,0.000591522697,-0.000168971474
1.1591836734693877,0.9714285714285714,0.000590677356,-0.000168357899
1.1591836734693877,0.963265306122449,0.000590284923,-0.000168383043
1.1591836734693877,0.9551020408163265,0.000589139627,-0.000169045397
1.1591836734693877,0.9469387755102041,0.00058955602,-0.000169250854
1.1591836734693877,0.9387755102040816,0.00058966364,-0.000168478899
1.1591836734693877,0.9306122448979592,0.000590438542,-0.000167941624
1.1591836734693877,0.9224489795918367,0.000589711172,-0.000167969144
1.1591836734693877,0.9142857142857143,0.000590799065,-0.000168515861
1.1591836734693877,0.9061224489795918,0.000590109836,-0.000168356614
1.1591836734693877,0.8979591836734694,0.000591233665,-0.000167826436
1.1591836734693877,0.889795918367347,0.000591038358,-0.00016765579
1.1591836734693877,0.8816326530612244,0.000590576253,-0.000167806237
1.1591836734693877,0.8734693877551021,0.000589946633,-0.000167762403
1.1591836734693877,0.8653061224489795,0.000591049761,-0.000167818696
1.1591836734693877,0.8571428571428572,0.000591846131,-0.00016695991
1.1591836734693877,0.8489795918367347,0.000591235198,-0.000167433377
1.1591836734693877,0.8408163265306122,0.000590860493,-0.000166770799
1.1591836734693877,0.8326530612244898,0.000591105824,-0.000167359872
1.1591836734693877,0.8244897959183674,0.000591125278,-0.000167602065
1.1591836734693877,0.8163265306122449,0.000591385272,-0.000168369299
1.1591836734693877,0.8081632653061225,0.00059166194,-0.000167974507
1.1591836734693877,0.8,0.000592329702,-0.00016803231
1.1510204081632653,1.2,0.000591029255,-0.000167485592
1.1510204081632653,1.1918367346938774,0.000591540138,-0.000168960299
1.1510204081632653,1.183673469387755,0.000592607137,-0.00016777056
1.1510204081632653,1.1755102040816325,0.000592093475,-0.000167822357
1.1510204081632653,1.1673469387755102,0.000592127305,-0.000168817173
1.1510204081632653,1.1591836734693877,0.000591305923,-0.000169083001
1.1510204081632653,1.1510204081632653,0.000590962555,-0.000169837551
1.1510204081632653,1.1428571428571428,0.000591026475,-0.000169427505
1.1510204081632653,1.1346938775510205,0.000591777418,-0.000169688195
1.1510204081632653,1.126530612244898,0.000590039398,-0.000167912401
1.1510204081632653,1.1183673469387754,0.000592228407,-0.000167844065
1.1510204081632653,1.110204081632653,0.000591845364,-0.000168893248
1.1510204081632653,1.1020408163265305,0.000591775119,-0.0001698915
1.1510204081632653,1.0938775510204082,0.000591438842,-0.00016840626
1.1510204081632653,1.0857142857142856,0.000592025529,-0.000169382386
1.1510204081632653,1.0775510204081633,0.0005920101,-0.000169077638
1.1510204081632653,1.0693877551020408,0.000591433764,-0.000168198877
1.1510204081632653,1.0612244897959184,0.000591563904,-0.000168543799
1.1510204081632653,1.0530612244897959,0.000592474218,-0.000166811839
1.1510204081632653,1.0448979591836736,0.00059138096,-0.000166967007
1.1510204081632653,1.036734693877551,0.000593388078,-0.000168526394
1.1510204081632653,1.0285714285714285,0.000592056293,-0.000169084959
1.1510204081632653,1.0204081632653061,0.00059192366,-0.000169522494
1.1510204081632653,1.0122448979591836,0.000591851402,-0.000167602932
1.1510204081632653,1.0040816326530613,0.000590583344,-0.000167979452
1.1510204081632653,0.9959183673469387,0.000592177329,-0.000168851116
1.1510204081632653,0.9877551020408163,0.000593065697,-0.000167420693
1.1510204081632653,0.9795918367346939,0.000592851702,-0.000167745415
1.1510204081632653,0.9714285714285714,0.000591866831,-0.000168227682
1.1510204081632653,0.963265306122449,0.000593530101,-0.000167403063
1.1510204081632653,0.9551020408163265,0.000592841066,-0.000167925085
1.1510204081632653,0.9469387755102041,0.000592195057,-0.000168300096
1.1510204081632653,0.9387755102040816,0.000592627071,-0.000168599032
1.1510204081632653,0.9306122448979592,0.000593323391,-0.000167729295
1.1510204081632653,0.9224489795918367,0.000593191238,-0.000168484487
1.1510204081632653,0.9142857142857143,0.000593729147,-0.000166990866
1.1510204081632653,0.9061224489795918,0.000593613475,-0.000168411206
1.1510204081632653,0.8979591836734694,0.000592349156,-0.000169850877
1.1510204081632653,0.889795918367347,0.000593129137,-0.000168363711
1.1510204081632653,0.8816326530612244,0.000592581072,-0.000167919915
1.1510204081632653,0.8734693877551021,0.00059121699,-0.000168851983
1.1510204081632653,0.8653061224489795,0.000592910831,-0.0001685236
1.1510204081632653,0.8571428571428572,0.000592154136,-0.000166356674
1.1510204081632653,0.8489795918367347,0.000591922414,-0.000168092713
1.1510204081632653,0.8408163265306122,0.000591987867,-0.000167004835
1.1510204081632653,0.8326530612244898,0.00059120616,-0.000167143465
1.1510204081632653,0.8244897959183674,0.000591600033,-0.000167387167
1.1510204081632653,0.8163265306122449,0.000592442115,-0.000167850713
1.1510204081632653,0.8081632653061225,0.000591482542,-0.000168222512
1.1510204081632653,0.8,0.000591004242,-0.000166992375
1.1428571428571428,1.2,0.000592242016,-0.000166012813
1.1428571428571428,1.1918367346938774,0.000591594761,-0.000166829468
1.1428571428571428,1.183673469387755,0.000591275832,-0.000165691527
1.1428571428571428,1.1755102040816325,0.000591261457,-0.00016616583
1.1428571428571428,1.1673469387755102,0.000590534566,-0.000167159779
1.1428571428571428,1.1591836734693877,0.000590740223,-0.000166346142
1.1428571428571428,1.1510204081632653,0.000591025709,-0.000166893726
1.1428571428571428,1.1428571428571428,0.000590581045,-0.000166232881
1.1428571428571428,1.1346938775510205,0.000590029241,-0.0001662692
1.1428571428571428,1.126530612244898,0.000590059332,-0.000166841286
1.1428571428571428,1.1183673469387754,0.000590713964,-0.000167822999
1.1428571428571428,1.110204081632653,0.000590656082,-0.000167279269
1.1428571428571428,1.1020408163265305,0.000590171264,-0.000167735525
1.1428571428571428,1.0938775510204082,0.0005909017,-0.000167256501
1.1428571428571428,1.0857142857142856,0.000590916842,-0.000166996678
1.1428571428571428,1.0775510204081633,0.000589763976,-0.000167515682
1.1428571428571428,1.0693877551020408,0.00059105676,-0.000167118738
1.1428571428571428,1.0612244897959184,0.000591353169,-0.000167668056
1.1428571428571428,1.0530612244897959,0.000590879947,-0.000165636293
1.1428571428571428,1.0448979591836736,0.000591207406,-0.000166863218
1.1428571428571428,1.036734693877551,0.00058908711,-0.000166207094
1.1428571428571428,1.0285714285714285,0.000589658848,-0.000167716835
1.1428571428571428,1.0204081632653061,0.000590635095,-0.000167827078
1.1428571428571428,1.0122448979591836,0.000590963035,-0.000167651711
1.1428571428571428,1.0040816326530613,0.000590628291,-0.0001662806
1.1428571428571428,0.9959183673469387,0.000590165899,-0.000166959268
1.1428571428571428,0.9877551020408163,0.000589844571,-0.000167632379
1.1428571428571428,0.9795918367346939,0.000590203847,-0.00016709337
1.1428571428571428,0.9714285714285714,0.000590441608,-0.0001656782
1.1428571428571428,0.963265306122449,0.000590408258,-0.000167908965
1.1428571428571428,0.9551020408163265,0.000591662707,-0.000166684191
1.1428571428571428,0.9469387755102041,0.0005915755,-0.000167189226
1.1428571428571428,0.9387755102040816,0.000591590162,-0.0001673951
1.1428571428571428,0.9306122448979592,0.000592509101,-0.000166127583
1.1428571428571428,0.9224489795918367,0.00059355636,-0.000166410399
1.1428571428571428,0.9142857142857143,0.000593731159,-0.000166427162
1.1428571428571428,0.9061224489795918,0.000592735744,-0.000165622324
1.1428571428571428,0.8979591836734694,0.000593047775,-0.000165842392
1.1428571428571428,0.889795918367347,0.00059445757,-0.000165803696
1.1428571428571428,0.8816326530612244,0.000593374182,-0.000165862591
1.1428571428571428,0.8734693877551021,0.000592476231,-0.000165781988
1.1428571428571428,0.8653061224489795,0.000592691758,-0.000166886853
1.1428571428571428,0.8571428571428572,0.000592738717,-0.000166903616
1.1428571428571428,0.8489795918367347,0.000593871936,-0.000165635651
1.1428571428571428,0.8408163265306122,0.000593024489,-0.000165618021
1.1428571428571428,0.8326530612244898,0.000592765835,-0.000167067808
1.1428571428571428,0.8244897959183674,0.000591776365,-0.000166876096
1.1428571428571428,0.8163265306122449,0.000592604838,-0.000166537404
1.1428571428571428,0.8081632653061225,0.000591651017,-0.000166937142
1.1428571428571428,0.8,0.000591278131,-0.000166769932
1.1346938775510205,1.2,0.000592280158,-0.000167796988
1.1346938775510205,1.1918367346938774,0.000591864052,-0.000167992554
1.1346938775510205,1.183673469387755,0.000592614228,-0.000168333397
1.1346938775510205,1.1755102040816325,0.000591703341,-0.00016870176
1.1346938775510205,1.1673469387755102,0.000591690978,-0.000168446658
1.1346938775510205,1.1591836734693877,0.000592321365,-0.00016775187
1.1346938775510205,1.1510204081632653,0.000591939855,-0.000167601423
1.1346938775510205,1.1428571428571428,0.000591278611,-0.000167620337
1.1346938775510205,1.1346938775510205,0.000591769274,-0.000167339673
1.1346938775510205,1.126530612244898,0.000592591709,-0.000168121936
1.1346938775510205,1.1183673469387754,0.000592204641,-0.000169413118
1.1346938775510205,1.110204081632653,0.000592144459,-0.00016866695
1.1346938775510205,1.1020408163265305,0.00059223847,-0.000168248523
1.1346938775510205,1.0938775510204082,0.000592201095,-0.000169456952
1.1346938775510205,1.0857142857142856,0.00059183578,-0.000169867864
1.1346938775510205,1.0775510204081633,0.000592616435,-0.000168199519
1.1346938775510205,1.0693877551020408,0.000592073254,-0.000169216043
1.1346938775510205,1.0612244897959184,0.000592401194,-0.000169046906
1.1346938775510205,1.0530612244897959,0.000592254952,-0.000167904886
1.1346938775510205,1.0448979591836736,0.000591627538,-0.000168255813
1.1346938775510205,1.036734693877551,0.000591606071,-0.000168735928
1.1346938775510205,1.0285714285714285,0.000592045943,-0.000167565746
1.1346938775510205,1.0204081632653061,0.000591121253,-0.000168862934
1.1346938775510205,1.0122448979591836,0.00059211063,-0.00016858076
1.1346938775510205,1.0040816326530613,0.000592437803,-0.000169636397
1.1346938775510205,0.9959183673469387,0.000592069995,-0.000168699191
1.1346938775510205,0.9877551020408163,0.000591150291,-0.000169016817
1.1346938775510205,0.9795918367346939,0.000591926439,-0.000168977928
1.1346938775510205,0.9714285714285714,0.000590320092,-0.000169044755
1.1346938775510205,0.963265306122449,0.000590191964,-0.00016761324
1.1346938775510205,0.9551020408163265,0.000592027542,-0.000168784932
1.1346938775510205,0.9469387755102041,0.000590689432,-0.000168427102
1.1346938775510205,0.9387755102040816,0.000591709186,-0.000168165994
1.1346938775510205,0.9306122448979592,0.000591268261,-0.000167361156
1.1346938775510205,0.9224489795918367,0.000590851389,-0.000168235839
1.1346938775510205,0.9142857142857143,0.000591222835,-0.00016753222
1.1346938775510205,0.9061224489795918,0.000591405206,-0.0001680422
1.1346938775510205,0.8979591836734694,0.000591484555,-0.000168202538
1.1346938775510205,0.889795918367347,0.000592299898,-0.000168190271
1.1346938775510205,0.8816326530612244,0.000591038072,-0.000168108609
1.1346938775510205,0.8734693877551021,0.000592422181,-0.000167789892
1.1346938775510205,0.8653061224489795,0.000591419582,-0.000166914791
1.1346938775510205,0.8571428571428572,0.000592598033,-0.000168568943
1.1346938775510205,0.8489795918367347,0.000592332482,-0.000168296018
1.1346938775510205,0.8408163265306122,0.000591046696,-0.000167266167
1.1346938775510205,0.8326530612244898,0.000592321845,-0.000166942729
1.1346938775510205,0.8244897959183674,0.000592678629,-0.000167400045
1.1346938775510205,0.8163265306122449,0.000592131616,-0.000167083704
1.1346938775510205,0.8081632653061225,0.000591944167,-0.000166838716
1.1346938775510205,0.8,0.000592746575,-0.000166323791
1.126530612244898,1.2,0.000595345651,-0.000168851983
1.126530612244898,1.1918367346938774,0.000594866871,-0.000168249808
1.126530612244898,1.183673469387755,0.000595007361,-0.000168441937
1.126530612244898,1.1755102040816325,0.000594529828,-0.000169968441
1.126530612244898,1.1673469387755102,0.000594943441,-0.000169821655
1.126530612244898,1.1591836734693877,0.000595775939,-0.000169073335
1.126530612244898,1.1510204081632653,0.000594666006,-0.000168457833
1.126530612244898,1.1428571428571428,0.000595336834,-0.000169274713
1.126530612244898,1.1346938775510205,0.000594415883,-0.000169631259
1.126530612244898,1.126530612244898,0.000596245902,-0.000168492868
1.126530612244898,1.1183673469387754,0.000594153396,-0.000168906799
1.126530612244898,1.110204081632653,0.000593216251,-0.000168144286
1.126530612244898,1.1020408163265305,0.000594181474,-0.000168497813
1.126530612244898,1.0938775510204082,0.000593014906,-0.000169209813
1.126530612244898,1.0857142857142856,0.000592932778,-0.000168421932
1.126530612244898,1.0775510204081633,0.000593083618,-0.000169320923
1.126530612244898,1.0693877551020408,0.000593607917,-0.000168959432
1.126530612244898,1.0612244897959184,0.000592921181,-0.000170160989
1.126530612244898,1.0530612244897959,0.000591831182,-0.000169893651
1.126530612244898,1.0448979591836736,0.000592274119,-0.000169938994
1.126530612244898,1.036734693877551,0.000593445194,-0.000169337879
1.126530612244898,1.0285714285714285,0.000592509581,-0.000170543321
1.126530612244898,1.0204081632653061,0.000592800625,-0.000169116109
1.126530612244898,1.0122448979591836,0.000593356261,-0.000169351206
1.126530612244898,1.0040816326530613,0.000592523763,-0.000168028456
1.126530612244898,0.9959183673469387,0.000591488387,-0.000168617304
1.126530612244898,0.9877551020408163,0.000593221329,-0.000168589784
1.126530612244898,0.9795918367346939,0.00059245553,-0.000168347366
1.126530612244898,0.9714285714285714,0.000592637421,-0.000169319832
1.126530612244898,0.963265306122449,0.000592785769,-0.000168632333
1.126530612244898,0.9551020408163265,0.000592750407,-0.000169283737
1.126530612244898,0.9469387755102041,0.000593484102,-0.000169455667
1.126530612244898,0.9387755102040816,0.000593752433,-0.000168905708
1.126530612244898,0.9306122448979592,0.000593951765,-0.000168655551
1.126530612244898,0.9224489795918367,0.000594552347,-0.000168371001
1.126530612244898,0.9142857142857143,0.000593214238,-0.000169975956
1.126530612244898,0.9061224489795918,0.000593971505,-0.000168893023
1.126530612244898,0.8979591836734694,0.000594668785,-0.000169421051
1.126530612244898,0.889795918367347,0.000595142773,-0.000169709903
1.126530612244898,0.8816326530612244,0.000594083438,-0.000170114361
1.126530612244898,0.8734693877551021,0.000595480389,-0.000170580282
1.126530612244898,0.8653061224489795,0.000594903767,-0.000171293343
1.126530612244898,0.8571428571428572,0.0005953813,-0.000169828527
1.126530612244898,0.8489795918367347,0.000595825964,-0.000171156029
1.126530612244898,0.8408163265306122,0.000595628644,-0.000170138638
1.126530612244898,0.8326530612244898,0.000594929065,-0.000169899239
1.126530612244898,0.8244897959183674,0.000593872416,-0.000169445552
1.126530612244898,0.8163265306122449,0.00059407606,-0.000168953844
1.126530612244898,0.8081632653061225,0.000592986634,-0.000169005417
1.126530612244898,0.8,0.000593856221,-0.000170641746
1.1183673469387754,1.2,0.000594527049,-0.000168935797
1.1183673469387754,1.1918367346938774,0.000594307016,-0.000169496065
1.1183673469387754,1.183673469387755,0.000594024023,-0.000168896459
1.1183673469387754,1.1755102040816325,0.000593102306,-0.000170130481
1.1183673469387754,1.1673469387755102,0.000593966427,-0.000169945224
1.1183673469387754,1.1591836734693877,0.000593973998,-0.000168436125
1.1183673469387754,1.1510204081632653,0.000593252186,-0.000169233448
1.1183673469387754,1.1428571428571428,0.000593342845,-0.000168303757
1.1183673469387754,1.1346938775510205,0.000593390571,-0.000169943715
1.1183673469387754,1.126530612244898,0.000592889078,-0.000169388392
1.1183673469387754,1.1183673469387754,0.000592607617,-0.00016941633
1.1183673469387754,1.110204081632653,0.000593112942,-0.000169536463
1.1183673469387754,1.1020408163265305,0.000592964115,-0.000170160795
1.1183673469387754,1.0938775510204082,0.000592789795,-0.000169885912
1.1183673469387754,1.0857142857142856,0.000593677876,-0.000169940279
1.1183673469387754,1.0775510204081633,0.000594388091,-0.000169778239
1.1183673469387754,1.0693877551020408,0.000593042984,-0.00017044618
1.1183673469387754,1.0612244897959184,0.000593818652,-0.000170275759
1.1183673469387754,1.0530612244897959,0.000594628631,-0.000170154759
1.1183673469387754,1.0448979591836736,0.00059421933,-0.000169104067
1.1183673469387754,1.036734693877551,0.000593821145,-0.000170030547
1.1183673469387754,1.0285714285714285,0.000593346677,-0.000170078684
1.1183673469387754,1.0204081632653061,0.000593560958,-0.000170603275
1.1183673469387754,1.0122448979591836,0.000593531827,-0.000170206556
1.1183673469387754,1.0040816326530613,0.000593733459,-0.000170692677
1.1183673469387754,0.9959183673469387,0.000593612422,-0.000169583315
1.1183673469387754,0.9877551020408163,0.000593313327,-0.000170455204
1.1183673469387754,0.9795918367346939,0.0005938176,-0.000169826375
1.1183673469387754,0.9714285714285714,0.00059330547,-0.000169390543
1.1183673469387754,0.963265306122449,0.000593395935,-0.000169656596
1.1183673469387754,0.9551020408163265,0.000594274146,-0.000169015308
1.1183673469387754,0.9469387755102041,0.000594629684,-0.000170378487
1.1183673469387754,0.9387755102040816,0.000594538932,-0.000169533894
1.1183673469387754,0.9306122448979592,0.00059407558,-0.000170535582
1.1183673469387754,0.9224489795918367,0.000594972479,-0.000169736332
1.1183673469387754,0.9142857142857143,0.00059360945,-0.000170109416
1.1183673469387754,0.9061224489795918,0.000592630137,-0.000171001503
1.1183673469387754,0.8979591836734694,0.000593330196,-0.000170434781
1.1183673469387754,0.889795918367347,0.000593547542,-0.000169810479
1.1183673469387754,0.8816326530612244,0.000594027568,-0.000169250854
1.1183673469387754,0.8734693877551021,0.000593273366,-0.000169830678
1.1183673469387754,0.8653061224489795,0.000593426506,-0.00016912083
1.1183673469387754,0.8571428571428572,0.000593784536,-0.000169850235
1.1183673469387754,0.8489795918367347,0.000593458323,-0.000170314005
1.1183673469387754,0.8408163265306122,0.000593343612,-0.000169724514
1.1183673469387754,0.8326530612244898,0.00059288074,-0.000171197936
1.1183673469387754,0.8244897959183674,0.000593920428,-0.000168527036
1.1183673469387754,0.8163265306122449,0.000593369677,-0.000169830678
1.1183673469387754,0.8081632653061225,0.000593277678,-0.000170259638
1.1183673469387754,0.8,0.000593591722,-0.000169993361
1.110204081632653,1.2,0.000592602059,-0.000171201372
1.110204081632653,1.1918367346938774,0.000593765276,-0.000171125073
1.110204081632653,1.183673469387755,0.000593103072,-0.00017070687
1.110204081632653,1.1755102040816325,0.000592615668,-0.000170682368
1.110204081632653,1.1673469387755102,0.00059359958,-0.000169940921
1.110204081632653,1.1591836734693877,0.000593087643,-0.000169984562
1.110204081632653,1.1510204081632653,0.000592665213,-0.000169957684
1.110204081632653,1.1428571428571428,0.000592866844,-0.000169455667
1.110204081632653,1.1346938775510205,0.000592524529,-0.000170538151
1.110204081632653,1.126530612244898,0.000594122059,-0.000169754604
1.110204081632653,1.1183673469387754,0.000593150604,-0.000170802501
1.110204081632653,1.110204081632653,0.000592460322,-0.000171775609
1.110204081632653,1.1020408163265305,0.000592534879,-0.000170309284
1.110204081632653,1.0938775510204082,0.000592678342,-0.000170898775
1.110204081632653,1.0857142857142856,0.000592989413,-0.000171538136
1.110204081632653,1.0775510204081633,0.000593584917,-0.000171116273
1.110204081632653,1.0693877551020408,0.000594494465,-0.000170141014
1.110204081632653,1.0612244897959184,0.000594160968,-0.000170785514
1.110204081632653,1.0530612244897959,0.000594470219,-0.00017060199
1.110204081632653,1.0448979591836736,0.000594164799,-0.000170901151
1.110204081632653,1.036734693877551,0.00059393509,-0.000170744474
1.110204081632653,1.0285714285714285,0.000594579853,-0.000170356136
1.110204081632653,1.0204081632653061,0.00059453414,-0.000171479467
1.110204081632653,1.0122448979591836,0.00059344644,-0.000171265405
1.110204081632653,1.0040816326530613,0.000593990193,-0.000169795644
1.110204081632653,0.9959183673469387,0.000594284783,-0.000170524182
1.110204081632653,0.9877551020408163,0.000594356274,-0.00017007589
1.110204081632653,0.9795918367346939,0.000594404766,-0.000170856001
1.110204081632653,0.9714285714285714,0.000594657955,-0.000170981947
1.110204081632653,0.963265306122449,0.000593821625,-0.000169741919
1.110204081632653,0.9551020408163265,0.000592980789,-0.000168700476
1.110204081632653,0.9469387755102041,0.000593799392,-0.000170218374
1.110204081632653,0.9387755102040816,0.000593580606,-0.000170299618
1.110204081632653,0.9306122448979592,0.000592691278,-0.000170242875
1.110204081632653,0.9224489795918367,0.000592547242,-0.000170051613
1.110204081632653,0.9142857142857143,0.000592352222,-0.000170552987
1.110204081632653,0.9061224489795918,0.000591721549,-0.00017058587
1.110204081632653,0.8979591836734694,0.000592721082,-0.000169001563
1.110204081632653,0.889795918367347,0.000592373402,-0.000170019372
1.110204081632653,0.8816326530612244,0.000592355961,-0.000169973162
1.110204081632653,0.8734693877551021,0.000592519451,-0.00016877806
1.110204081632653,0.8653061224489795,0.000592146759,-0.000170580282
1.110204081632653,0.8571428571428572,0.000591896635,-0.000170235361
1.110204081632653,0.8489795918367347,0.000592264536,-0.000169348636
1.110204081632653,0.8408163265306122,0.000592533827,-0.000169174554
1.110204081632653,0.8326530612244898,0.000593003023,-0.000169523361
1.110204081632653,0.8244897959183674,0.000593386065,-0.000168747552
1.110204081632653,0.8163265306122449,0.000593197083,-0.000168749255
1.110204081632653,0.8081632653061225,0.000593093775,-0.000168904423
1.110204081632653,0.8,0.000592970439,-0.000168669744
1.1020408163265305,1.2,0.00059215155,-0.000167602065
1.1020408163265305,1.1918367346938774,0.000591614695,-0.00016829772
1.1020408163265305,1.183673469387755,0.000591986621,-0.000168668235
1.1020408163265305,1.1755102040816325,0.000591013826,-0.00016807701
1.1020408163265305,1.1673469387755102,0.000591887531,-0.000168708633
1.1020408163265305,1.1591836734693877,0.000590682627,-0.000168864667
1.1020408163265305,1.1510204081632653,0.000592520984,-0.000168398103
1.1020408163265305,1.1428571428571428,0.000592634449,-0.000168786217
1.1020408163265305,1.1346938775510205,0.000592442115,-0.000168352311
1.1020408163265305,1.126530612244898,0.000591935543,-0.000169010587
1.1020408163265305,1.1183673469387754,0.000592179628,-0.000169238394
1.1020408163265305,1.110204081632653,0.000592248341,-0.000168961583
1.1020408163265305,1.1020408163265305,0.000591893376,-0.000167421111
1.1020408163265305,1.0938775510204082,0.000591440855,-0.000169225067
1.1020408163265305,1.0857142857142856,0.000591138408,-0.000168786217
1.1020408163265305,1.0775510204081633,0.000591454271,-0.000169835848
1.1020408163265305,1.0693877551020408,0.000591898648,-0.000169090965
1.1020408163265305,1.0612244897959184,0.000592217004,-0.000168387122
1.1020408163265305,1.0530612244897959,0.000591887051,-0.000168892381
1.1020408163265305,1.0448979591836736,0.00059269655,-0.000169101498
1.1020408163265305,1.036734693877551,0.000592833208,-0.000169843138
1.1020408163265305,1.0285714285714285,0.000592476997,-0.000169514337
1.1020408163265305,1.0204081632653061,0.000591940335,-0.000169713339
1.1020408163265305,1.0122448979591836,0.000592395349,-0.000169208529
1.1020408163265305,1.0040816326530613,0.000592151837,-0.000168662005
1.1020408163265305,0.9959183673469387,0.000592490893,-0.000169361963
1.1020408163265305,0.9877551020408163,0.000592881507,-0.00016985518
1.1020408163265305,0.9795918367346939,0.000593499244,-0.000169283512
1.1020408163265305,0.9714285714285714,0.000592123279,-0.000169684983
1.1020408163265305,0.963265306122449,0.00059317533,-0.000168532848
1.1020408163265305,0.9551020408163265,0.000593147252,-0.000169748374
1.1020408163265305,0.9469387755102041,0.000593045476,-0.000169090965
1.1020408163265305,0.9387755102040816,0.000593341312,-0.000168435483
1.1020408163265305,0.9306122448979592,0.000592519451,-0.000168907859
1.1020408163265305,0.9224489795918367,0.000591450725,-0.000169915359
1.1020408163265305,0.9142857142857143,0.000592603305,-0.000168959432
1.1020408163265305,0.9061224489795918,0.000593105371,-0.000168425175
1.1020408163265305,0.8979591836734694,0.00059298836,-0.000168785574
1.1020408163265305,0.889795918367347,0.000592916389,-0.000168389916
1.1020408163265305,0.8816326530612244,0.000593549075,-0.000168028456
1.1020408163265305,0.8734693877551021,0.000592964115,-0.00016777528
1.1020408163265305,0.8653061224489795,0.00059360993,-0.000167772487
1.1020408163265305,0.8571428571428572,0.000592157395,-0.000168073156
1.1020408163265305,0.8489795918367347,0.000592991906,-0.000168622892
1.1020408163265305,0.8408163265306122,0.000593199862,-0.000168359633
1.1020408163265305,0.8326530612244898,0.000592916103,-0.000168342421
1.1020408163265305,0.8244897959183674,0.000593465128,-0.000168856286
1.1020408163265305,0.8163265306122449,0.00059408823,-0.000168135905
1.1020408163265305,0.8081632653061225,0.00059270642,-0.000169357885
1.1020408163265305,0.8,0.000593090229,-0.000170897715
1.0938775510204082,1.2,0.000592160941,-0.000172401644
1.0938775510204082,1.1918367346938774,0.000591023216,-0.000172609669
1.0938775510204082,1.183673469387755,0.000591013346,-0.00017260193
1.0938775510204082,1.1755102040816325,0.000591420634,-0.000171239843
1.0938775510204082,1.1673469387755102,0.000591472672,-0.000171049865
1.0938775510204082,1.1591836734693877,0.000591513113,-0.000171988162
1.0938775510204082,1.1510204081632653,0.000591338506,-0.000171299155
1.0938775510204082,1.1428571428571428,0.000592511593,-0.000171830843
1.0938775510204082,1.1346938775510205,0.000592096254,-0.000170300903
1.0938775510204082,1.126530612244898,0.000591954231,-0.000171064476
1.0938775510204082,1.1183673469387754,0.000592671058,-0.000172148693
1.0938775510204082,1.110204081632653,0.000592336507,-0.000171442281
1.0938775510204082,1.1020408163265305,0.000593311795,-0.000172622354
1.0938775510204082,1.0938775510204082,0.00059219477,-0.000172286874
1.0938775510204082,1.0857142857142856,0.000592812794,-0.000171928626
1.0938775510204082,1.0775510204081633,0.00059326225,-0.000171290773
1.0938775510204082,1.0693877551020408,0.000593245095,-0.000171369
1.0938775510204082,1.0612244897959184,0.000593598813,-0.00017068924
1.0938775510204082,1.0530612244897959,0.000593495505,-0.000171464855
1.0938775510204082,1.0448979591836736,0.000592919648,-0.000171981065
1.0938775510204082,1.036734693877551,0.000591873922,-0.000171714788
1.0938775510204082,1.0285714285714285,0.000591128344,-0.000171383193
1.0938775510204082,1.0204081632653061,0.000591429738,-0.000170952082
1.0938775510204082,1.0122448979591836,0.000592597267,-0.000171112613
1.0938775510204082,1.0040816326530613,0.00059231504,-0.000171498157
1.0938775510204082,0.9959183673469387,0.000591877948,-0.000170856226
1.0938775510204082,0.9877551020408163,0.000591101512,-0.000171431748
1.0938775510204082,0.9795918367346939,0.000592139187,-0.000170728354
1.0938775510204082,0.9714285714285714,0.000592220263,-0.000169746222
1.0938775510204082,0.963265306122449,0.000592784236,-0.000170284558
1.0938775510204082,0.9551020408163265,0.000592623046,-0.000169787487
1.0938775510204082,0.9469387755102041,0.000592095488,-0.000170935737
1.0938775510204082,0.9387755102040816,0.000593462062,-0.000170612299
1.0938775510204082,0.9306122448979592,0.000592937089,-0.000170934452
1.0938775510204082,0.9224489795918367,0.000592993725,-0.00017104341
1.0938775510204082,0.9142857142857143,0.000592117241,-0.000171629689
1.0938775510204082,0.9061224489795918,0.000592263483,-0.000171364054
1.0938775510204082,0.8979591836734694,0.00059257628,-0.000171012678
1.0938775510204082,0.889795918367347,0.000591986621,-0.000171610775
1.0938775510204082,0.8816326530612244,0.000592831962,-0.000171631199
1.0938775510204082,0.8734693877551021,0.000591890597,-0.0001710735
1.0938775510204082,0.8653061224489795,0.000590602032,-0.000171636786
1.0938775510204082,0.8571428571428572,0.000591006061,-0.000171289264
1.0938775510204082,0.8489795918367347,0.000591211718,-0.00017261956
1.0938775510204082,0.8408163265306122,0.000589910024,-0.00017095616
1.0938775510204082,0.8326530612244898,0.00059044688,-0.00017213193
1.0938775510204082,0.8244897959183674,0.000589332635,-0.000171607339
1.0938775510204082,0.8163265306122449,0.000590733132,-0.000172301067
1.0938775510204082,0.8081632653061225,0.000590700549,-0.000171818158
1.0938775510204082,0.8,0.000589221275,-0.000171961284
1.0857142857142856,1.2,0.000590153056,-0.000172034147
1.0857142857142856,1.1918367346938774,0.000590306196,-0.000171881773
1.0857142857142856,1.183673469387755,0.000590814014,-0.000171718224
1.0857142857142856,1.1755102040816325,0.000590455217,-0.000171016115
1.0857142857142856,1.1673469387755102,0.00059131426,-0.000171296585
1.0857142857142856,1.1591836734693877,0.000591357,-0.000172131288
1.0857142857142856,1.1510204081632653,0.0005910121,-0.000171987295
1.0857142857142856,1.1428571428571428,0.000590130057,-0.000172428715
1.0857142857142856,1.1346938775510205,0.000589332921,-0.000171980423
1.0857142857142856,1.126530612244898,0.000589972412,-0.000172011797
1.0857142857142856,1.1183673469387754,0.000589980269,-0.000171633126
1.0857142857142856,1.110204081632653,0.000589041111,-0.000171463346
1.0857142857142856,1.1020408163265305,0.000589476957,-0.00017053343
1.0857142857142856,1.0938775510204082,0.000589844091,-0.000170618753
1.0857142857142856,1.0857142857142856,0.000589180068,-0.000171125939
1.0857142857142856,1.0775510204081633,0.000589825883,-0.000170293806
1.0857142857142856,1.0693877551020408,0.000590534566,-0.00017110831
1.0857142857142856,1.0612244897959184,0.000589758417,-0.000171447226
1.0857142857142856,1.0530612244897959,0.000590450712,-0.000171225874
1.0857142857142856,1.0448979591836736,0.000590664706,-0.000171058246
1.0857142857142856,1.036734693877551,0.000589803364,-0.000171504387
1.0857142857142856,1.0285714285714285,0.000590934284,-0.00017079412
1.0857142857142856,1.0204081632653061,0.000590540891,-0.000170879219
1.0857142857142856,1.0122448979591836,0.000590611616,-0.000170245027
1.0857142857142856,1.0040816326530613,0.000590880713,-0.000170431344
1.0857142857142856,0.9959183673469387,0.000590877648,-0.000171016757
1.0857142857142856,0.9877551020408163,0.000590894609,-0.000170555781
1.0857142857142856,0.9795918367346939,0.000590901414,-0.000170830215
1.0857142857142856,0.9714285714285714,0.000590495658,-0.000170554496
1.0857142857142856,0.963265306122449,0.00059147823,-0.000170983456
1.0857142857142856,0.9551020408163265,0.000590400114,-0.00017197246
1.0857142857142856,0.9469387755102041,0.000591791314,-0.000171003655
1.0857142857142856,0.9387755102040816,0.000591353648,-0.000170979153
1.0857142857142856,0.9306122448979592,0.000592981556,-0.000170416091
1.0857142857142856,0.9224489795918367,0.000592384519,-0.00017059727
1.0857142857142856,0.9142857142857143,0.000592178862,-0.000171460553
1.0857142857142856,0.9061224489795918,0.000591962568,-0.000171088753
1.0857142857142856,0.8979591836734694,0.000590154303,-0.00017198235
1.0857142857142856,0.889795918367347,0.000590857714,-0.00017147237
1.0857142857142856,0.8816326530612244,0.000592401,-0.000172087872
1.0857142857142856,0.8734693877551021,0.000591081292,-0.000171906051
1.0857142857142856,0.8653061224489795,0.000592410778,-0.000172305146
1.0857142857142856,0.8571428571428572,0.000592249587,-0.000172395832
1.0857142857142856,0.8489795918367347,0.000592235211,-0.000171762282
1.0857142857142856,0.8408163265306122,0.00059251188,-0.000172140312
1.0857142857142856,0.8326530612244898,0.000590841519,-0.000171179888
1.0857142857142856,0.8244897959183674,0.000591713498,-0.000171674615
1.0857142857142856,0.8163265306122449,0.000591001463,-0.000171846963
1.0857142857142856,0.8081632653061225,0.000591247274,-0.000172141178
1.0857142857142856,0.8,0.000590223015,-0.000171857047
1.0775510204081633,1.2,0.000586637341,-0.000173009182
1.0775510204081633,1.1918367346938774,0.000588667172,-0.000173604485
1.0775510204081633,1.183673469387755,0.000589273026,-0.000174411474
1.0775510204081633,1.1755102040816325,0.000588170664,-0.000174057722
1.0775510204081633,1.1673469387755102,0.000588656055,-0.000173691735
1.0775510204081633,1.1591836734693877,0.000589034786,-0.000173689584
1.0775510204081633,1.1510204081632653,0.000588328882,-0.000173497454
1.0775510204081633,1.1428571428571428,0.000589920374,-0.00017404462
1.0775510204081633,1.1346938775510205,0.000588833155,-0.000173847127
1.0775510204081633,1.126530612244898,0.000589996658,-0.000173265151
1.0775510204081633,1.1183673469387754,0.000590403946,-0.000174300365
1.0775510204081633,1.110204081632653,0.000589829142,-0.000173484576
1.0775510204081633,1.1020408163265305,0.000589214184,-0.000172707034
1.0775510204081633,1.0938775510204082,0.000588610823,-0.000174243204
1.0775510204081633,1.0857142857142856,0.000589679068,-0.000174026797
1.0775510204081633,1.0775510204081633,0.000588263143,-0.000173703777
1.0775510204081633,1.0693877551020408,0.000589803364,-0.000174399432
1.0775510204081633,1.0612244897959184,0.000589926413,-0.000174604246
1.0775510204081633,1.0530612244897959,0.000590207107,-0.000173745684
1.0775510204081633,1.0448979591836736,0.000589098226,-0.000175043514
1.0775510204081633,1.036734693877551,0.000588786675,-0.000175547907
1.0775510204081633,1.0285714285714285,0.000589023669,-0.000174843004
1.0775510204081633,1.0204081632653061,0.00058921821,-0.00017471192
1.0775510204081633,1.0122448979591836,0.000588741443,-0.000174512469
1.0775510204081633,1.0040816326530613,0.000589700055,-0.000175777447
1.0775510204081633,0.9959183673469387,0.00058967399,-0.000175194604
1.0775510204081633,0.9877551020408163,0.00058968386,-0.000172974372
1.0775510204081633,0.9795918367346939,0.000589742222,-0.00017447358
1.0775510204081633,0.9714285714285714,0.000588709339,-0.000174662049
1.0775510204081633,0.963265306122449,0.000589517878,-0.000174303801
1.0775510204081633,0.9551020408163265,0.000589122952,-0.000173894398
1.0775510204081633,0.9469387755102041,0.000588351595,-0.000174472938
1.0775510204081633,0.9387755102040816,0.000588706847,-0.000175079416
1.0775510204081633,0.9306122448979592,0.000588952178,-0.000174673224
1.0775510204081633,0.9224489795918367,0.000587991553,-0.000173858721
1.0775510204081633,0.9142857142857143,0.000588820792,-0.00017360943
1.0775510204081633,0.9061224489795918,0.000588654809,-0.000174306595
1.0775510204081633,0.8979591836734694,0.000588569135,-0.000175654296
1.0775510204081633,0.889795918367347,0.000588681548,-0.000174514845
1.0775510204081633,0.8816326530612244,0.000587712871,-0.000174294135
1.0775510204081633,0.8734693877551021,0.000589148731,-0.000174879323
1.0775510204081633,0.8653061224489795,0.000588446566,-0.000174061383
1.0775510204081633,0.8571428571428572,0.000588784663,-0.000175250704
1.0775510204081633,0.8489795918367347,0.000588099459,-0.000174615421
1.0775510204081633,0.8408163265306122,0.000588632289,-0.000175008286
1.0775510204081633,0.8326530612244898,0.0005892483,-0.00017471041
1.0775510204081633,0.8244897959183674,0.000589532254,-0.000174207527
1.0775510204081633,0.8163265306122449,0.00058854163,-0.0001749711
1.0775510204081633,0.8081632653061225,0.000588636315,-0.000175122608
1.0775510204081633,0.8,0.000588712885,-0.000175378994
1.0693877551020408,1.2,0.000588660367,-0.000175281629
1.0693877551020408,1.1918367346938774,0.000588985048,-0.00017498979
1.0693877551020408,1.183673469387755,0.000589380167,-0.000173606637
1.0693877551020408,1.1755102040816325,0.000588653756,-0.000174223423
1.0693877551020408,1.1673469387755102,0.000588794533,-0.000174037748
1.0693877551020408,1.1591836734693877,0.000589831155,-0.00017484021
1.0693877551020408,1.1510204081632653,0.0005894898,-0.00017422535
1.0693877551020408,1.1428571428571428,0.000589890284,-0.000174889213
1.0693877551020408,1.1346938775510205,0.000591356714,-0.000174384179
1.0693877551020408,1.126530612244898,0.000590357467,-0.000176201879
1.0693877551020408,1.1183673469387754,0.0005926195,-0.000174455533
1.0693877551020408,1.110204081632653,0.000591733912,-0.000175949153
1.0693877551020408,1.1020408163265305,0.00059202093,-0.000175087797
1.0693877551020408,1.0938775510204082,0.000591642006,-0.000174797018
1.0693877551020408,1.0857142857142856,0.00059131704,-0.000173461359
1.0693877551020408,1.0775510204081633,0.00059018564,-0.000174757905
1.0693877551020408,1.0693877551020408,0.000592345611,-0.000173156193
1.0693877551020408,1.0612244897959184,0.00059277312,-0.000175383073
1.0693877551020408,1.0530612244897959,0.000591588436,-0.000175429507
1.0693877551020408,1.0448979591836736,0.000591671524,-0.000175440682
1.0693877551020408,1.036734693877551,0.000591560838,-0.000174664425
1.0693877551020408,1.0285714285714285,0.000592813274,-0.000175082852
1.0693877551020408,1.0204081632653061,0.000592035879,-0.000175652144
1.0693877551020408,1.0122448979591836,0.000592221796,-0.000174614779
1.0693877551020408,1.0040816326530613,0.000591547995,-0.000175071677
1.0693877551020408,0.9959183673469387,0.0005914904,-0.000176229175
1.0693877551020408,0.9877551020408163,0.000590559098,-0.000176384761
1.0693877551020408,0.9795918367346939,0.00059228169,-0.00017636758
1.0693877551020408,0.9714285714285714,0.000590186693,-0.000176516518
1.0693877551020408,0.963265306122449,0.000591379714,-0.000176925473
1.0693877551020408,0.9551020408163265,0.000591875935,-0.000176481484
1.0693877551020408,0.9469387755102041,0.000591374155,-0.000177047115
1.0693877551020408,0.9387755102040816,0.00059234791,-0.00017596871
1.0693877551020408,0.9306122448979592,0.000592228407,-0.00017658206
1.0693877551020408,0.9224489795918367,0.000592966414,-0.000175926578
1.0693877551020408,0.9142857142857143,0.000592292327,-0.000176524675
1.0693877551020408,0.9061224489795918,0.000592856974,-0.000175230281
1.0693877551020408,0.8979591836734694,0.000592709199,-0.000174833562
1.0693877551020408,0.889795918367347,0.000593041931,-0.000175884896
1.0693877551020408,0.8816326530612244,0.000592181355,-0.000174823671
1.0693877551020408,0.8734693877551021,0.000592099513,-0.000175586602
1.0693877551020408,0.8653061224489795,0.000592415376,-0.000175302277
1.0693877551020408,0.8571428571428572,0.000593264263,-0.000175741963
1.0693877551020408,0.8489795918367347,0.000592379247,-0.000175254783
1.0693877551020408,0.8408163265306122,0.000593623346,-0.000176009974
1.0693877551020408,0.8326530612244898,0.000593772367,-0.000174458969
1.0693877551020408,0.8244897959183674,0.000594085931,-0.000175320967
1.0693877551020408,0.8163265306122449,0.00059256593,-0.000176148797
1.0693877551020408,0.8081632653061225,0.000592257445,-0.000174950259
1.0693877551020408,0.8,0.000592503829,-0.000174447151
1.0612244897959184,1.2,0.000589475424,-0.000173567523
1.0612244897959184,1.1918367346938774,0.000589644952,-0.000174241053
1.0612244897959184,1.183673469387755,0.000590206627,-0.000173406768
1.0612244897959184,1.1755102040816325,0.000589734171,-0.000174521941
1.0612244897959184,1.1673469387755102,0.000589450892,-0.000174328303
1.0612244897959184,1.1591836734693877,0.000588118147,-0.000174220211
1.0612244897959184,1.1510204081632653,0.000587871283,-0.000173705929
1.0612244897959184,1.1428571428571428,0.000588811208,-0.000174158524
1.0612244897959184,1.1346938775510205,0.000588439762,-0.000174104799
1.0612244897959184,1.126530612244898,0.000588396348,-0.000173418586
1.0612244897959184,1.1183673469387754,0.000589503982,-0.000173763732
1.0612244897959184,1.110204081632653,0.000589942608,-0.000173617812
1.0612244897959184,1.1020408163265305,0.000589166459,-0.000173413865
1.0612244897959184,1.0938775510204082,0.000589689132,-0.000173409562
1.0612244897959184,1.0857142857142856,0.000588976137,-0.000173145436
1.0612244897959184,1.0775510204081633,0.000590511567,-0.000173011976
1.0612244897959184,1.0693877551020408,0.000588797792,-0.00017344739
1.0612244897959184,1.0612244897959184,0.000589690471,-0.000173462226
1.0612244897959184,1.0530612244897959,0.000589216677,-0.000174127149
1.0612244897959184,1.0448979591836736,0.000589744235,-0.000174667443
1.0612244897959184,1.036734693877551,0.000589470346,-0.000174017325
1.0612244897959184,1.0285714285714285,0.00058974021,-0.000173194022
1.0612244897959184,1.0204081632653061,0.00058877278,-0.000172736899
1.0612244897959184,1.0122448979591836,0.00058856559,-0.000172830604
1.0612244897959184,1.0040816326530613,0.000588957736,-0.00017438267
1.0612244897959184,0.9959183673469387,0.000589788988,-0.000173735151
1.0612244897959184,0.9877551020408163,0.00058948932,-0.000174226859
1.0612244897959184,0.9795918367346939,0.000589457503,-0.000173530562
1.0612244897959184,0.9714285714285714,0.000589263729,-0.000173950274
1.0612244897959184,0.963265306122449,0.000589306663,-0.000173791027
1.0612244897959184,0.9551020408163265,0.000589324104,-0.000173281047
1.0612244897959184,0.9469387755102041,0.00058903402,-0.000175143031
1.0612244897959184,0.9387755102040816,0.00058789227,-0.000174250943
1.0612244897959184,0.9306122448979592,0.000588785909,-0.000173979078
1.0612244897959184,0.9224489795918367,0.000589795313,-0.000173519805
1.0612244897959184,0.9142857142857143,0.000589624252,-0.000174020985
1.0612244897959184,0.9061224489795918,0.000590111656,-0.000173258697
1.0612244897959184,0.8979591836734694,0.000589801351,-0.000173241934
1.0612244897959184,0.889795918367347,0.000590024929,-0.00017380779
1.0612244897959184,0.8816326530612244,0.000591374922,-0.000172921932
1.0612244897959184,0.8734693877551021,0.000590612382,-0.00017334402
1.0612244897959184,0.8653061224489795,0.000590007774,-0.000173578699
1.0612244897959184,0.8571428571428572,0.000591262989,-0.000175075113
1.0612244897959184,0.8489795918367347,0.000589272546,-0.000174305952
1.0612244897959184,0.8408163265306122,0.000589551514,-0.000173297168
1.0612244897959184,0.8326530612244898,0.000590293547,-0.000174075994
1.0612244897959184,0.8244897959183674,0.000591744068,-0.000174639923
1.0612244897959184,0.8163265306122449,0.000592898948,-0.000174110611
1.0612244897959184,0.8081632653061225,0.000591079279,-0.000173425458
1.0612244897959184,0.8,0.000590608837,-0.000174616288
1.0530612244897959,1.2,0.000590456464,-0.000174095775
1.0530612244897959,1.1918367346938774,0.000590975971,-0.000172618693
1.0530612244897959,1.183673469387755,0.000590755938,-0.000172217896
1.0530612244897959,1.1755102040816325,0.000591065383,-0.000170865474
1.0530612244897959,1.1673469387755102,0.00059154445,-0.000172517699
1.0530612244897959,1.1591836734693877,0.000590584877,-0.000173108699
1.0530612244897959,1.1510204081632653,0.000590418322,-0.000171613987
1.0530612244897959,1.1428571428571428,0.000589684627,-0.000172187806
1.0530612244897959,1.1346938775510205,0.000590241989,-0.000172344034
1.0530612244897959,1.126530612244898,0.000589699769,-0.000173047877
1.0530612244897959,1.1183673469387754,0.000590286456,-0.000172205436
1.0530612244897959,1.110204081632653,0.000590526995,-0.000172229713
1.0530612244897959,1.1020408163265305,0.000590168199,-0.000172499427
1.0530612244897959,1.0938775510204082,0.000590374622,-0.000171616138
1.0530612244897959,1.0857142857142856,0.000590341272,-0.000172119888
1.0530612244897959,1.0775510204081633,0.000590612096,-0.000171746804
1.0530612244897959,1.0693877551020408,0.000590072461,-0.000171821595
1.0530612244897959,1.0612244897959184,0.000590138394,-0.000172519401
1.0530612244897959,1.0530612244897959,0.000590816026,-0.000171529113
1.0530612244897959,1.0448979591836736,0.000590641993,-0.000173545173
1.0530612244897959,1.036734693877551,0.00059035948,-0.000174109102
1.0530612244897959,1.0285714285714285,0.000590446113,-0.000172873795
1.0530612244897959,1.0204081632653061,0.000591223315,-0.000172722064
1.0530612244897959,1.0122448979591836,0.000589774039,-0.000172681023
1.0530612244897959,1.0040816326530613,0.000590835194,-0.000172690272
1.0530612244897959,0.9959183673469387,0.000588852895,-0.000172116228
1.0530612244897959,0.9877551020408163,0.000590007774,-0.000171870598
1.0530612244897959,0.9795918367346939,0.000590181614,-0.000172330932
1.0530612244897959,0.9714285714285714,0.0005900118,-0.00017246741
1.0530612244897959,0.963265306122449,0.000590716457,-0.000170755649
1.0530612244897959,0.9551020408163265,0.000590510034,-0.000171692213
1.0530612244897959,0.9469387755102041,0.000589886258,-0.000171484188
1.0530612244897959,0.9387755102040816,0.000589305896,-0.000170755874
1.0530612244897959,0.9306122448979592,0.000588994345,-0.000170817113
1.0530612244897959,0.9224489795918367,0.000589464788,-0.000172177273
1.0530612244897959,0.9142857142857143,0.000589651277,-0.000171347292
1.0530612244897959,0.9061224489795918,0.000589350556,-0.000171643016
1.0530612244897959,0.8979591836734694,0.000589400387,-0.000170984965
1.0530612244897959,0.889795918367347,0.000588543643,-0.000172976523
1.0530612244897959,0.8816326530612244,0.000589704561,-0.000172338029
1.0530612244897959,0.8734693877551021,0.000588997891,-0.000173420095
1.0530612244897959,0.8653061224489795,0.000588856441,-0.000172623638
1.0530612244897959,0.8571428571428572,0.000588805363,-0.000171301949
1.0530612244897959,0.8489795918367347,0.000587963761,-0.000172448496
1.0530612244897959,0.8408163265306122,0.000589621186,-0.000172520268
1.0530612244897959,0.8326530612244898,0.000589285196,-0.000171445941
1.0530612244897959,0.8244897959183674,0.00058966268,-0.000170661303
1.0530612244897959,0.8163265306122449,0.000589073214,-0.000170993989
1.0530612244897959,0.8081632653061225,0.000589390037,-0.000171103589
1.0530612244897959,0.8,0.000589892583,-0.000170815186
1.0448979591836736,1.2,0.000586637341,-0.000171308821
1.0448979591836736,1.1918367346938774,0.000587091302,-0.000171485054
1.0448979591836736,1.183673469387755,0.000587557719,-0.000171950334
1.0448979591836736,1.1755102040816325,0.000587167678,-0.0001714137
1.0448979591836736,1.1673469387755102,0.000586622679,-0.000172691974
1.0448979591836736,1.1591836734693877,0.000587940282,-0.000171781839
1.0448979591836736,1.1510204081632653,0.000586916982,-0.000171626029
1.0448979591836736,1.1428571428571428,0.000588061798,-0.000171922814
1.0448979591836736,1.1346938775510205,0.000588721222,-0.000171603261
1.0448979591836736,1.126530612244898,0.000588372582,-0.000171538779
1.0448979591836736,1.1183673469387754,0.000589395789,-0.000171955279
1.0448979591836736,1.110204081632653,0.000588207846,-0.000171601751
1.0448979591836736,1.1020408163265305,0.000587157522,-0.000171294209
1.0448979591836736,1.0938775510204082,0.000587769987,-0.000172796211
1.0448979591836736,1.0857142857142856,0.000587712105,-0.000171510616
1.0448979591836736,1.0775510204081633,0.000586658521,-0.000171493436
1.0448979591836736,1.0693877551020408,0.000586730013,-0.000171904124
1.0448979591836736,1.0612244897959184,0.000587067823,-0.00017107199
1.0448979591836736,1.0530612244897959,0.000586845971,-0.000171414985
1.0448979591836736,1.0448979591836736,0.000586503175,-0.000171249733
1.0448979591836736,1.036734693877551,0.000588471579,-0.000171255096
1.0448979591836736,1.0285714285714285,0.000587349569,-0.000171589485
1.0448979591836736,1.0204081632653061,0.000587027955,-0.000172013082
1.0448979591836736,1.0122448979591836,0.000586782337,-0.000170636801
1.0448979591836736,1.0040816326530613,0.000587003422,-0.00017136277
1.0448979591836736,0.9959183673469387,0.000585906619,-0.000171741441
1.0448979591836736,0.9877551020408163,0.000586926372,-0.000171216401
1.0448979591836736,0.9795918367346939,0.000586691391,-0.000171484412
1.0448979591836736,0.9714285714285714,0.000586903853,-0.000170820773
1.0448979591836736,0.963265306122449,0.000587600459,-0.000170828288
1.0448979591836736,0.9551020408163265,0.000586766428,-0.000170935094
1.0448979591836736,0.9469387755102041,0.000586935956,-0.000171689001
1.0448979591836736,0.9387755102040816,0.000586228233,-0.000170242875
1.0448979591836736,0.9306122448979592,0.000587150717,-0.000170124669
1.0448979591836736,0.9224489795918367,0.00058646724,-0.000171292925
1.0448979591836736,0.9142857142857143,0.000585995551,-0.000170537733
1.0448979591836736,0.9061224489795918,0.000586706053,-0.000170022808
1.0448979591836736,0.8979591836734694,0.000586710845,-0.000170841615
1.0448979591836736,0.889795918367347,0.00058596728,-0.000170073096
1.0448979591836736,0.8816326530612244,0.000585979929,-0.000168996394
1.0448979591836736,0.8734693877551021,0.000586757324,-0.000168724753
1.0448979591836736,0.8653061224489795,0.000587089576,-0.000169847859
1.0448979591836736,0.8571428571428572,0.000586477877,-0.000169692273
1.0448979591836736,0.8489795918367347,0.000585637041,-0.000171066627
1.0448979591836736,0.8408163265306122,0.000586053433,-0.00017078789
1.0448979591836736,0.8326530612244898,0.000586594887,-0.000169967992
1.0448979591836736,0.8244897959183674,0.000586419515,-0.000169246326
1.0448979591836736,0.8163265306122449,0.000585705273,-0.000170372899
1.0448979591836736,0.8081632653061225,0.000584508134,-0.000169997439
1.0448979591836736,0.8,0.000585295206,-0.000169765779
1.036734693877551,1.2,0.000584967266,-0.000170173673
1.036734693877551,1.1918367346938774,0.00058416352,-0.000169963496
1.036734693877551,1.183673469387755,0.000584415942,-0.000170444896
1.036734693877551,1.1755102040816325,0.000584819205,-0.000170638534
1.036734693877551,1.1673469387755102,0.000583656468,-0.000170975492
1.036734693877551,1.1591836734693877,0.000584315893,-0.000170013784
1.036734693877551,1.1510204081632653,0.000584605691,-0.000170821834
1.036734693877551,1.1428571428571428,0.000584175403,-0.000170781436
1.036734693877551,1.1346938775510205,0.00058529444,-0.00017081904
1.036734693877551,1.126530612244898,0.00058497733,-0.000170803144
1.036734693877551,1.1183673469387754,0.000585254285,-0.000171446584
1.036734693877551,1.110204081632653,0.000583798685,-0.000170681084
1.036734693877551,1.1020408163265305,0.000584136495,-0.000170955936
1.036734693877551,1.0938775510204082,0.000585095874,-0.000171927341
1.036734693877551,1.0857142857142856,0.000584525862,-0.000171138624
1.036734693877551,1.0775510204081633,0.000585915722,-0.000170304981
1.036734693877551,1.0693877551020408,0.00058544528,-0.000170733299
1.036734693877551,1.0612244897959184,0.000584840672,-0.000171082748
1.036734693877551,1.0530612244897959,0.000584135728,-0.000170669908
1.036734693877551,1.0448979591836736,0.000585142833,-0.000170228906
1.036734693877551,1.036734693877551,0.000586491292,-0.000171532324
1.036734693877551,1.0285714285714285,0.000584740623,-0.000171395653
1.036734693877551,1.0204081632653061,0.000586685066,-0.00017036516
1.036734693877551,1.0122448979591836,0.000585203974,-0.000170224828
1.036734693877551,1.0040816326530613,0.000586778311,-0.00016949735
1.036734693877551,0.9959183673469387,0.000585251506,-0.000169964781
1.036734693877551,0.9877551020408163,0.000584910151,-0.000170783587
1.036734693877551,0.9795918367346939,0.000585027641,-0.000169844872
1.036734693877551,0.9714285714285714,0.000584780011,-0.000169305445
1.036734693877551,0.963265306122449,0.000586049121,-0.000170041722
1.036734693877551,0.9551020408163265,0.000585971305,-0.000170255978
1.036734693877551,0.9469387755102041,0.00058524844,-0.000170583076
1.036734693877551,0.9387755102040816,0.00058533536,-0.000170281989
1.036734693877551,0.9306122448979592,0.000585623145,-0.000171968381
1.036734693877551,0.9224489795918367,0.000585995551,-0.000170637667
1.036734693877551,0.9142857142857143,0.000586025356,-0.00017036516
1.036734693877551,0.9061224489795918,0.000586741129,-0.000171637204
1.036734693877551,0.8979591836734694,0.000585316673,-0.000170043874
1.036734693877551,0.889795918367347,0.00058726974,-0.000170099301
1.036734693877551,0.8816326530612244,0.000586227273,-0.000171924323
1.036734693877551,0.8734693877551021,0.000588160314,-0.000170568689
1.036734693877551,0.8653061224489795,0.000587153496,-0.000170615093
1.036734693877551,0.8571428571428572,0.000587343725,-0.000170792386
1.036734693877551,0.8489795918367347,0.000587106251,-0.000170434138
1.036734693877551,0.8408163265306122,0.00058756481,-0.000171965587
1.036734693877551,0.8326530612244898,0.000588152263,-0.000171845872
1.036734693877551,0.8244897959183674,0.000586800258,-0.000171656761
1.036734693877551,0.8163265306122449,0.000586944294,-0.00017084033
1.036734693877551,0.8081632653061225,0.000587808129,-0.000171786784
1.036734693877551,0.8,0.000586463981,-0.000170648843
1.0285714285714285,1.2,0.000587016072,-0.000170506359
1.0285714285714285,1.1918367346938774,0.000586912477,-0.00017115818
1.0285714285714285,1.183673469387755,0.000587117847,-0.000170948197
1.0285714285714285,1.1755102040816325,0.000585536992,-0.000170768976
1.0285714285714285,1.1673469387755102,0.000585050641,-0.000169922874
1.0285714285714285,1.1591836734693877,0.000586745441,-0.000169972295
1.0285714285714285,1.1510204081632653,0.000586194884,-0.000170478197
1.0285714285714285,1.1428571428571428,0.000586160574,-0.000169827018
1.0285714285714285,1.1346938775510205,0.000585381839,-0.000170171746
1.0285714285714285,1.126530612244898,0.000586573134,-0.00017120545
1.0285714285714285,1.1183673469387754,0.000586942281,-0.000170910817
1.0285714285714285,1.110204081632653,0.000585993539,-0.000169976823
1.0285714285714285,1.1020408163265305,0.000586047109,-0.000170972699
1.0285714285714285,1.0938775510204082,0.000586681041,-0.000170583943
1.0285714285714285,1.0857142857142856,0.000586221715,-0.000171255514
1.0285714285714285,1.0775510204081633,0.000585469526,-0.000171213189
1.0285714285714285,1.0693877551020408,0.000585283803,-0.000170307133
1.0285714285714285,1.0612244897959184,0.000585744662,-0.000169697218
1.0285714285714285,1.0530612244897959,0.000585502396,-0.000169919437
1.0285714285714285,1.0448979591836736,0.00058567269,-0.000170003251
1.0285714285714285,1.036734693877551,0.000584960175,-0.000169213892
1.0285714285714285,1.0285714285714285,0.000585622093,-0.000169934691
1.0285714285714285,1.0204081632653061,0.000584908618,-0.000170203987
1.0285714285714285,1.0122448979591836,0.000583766102,-0.000170805295
1.0285714285714285,1.0040816326530613,0.000585562771,-0.000169461673
1.0285714285714285,0.9959183673469387,0.000584281297,-0.000169354866
1.0285714285714285,0.9877551020408163,0.000584492512,-0.00017095616
1.0285714285714285,0.9795918367346939,0.000584499317,-0.000171399089
1.0285714285714285,0.9714285714285714,0.000585208766,-0.000170436514
1.0285714285714285,0.963265306122449,0.00058350007,-0.00017086891
1.0285714285714285,0.9551020408163265,0.000584011433,-0.000170216865
1.0285714285714285,0.9469387755102041,0.000584458876,-0.000170336998
1.0285714285714285,0.9387755102040816,0.000584694143,-0.000171181815
1.0285714285714285,0.9306122448979592,0.000583998304,-0.000171486339
1.0285714285714285,0.9224489795918367,0.000583916942,-0.000170804428
1.0285714285714285,0.9142857142857143,0.000584142819,-0.000170957445
1.0285714285714285,0.9061224489795918,0.000584928838,-0.00017018549
1.0285714285714285,0.8979591836734694,0.00058475931,-0.000171197069
1.0285714285714285,0.889795918367347,0.000585019304,-0.000171502684
1.0285714285714285,0.8816326530612244,0.000584977617,-0.000171878337
1.0285714285714285,0.8734693877551021,0.000586281324,-0.000171807626
1.0285714285714285,0.8653061224489795,0.000585492525,-0.000171477091
1.0285714285714285,0.8571428571428572,0.000584587483,-0.000170942609
1.0285714285714285,0.8489795918367347,0.000584862905,-0.000172375857
1.0285714285714285,0.8408163265306122,0.000585660521,-0.000171107892
1.0285714285714285,0.8326530612244898,0.000585876814,-0.000171447226
1.0285714285714285,0.8244897959183674,0.000585290414,-0.000170039571
1.0285714285714285,0.8163265306122449,0.000585212311,-0.000170779509
1.0285714285714285,0.8081632653061225,0.000585099133,-0.000170427908
1.0285714285714285,0.8,0.000584536978,-0.000170340658
1.0204081632653061,1.2,0.00058757516,-0.00016990245
1.0204081632653061,1.1918367346938774,0.000587785896,-0.000170213653
1.0204081632653061,1.183673469387755,0.000588625005,-0.000169527664
1.0204081632653061,1.1755102040816325,0.000588028161,-0.000169397416
1.0204081632653061,1.1673469387755102,0.00058673835,-0.000169187239
1.0204081632653061,1.1591836734693877,0.000587893802,-0.000168866176
1.0204081632653061,1.1510204081632653,0.000586934423,-0.000168804489
1.0204081632653061,1.1428571428571428,0.000587342478,-0.00016894633
1.0204081632653061,1.1346938775510205,0.000586520044,-0.000168696815
1.0204081632653061,1.126530612244898,0.000586452864,-0.000169224843
1.0204081632653061,1.1183673469387754,0.000586859673,-0.00016857604
1.0204081632653061,1.110204081632653,0.00058588036,-0.0001688752
1.0204081632653061,1.1020408163265305,0.000587204287,-0.000169293403
1.0204081632653061,1.0938775510204082,0.000585978876,-0.000169074844
1.0204081632653061,1.0857142857142856,0.000586865998,-0.000169420633
1.0204081632653061,1.0775510204081633,0.0005868154,-0.000169911698
1.0204081632653061,1.0693877551020408,0.000586493305,-0.000169516489
1.0204081632653061,1.0612244897959184,0.000588960995,-0.000169354448
1.0204081632653061,1.0530612244897959,0.000588821558,-0.000170513231
1.0204081632653061,1.0448979591836736,0.000588013786,-0.000170308642
1.0204081632653061,1.036734693877551,0.000589011306,-0.00017043629
1.0204081632653061,1.0285714285714285,0.000588734158,-0.000170197532
1.0204081632653061,1.0204081632653061,0.000589713665,-0.000169461255
1.0204081632653061,1.0122448979591836,0.000589222235,-0.000169361963
1.0204081632653061,1.0040816326530613,0.000589595408,-0.000169243339
1.0204081632653061,0.9959183673469387,0.000588506461,-0.000169769215
1.0204081632653061,0.9877551020408163,0.000588776805,-0.000170006045
1.0204081632653061,0.9795918367346939,0.000588089876,-0.000170847844
1.0204081632653061,0.9714285714285714,0.000588992332,-0.000170483142
1.0204081632653061,0.963265306122449,0.000587633522,-0.000170655715
1.0204081632653061,0.9551020408163265,0.000587864192,-0.000169297481
1.0204081632653061,0.9469387755102041,0.000588599993,-0.000170474985
1.0204081632653061,0.9387755102040816,0.000588640913,-0.000169239678
1.0204081632653061,0.9306122448979592,0.000587882399,-0.00016990762
1.0204081632653061,0.9224489795918367,0.000588392036,-0.000169951036
1.0204081632653061,0.9142857142857143,0.000589145186,-0.000169481454
1.0204081632653061,0.9061224489795918,0.000587995865,-0.000169711187
1.0204081632653061,0.8979591836734694,0.000588344504,-0.000170830215
1.0204081632653061,0.889795918367347,0.000588084317,-0.000169758682
1.0204081632653061,0.8816326530612244,0.000589346051,-0.000169938994
1.0204081632653061,0.8734693877551021,0.000589105797,-0.000169405379
1.0204081632653061,0.8653061224489795,0.000588969333,-0.000169926534
1.0204081632653061,0.8571428571428572,0.000588646185,-0.000169686043
1.0204081632653061,0.8489795918367347,0.00058948884,-0.000169116751
1.0204081632653061,0.8408163265306122,0.000589386491,-0.000169573649
1.0204081632653061,0.8326530612244898,0.000589406425,-0.000170030965
1.0204081632653061,0.8244897959183674,0.000589464021,-0.00017061445
1.0204081632653061,0.8163265306122449,0.000591010567,-0.000169562474
1.0204081632653061,0.8081632653061225,0.000589962542,-0.000170755425
1.0204081632653061,0.8,0.000590778365,-0.000170040855
1.0122448979591836,1.2,0.000588686626,-0.00016921174
1.0122448979591836,1.1918367346938774,0.000589309155,-0.000169266974
1.0122448979591836,1.183673469387755,0.00058890388,-0.000170009481
1.0122448979591836,1.1755102040816325,0.000588296299,-0.000169306729
1.0122448979591836,1.1673469387755102,0.000588141627,-0.000168860589
1.0122448979591836,1.1591836734693877,0.000588640147,-0.000169734823
1.0122448979591836,1.1510204081632653,0.000588216664,-0.000169340897
1.0122448979591836,1.1428571428571428,0.000588218196,-0.000168820385
1.0122448979591836,1.1346938775510205,0.000588222988,-0.000169388392
1.0122448979591836,1.126530612244898,0.000589156589,-0.000169365624
1.0122448979591836,1.1183673469387754,0.000590676303,-0.000170129615
1.0122448979591836,1.110204081632653,0.000590297092,-0.000169819085
1.0122448979591836,1.1020408163265305,0.000589952671,-0.000169790056
1.0122448979591836,1.0938775510204082,0.000590708406,-0.000170017863
1.0122448979591836,1.0857142857142856,0.000589839493,-0.000170438217
1.0122448979591836,1.0775510204081633,0.000590759677,-0.00017141993
1.0122448979591836,1.0693877551020408,0.000590260197,-0.000170342585
1.0122448979591836,1.0612244897959184,0.000590405193,-0.000171333965
1.0122448979591836,1.0530612244897959,0.000589814767,-0.000169808328
1.0122448979591836,1.0448979591836736,0.00059017299,-0.000170349682
1.0122448979591836,1.036734693877551,0.00058964064,-0.00016942256
1.0122448979591836,1.0285714285714285,0.0005899451,-0.000169340255
1.0122448979591836,1.0204081632653061,0.000590268248,-0.000170141014
1.0122448979591836,1.0122448979591836,0.000590163407,-0.00016984895
1.0122448979591836,1.0040816326530613,0.000590460296,-0.000169750301
1.0122448979591836,0.9959183673469387,0.000590107537,-0.000171310972
1.0122448979591836,0.9877551020408163,0.000590004515,-0.000170071587
1.0122448979591836,0.9795918367346939,0.000590116161,-0.000169704958
1.0122448979591836,0.9714285714285714,0.000589719223,-0.000170496469
1.0122448979591836,0.963265306122449,0.000589594928,-0.000170662587
1.0122448979591836,0.9551020408163265,0.000591669511,-0.000169909771
1.0122448979591836,0.9469387755102041,0.000590623979,-0.000169979392
1.0122448979591836,0.9387755102040816,0.000590654069,-0.000169412251
1.0122448979591836,0.9306122448979592,0.000589477723,-0.000171565432
1.0122448979591836,0.9224489795918367,0.000588334441,-0.000170543321
1.0122448979591836,0.9142857142857143,0.000590521437,-0.000170084914
1.0122448979591836,0.9061224489795918,0.000590143953,-0.000171404034
1.0122448979591836,0.8979591836734694,0.000589001436,-0.000171823746
1.0122448979591836,0.889795918367347,0.000589762923,-0.000172315454
1.0122448979591836,0.8816326530612244,0.000590425413,-0.000171206542
1.0122448979591836,0.8734693877551021,0.000592220549,-0.000171062324
1.0122448979591836,0.8653061224489795,0.000590839026,-0.000171354164
1.0122448979591836,0.8571428571428572,0.000590465087,-0.000172822865
1.0122448979591836,0.8489795918367347,0.000589980269,-0.000171299155
1.0122448979591836,0.8408163265306122,0.000590078019,-0.000171578534
1.0122448979591836,0.8326530612244898,0.000589836234,-0.000171554899
1.0122448979591836,0.8244897959183674,0.000590248027,-0.000171421439
1.0122448979591836,0.8163265306122449,0.000591627824,-0.000169690989
1.0122448979591836,0.8081632653061225,0.000591567449,-0.000169319832
1.0122448979591836,0.8,0.000590508787,-0.000170059994
1.0040816326530613,1.2,0.000593417116,-0.000167385658
1.0040816326530613,1.1918367346938774,0.000592636655,-0.000167652353
1.0040816326530613,1.183673469387755,0.000592288015,-0.000167968919
1.0040816326530613,1.1755102040816325,0.000592398701,-0.00016830289
1.0040816326530613,1.1673469387755102,0.000591991893,-0.000167923352
1.0040816326530613,1.1591836734693877,0.000591715224,-0.000168360693
1.0040816326530613,1.1510204081632653,0.000591357194,-0.000168819742
1.0040816326530613,1.1428571428571428,0.000592460322,-0.000169430523
1.0040816326530613,1.1346938775510205,0.000591401947,-0.000169613405
1.0040816326530613,1.126530612244898,0.000591157095,-0.000167795704
1.0040816326530613,1.1183673469387754,0.000590407492,-0.000168360693
1.0040816326530613,1.110204081632653,0.000589906192,-0.0001684026
1.0040816326530613,1.1020408163265305,0.00059063107,-0.000168586348
1.0040816326530613,1.0938775510204082,0.000592260224,-0.000168635352
1.0040816326530613,1.0857142857142856,0.000591451971,-0.000168272801
1.0040816326530613,1.0775510204081633,0.00059219755,-0.000168252602
1.0040816326530613,1.0693877551020408,0.000591630603,-0.000169054645
1.0040816326530613,1.0612244897959184,0.000591319819,-0.000169168324
1.0040816326530613,1.0530612244897959,0.000590643719,-0.000168017056
1.0040816326530613,1.0448979591836736,0.000590267481,-0.000169582031
1.0040816326530613,1.036734693877551,0.000589973658,-0.000168591518
1.0040816326530613,1.0285714285714285,0.000591243249,-0.000169063027
1.0040816326530613,1.0204081632653061,0.000591872676,-0.000169956399
1.0040816326530613,1.0122448979591836,0.000591088383,-0.000168645018
1.0040816326530613,1.0040816326530613,0.000592597747,-0.000169285021
1.0040816326530613,0.9959183673469387,0.000592810781,-0.000169178857
1.0040816326530613,0.9877551020408163,0.000592755965,-0.000169119545
1.0040816326530613,0.9795918367346939,0.000593051035,-0.000169308014
1.0040816326530613,0.9714285714285714,0.000592370623,-0.000170027753
1.0040816326530613,0.963265306122449,0.000592296353,-0.000170160571
1.0040816326530613,0.9551020408163265,0.000592185953,-0.000171482261
1.0040816326530613,0.9469387755102041,0.000592789315,-0.000170170237
1.0040816326530613,0.9387755102040816,0.000592887065,-0.000170307775
1.0040816326530613,0.9306122448979592,0.000591065383,-0.000169712279
1.0040816326530613,0.9224489795918367,0.000593502503,-0.000170142523
1.0040816326530613,0.9142857142857143,0.000592902973,-0.000169273204
1.0040816326530613,0.9061224489795918,0.000593137188,-0.000170014844
1.0040816326530613,0.8979591836734694,0.000593268288,-0.000170334428
1.0040816326530613,0.889795918367347,0.000591558346,-0.00016917327
1.0040816326530613,0.8816326530612244,0.00059180387,-0.000169886554
1.0040816326530613,0.8734693877551021,0.000590941375,-0.000169220989
1.0040816326530613,0.8653061224489795,0.000591600513,-0.000170388153
1.0040816326530613,0.8571428571428572,0.000591445167,-0.000169679171
1.0040816326530613,0.8489795918367347,0.000590918569,-0.000169476509
1.0040816326530613,0.8408163265306122,0.000590625032,-0.00017015068
1.0040816326530613,0.8326530612244898,0.000591189199,-0.000169633604
1.0040816326530613,0.8244897959183674,0.00059107602,-0.000168549611
1.0040816326530613,0.8163265306122449,0.000592235498,-0.000169687777
1.0040816326530613,0.8081632653061225,0.000591723082,-0.000169684759
1.0040816326530613,0.8,0.000591647278,-0.000169221406
0.9959183673469387,1.2,0.000591100266,-0.000167783662
0.9959183673469387,1.1918367346938774,0.000592136408,-0.000167704793
0.9959183673469387,1.183673469387755,0.000590733418,-0.000169133514
0.9959183673469387,1.1755102040816325,0.000589754872,-0.000168048655
0.9959183673469387,1.1673469387755102,0.000591400414,-0.000168764509
0.9959183673469387,1.1591836734693877,0.000591012866,-0.000169219479
0.9959183673469387,1.1510204081632653,0.000592135928,-0.000169598793
0.9959183673469387,1.1428571428571428,0.000592085904,-0.000169263538
0.9959183673469387,1.1346938775510205,0.000592428505,-0.00016844881
0.9959183673469387,1.126530612244898,0.000592462335,-0.000168438919
0.9959183673469387,1.1183673469387754,0.000592135162,-0.000168298811
0.9959183673469387,1.110204081632653,0.000592112162,-0.000168413775
0.9959183673469387,1.1020408163265305,0.000592464348,-0.000167785171
0.9959183673469387,1.0938775510204082,0.000590583824,-0.000168593027
0.9959183673469387,1.0857142857142856,0.000591002516,-0.000168801695
0.9959183673469387,1.0775510204081633,0.000591285509,-0.000167398342
0.9959183673469387,1.0693877551020408,0.000591509567,-0.000169004357
0.9959183673469387,1.0612244897959184,0.000590617941,-0.000168958565
0.9959183673469387,1.0530612244897959,0.0005920331,-0.000167334085
0.9959183673469387,1.0448979591836736,0.000592242782,-0.00016744497
0.9959183673469387,1.036734693877551,0.000592359027,-0.000167703509
0.9959183673469387,1.0285714285714285,0.000592370143,-0.000167746925
0.9959183673469387,1.0204081632653061,0.000592342352,-0.000167541244
0.9959183673469387,1.0122448979591836,0.000593342365,-0.000166552016
0.9959183673469387,1.0040816326530613,0.000592975518,-0.000167286366
0.9959183673469387,0.9959183673469387,0.000592407519,-0.000169155447
0.9959183673469387,0.9877551020408163,0.0005927736,-0.00016909074
0.9959183673469387,0.9795918367346939,0.000592440102,-0.000167832248
0.9959183673469387,0.9714285714285714,0.000592169758,-0.000168793956
0.9959183673469387,0.963265306122449,0.000592258691,-0.000168804489
0.9959183673469387,0.9551020408163265,0.000591784223,-0.000169185954
0.9959183673469387,0.9469387755102041,0.000591915609,-0.000168278388
0.9959183673469387,0.9387755102040816,0.000592303924,-0.000167270246
0.9959183673469387,0.9306122448979592,0.000592858793,-0.00016801362
0.9959183673469387,0.9224489795918367,0.000592940155,-0.000168903556
0.9959183673469387,0.9142857142857143,0.000592404259,-0.000168882072
0.9959183673469387,0.9061224489795918,0.000591520204,-0.00016819801
0.9959183673469387,0.8979591836734694,0.000591240183,-0.000167696636
0.9959183673469387,0.889795918367347,0.00059267307,-0.000168282691
0.9959183673469387,0.8816326530612244,0.000593317353,-0.000167799782
0.9959183673469387,0.8734693877551021,0.000592429272,-0.000167723707
0.9959183673469387,0.8653061224489795,0.000592763536,-0.000168410563
0.9959183673469387,0.8571428571428572,0.000591509087,-0.000168201222
0.9959183673469387,0.8489795918367347,0.000591489633,-0.000167753797
0.9959183673469387,0.8408163265306122,0.000590779611,-0.00016789779
0.9959183673469387,0.8326530612244898,0.00059069729,-0.000168727547
0.9959183673469387,0.8244897959183674,0.000591633383,-0.000168594954
0.9959183673469387,0.8163265306122449,0.000591465101,-0.000168119142
0.9959183673469387,0.8081632653061225,0.000592015179,-0.000168041782
0.9959183673469387,0.8,0.000593170058,-0.000168541005
0.9877551020408163,1.2,0.000593464934,-0.000169588903
0.9877551020408163,1.1918367346938774,0.000593443661,-0.000168383268
0.9877551020408163,1.183673469387755,0.000593055826,-0.000169377217
0.9877551020408163,1.1755102040816325,0.000593126072,-0.000170000458
0.9877551020408163,1.1673469387755102,0.000592625345,-0.000168845753
0.9877551020408163,1.1591836734693877,0.000591372336,-0.000169311032
0.9877551020408163,1.1510204081632653,0.000593541217,-0.000169510259
0.9877551020408163,1.1428571428571428,0.000592686966,-0.000168157388
0.9877551020408163,1.1346938775510205,0.000592636175,-0.000168325883
0.9877551020408163,1.126530612244898,0.000592450739,-0.000169139102
0.9877551020408163,1.1183673469387754,0.000591871623,-0.000168381759
0.9877551020408163,1.110204081632653,0.000593264549,-0.000169426445
0.9877551020408163,1.1020408163265305,0.000594132696,-0.000169183802
0.9877551020408163,1.0938775510204082,0.00059405584,-0.000169649724
0.9877551020408163,1.0857142857142856,0.000594224122,-0.000170037644
0.9877551020408163,1.0775510204081633,0.000593036659,-0.000169707109
0.9877551020408163,1.0693877551020408,0.000591752886,-0.000168178678
0.9877551020408163,1.0612244897959184,0.000593879221,-0.000168735928
0.9877551020408163,1.0530612244897959,0.000594299159,-0.000168489207
0.9877551020408163,1.0448979591836736,0.00059373068,-0.000168629764
0.9877551020408163,1.036734693877551,0.000594006102,-0.000168247881
0.9877551020408163,1.0285714285714285,0.000594625852,-0.000168309762
0.9877551020408163,1.0204081632653061,0.000595003336,-0.00016760701
0.9877551020408163,1.0122448979591836,0.000594263316,-0.000167781092
0.9877551020408163,1.0040816326530613,0.000593332015,-0.000167767541
0.9877551020408163,0.9959183673469387,0.000593949466,-0.000167550492
0.9877551020408163,0.9877551020408163,0.000592486867,-0.000167441534
0.9877551020408163,0.9795918367346939,0.00059239209,-0.000166659047
0.9877551020408163,0.9714285714285714,0.000593299625,-0.000167950005
0.9877551020408163,0.963265306122449,0.000594190005,-0.000168754425
0.9877551020408163,0.9551020408163265,0.000594152917,-0.000168920543
0.9877551020408163,0.9469387755102041,0.000593453051,-0.000167541468
0.9877551020408163,0.9387755102040816,0.000594045776,-0.000168031249
0.9877551020408163,0.9306122448979592,0.000593612229,-0.000167676855
0.9877551020408163,0.9224489795918367,0.000593221329,-0.000167864682
0.9877551020408163,0.9142857142857143,0.000593897715,-0.000169408815
0.9877551020408163,0.9061224489795918,0.000592998997,-0.000168225306
0.9877551020408163,0.8979591836734694,0.000592906232,-0.000168339852
0.9877551020408163,0.889795918367347,0.000593993452,-0.000168900344
0.9877551020408163,0.8816326530612244,0.000594343431,-0.00016755608
0.9877551020408163,0.8734693877551021,0.00059345679,-0.000168584197
0.9877551020408163,0.8653061224489795,0.000593960582,-0.000168188344
0.9877551020408163,0.8571428571428572,0.000594139787,-0.000168244863
0.9877551020408163,0.8489795918367347,0.000593441362,-0.000168971474
0.9877551020408163,0.8408163265306122,0.000592766029,-0.000167942715
0.9877551020408163,0.8326530612244898,0.000593411844,-0.000168393801
0.9877551020408163,0.8244897959183674,0.000593507581,-0.000167401554
0.9877551020408163,0.8163265306122449,0.000594125605,-0.000166942087
0.9877551020408163,0.8081632653061225,0.000595569036,-0.000167267452
0.9877551020408163,0.8,0.000594809562,-0.000167313019
0.9795918367346939,1.2,0.000589585344,-0.000166722019
0.9795918367346939,1.1918367346938774,0.000589843038,-0.000166426295
0.9795918367346939,1.183673469387755,0.000590090189,-0.000168008257
0.9795918367346939,1.1755102040816325,0.00058976091,-0.000167751645
0.9795918367346939,1.1673469387755102,0.00058954241,-0.00016713335
0.9795918367346939,1.1591836734693877,0.000590311468,-0.000167075322
0.9795918367346939,1.1510204081632653,0.000589742222,-0.000167467096
0.9795918367346939,1.1428571428571428,0.000590789001,-0.000166835923
0.9795918367346939,1.1346938775510205,0.000589941075,-0.000167400269
0.9795918367346939,1.126530612244898,0.000590216977,-0.000167538675
0.9795918367346939,1.1183673469387754,0.000591131603,-0.000165983591
0.9795918367346939,1.110204081632653,0.000591282443,-0.000167407142
0.9795918367346939,1.1020408163265305,0.000589972892,-0.000167931957
0.9795918367346939,1.0938775510204082,0.000589691431,-0.000168859498
0.9795918367346939,1.0857142857142856,0.000589987074,-0.000167883596
0.9795918367346939,1.0775510204081633,0.000589288455,-0.000168115063
0.9795918367346939,1.0693877551020408,0.000590488087,-0.0001677467
0.9795918367346939,1.0612244897959184,0.000588995112,-0.000167574127
0.9795918367346939,1.0530612244897959,0.000590592928,-0.000169714206
0.9795918367346939,1.0448979591836736,0.000589515579,-0.000167823642
0.9795918367346939,1.036734693877551,0.000589833934,-0.000167549625
0.9795918367346939,1.0285714285714285,0.00058871595,-0.000167040512
0.9795918367346939,1.0204081632653061,0.000589498904,-0.000167142373
0.9795918367346939,1.0122448979591836,0.000589598953,-0.000166512485
0.9795918367346939,1.0040816326530613,0.000588740676,-0.000166919512
0.9795918367346939,0.9959183673469387,0.00058837105,-0.000166484547
0.9795918367346939,0.9877551020408163,0.00058781522,-0.000166698802
0.9795918367346939,0.9795918367346939,0.000588741443,-0.000166784768
0.9795918367346939,0.9714285714285714,0.000588413503,-0.000166947675
0.9795918367346939,0.963265306122449,0.000588330895,-0.000164911833
0.9795918367346939,0.9551020408163265,0.000589022423,-0.000166380085
0.9795918367346939,0.9469387755102041,0.000588208326,-0.000167059426
0.9795918367346939,0.9387755102040816,0.000589207093,-0.000167287875
0.9795918367346939,0.9306122448979592,0.00058837057,-0.000166544277
0.9795918367346939,0.9224489795918367,0.000588523903,-0.000166947032
0.9795918367346939,0.9142857142857143,0.000587983215,-0.000167588321
0.9795918367346939,0.9061224489795918,0.000588311155,-0.00016780903
0.9795918367346939,0.8979591836734694,0.000588196443,-0.00016788016
0.9795918367346939,0.889795918367347,0.000588267455,-0.000166226008
0.9795918367346939,0.8816326530612244,0.000587126471,-0.0001661482
0.9795918367346939,0.8734693877551021,0.000588895062,-0.000166380952
0.9795918367346939,0.8653061224489795,0.000589512033,-0.000166359244
0.9795918367346939,0.8571428571428572,0.000590506775,-0.000166530532
0.9795918367346939,0.8489795918367347,0.000588616381,-0.000165922127
0.9795918367346939,0.8408163265306122,0.000588617147,-0.000166910488
0.9795918367346939,0.8326530612244898,0.000588880686,-0.000166872884
0.9795918367346939,0.8244897959183674,0.000588731572,-0.000167750779
0.9795918367346939,0.8163265306122449,0.00059011846,-0.000167208782
0.9795918367346939,0.8081632653061225,0.000590549228,-0.000166972594
0.9795918367346939,0.8,0.000590581525,-0.000165917824
0.9714285714285714,1.2,0.000590506295,-0.000168556259
0.9714285714285714,1.1918367346938774,0.000591367064,-0.000168133978
0.9714285714285714,1.183673469387755,0.00059203358,-0.000166814633
0.9714285714285714,1.1755102040816325,0.000591750107,-0.000165774056
0.9714285714285714,1.1673469387755102,0.000592224861,-0.000165343362
0.9714285714285714,1.1591836734693877,0.000593103358,-0.000167203837
0.9714285714285714,1.1510204081632653,0.000591911297,-0.00016676306
0.9714285714285714,1.1428571428571428,0.000593177629,-0.000166633036
0.9714285714285714,1.1346938775510205,0.000593925986,-0.000167297541
0.9714285714285714,1.126530612244898,0.000593060618,-0.000165624251
0.9714285714285714,1.1183673469387754,0.000592463868,-0.000165808866
0.9714285714285714,1.110204081632653,0.000592451505,-0.000166718359
0.9714285714285714,1.1020408163265305,0.000593143033,-0.000166323149
0.9714285714285714,1.0938775510204082,0.000592337273,-0.000165892904
0.9714285714285714,1.0857142857142856,0.000591599746,-0.000166482395
0.9714285714285714,1.0775510204081633,0.000592000996,-0.00016634399
0.9714285714285714,1.0693877551020408,0.000592309002,-0.000166519357
0.9714285714285714,1.0612244897959184,0.000592472972,-0.000166626164
0.9714285714285714,1.0530612244897959,0.00059223799,-0.000167441534
0.9714285714285714,1.0448979591836736,0.000593286016,-0.000167521269
0.9714285714285714,1.036734693877551,0.000593454011,-0.000167291087
0.9714285714285714,1.0285714285714285,0.000591802144,-0.000168445374
0.9714285714285714,1.0204081632653061,0.000592417869,-0.000167904019
0.9714285714285714,1.0122448979591836,0.000591654083,-0.000166388691
0.9714285714285714,1.0040816326530613,0.000592059839,-0.000165921903
0.9714285714285714,0.9959183673469387,0.000591845364,-0.000167745415
0.9714285714285714,0.9877551020408163,0.000590851389,-0.000166942087
0.9714285714285714,0.9795918367346939,0.000592064917,-0.00016781526
0.9714285714285714,0.9714285714285714,0.000591904493,-0.000166786919
0.9714285714285714,0.963265306122449,0.000591333714,-0.000166517206
0.9714285714285714,0.9551020408163265,0.000592028788,-0.000167186014
0.9714285714285714,0.9469387755102041,0.000592743795,-0.000166979915
0.9714285714285714,0.9387755102040816,0.00059326273,-0.000167774638
0.9714285714285714,0.9306122448979592,0.000592714758,-0.000167273264
0.9714285714285714,0.9224489795918367,0.000593204174,-0.00016666335
0.9714285714285714,0.9142857142857143,0.000592736224,-0.000167117872
0.9714285714285714,0.9061224489795918,0.000592808962,-0.000167542753
0.9714285714285714,0.8979591836734694,0.000592690512,-0.000168384552
0.9714285714285714,0.889795918367347,0.000592515139,-0.000167913686
0.9714285714285714,0.8816326530612244,0.000593856508,-0.000166992151
0.9714285714285714,0.8734693877551021,0.000593946207,-0.00016670805
0.9714285714285714,0.8653061224489795,0.000594042997,-0.000167982246
0.9714285714285714,0.8571428571428572,0.000593142746,-0.00016607858
0.9714285714285714,0.8489795918367347,0.000593745342,-0.000167415105
0.9714285714285714,0.8408163265306122,0.000593561151,-0.000167846634
0.9714285714285714,0.8326530612244898,0.000592604072,-0.000167346321
0.9714285714285714,0.8244897959183674,0.000593183187,-0.000167740246
0.9714285714285714,0.8163265306122449,0.000593163733,-0.000167548341
0.9714285714285714,0.8081632653061225,0.000593590189,-0.000167678782
0.9714285714285714,0.8,0.000592941401,-0.000168600541
0.963265306122449,1.2,0.000592412597,-0.000166261461
0.963265306122449,1.1918367346938774,0.000592524243,-0.000166829468
0.963265306122449,1.183673469387755,0.000592168225,-0.000167219957
0.963265306122449,1.1755102040816325,0.000590568396,-0.000166934123
0.963265306122449,1.1673469387755102,0.000591983842,-0.000167474835
0.963265306122449,1.1591836734693877,0.000591971192,-0.00016682539
0.963265306122449,1.1510204081632653,0.000591964581,-0.000166909204
0.963265306122449,1.1428571428571428,0.000591054267,-0.000167366102
0.963265306122449,1.1346938775510205,0.000590502269,-0.000166083525
0.963265306122449,1.126530612244898,0.000590522683,-0.000166665919
0.963265306122449,1.1183673469387754,0.000591365818,-0.000165807581
0.963265306122449,1.110204081632653,0.000590711665,-0.000167425414
0.963265306122449,1.1020408163265305,0.000591024749,-0.000165880638
0.963265306122449,1.0938775510204082,0.000591404726,-0.000165313722
0.963265306122449,1.0857142857142856,0.000590692498,-0.00016640632
0.963265306122449,1.0775510204081633,0.000590936296,-0.000166226651
0.963265306122449,1.0693877551020408,0.00059061037,-0.000166901689
0.963265306122449,1.0612244897959184,0.000591352402,-0.000166742443
0.963265306122449,1.0530612244897959,0.000590859247,-0.000166663992
0.963265306122449,1.0448979591836736,0.000590867298,-0.000165899777
0.963265306122449,1.036734693877551,0.000590449465,-0.000166625521
0.963265306122449,1.0285714285714285,0.000589907439,-0.00016454864
0.963265306122449,1.0204081632653061,0.00059063059,-0.000164777089
0.963265306122449,1.0122448979591836,0.000589602979,-0.000165109775
0.963265306122449,1.0040816326530613,0.000589217443,-0.000164826959
0.963265306122449,0.9959183673469387,0.000589852428,-0.000166314543
0.963265306122449,0.9877551020408163,0.000590193211,-0.000164977375
0.963265306122449,0.9795918367346939,0.00059015133,-0.000165274384
0.963265306122449,0.9714285714285714,0.000590363792,-0.000163902406
0.963265306122449,0.963265306122449,0.000590334754,-0.0001651521
0.963265306122449,0.9551020408163265,0.000589735418,-0.000165092788
0.963265306122449,0.9469387755102041,0.000590131303,-0.00016483791
0.963265306122449,0.9387755102040816,0.000589590136,-0.000165290087
0.963265306122449,0.9306122448979592,0.000590783923,-0.000166328737
0.963265306122449,0.9224489795918367,0.000590772806,-0.000165849488
0.963265306122449,0.9142857142857143,0.000589992346,-0.000165366804
0.963265306122449,0.9061224489795918,0.000590374908,-0.000167402421
0.963265306122449,0.8979591836734694,0.000591233952,-0.000167134217
0.963265306122449,0.889795918367347,0.000589607577,-0.000166867939
0.963265306122449,0.8816326530612244,0.000590756418,-0.000166826675
0.963265306122449,0.8734693877551021,0.000590111849,-0.000166028067
0.963265306122449,0.8653061224489795,0.000589798572,-0.000167326346
0.963265306122449,0.8571428571428572,0.000590134849,-0.000167067165
0.963265306122449,0.8489795918367347,0.000589797325,-0.000166214609
0.963265306122449,0.8408163265306122,0.0005910765,-0.000166956056
0.963265306122449,0.8326530612244898,0.000590579512,-0.000166790131
0.963265306122449,0.8244897959183674,0.000591388817,-0.000165984875
0.963265306122449,0.8163265306122449,0.000591200029,-0.000166430373
0.963265306122449,0.8081632653061225,0.000591553554,-0.000168088186
0.963265306122449,0.8,0.000591263756,-0.000166474014
0.9551020408163265,1.2,0.000589612849,-0.000166747806
0.9551020408163265,1.1918367346938774,0.000591545983,-0.000165292014
0.9551020408163265,1.183673469387755,0.000591211432,-0.000164956534
0.9551020408163265,1.1755102040816325,0.000590530254,-0.000166216342
0.9551020408163265,1.1673469387755102,0.000590120187,-0.000166187313
0.9551020408163265,1.1591836734693877,0.000591018904,-0.000164858751
0.9551020408163265,1.1510204081632653,0.000590266522,-0.000166154236
0.9551020408163265,1.1428571428571428,0.000590552774,-0.000165549685
0.9551020408163265,1.1346938775510205,0.000590967633,-0.000164796421
0.9551020408163265,1.126530612244898,0.000590481476,-0.000164573784
0.9551020408163265,1.1183673469387754,0.000590376921,-0.000165319952
0.9551020408163265,1.110204081632653,0.000589656069,-0.000165047862
0.9551020408163265,1.1020408163265305,0.000588723521,-0.000165136846
0.9551020408163265,1.0938775510204082,0.000590459049,-0.000164428731
0.9551020408163265,1.0857142857142856,0.000589500437,-0.00016463955
0.9551020408163265,1.0775510204081633,0.000589551994,-0.000165388288
0.9551020408163265,1.0693877551020408,0.000590101499,-0.000164259145
0.9551020408163265,1.0612244897959184,0.000589442074,-0.000165421171
0.9551020408163265,1.0530612244897959,0.000591852169,-0.000164900658
0.9551020408163265,1.0448979591836736,0.000590180848,-0.000165084406
0.9551020408163265,1.036734693877551,0.000590561591,-0.000165947271
0.9551020408163265,1.0285714285714285,0.000590151524,-0.000165773189
0.9551020408163265,1.0204081632653061,0.000590993892,-0.000165284917
0.9551020408163265,1.0122448979591836,0.000590244002,-0.000167278627
0.9551020408163265,1.0040816326530613,0.000590783157,-0.00016519314
0.9551020408163265,0.9959183673469387,0.000590362739,-0.000165323163
0.9551020408163265,0.9877551020408163,0.000590082811,-0.00016490753
0.9551020408163265,0.9795918367346939,0.000589520177,-0.000165997559
0.9551020408163265,0.9714285714285714,0.000590465567,-0.000165805848
0.9551020408163265,0.963265306122449,0.000590345584,-0.000165834877
0.9551020408163265,0.9551020408163265,0.000590114148,-0.000164534446
0.9551020408163265,0.9469387755102041,0.000591951452,-0.0001646821
0.9551020408163265,0.9387755102040816,0.000591437309,-0.00016545749
0.9551020408163265,0.9306122448979592,0.000589645719,-0.000164923875
0.9551020408163265,0.9224489795918367,0.000590334467,-0.000164330724
0.9551020408163265,0.9142857142857143,0.000590508501,-0.000164785246
0.9551020408163265,0.9061224489795918,0.000590872662,-0.000164488236
0.9551020408163265,0.8979591836734694,0.000590988334,-0.00016505605
0.9551020408163265,0.889795918367347,0.000590660394,-0.000164476643
0.9551020408163265,0.8816326530612244,0.000590245535,-0.000164242607
0.9551020408163265,0.8734693877551021,0.000589951139,-0.000164212517
0.9551020408163265,0.8653061224489795,0.000590811715,-0.000164995005
0.9551020408163265,0.8571428571428572,0.000589067849,-0.000164344468
0.9551020408163265,0.8489795918367347,0.000590057033,-0.000164081851
0.9551020408163265,0.8408163265306122,0.00058922856,-0.000164209306
0.9551020408163265,0.8326530612244898,0.000587743442,-0.000163562205
0.9551020408163265,0.8244897959183674,0.000589968386,-0.000163799036
0.9551020408163265,0.8163265306122449,0.000589816013,-0.000165278687
0.9551020408163265,0.8081632653061225,0.000589702548,-0.000164593983
0.9551020408163265,0.8,0.000589157548,-0.000165518954
0.9469387755102041,1.2,0.000590784403,-0.000162709231
0.9469387755102041,1.1918367346938774,0.000590613435,-0.000162375678
0.9469387755102041,1.183673469387755,0.000589299858,-0.000162309494
0.9469387755102041,1.1755102040816325,0.000588880686,-0.000161876455
0.9469387755102041,1.1673469387755102,0.000589343271,-0.00016150745
0.9469387755102041,1.1591836734693877,0.000589644952,-0.000162871913
0.9469387755102041,1.1510204081632653,0.000588311441,-0.000162488297
0.9469387755102041,1.1428571428571428,0.000588853375,-0.000163491494
0.9469387755102041,1.1346938775510205,0.000588262663,-0.000163224798
0.9469387755102041,1.126530612244898,0.000588648484,-0.000164292253
0.9469387755102041,1.1183673469387754,0.000588480969,-0.000163317636
0.9469387755102041,1.110204081632653,0.000588275792,-0.000162979362
0.9469387755102041,1.1020408163265305,0.000588781884,-0.00016345132
0.9469387755102041,1.0938775510204082,0.000588312207,-0.000162936171
0.9469387755102041,1.0857142857142856,0.000589025202,-0.000162336789
0.9469387755102041,1.0775510204081633,0.000588501956,-0.000164071319
0.9469387755102041,1.0693877551020408,0.000587873582,-0.000163883267
0.9469387755102041,1.0612244897959184,0.000587806882,-0.000163871674
0.9469387755102041,1.0530612244897959,0.000588103005,-0.000164311167
0.9469387755102041,1.0448979591836736,0.000589745002,-0.000164853163
0.9469387755102041,1.036734693877551,0.000588094667,-0.000163942579
0.9469387755102041,1.0285714285714285,0.000588265442,-0.000164451275
0.9469387755102041,1.0204081632653061,0.000589740496,-0.000164340165
0.9469387755102041,1.0122448979591836,0.000589751326,-0.00016397999
0.9469387755102041,1.0040816326530613,0.000590204614,-0.000164009213
0.9469387755102041,0.9959183673469387,0.000589241976,-0.000164576996
0.9469387755102041,0.9877551020408163,0.000589339532,-0.0001631932
0.9469387755102041,0.9795918367346939,0.000588211392,-0.000163434975
0.9469387755102041,0.9714285714285714,0.000588625965,-0.000163029233
0.9469387755102041,0.963265306122449,0.000590008254,-0.000163815156
0.9469387755102041,0.9551020408163265,0.000588824337,-0.000163203733
0.9469387755102041,0.9469387755102041,0.000588543643,-0.000163066837
0.9469387755102041,0.9387755102040816,0.000587944021,-0.000163816441
0.9469387755102041,0.9306122448979592,0.00058865251,-0.000164186731
0.9469387755102041,0.9224489795918367,0.000588255378,-0.000164137309
0.9469387755102041,0.9142857142857143,0.000589285962,-0.000164558306
0.9469387755102041,0.9061224489795918,0.000589745768,-0.000163899612
0.9469387755102041,0.8979591836734694,0.000588847817,-0.000162898567
0.9469387755102041,0.889795918367347,0.000589049448,-0.000164151696
0.9469387755102041,0.8816326530612244,0.000589487787,-0.00016312464
0.9469387755102041,0.8734693877551021,0.000589761676,-0.000164195112
0.9469387755102041,0.8653061224489795,0.000590401647,-0.000164214669
0.9469387755102041,0.8571428571428572,0.000589052707,-0.000163692871
0.9469387755102041,0.8489795918367347,0.000589962542,-0.000164573142
0.9469387755102041,0.8408163265306122,0.000589268234,-0.000163950543
0.9469387755102041,0.8326530612244898,0.000589278391,-0.00016415449
0.9469387755102041,0.8244897959183674,0.000589037565,-0.000164521344
0.9469387755102041,0.8163265306122449,0.000589856934,-0.000164367685
0.9469387755102041,0.8081632653061225,0.000589738197,-0.000164079282
0.9469387755102041,0.8,0.000590099486,-0.000163262402
0.9387755102040816,1.2,0.000589035552,-0.000164076906
0.9387755102040816,1.1918367346938774,0.000589792727,-0.000164418616
0.9387755102040816,1.183673469387755,0.000590279364,-0.000164994362
0.9387755102040816,1.1755102040816325,0.000589681848,-0.000164014382
0.9387755102040816,1.1673469387755102,0.000590255885,-0.000166005716
0.9387755102040816,1.1591836734693877,0.000589401154,-0.000165124804
0.9387755102040816,1.1510204081632653,0.000588560032,-0.000164677154
0.9387755102040816,1.1428571428571428,0.000590067669,-0.000165323163
0.9387755102040816,1.1346938775510205,0.000589888271,-0.000164852297
0.9387755102040816,1.126530612244898,0.000589307143,-0.000164722497
0.9387755102040816,1.1183673469387754,0.000589992346,-0.00016490753
0.9387755102040816,1.110204081632653,0.000591311481,-0.000164990702
0.9387755102040816,1.1020408163265305,0.000589902167,-0.000165045935
0.9387755102040816,1.0938775510204082,0.000591162654,-0.000164381012
0.9387755102040816,1.0857142857142856,0.000591140707,-0.000165520463
0.9387755102040816,1.0775510204081633,0.000589963788,-0.000165773189
0.9387755102040816,1.0693877551020408,0.00059041353,-0.000165213563
0.9387755102040816,1.0612244897959184,0.000590484541,-0.000165552704
0.9387755102040816,1.0530612244897959,0.000589330909,-0.000166169266
0.9387755102040816,1.0448979591836736,0.000588701768,-0.000165039063
0.9387755102040816,1.036734693877551,0.000588975944,-0.000164772786
0.9387755102040816,1.0285714285714285,0.000589893063,-0.000164640835
0.9387755102040816,1.0204081632653061,0.000588485761,-0.000165360992
0.9387755102040816,1.0122448979591836,0.00058793549,-0.000165671746
0.9387755102040816,1.0040816326530613,0.000588485281,-0.000165008974
0.9387755102040816,0.9959183673469387,0.000587957436,-0.000165875917
0.9387755102040816,0.9877551020408163,0.000589157069,-0.000165185625
0.9387755102040816,0.9795918367346939,0.000588267741,-0.000165211412
0.9387755102040816,0.9714285714285714,0.000588481449,-0.000165830574
0.9387755102040816,0.963265306122449,0.000588278858,-0.000163958924
0.9387755102040816,0.9551020408163265,0.000589403646,-0.000165170371
0.9387755102040816,0.9469387755102041,0.000588156289,-0.000164882386
0.9387755102040816,0.9387755102040816,0.000589363012,-0.000165674764
0.9387755102040816,0.9306122448979592,0.000589283663,-0.000164691766
0.9387755102040816,0.9224489795918367,0.000590246301,-0.000165736003
0.9387755102040816,0.9142857142857143,0.000589735898,-0.00016406724
0.9387755102040816,0.9061224489795918,0.000589799338,-0.000165235271
0.9387755102040816,0.8979591836734694,0.000588886245,-0.000165191855
0.9387755102040816,0.889795918367347,0.000588920841,-0.000164607952
0.9387755102040816,0.8816326530612244,0.000589526982,-0.000165333696
0.9387755102040816,0.8734693877551021,0.00058882683,-0.000164669415
0.9387755102040816,0.8653061224489795,0.000588119393,-0.000164797288
0.9387755102040816,0.8571428571428572,0.000587740663,-0.00016439026
0.9387755102040816,0.8489795918367347,0.000588877621,-0.000164990059
0.9387755102040816,0.8408163265306122,0.000588064577,-0.00016474549
0.9387755102040816,0.8326530612244898,0.000588067642,-0.000165675406
0.9387755102040816,0.8244897959183674,0.000588657302,-0.000164521986
0.9387755102040816,0.8163265306122449,0.000587895815,-0.00016455959
0.9387755102040816,0.8081632653061225,0.000587812441,-0.000163885225
0.9387755102040816,0.8,0.000588016085,-0.000163105307
0.9306122448979592,1.2,0.000589367804,-0.000165600198
0.9306122448979592,1.1918367346938774,0.000590226561,-0.000165359065
0.9306122448979592,1.183673469387755,0.000589735898,-0.000164941056
0.9306122448979592,1.1755102040816325,0.00058934883,-0.000165123519
0.9306122448979592,1.1673469387755102,0.000589206327,-0.000163909278
0.9306122448979592,1.1591836734693877,0.000589688652,-0.00016506851
0.9306122448979592,1.1510204081632653,0.000589286156,-0.000165163499
0.9306122448979592,1.1428571428571428,0.000589825117,-0.000165324673
0.9306122448979592,1.1346938775510205,0.000588952178,-0.000165260415
0.9306122448979592,1.126530612244898,0.000588891803,-0.000165500682
0.9306122448979592,1.1183673469387754,0.000588476177,-0.000166124147
0.9306122448979592,1.110204081632653,0.0005893357,-0.000165527335
0.9306122448979592,1.1020408163265305,0.000588758884,-0.000164737751
0.9306122448979592,1.0938775510204082,0.000589331388,-0.000166298423
0.9306122448979592,1.0857142857142856,0.000589877921,-0.000165387421
0.9306122448979592,1.0775510204081633,0.000590039878,-0.000165708932
0.9306122448979592,1.0693877551020408,0.000589158601,-0.000166539556
0.9306122448979592,1.0612244897959184,0.000589276092,-0.000165809926
0.9306122448979592,1.0530612244897959,0.000588505215,-0.000165594386
0.9306122448979592,1.0448979591836736,0.000588648198,-0.000165595028
0.9306122448979592,1.036734693877551,0.00058859942,-0.000165119216
0.9306122448979592,1.0285714285714285,0.000589240443,-0.000163071782
0.9306122448979592,1.0204081632653061,0.000588964061,-0.000165120726
0.9306122448979592,1.0122448979591836,0.000588758884,-0.000164445687
0.9306122448979592,1.0040816326530613,0.00058893349,-0.000163450229
0.9306122448979592,0.9959183673469387,0.000588547382,-0.000163479034
0.9306122448979592,0.9877551020408163,0.000588492086,-0.000163109386
0.9306122448979592,0.9795918367346939,0.000589225781,-0.000163704689
0.9306122448979592,0.9714285714285714,0.000588972398,-0.000163362337
0.9306122448979592,0.963265306122449,0.000588765209,-0.000163828901
0.9306122448979592,0.9551020408163265,0.000588855868,-0.000163675884
0.9306122448979592,0.9469387755102041,0.000589615628,-0.000164544337
0.9306122448979592,0.9387755102040816,0.000588454904,-0.000163599167
0.9306122448979592,0.9306122448979592,0.000588642926,-0.000164611388
0.9306122448979592,0.9224489795918367,0.000588055953,-0.000164858109
0.9306122448979592,0.9142857142857143,0.000587750727,-0.000164178992
0.9306122448979592,0.9061224489795918,0.0005889034,-0.00016468682
0.9306122448979592,0.8979591836734694,0.000587356854,-0.000165622966
0.9306122448979592,0.889795918367347,0.000586623159,-0.000164788906
0.9306122448979592,0.8816326530612244,0.000587567109,-0.000164974163
0.9306122448979592,0.8734693877551021,0.000587848283,-0.000164899373
0.9306122448979592,0.8653061224489795,0.000588165679,-0.000165356689
0.9306122448979592,0.8571428571428572,0.000588628264,-0.000165401614
0.9306122448979592,0.8489795918367347,0.000587051914,-0.00016536658
0.9306122448979592,0.8408163265306122,0.000586649704,-0.000165218508
0.9306122448979592,0.8326530612244898,0.000587556473,-0.000165005955
0.9306122448979592,0.8244897959183674,0.000587362699,-0.000165583211
0.9306122448979592,0.8163265306122449,0.000586358373,-0.000166071483
0.9306122448979592,0.8081632653061225,0.000586439735,-0.00016629778
0.9306122448979592,0.8,0.000587877607,-0.00016625051
0.9224489795918367,1.2,0.000583880047,-0.000166231596
0.9224489795918367,1.1918367346938774,0.000583317892,-0.000166439397
0.9224489795918367,1.183673469387755,0.000584793426,-0.000165938665
0.9224489795918367,1.1755102040816325,0.000583582198,-0.000165127822
0.9224489795918367,1.1673469387755102,0.000584442967,-0.000166049775
0.9224489795918367,1.1591836734693877,0.000583644299,-0.000165918884
0.9224489795918367,1.1510204081632653,0.000583884838,-0.000165440727
0.9224489795918367,1.1428571428571428,0.000584805503,-0.000166318846
0.9224489795918367,1.1346938775510205,0.0005854655,-0.000166538271
0.9224489795918367,1.126530612244898,0.000583233751,-0.000166562773
0.9224489795918367,1.1183673469387754,0.000584221115,-0.000165549043
0.9224489795918367,1.110204081632653,0.000584935357,-0.000166611777
0.9224489795918367,1.1020408163265305,0.000585723961,-0.000167517609
0.9224489795918367,1.0938775510204082,0.000585763636,-0.00016696508
0.9224489795918367,1.0857142857142856,0.00058517465,-0.000165924278
0.9224489795918367,1.0775510204081633,0.000584536978,-0.000166114674
0.9224489795918367,1.0693877551020408,0.00058561912,-0.000166865788
0.9224489795918367,1.0612244897959184,0.0005856196,-0.000166010662
0.9224489795918367,1.0530612244897959,0.000584623612,-0.000165593101
0.9224489795918367,1.0448979591836736,0.000584630703,-0.000166819802
0.9224489795918367,1.036734693877551,0.000584969279,-0.00016590408
0.9224489795918367,1.0285714285714285,0.000585754245,-0.000166852685
0.9224489795918367,1.0204081632653061,0.000585268661,-0.000166916943
0.9224489795918367,1.0122448979591836,0.00058560925,-0.000164994138
0.9224489795918367,1.0040816326530613,0.000585929138,-0.000165094072
0.9224489795918367,0.9959183673469387,0.000585577146,-0.000165847112
0.9224489795918367,0.9877551020408163,0.000585743415,-0.000165254185
0.9224489795918367,0.9795918367346939,0.000586015005,-0.000165223229
0.9224489795918367,0.9714285714285714,0.000585215091,-0.00016540505
0.9224489795918367,0.963265306122449,0.000585388451,-0.000165665098
0.9224489795918367,0.9551020408163265,0.000584975317,-0.000165319085
0.9224489795918367,0.9469387755102041,0.000585544849,-0.000165426758
0.9224489795918367,0.9387755102040816,0.00058701128,-0.000165620397
0.9224489795918367,0.9306122448979592,0.000586768727,-0.000165997335
0.9224489795918367,0.9224489795918367,0.000586149937,-0.000166683549
0.9224489795918367,0.9142857142857143,0.000585356827,-0.000166627673
0.9224489795918367,0.9061224489795918,0.000585815193,-0.000167305505
0.9224489795918367,0.8979591836734694,0.000586577446,-0.000167123684
0.9224489795918367,0.889795918367347,0.00058658751,-0.000166429089
0.9224489795918367,0.8816326530612244,0.000586121859,-0.000167352775
0.9224489795918367,0.8734693877551021,0.000585513512,-0.000166888138
0.9224489795918367,0.8653061224489795,0.000585454864,-0.00016751976
0.9224489795918367,0.8571428571428572,0.000585633496,-0.000167021598
0.9224489795918367,0.8489795918367347,0.000586951098,-0.000167444103
0.9224489795918367,0.8408163265306122,0.000587254792,-0.000167637967
0.9224489795918367,0.8326530612244898,0.000587662847,-0.000167781735
0.9224489795918367,0.8244897959183674,0.000587013772,-0.00016823799
0.9224489795918367,0.8163265306122449,0.000585850556,-0.000167940981
0.9224489795918367,0.8081632653061225,0.000587084304,-0.000167415523
0.9224489795918367,0.8,0.000585964501,-0.000167577145
0.9142857142857143,1.2,0.000584382112,-0.000165611149
0.9142857142857143,1.1918367346938774,0.000585738817,-0.000165242143
0.9142857142857143,1.183673469387755,0.000585762583,-0.000165375603
0.9142857142857143,1.1755102040816325,0.000584765635,-0.000164569257
0.9142857142857143,1.1673469387755102,0.00058395633,-0.000164237662
0.9142857142857143,1.1591836734693877,0.000584775985,-0.000164087663
0.9142857142857143,1.1510204081632653,0.000583136001,-0.00016503993
0.9142857142857143,1.1428571428571428,0.00058408695,-0.00016507474
0.9142857142857143,1.1346938775510205,0.000583415162,-0.000164650083
0.9142857142857143,1.126530612244898,0.00058383558,-0.000165692169
0.9142857142857143,1.1183673469387754,0.000583660494,-0.000166307028
0.9142857142857143,1.110204081632653,0.000583117027,-0.000164376067
0.9142857142857143,1.1020408163265305,0.000581424433,-0.000164985339
0.9142857142857143,1.0938775510204082,0.000582339826,-0.000165926205
0.9142857142857143,1.0857142857142856,0.000583695856,-0.000166235032
0.9142857142857143,1.0775510204081633,0.000583292114,-0.00016480782
0.9142857142857143,1.0693877551020408,0.000582383046,-0.000165207976
0.9142857142857143,1.0612244897959184,0.000583486654,-0.000166295629
0.9142857142857143,1.0530612244897959,0.000582546249,-0.000165144809
0.9142857142857143,1.0448979591836736,0.000581588689,-0.000165611373
0.9142857142857143,1.036734693877551,0.000582322957,-0.000166098136
0.9142857142857143,1.0285714285714285,0.000582167038,-0.000164794912
0.9142857142857143,1.0204081632653061,0.000582903799,-0.000165449109
0.9142857142857143,1.0122448979591836,0.0005827911,-0.000164778373
0.9142857142857143,1.0040816326530613,0.000581622325,-0.000164414538
0.9142857142857143,0.9959183673469387,0.000581894395,-0.000164954607
0.9142857142857143,0.9877551020408163,0.000583477836,-0.000164276132
0.9142857142857143,0.9795918367346939,0.000583722882,-0.000164175556
0.9142857142857143,0.9714285714285714,0.000583693844,-0.000164720346
0.9142857142857143,0.963265306122449,0.000583219089,-0.000164777731
0.9142857142857143,0.9551020408163265,0.000582787841,-0.000165024452
0.9142857142857143,0.9469387755102041,0.000583060678,-0.000165620173
0.9142857142857143,0.9387755102040816,0.000582711752,-0.000164438815
0.9142857142857143,0.9306122448979592,0.000583188805,-0.000164552718
0.9142857142857143,0.9224489795918367,0.000582026262,-0.000165525184
0.9142857142857143,0.9142857142857143,0.000583462122,-0.000166716432
0.9142857142857143,0.9061224489795918,0.000582798671,-0.000165780704
0.9142857142857143,0.8979591836734694,0.000583067769,-0.000166584257
0.9142857142857143,0.889795918367347,0.000582855501,-0.000165937381
0.9142857142857143,0.8816326530612244,0.000582528614,-0.000166399866
0.9142857142857143,0.8734693877551021,0.000582391383,-0.000165750839
0.9142857142857143,0.8653061224489795,0.000583368683,-0.00016598982
0.9142857142857143,0.8571428571428572,0.000583079652,-0.000165031324
0.9142857142857143,0.8489795918367347,0.000582439395,-0.000165460284
0.9142857142857143,0.8408163265306122,0.000582597326,-0.000164985114
0.9142857142857143,0.8326530612244898,0.00058225923,-0.000165972415
0.9142857142857143,0.8244897959183674,0.000581774892,-0.000165627045
0.9142857142857143,0.8163265306122449,0.000581683467,-0.000166633036
0.9142857142857143,0.8081632653061225,0.000582850995,-0.000165710216
0.9142857142857143,0.8,0.000581717296,-0.000165024645
0.9061224489795918,1.2,0.000582800684,-0.000163629899
0.9061224489795918,1.1918367346938774,0.000582533886,-0.00016341391
0.9061224489795918,1.183673469387755,0.000583552587,-0.000163557485
0.9061224489795918,1.1755102040816325,0.000583594561,-0.000163179455
0.9061224489795918,1.1673469387755102,0.000584798218,-0.000161989716
0.9061224489795918,1.1591836734693877,0.00058475883,-0.00016293145
0.9061224489795918,1.1510204081632653,0.000585104691,-0.000161287607
0.9061224489795918,1.1428571428571428,0.00058471609,-0.000162679784
0.9061224489795918,1.1346938775510205,0.000583416695,-0.000163562848
0.9061224489795918,1.126530612244898,0.000584472292,-0.000163206526
0.9061224489795918,1.1183673469387754,0.000583943201,-0.000162640895
0.9061224489795918,1.110204081632653,0.000583866151,-0.000163723603
0.9061224489795918,1.1020408163265305,0.00058431436,-0.00016344872
0.9061224489795918,1.0938775510204082,0.000585078912,-0.000163692005
0.9061224489795918,1.0857142857142856,0.000585414423,-0.000162569541
0.9061224489795918,1.0775510204081633,0.000585792193,-0.000163044486
0.9061224489795918,1.0693877551020408,0.000584253219,-0.000163931629
0.9061224489795918,1.0612244897959184,0.000583220336,-0.000162693753
0.9061224489795918,1.0530612244897959,0.000583358813,-0.000162767901
0.9061224489795918,1.0448979591836736,0.000583258764,-0.000163526528
0.9061224489795918,1.036734693877551,0.000583642573,-0.00016319943
0.9061224489795918,1.0285714285714285,0.000584341672,-0.000162817547
0.9061224489795918,1.0204081632653061,0.00058359782,-0.000162662797
0.9061224489795918,1.0122448979591836,0.000584121832,-0.000162776282
0.9061224489795918,1.0040816326530613,0.000584079859,-0.000161801023
0.9061224489795918,0.9959183673469387,0.000584648911,-0.000162497545
0.9061224489795918,0.9877551020408163,0.000583174143,-0.000161843572
0.9061224489795918,0.9795918367346939,0.00058315239,-0.000164377351
0.9061224489795918,0.9714285714285714,0.000582957849,-0.000163597658
0.9061224489795918,0.963265306122449,0.000585025342,-0.000164432809
0.9061224489795918,0.9551020408163265,0.000584144352,-0.000163381251
0.9061224489795918,0.9469387755102041,0.000583418708,-0.000163772382
0.9061224489795918,0.9387755102040816,0.000583410371,-0.000163299589
0.9061224489795918,0.9306122448979592,0.000583631456,-0.000163747881
0.9061224489795918,0.9224489795918367,0.000583124885,-0.000164009437
0.9061224489795918,0.9142857142857143,0.000583698156,-0.000163188255
0.9061224489795918,0.9061224489795918,0.000582659714,-0.000164115377
0.9061224489795918,0.8979591836734694,0.000583016978,-0.00016316462
0.9061224489795918,0.889795918367347,0.000584165532,-0.000162996349
0.9061224489795918,0.8816326530612244,0.000584557199,-0.000162881804
0.9061224489795918,0.8734693877551021,0.000584105158,-0.000163318921
0.9061224489795918,0.8653061224489795,0.000583682727,-0.00016443753
0.9061224489795918,0.8571428571428572,0.000585038471,-0.000163868238
0.9061224489795918,0.8489795918367347,0.000584138507,-0.00016340145
0.9061224489795918,0.8408163265306122,0.000585476331,-0.000163255755
0.9061224489795918,0.8326530612244898,0.000585135262,-0.000162613599
0.9061224489795918,0.8244897959183674,0.000585260323,-0.000163993735
0.9061224489795918,0.8163265306122449,0.0005854655,-0.000164257861
0.9061224489795918,0.8081632653061225,0.000585748207,-0.000163780764
0.9061224489795918,0.8,0.000584894242,-0.000161794568
0.8979591836734694,1.2,0.000585703261,-0.00016464578
0.8979591836734694,1.1918367346938774,0.000584984421,-0.000164649859
0.8979591836734694,1.183673469387755,0.000583156222,-0.000164400569
0.8979591836734694,1.1755102040816325,0.000582639494,-0.000164682966
0.8979591836734694,1.1673469387755102,0.000583334567,-0.000165419662
0.8979591836734694,1.1591836734693877,0.000583518757,-0.000163756486
0.8979591836734694,1.1510204081632653,0.000584609236,-0.000165509705
0.8979591836734694,1.1428571428571428,0.000583331308,-0.000164563027
0.8979591836734694,1.1346938775510205,0.000583884072,-0.000164611388
0.8979591836734694,1.126530612244898,0.000583615261,-0.000164670058
0.8979591836734694,1.1183673469387754,0.00058311952,-0.000164879592
0.8979591836734694,1.110204081632653,0.000582333787,-0.000165053674
0.8979591836734694,1.1020408163265305,0.000582960915,-0.000165120083
0.8979591836734694,1.0938775510204082,0.000583371176,-0.000163802472
0.8979591836734694,1.0857142857142856,0.00058530527,-0.00016531157
0.8979591836734694,1.0775510204081633,0.00058514082,-0.000165393233
0.8979591836734694,1.0693877551020408,0.000586090042,-0.000165410638
0.8979591836734694,1.0612244897959184,0.000583669598,-0.000164468262
0.8979591836734694,1.0530612244897959,0.000584070561,-0.000165089351
0.8979591836734694,1.0448979591836736,0.000583089236,-0.000165124804
0.8979591836734694,1.036734693877551,0.000584485421,-0.000164325136
0.8979591836734694,1.0285714285714285,0.000583960642,-0.000165725695
0.8979591836734694,1.0204081632653061,0.000585017005,-0.00016562576
0.8979591836734694,1.0122448979591836,0.000583278984,-0.000165654565
0.8979591836734694,1.0040816326530613,0.000584174636,-0.000164605158
0.8979591836734694,0.9959183673469387,0.000585526162,-0.000164082494
0.8979591836734694,0.9877551020408163,0.000583842671,-0.000164924293
0.8979591836734694,0.9795918367346939,0.000585350789,-0.000164527574
0.8979591836734694,0.9714285714285714,0.000584650157,-0.000163776461
0.8979591836734694,0.963265306122449,0.000584149144,-0.00016375928
0.8979591836734694,0.9551020408163265,0.000584387384,-0.000164690257
0.8979591836734694,0.9469387755102041,0.000583042757,-0.000164532937
0.8979591836734694,0.9387755102040816,0.000583807309,-0.000163135397
0.8979591836734694,0.9306122448979592,0.000584321451,-0.000163742293
0.8979591836734694,0.9224489795918367,0.000584431851,-0.000164315246
0.8979591836734694,0.9142857142857143,0.000584251972,-0.00016408336
0.8979591836734694,0.9061224489795918,0.000583748947,-0.000164824359
0.8979591836734694,0.8979591836734694,0.000583442188,-0.000163529322
0.8979591836734694,0.889795918367347,0.000584185273,-0.000163837282
0.8979591836734694,0.8816326530612244,0.000584876801,-0.000162893621
0.8979591836734694,0.8734693877551021,0.000585260037,-0.000162533222
0.8979591836734694,0.8653061224489795,0.000584861659,-0.000161762552
0.8979591836734694,0.8571428571428572,0.00058513047,-0.000163223932
0.8979591836734694,0.8489795918367347,0.000585176183,-0.000162754574
0.8979591836734694,0.8408163265306122,0.000585317439,-0.000163500517
0.8979591836734694,0.8326530612244898,0.000586240883,-0.000162640028
0.8979591836734694,0.8244897959183674,0.000584858593,-0.000162762955
0.8979591836734694,0.8163265306122449,0.000585470006,-0.000163140985
0.8979591836734694,0.8081632653061225,0.000584793906,-0.000163919169
0.8979591836734694,0.8,0.000585210299,-0.000162914463
0.889795918367347,1.2,0.00058591141,-0.000164322342
0.889795918367347,1.1918367346938774,0.000584190351,-0.000163855329
0.889795918367347,1.183673469387755,0.000584097587,-0.000164454935
0.889795918367347,1.1755102040816325,0.000584915709,-0.000163476658
0.889795918367347,1.1673469387755102,0.000585177715,-0.000164175556
0.889795918367347,1.1591836734693877,0.000584213064,-0.000164089815
0.889795918367347,1.1510204081632653,0.000584463188,-0.000163968815
0.889795918367347,1.1428571428571428,0.000585527122,-0.000163431539
0.889795918367347,1.1346938775510205,0.000584596107,-0.000162546324
0.889795918367347,1.126530612244898,0.000583868164,-0.000163831694
0.889795918367347,1.1183673469387754,0.000583472472,-0.00016396387
0.889795918367347,1.110204081632653,0.000584675936,-0.000163375021
0.889795918367347,1.1020408163265305,0.000584121353,-0.000163624536
0.889795918367347,1.0938775510204082,0.000583322684,-0.000163935289
0.889795918367347,1.0857142857142856,0.000585211831,-0.000164236795
0.889795918367347,1.0775510204081633,0.000584561224,-0.000164888198
0.889795918367347,1.0693877551020408,0.000585219116,-0.000164027902
0.889795918367347,1.0612244897959184,0.000584805789,-0.000164343183
0.889795918367347,1.0530612244897959,0.000584576653,-0.000164394756
0.889795918367347,1.0448979591836736,0.000586967293,-0.000163217702
0.889795918367347,1.036734693877551,0.000585551654,-0.000163912714
0.889795918367347,1.0285714285714285,0.000585739103,-0.000162691826
0.889795918367347,1.0204081632653061,0.00058521691,-0.000164131273
0.889795918367347,1.0122448979591836,0.000584808282,-0.000163297437
0.889795918367347,1.0040816326530613,0.000585288881,-0.000163048565
0.889795918367347,0.9959183673469387,0.000585196883,-0.000163360185
0.889795918367347,0.9877551020408163,0.00058629292,-0.000163031802
0.889795918367347,0.9795918367346939,0.000585328076,-0.00016325187
0.889795918367347,0.9714285714285714,0.000585595834,-0.000163391784
0.889795918367347,0.963265306122449,0.000585614522,-0.000163168698
0.889795918367347,0.9551020408163265,0.000584279764,-0.000162459716
0.889795918367347,0.9469387755102041,0.000583924513,-0.000163317218
0.889795918367347,0.9387755102040816,0.0005839892,-0.000164061428
0.889795918367347,0.9306122448979592,0.000583386891,-0.000163612912
0.889795918367347,0.9224489795918367,0.000583581911,-0.000163658479
0.889795918367347,0.9142857142857143,0.000582515198,-0.000165080328
0.889795918367347,0.9061224489795918,0.000583321151,-0.000164753871
0.889795918367347,0.8979591836734694,0.000582970692,-0.000163822253
0.889795918367347,0.889795918367347,0.000582570781,-0.00016386522
0.889795918367347,0.8816326530612244,0.000584704494,-0.00016434039
0.889795918367347,0.8734693877551021,0.000583669311,-0.000165263209
0.889795918367347,0.8653061224489795,0.000584473058,-0.000164948153
0.889795918367347,0.8571428571428572,0.000584041524,-0.000163073709
0.889795918367347,0.8489795918367347,0.000584006161,-0.000162970981
0.889795918367347,0.8408163265306122,0.000583731985,-0.000164055198
0.889795918367347,0.8326530612244898,0.000583874775,-0.000163704689
0.889795918367347,0.8244897959183674,0.000583167818,-0.00016431547
0.889795918367347,0.8163265306122449,0.000583381046,-0.00016432899
0.889795918367347,0.8081632653061225,0.000582518744,-0.000164191676
0.889795918367347,0.8,0.000582687506,-0.000164556154
0.8816326530612244,1.2,0.000583772426,-0.000164299767
0.8816326530612244,1.1918367346938774,0.000583904579,-0.000163575114
0.8816326530612244,1.183673469387755,0.000584307269,-0.000163735839
0.8816326530612244,1.1755102040816325,0.000584198402,-0.000164148485
0.8816326530612244,1.1673469387755102,0.000584144066,-0.00016447857
0.8816326530612244,1.1591836734693877,0.000583696336,-0.000163584331
0.8816326530612244,1.1510204081632653,0.000584076886,-0.000163866311
0.8816326530612244,1.1428571428571428,0.000583880813,-0.000164250346
0.8816326530612244,1.1346938775510205,0.000584604444,-0.000163952694
0.8816326530612244,1.126530612244898,0.000583333034,-0.000163415419
0.8816326530612244,1.1183673469387754,0.000584315127,-0.00016349859
0.8816326530612244,1.110204081632653,0.000584141859,-0.000163593804
0.8816326530612244,1.1020408163265305,0.000584978383,-0.000163412207
0.8816326530612244,1.0938775510204082,0.000585912177,-0.000163466992
0.8816326530612244,1.0857142857142856,0.000584863385,-0.000163401225
0.8816326530612244,1.0775510204081633,0.000583348463,-0.000162720406
0.8816326530612244,1.0693877551020408,0.000584744648,-0.00016216701
0.8816326530612244,1.0612244897959184,0.000583659727,-0.000163929477
0.8816326530612244,1.0530612244897959,0.000582865371,-0.000163606039
0.8816326530612244,1.0448979591836736,0.000583322684,-0.000163888437
0.8816326530612244,1.036734693877551,0.000582990913,-0.000163717149
0.8816326530612244,1.0285714285714285,0.000584109183,-0.000162822267
0.8816326530612244,1.0204081632653061,0.000583883879,-0.000163481828
0.8816326530612244,1.0122448979591836,0.000583406059,-0.000164155357
0.8816326530612244,1.0040816326530613,0.000583617274,-0.000164591189
0.8816326530612244,0.9959183673469387,0.000584322698,-0.000163971609
0.8816326530612244,0.9877551020408163,0.000584412397,-0.000163891231
0.8816326530612244,0.9795918367346939,0.000584118287,-0.000163658704
0.8816326530612244,0.9714285714285714,0.000583823697,-0.000164827153
0.8816326530612244,0.963265306122449,0.000583058379,-0.00016488884
0.8816326530612244,0.9551020408163265,0.000583133702,-0.000164657598
0.8816326530612244,0.9469387755102041,0.00058394598,-0.000165347247
0.8816326530612244,0.9387755102040816,0.00058412969,-0.000164876156
0.8816326530612244,0.9306122448979592,0.000585218636,-0.000165401614
0.8816326530612244,0.9224489795918367,0.00058428101,-0.000165340793
0.8816326530612244,0.9142857142857143,0.000583401267,-0.00016513341
0.8816326530612244,0.9061224489795918,0.00058324966,-0.000164023824
0.8816326530612244,0.8979591836734694,0.000582697376,-0.000163705107
0.8816326530612244,0.889795918367347,0.000583370982,-0.000164229923
0.8816326530612244,0.8816326530612244,0.000583101599,-0.000163156881
0.8816326530612244,0.8734693877551021,0.000583508407,-0.000164470638
0.8816326530612244,0.8653061224489795,0.00058310821,-0.000163658479
0.8816326530612244,0.8571428571428572,0.000582598573,-0.000164162871
0.8816326530612244,0.8489795918367347,0.000583594274,-0.00016426926
0.8816326530612244,0.8408163265306122,0.000584433384,-0.000163886061
0.8816326530612244,0.8326530612244898,0.000584693377,-0.000163505463
0.8816326530612244,0.8244897959183674,0.000583677935,-0.000164110432
0.8816326530612244,0.8163265306122449,0.000585321465,-0.000163523735
0.8816326530612244,0.8081632653061225,0.000583739556,-0.00016343003
0.8816326530612244,0.8,0.000584696636,-0.000164366176
0.8734693877551021,1.2,0.000585940735,-0.000165919109
0.8734693877551021,1.1918367346938774,0.00058534849,-0.000165137488
0.8734693877551021,1.183673469387755,0.000584352022,-0.000164915269
0.8734693877551021,1.1755102040816325,0.000585469526,-0.000165712368
0.8734693877551021,1.1673469387755102,0.00058530527,-0.000165121143
0.8734693877551021,1.1591836734693877,0.000584085704,-0.000164522629
0.8734693877551021,1.1510204081632653,0.000585256298,-0.000163687926
0.8734693877551021,1.1428571428571428,0.000585496551,-0.000164200475
0.8734693877551021,1.1346938775510205,0.000583816126,-0.000164714983
0.8734693877551021,1.126530612244898,0.000584853035,-0.000164123116
0.8734693877551021,1.1183673469387754,0.000585051887,-0.000163739724
0.8734693877551021,1.110204081632653,0.000584732765,-0.000163675691
0.8734693877551021,1.1020408163265305,0.000583980096,-0.000164342959
0.8734693877551021,1.0938775510204082,0.00058428053,-0.000164955025
0.8734693877551021,1.0857142857142856,0.000583882346,-0.000164830395
0.8734693877551021,1.0775510204081633,0.000584195623,-0.000164832965
0.8734693877551021,1.0693877551020408,0.00058446846,-0.000163784424
0.8734693877551021,1.0612244897959184,0.000583872956,-0.000164366401
0.8734693877551021,1.0530612244897959,0.000584600132,-0.000164068525
0.8734693877551021,1.0448979591836736,0.00058485984,-0.000164512963
0.8734693877551021,1.036734693877551,0.000584140807,-0.000164114092
0.8734693877551021,1.0285714285714285,0.000584205973,-0.000163440563
0.8734693877551021,1.0204081632653061,0.00058352077,-0.000164625357
0.8734693877551021,1.0122448979591836,0.000585587496,-0.000165011543
0.8734693877551021,1.0040816326530613,0.000583794179,-0.000164069391
0.8734693877551021,0.9959183673469387,0.000583248414,-0.000164195755
0.8734693877551021,0.9877551020408163,0.000584486187,-0.000163849324
0.8734693877551021,0.9795918367346939,0.000584046316,-0.000163591428
0.8734693877551021,0.9714285714285714,0.000584081964,-0.000163617439
0.8734693877551021,0.963265306122449,0.00058458547,-0.000164195755
0.8734693877551021,0.9551020408163265,0.000583840372,-0.000164720988
0.8734693877551021,0.9469387755102041,0.000583755465,-0.000163573381
0.8734693877551021,0.9387755102040816,0.000586434943,-0.000164815559
0.8734693877551021,0.9306122448979592,0.000585123859,-0.00016434039
0.8734693877551021,0.9224489795918367,0.000585697702,-0.000165047862
0.8734693877551021,0.9142857142857143,0.000585423527,-0.000164744848
0.8734693877551021,0.9061224489795918,0.000584810581,-0.000164150412
0.8734693877551021,0.8979591836734694,0.000584993812,-0.000163882207
0.8734693877551021,0.889795918367347,0.000584877281,-0.000164955667
0.8734693877551021,0.8816326530612244,0.000584206453,-0.000165027021
0.8734693877551021,0.8734693877551021,0.000585135742,-0.000163768304
0.8734693877551021,0.8653061224489795,0.000584735544,-0.000164083136
0.8734693877551021,0.8571428571428572,0.000584916189,-0.000164215954
0.8734693877551021,0.8489795918367347,0.000583950292,-0.000163523092
0.8734693877551021,0.8408163265306122,0.000586358373,-0.000163626463
0.8734693877551021,0.8326530612244898,0.000586021044,-0.000162675063
0.8734693877551021,0.8244897959183674,0.000585260323,-0.000163774952
0.8734693877551021,0.8163265306122449,0.000586384918,-0.000163553824
0.8734693877551021,0.8081632653061225,0.000586195456,-0.000163272935
0.8734693877551021,0.8,0.000585405605,-0.000162893621
0.8653061224489795,1.2,0.000585765935,-0.00016548607
0.8653061224489795,1.1918367346938774,0.000586236091,-0.00016422305
0.8653061224489795,1.183673469387755,0.00058604155,-0.000163804623
0.8653061224489795,1.1755102040816325,0.000587120146,-0.000164649216
0.8653061224489795,1.1673469387755102,0.000587043577,-0.000164062295
0.8653061224489795,1.1591836734693877,0.000587280091,-0.000163451514
0.8653061224489795,1.1510204081632653,0.000585253039,-0.000163569078
0.8653061224489795,1.1428571428571428,0.000586569109,-0.000165169729
0.8653061224489795,1.1346938775510205,0.000586830829,-0.000164687687
0.8653061224489795,1.126530612244898,0.00058707568,-0.000164523913
0.8653061224489795,1.1183673469387754,0.000586535952,-0.000165130616
0.8653061224489795,1.110204081632653,0.000587405919,-0.00016486283
0.8653061224489795,1.1020408163265305,0.000587445787,-0.000165454921
0.8653061224489795,1.0938775510204082,0.000587897828,-0.000164675227
0.8653061224489795,1.0857142857142856,0.000586323011,-0.000164612673
0.8653061224489795,1.0775510204081633,0.000586384632,-0.000164553361
0.8653061224489795,1.0693877551020408,0.00058683514,-0.000164157284
0.8653061224489795,1.0612244897959184,0.000587721209,-0.000164595267
0.8653061224489795,1.0530612244897959,0.000588949112,-0.000163893382
0.8653061224489795,1.0448979591836736,0.000588044356,-0.000164150636
0.8653061224489795,1.036734693877551,0.000587868504,-0.00016420693
0.8653061224489795,1.0285714285714285,0.000587900127,-0.000163837282
0.8653061224489795,1.0204081632653061,0.00058756433,-0.000164818129
0.8653061224489795,1.0122448979591836,0.000587471565,-0.000164845424
0.8653061224489795,1.0040816326530613,0.00058791297,-0.000165272457
0.8653061224489795,0.9959183673469387,0.000587823557,-0.000165307267
0.8653061224489795,0.9877551020408163,0.000587738937,-0.000164708528
0.8653061224489795,0.9795918367346939,0.000587161067,-0.000164716267
0.8653061224489795,0.9714285714285714,0.00058802385,-0.00016507474
0.8653061224489795,0.963265306122449,0.000586319465,-0.000165171656
0.8653061224489795,0.9551020408163265,0.000586945826,-0.00016517445
0.8653061224489795,0.9469387755102041,0.000587792507,-0.000165234404
0.8653061224489795,0.9387755102040816,0.000587399114,-0.000166569645
0.8653061224489795,0.9306122448979592,0.000586445293,-0.00016641255
0.8653061224489795,0.9224489795918367,0.000587969033,-0.000166387824
0.8653061224489795,0.9142857142857143,0.000587784649,-0.00016578308
0.8653061224489795,0.9061224489795918,0.000587617134,-0.000166068689
0.8653061224489795,0.8979591836734694,0.000588236884,-0.000165866893
0.8653061224489795,0.889795918367347,0.000587068589,-0.000165945538
0.8653061224489795,0.8816326530612244,0.000587754559,-0.000164997798
0.8653061224489795,0.8734693877551021,0.000586936723,-0.000166270709
0.8653061224489795,0.8653061224489795,0.000585566796,-0.000166128868
0.8653061224489795,0.8571428571428572,0.000586442228,-0.000166793149
0.8653061224489795,0.8489795918367347,0.000585387398,-0.00016617055
0.8653061224489795,0.8408163265306122,0.000586893216,-0.000165695605
0.8653061224489795,0.8326530612244898,0.000586051421,-0.000165579999
0.8653061224489795,0.8244897959183674,0.000586892256,-0.000165458132
0.8653061224489795,0.8163265306122449,0.000585555199,-0.000166066762
0.8653061224489795,0.8081632653061225,0.00058663025,-0.000164430658
0.8653061224489795,0.8,0.000585515525,-0.00016498383
0.8571428571428572,1.2,0.000585247194,-0.000167415748
0.8571428571428572,1.1918367346938774,0.000585064537,-0.000165951574
0.8571428571428572,1.183673469387755,0.000584675456,-0.000166065671
0.8571428571428572,1.1755102040816325,0.000584559212,-0.000166573724
0.8571428571428572,1.1673469387755102,0.000585982422,-0.000166519133
0.8571428571428572,1.1591836734693877,0.000585511693,-0.000166421574
0.8571428571428572,1.1510204081632653,0.000585976864,-0.000166233747
0.8571428571428572,1.1428571428571428,0.000585752519,-0.000166140043
0.8571428571428572,1.1346938775510205,0.000586162587,-0.000166058381
0.8571428571428572,1.126530612244898,0.000586567096,-0.000167342884
0.8571428571428572,1.1183673469387754,0.000586199962,-0.000166527738
0.8571428571428572,1.110204081632653,0.000586893789,-0.000167795479
0.8571428571428572,1.1020408163265305,0.000586609263,-0.000166188822
0.8571428571428572,1.0938775510204082,0.000585568809,-0.000165277178
0.8571428571428572,1.0857142857142856,0.000585443267,-0.000166647229
0.8571428571428572,1.0775510204081633,0.000586741416,-0.000165466514
0.8571428571428572,1.0693877551020408,0.000585483422,-0.000166072543
0.8571428571428572,1.0612244897959184,0.000586008967,-0.000166790998
0.8571428571428572,1.0530612244897959,0.00058492376,-0.00016672674
0.8571428571428572,1.0448979591836736,0.00058630279,-0.000167080268
0.8571428571428572,1.036734693877551,0.000585428605,-0.000166605098
0.8571428571428572,1.0285714285714285,0.000586493019,-0.000166430598
0.8571428571428572,1.0204081632653061,0.000586648651,-0.000166567494
0.8571428571428572,1.0122448979591836,0.000586671651,-0.000165655207
0.8571428571428572,1.0040816326530613,0.000586517551,-0.000166256098
0.8571428571428572,0.9959183673469387,0.000586899827,-0.000166995587
0.8571428571428572,0.9877551020408163,0.000586887178,-0.000166925966
0.8571428571428572,0.9795918367346939,0.000586831115,-0.000166139819
0.8571428571428572,0.9714285714285714,0.000585758557,-0.000166605098
0.8571428571428572,0.963265306122449,0.000586981955,-0.00016587656
0.8571428571428572,0.9551020408163265,0.000586836673,-0.000165919333
0.8571428571428572,0.9469387755102041,0.00058632531,-0.000166510976
0.8571428571428572,0.9387755102040816,0.000586442801,-0.000167502355
0.8571428571428572,0.9306122448979592,0.000585566796,-0.000167710381
0.8571428571428572,0.9224489795918367,0.000586076433,-0.000166295629
0.8571428571428572,0.9142857142857143,0.000586345244,-0.000167517191
0.8571428571428572,0.9061224489795918,0.000587053927,-0.000167050596
0.8571428571428572,0.8979591836734694,0.000587870036,-0.000167359229
0.8571428571428572,0.889795918367347,0.000586395749,-0.000165403123
0.8571428571428572,0.8816326530612244,0.000587416749,-0.000167036209
0.8571428571428572,0.8734693877551021,0.000586186546,-0.000167085855
0.8571428571428572,0.8653061224489795,0.000587124938,-0.0001668602
0.8571428571428572,0.8571428571428572,0.000587235338,-0.000166876963
0.8571428571428572,0.8489795918367347,0.000588167692,-0.000167587454
0.8571428571428572,0.8408163265306122,0.00058806381,-0.000167314946
0.8571428571428572,0.8326530612244898,0.000589160328,-0.000166464123
0.8571428571428572,0.8244897959183674,0.000587701755,-0.000167313437
0.8571428571428572,0.8163265306122449,0.0005879031,-0.000167431001
0.8571428571428572,0.8081632653061225,0.00058738014,-0.000167308717
0.8571428571428572,0.8,0.000589181314,-0.000167002041
0.8489795918367347,1.2,0.000585431384,-0.000166968516
0.8489795918367347,1.1918367346938774,0.000585009914,-0.00016717805
0.8489795918367347,1.183673469387755,0.000585411357,-0.000167827496
0.8489795918367347,1.1755102040816325,0.000585891476,-0.000168216925
0.8489795918367347,1.1673469387755102,0.000585255051,-0.000168516728
0.8489795918367347,1.1591836734693877,0.000584451305,-0.000167111642
0.8489795918367347,1.1510204081632653,0.000584930565,-0.000168086901
0.8489795918367347,1.1428571428571428,0.000584839139,-0.000167784529
0.8489795918367347,1.1346938775510205,0.000585320218,-0.000168351027
0.8489795918367347,1.126530612244898,0.000584229453,-0.000166844722
0.8489795918367347,1.1183673469387754,0.000585479396,-0.000168480408
0.8489795918367347,1.110204081632653,0.000586509214,-0.000167934751
0.8489795918367347,1.1020408163265305,0.000586599679,-0.000167548341
0.8489795918367347,1.0938775510204082,0.000585986447,-0.000167799782
0.8489795918367347,1.0857142857142856,0.000585470772,-0.000168610207
0.8489795918367347,1.0775510204081633,0.000585876814,-0.000168078519
0.8489795918367347,1.0693877551020408,0.000586212325,-0.000166958207
0.8489795918367347,1.0612244897959184,0.000585272206,-0.00016801728
0.8489795918367347,1.0530612244897959,0.000586517551,-0.000168726262
0.8489795918367347,1.0448979591836736,0.00058522774,-0.000168082822
0.8489795918367347,1.036734693877551,0.000585245948,-0.000167527275
0.8489795918367347,1.0285714285714285,0.000586222482,-0.000167176541
0.8489795918367347,1.0204081632653061,0.000586115821,-0.000167806237
0.8489795918367347,1.0122448979591836,0.000586115341,-0.000168179963
0.8489795918367347,1.0040816326530613,0.000586743909,-0.000168869613
0.8489795918367347,0.9959183673469387,0.000585690611,-0.000168288279
0.8489795918367347,0.9877551020408163,0.000586454397,-0.000168414224
0.8489795918367347,0.9795918367346939,0.000587368737,-0.000168046503
0.8489795918367347,0.9714285714285714,0.000586732312,-0.00016846493
0.8489795918367347,0.963265306122449,0.000587218183,-0.000168383043
0.8489795918367347,0.9551020408163265,0.000587540564,-0.000168487698
0.8489795918367347,0.9469387755102041,0.000586856127,-0.000169466843
0.8489795918367347,0.9387755102040816,0.00058636901,-0.000168352536
0.8489795918367347,0.9306122448979592,0.000586842998,-0.000168872182
0.8489795918367347,0.9224489795918367,0.000586366231,-0.000167243592
0.8489795918367347,0.9142857142857143,0.000586815686,-0.000167025676
0.8489795918367347,0.9061224489795918,0.000585669145,-0.000167729937
0.8489795918367347,0.8979591836734694,0.000585989513,-0.000167457012
0.8489795918367347,0.889795918367347,0.000585439722,-0.000167085855
0.8489795918367347,0.8816326530612244,0.000585011733,-0.000168097434
0.8489795918367347,0.8734693877551021,0.000584935163,-0.000167720496
0.8489795918367347,0.8653061224489795,0.000584222648,-0.000169149635
0.8489795918367347,0.8571428571428572,0.000585311881,-0.000168668877
0.8489795918367347,0.8489795918367347,0.000584406838,-0.000168093131
0.8489795918367347,0.8408163265306122,0.000584632429,-0.000167853731
0.8489795918367347,0.8326530612244898,0.000585248634,-0.000168126014
0.8489795918367347,0.8244897959183674,0.000583431357,-0.000167167518
0.8489795918367347,0.8163265306122449,0.000584185273,-0.00016812945
0.8489795918367347,0.8081632653061225,0.000584456097,-0.000168042842
0.8489795918367347,0.8,0.000584297685,-0.000168171582
0.8408163265306122,1.2,0.000587082965,-0.000167962465
0.8408163265306122,1.1918367346938774,0.000587429878,-0.000167563594
0.8408163265306122,1.183673469387755,0.000587986761,-0.00016774564
0.8408163265306122,1.1755102040816325,0.000588064577,-0.000167089934
0.8408163265306122,1.1673469387755102,0.000586850569,-0.000167423262
0.8408163265306122,1.1591836734693877,0.000587809375,-0.00016712712
0.8408163265306122,1.1510204081632653,0.000587434957,-0.000167633021
0.8408163265306122,1.1428571428571428,0.000587351296,-0.000167018162
0.8408163265306122,1.1346938775510205,0.00058690136,-0.000166375589
0.8408163265306122,1.126530612244898,0.000587262649,-0.000167322268
0.8408163265306122,1.1183673469387754,0.000587298492,-0.000167370822
0.8408163265306122,1.110204081632653,0.00058696624,-0.000167642045
0.8408163265306122,1.1020408163265305,0.000586418268,-0.00016708714
0.8408163265306122,1.0938775510204082,0.000587102705,-0.000166867939
0.8408163265306122,1.0857142857142856,0.000587110276,-0.000167167742
0.8408163265306122,1.0775510204081633,0.000587863712,-0.000166620576
0.8408163265306122,1.0693877551020408,0.000588238417,-0.000166637981
0.8408163265306122,1.0612244897959184,0.000587947086,-0.000166478092
0.8408163265306122,1.0530612244897959,0.000587404866,-0.000167135501
0.8408163265306122,1.0448979591836736,0.000586912477,-0.000165947914
0.8408163265306122,1.036734693877551,0.000587350336,-0.000167446897
0.8408163265306122,1.0285714285714285,0.000588029981,-0.000166713638
0.8408163265306122,1.0204081632653061,0.00058847867,-0.000166956698
0.8408163265306122,1.0122448979591836,0.000589448879,-0.000168363711
0.8408163265306122,1.0040816326530613,0.000588305116,-0.000167876082
0.8408163265306122,0.9959183673469387,0.000589461528,-0.00016774047
0.8408163265306122,0.9877551020408163,0.000589519604,-0.000167240156
0.8408163265306122,0.9795918367346939,0.000589388984,-0.000167141956
0.8408163265306122,0.9714285714285714,0.000589202301,-0.000167783019
0.8408163265306122,0.963265306122449,0.0005894231,-0.000166121771
0.8408163265306122,0.9551020408163265,0.000589326883,-0.000166597808
0.8408163265306122,0.9469387755102041,0.000589732639,-0.000165901928
0.8408163265306122,0.9387755102040816,0.000589259417,-0.000166769932
0.8408163265306122,0.9306122448979592,0.000589365025,-0.00016578308
0.8408163265306122,0.9224489795918367,0.000590222822,-0.000166182817
0.8408163265306122,0.9142857142857143,0.000588872063,-0.000166409532
0.8408163265306122,0.9061224489795918,0.000587774493,-0.000165421171
0.8408163265306122,0.8979591836734694,0.000587178988,-0.000166513994
0.8408163265306122,0.889795918367347,0.000588059785,-0.000166157448
0.8408163265306122,0.8816326530612244,0.000587902906,-0.000165516802
0.8408163265306122,0.8734693877551021,0.000587766442,-0.000164665979
0.8408163265306122,0.8653061224489795,0.000586295699,-0.000165014561
0.8408163265306122,0.8571428571428572,0.00058668382,-0.00016554991
0.8408163265306122,0.8489795918367347,0.000586889477,-0.000165839598
0.8408163265306122,0.8408163265306122,0.000587327336,-0.000165316291
0.8408163265306122,0.8326530612244898,0.00058704185,-0.000166463481
0.8408163265306122,0.8244897959183674,0.000586824024,-0.000167008271
0.8408163265306122,0.8163265306122449,0.0005860105,-0.000166478959
0.8408163265306122,0.8081632653061225,0.000586406099,-0.000167280779
0.8408163265306122,0.8,0.000586857374,-0.00016589891
0.8326530612244898,1.2,0.000587458916,-0.000167697279
0.8326530612244898,1.1918367346938774,0.000587115834,-0.000167954532
0.8326530612244898,1.183673469387755,0.000586364218,-0.000167778299
0.8326530612244898,1.1755102040816325,0.000587095134,-0.000167622488
0.8326530612244898,1.1673469387755102,0.000587410424,-0.000167711665
0.8326530612244898,1.1591836734693877,0.000587162314,-0.000166845589
0.8326530612244898,1.1510204081632653,0.000586533746,-0.000167491598
0.8326530612244898,1.1428571428571428,0.000587399308,-0.000167381998
0.8326530612244898,1.1346938775510205,0.000588389257,-0.000168102379
0.8326530612244898,1.126530612244898,0.000586925606,-0.000167995572
0.8326530612244898,1.1183673469387754,0.000587663613,-0.000167703509
0.8326530612244898,1.110204081632653,0.000587696963,-0.000168075726
0.8326530612244898,1.1020408163265305,0.000587886231,-0.000167436171
0.8326530612244898,1.0938775510204082,0.000588461229,-0.00016735255
0.8326530612244898,1.0857142857142856,0.000587863998,-0.000167089291
0.8326530612244898,1.0775510204081633,0.000587298778,-0.000166473789
0.8326530612244898,1.0693877551020408,0.00058810703,-0.000166735988
0.8326530612244898,1.0612244897959184,0.000586412424,-0.000167516967
0.8326530612244898,1.0530612244897959,0.000586677495,-0.00016714947
0.8326530612244898,1.0448979591836736,0.00058679422,-0.000167662019
0.8326530612244898,1.036734693877551,0.000586964801,-0.00016727047
0.8326530612244898,1.0285714285714285,0.000587116121,-0.000167268319
0.8326530612244898,1.0204081632653061,0.000586395269,-0.000166567494
0.8326530612244898,1.0122448979591836,0.000587523889,-0.000167541886
0.8326530612244898,1.0040816326530613,0.000587424126,-0.000167130556
0.8326530612244898,0.9959183673469387,0.000586790674,-0.000166911131
0.8326530612244898,0.9877551020408163,0.000586952631,-0.000167779583
0.8326530612244898,0.9795918367346939,0.000587095614,-0.000166825808
0.8326530612244898,0.9714285714285714,0.000587082771,-0.000167045233
0.8326530612244898,0.963265306122449,0.000588392803,-0.000167746058
0.8326530612244898,0.9551020408163265,0.000588302337,-0.000166722662
0.8326530612244898,0.9469387755102041,0.000586896282,-0.000167443685
0.8326530612244898,0.9387755102040816,0.000586597667,-0.00016655741
0.8326530612244898,0.9306122448979592,0.000586880373,-0.000167288518
0.8326530612244898,0.9224489795918367,0.000587030447,-0.000167479138
0.8326530612244898,0.9142857142857143,0.000587429398,-0.00016742005
0.8326530612244898,0.9061224489795918,0.000586958669,-0.000166854837
0.8326530612244898,0.8979591836734694,0.000585709585,-0.000166295853
0.8326530612244898,0.889795918367347,0.00058696854,-0.000166903616
0.8326530612244898,0.8816326530612244,0.000586526369,-0.000166446076
0.8326530612244898,0.8734693877551021,0.000585659274,-0.000167712757
0.8326530612244898,0.8653061224489795,0.000585657262,-0.00016705599
0.8326530612244898,0.8571428571428572,0.000585789128,-0.000167411669
0.8326530612244898,0.8489795918367347,0.00058567365,-0.00016717956
0.8326530612244898,0.8408163265306122,0.000587064563,-0.000166421992
0.8326530612244898,0.8326530612244898,0.00058562947,-0.000166643793
0.8326530612244898,0.8244897959183674,0.000587233325,-0.000165891395
0.8326530612244898,0.8163265306122449,0.000587090342,-0.000167733598
0.8326530612244898,0.8081632653061225,0.000585916489,-0.000168078519
0.8326530612244898,0.8,0.000586245195,-0.000166867939
0.8244897959183674,1.2,0.000585406085,-0.000166647229
0.8244897959183674,1.1918367346938774,0.000585197169,-0.000166206452
0.8244897959183674,1.183673469387755,0.00058546598,-0.000166793373
0.8244897959183674,1.1755102040816325,0.000584136015,-0.000167480423
0.8244897959183674,1.1673469387755102,0.000585408098,-0.00016658233
0.8244897959183674,1.1591836734693877,0.000584235298,-0.000168147946
0.8244897959183674,1.1510204081632653,0.000584317139,-0.000168103021
0.8244897959183674,1.1428571428571428,0.000583872956,-0.000166568779
0.8244897959183674,1.1346938775510205,0.000583911384,-0.00016730056
0.8244897959183674,1.126530612244898,0.000583093261,-0.000166765211
0.8244897959183674,1.1183673469387754,0.000584373009,-0.000166283811
0.8244897959183674,1.110204081632653,0.000584649677,-0.000165617603
0.8244897959183674,1.1020408163265305,0.000585354814,-0.000165555915
0.8244897959183674,1.0938775510204082,0.000585416722,-0.000166061817
0.8244897959183674,1.0857142857142856,0.000585247674,-0.000166800888
0.8244897959183674,1.0775510204081633,0.000585101625,-0.000165442236
0.8244897959183674,1.0693877551020408,0.000585393722,-0.000166450797
0.8244897959183674,1.0612244897959184,0.000584709766,-0.000166578445
0.8244897959183674,1.0530612244897959,0.000586099146,-0.000166138116
0.8244897959183674,1.0448979591836736,0.000585664833,-0.000166601662
0.8244897959183674,1.036734693877551,0.000587787428,-0.000165611149
0.8244897959183674,1.0285714285714285,0.000586744675,-0.000164098839
0.8244897959183674,1.0204081632653061,0.000586992306,-0.000165436424
0.8244897959183674,1.0122448979591836,0.000586355594,-0.000165847755
0.8244897959183674,1.0040816326530613,0.00058705546,-0.000165424382
0.8244897959183674,0.9959183673469387,0.000586309115,-0.000164796003
0.8244897959183674,0.9877551020408163,0.000587904633,-0.000164619769
0.8244897959183674,0.9795918367346939,0.00058619517,-0.000164869702
0.8244897959183674,0.9714285714285714,0.000586694937,-0.000164679306
0.8244897959183674,0.963265306122449,0.000585825257,-0.0001645611
0.8244897959183674,0.9551020408163265,0.000585982422,-0.000164455996
0.8244897959183674,0.9469387755102041,0.000586284869,-0.000165598689
0.8244897959183674,0.9387755102040816,0.000585462721,-0.000164984472
0.8244897959183674,0.9306122448979592,0.000587381866,-0.00016588022
0.8244897959183674,0.9224489795918367,0.000587708366,-0.000164123116
0.8244897959183674,0.9142857142857143,0.000587931944,-0.000164203494
0.8244897959183674,0.9061224489795918,0.000588179288,-0.000165335205
0.8244897959183674,0.8979591836734694,0.00058819443,-0.000165486488
0.8244897959183674,0.889795918367347,0.000588383699,-0.000165469308
0.8244897959183674,0.8816326530612244,0.000587763662,-0.000164410235
0.8244897959183674,0.8734693877551021,0.000588188392,-0.000164910548
0.8244897959183674,0.8653061224489795,0.000587515838,-0.000164786112
0.8244897959183674,0.8571428571428572,0.000588324857,-0.000165571393
0.8244897959183674,0.8489795918367347,0.000588422893,-0.000164793851
0.8244897959183674,0.8408163265306122,0.000587873582,-0.000166157448
0.8244897959183674,0.8326530612244898,0.000589549695,-0.000166119202
0.8244897959183674,0.8244897959183674,0.000589124485,-0.000164811032
0.8244897959183674,0.8163265306122449,0.00059037922,-0.000165383342
0.8244897959183674,0.8081632653061225,0.000590792261,-0.000165699041
0.8244897959183674,0.8,0.000590389284,-0.000165518087
0.8163265306122449,1.2,0.000589375088,-0.000162280913
0.8163265306122449,1.1918367346938774,0.000589283377,-0.000163449169
0.8163265306122449,1.183673469387755,0.000589372596,-0.000163218568
0.8163265306122449,1.1755102040816325,0.000588660847,-0.000163701028
0.8163265306122449,1.1673469387755102,0.00058925204,-0.00016371307
0.8163265306122449,1.1591836734693877,0.000589741456,-0.000163949258
0.8163265306122449,1.1510204081632653,0.000588159834,-0.000165534207
0.8163265306122449,1.1428571428571428,0.000588802104,-0.000164406156
0.8163265306122449,1.1346938775510205,0.000588479916,-0.00016433416
0.8163265306122449,1.126530612244898,0.00058839127,-0.000164005134
0.8163265306122449,1.1183673469387754,0.000587840232,-0.000163263687
0.8163265306122449,1.110204081632653,0.000587702041,-0.000163766795
0.8163265306122449,1.1020408163265305,0.000586982435,-0.000163602603
0.8163265306122449,1.0938775510204082,0.000587573434,-0.000164679724
0.8163265306122449,1.0857142857142856,0.000587701275,-0.000164116019
0.8163265306122449,1.0775510204081633,0.000586962981,-0.000165445673
0.8163265306122449,1.0693877551020408,0.000586766908,-0.000163918944
0.8163265306122449,1.0612244897959184,0.00058744636,-0.000164255067
0.8163265306122449,1.0530612244897959,0.000587423074,-0.000164581298
0.8163265306122449,1.0448979591836736,0.000586598626,-0.000163597882
0.8163265306122449,1.036734693877551,0.000585990759,-0.000164514247
0.8163265306122449,1.0285714285714285,0.000586441748,-0.000163944089
0.8163265306122449,1.0204081632653061,0.000585809348,-0.000163496439
0.8163265306122449,1.0122448979591836,0.000587325037,-0.000163524377
0.8163265306122449,1.0040816326530613,0.000586473851,-0.000163622802
0.8163265306122449,0.9959183673469387,0.00058666312,-0.000164250121
0.8163265306122449,0.9877551020408163,0.000587405152,-0.000164526289
0.8163265306122449,0.9795918367346939,0.00058672752,-0.000164360589
0.8163265306122449,0.9714285714285714,0.000588181301,-0.000164272054
0.8163265306122449,0.963265306122449,0.000587297725,-0.000164568196
0.8163265306122449,0.9551020408163265,0.000587910191,-0.000164336729
0.8163265306122449,0.9469387755102041,0.000588438515,-0.000163627747
0.8163265306122449,0.9387755102040816,0.000588822518,-0.000163559187
0.8163265306122449,0.9306122448979592,0.000588584278,-0.000163587125
0.8163265306122449,0.9224489795918367,0.00058945645,-0.000165110611
0.8163265306122449,0.9142857142857143,0.000589048682,-0.000164098614
0.8163265306122449,0.9061224489795918,0.000588539045,-0.000164155357
0.8163265306122449,0.8979591836734694,0.000589491813,-0.000164948795
0.8163265306122449,0.889795918367347,0.000588124952,-0.000163312691
0.8163265306122449,0.8816326530612244,0.000589349596,-0.000163992674
0.8163265306122449,0.8734693877551021,0.000589399621,-0.000163735196
0.8163265306122449,0.8653061224489795,0.000590214198,-0.000163049849
0.8163265306122449,0.8571428571428572,0.000589386971,-0.000162927565
0.8163265306122449,0.8489795918367347,0.000590025216,-0.000163687059
0.8163265306122449,0.8408163265306122,0.0005891839,-0.000163276371
0.8163265306122449,0.8326530612244898,0.000588334441,-0.000163837282
0.8163265306122449,0.8244897959183674,0.0005883584,-0.000163682339
0.8163265306122449,0.8163265306122449,0.000588055473,-0.000163824822
0.8163265306122449,0.8081632653061225,0.000588584278,-0.00016304362
0.8163265306122449,0.8,0.000589352375,-0.000164202851
0.8081632653061225,1.2,0.000590183627,-0.00016453618
0.8081632653061225,1.1918367346938774,0.000590802611,-0.000164542828
0.8081632653061225,1.183673469387755,0.000590837973,-0.000164796645
0.8081632653061225,1.1755102040816325,0.000590166952,-0.000164560457
0.8081632653061225,1.1673469387755102,0.000591819872,-0.000164684251
0.8081632653061225,1.1591836734693877,0.000592245562,-0.000164256576
0.8081632653061225,1.1510204081632653,0.000591760457,-0.000163488924
0.8081632653061225,1.1428571428571428,0.000591459063,-0.000164255709
0.8081632653061225,1.1346938775510205,0.000592771587,-0.000163963645
0.8081632653061225,1.126530612244898,0.000592102772,-0.000164110432
0.8081632653061225,1.1183673469387754,0.000593517451,-0.000164724006
0.8081632653061225,1.110204081632653,0.000593194784,-0.000164039078
0.8081632653061225,1.1020408163265305,0.000592434544,-0.00016396859
0.8081632653061225,1.0938775510204082,0.000591363805,-0.000164832965
0.8081632653061225,1.0857142857142856,0.000592251886,-0.00016426409
0.8081632653061225,1.0775510204081633,0.000591454751,-0.000164690257
0.8081632653061225,1.0693877551020408,0.000592743315,-0.000163555751
0.8081632653061225,1.0612244897959184,0.000592665979,-0.000164238304
0.8081632653061225,1.0530612244897959,0.000591561605,-0.000164333293
0.8081632653061225,1.0448979591836736,0.00059232491,-0.000164151696
0.8081632653061225,1.036734693877551,0.000591840572,-0.000164507793
0.8081632653061225,1.0285714285714285,0.000592258691,-0.000164688329
0.8081632653061225,1.0204081632653061,0.000592412597,-0.000163006433
0.8081632653061225,1.0122448979591836,0.000592083891,-0.00016332409
0.8081632653061225,1.0040816326530613,0.000591889831,-0.000163677393
0.8081632653061225,0.9959183673469387,0.000591015165,-0.000163344289
0.8081632653061225,0.9877551020408163,0.000591230886,-0.000162415658
0.8081632653061225,0.9795918367346939,0.000591379427,-0.000162503775
0.8081632653061225,0.9714285714285714,0.000591278898,-0.00016298389
0.8081632653061225,0.963265306122449,0.000591288768,-0.000163397147
0.8081632653061225,0.9551020408163265,0.000592079579,-0.000163352446
0.8081632653061225,0.9469387755102041,0.000592122513,-0.000163617439
0.8081632653061225,0.9387755102040816,0.000592487347,-0.000164156642
0.8081632653061225,0.9306122448979592,0.000591652837,-0.000164654804
0.8081632653061225,0.9224489795918367,0.000590634615,-0.000162390514
0.8081632653061225,0.9142857142857143,0.000590533033,-0.000163477749
0.8081632653061225,0.9061224489795918,0.000590330156,-0.000163471937
0.8081632653061225,0.8979591836734694,0.00059031626,-0.00016303739
0.8081632653061225,0.889795918367347,0.000590815547,-0.000163877904
0.8081632653061225,0.8816326530612244,0.000590675056,-0.000163810853
0.8081632653061225,0.8734693877551021,0.00059121747,-0.000164370255
0.8081632653061225,0.8653061224489795,0.000590276585,-0.000164486309
0.8081632653061225,0.8571428571428572,0.000592278431,-0.000163270784
0.8081632653061225,0.8489795918367347,0.000592336027,-0.000163043844
0.8081632653061225,0.8408163265306122,0.000591185173,-0.00016349387
0.8081632653061225,0.8326530612244898,0.000591051008,-0.000164033714
0.8081632653061225,0.8244897959183674,0.000590683874,-0.000163335908
0.8081632653061225,0.8163265306122449,0.000590307156,-0.000162469382
0.8081632653061225,0.8081632653061225,0.000591934583,-0.00016425314
0.8081632653061225,0.8,0.000591737744,-0.000163645377
0.8,1.2,0.000591883506,-0.000161103858
0.8,1.1918367346938774,0.000591100266,-0.000161909338
0.8,1.183673469387755,0.000591106591,-0.000161230864
0.8,1.1755102040816325,0.00058989105,-0.000161844857
0.8,1.1673469387755102,0.000590708406,-0.000161131796
0.8,1.1591836734693877,0.000590734665,-0.000162134127
0.8,1.1510204081632653,0.000590353921,-0.000162692468
0.8,1.1428571428571428,0.000591724614,-0.000162258563
0.8,1.1346938775510205,0.000591361026,-0.000162057185
0.8,1.126530612244898,0.000591749147,-0.00016174428
0.8,1.1183673469387754,0.000592484568,-0.000161588694
0.8,1.110204081632653,0.00059273977,-0.000162288428
0.8,1.1020408163265305,0.000592145799,-0.000161492196
0.8,1.0938775510204082,0.00059250153,-0.000162225037
0.8,1.0857142857142856,0.000591968127,-0.000162425966
0.8,1.0775510204081633,0.000592703641,-0.000161950379
0.8,1.0693877551020408,0.00059358693,-0.000162297676
0.8,1.0612244897959184,0.000592215757,-0.000163386196
0.8,1.0530612244897959,0.000593378974,-0.000161133723
0.8,1.0448979591836736,0.000592562671,-0.000162373975
0.8,1.036734693877551,0.000592293093,-0.000161327138
0.8,1.0285714285714285,0.000592766795,-0.000161178649
0.8,1.0204081632653061,0.000593082852,-0.000162364727
0.8,1.0122448979591836,0.000593448739,-0.000163093266
0.8,1.0040816326530613,0.000593214238,-0.000161955324
0.8,0.9959183673469387,0.000593551281,-0.00016281411
0.8,0.9877551020408163,0.000592335261,-0.0001617157
0.8,0.9795918367346939,0.000592962102,-0.00016336147
0.8,0.9714285714285714,0.000592858507,-0.000162617678
0.8,0.963265306122449,0.000593229953,-0.00016325553
0.8,0.9551020408163265,0.000593101826,-0.000162774773
0.8,0.9469387755102041,0.00059270642,-0.000163754977
0.8,0.9387755102040816,0.000593206953,-0.000163536419
0.8,0.9306122448979592,0.000592181641,-0.000163263269
0.8,0.9224489795918367,0.000593802937,-0.000164183713
0.8,0.9142857142857143,0.000593212512,-0.000163344065
0.8,0.9061224489795918,0.000593504322,-0.000164056065
0.8,0.8979591836734694,0.000592639721,-0.00016428172
0.8,0.889795918367347,0.000593651617,-0.000163938501
0.8,0.8816326530612244,0.000592050541,-0.00016542374
0.8,0.8734693877551021,0.000594148318,-0.000164520702
0.8,0.8653061224489795,0.000593230433,-0.00016369695
0.8,0.8571428571428572,0.000593331249,-0.000164039302
0.8,0.8489795918367347,0.000592199082,-0.000164450632
0.8,0.8408163265306122,0.000593082852,-0.000164104202
0.8,0.8326530612244898,0.00059265189,-0.000164330724
0.8,0.8244897959183674,0.00059302123,-0.000164192961
0.8,0.8163265306122449,0.000592331715,-0.000164373048
0.8,0.8081632653061225,0.000593076813,-0.000164237019
0.8,0.8,0.000593134695,-0.000164457311
