spi_rack.module1.dac8.voltage,spi_rack.module1.dac7.voltage,agilent_left.volt,agilent_right.volt
1.2,1.2,0.000596002583,-0.000164549058
1.2,1.1918367346938774,0.000596011207,-0.000165132767
1.2,1.183673469387755,0.000596738097,-0.000165718598
1.2,1.1755102040816325,0.000596431625,-0.000165245162
1.2,1.1673469387755102,0.000595451545,-0.000164302786
1.2,1.1591836734693877,0.000595937896,-0.000165763523
1.2,1.1510204081632653,0.000595859314,-0.00016646133
1.2,1.1428571428571428,0.000595656436,-0.000166031727
1.2,1.1346938775510205,0.000595601906,-0.000166615631
1.2,1.126530612244898,0.000595613216,-0.00016522066
1.2,1.1183673469387754,0.000596356301,-0.000164438815
1.2,1.110204081632653,0.000596690565,-0.000164894428
1.2,1.1020408163265305,0.000596449066,-0.000164447421
1.2,1.0938775510204082,0.000595701189,-0.000164088948
1.2,1.0857142857142856,0.000595168838,-0.000164086154
1.2,1.0775510204081633,0.000597029141,-0.000165204315
1.2,1.0693877551020408,0.000596475804,-0.000165002101
1.2,1.0612244897959184,0.000597714345,-0.000164404647
1.2,1.0530612244897959,0.000596933118,-0.000163545218
1.2,1.0448979591836736,0.000598575974,-0.000164307506
1.2,1.036734693877551,0.000598021584,-0.000163862426
1.2,1.0285714285714285,0.000598562751,-0.000163861784
1.2,1.0204081632653061,0.000597918755,-0.000164149545
1.2,1.0122448979591836,0.000597752773,-0.000164893561
1.2,1.0040816326530613,0.000598059245,-0.000164884538
1.2,0.9959183673469387,0.000597971559,-0.000164911191
1.2,0.9877551020408163,0.000597321432,-0.000165377979
1.2,0.9795918367346939,0.000597875535,-0.000164782676
1.2,0.9714285714285714,0.000596649931,-0.000165015846
1.2,0.963265306122449,0.000596407859,-0.000166179156
1.2,0.9551020408163265,0.000595756005,-0.000165031966
1.2,0.9469387755102041,0.000596106658,-0.000165352611
1.2,0.9387755102040816,0.000596007855,-0.000165439443
1.2,0.9306122448979592,0.000596644853,-0.000165414299
1.2,0.9224489795918367,0.000595594814,-0.000165578266
1.2,0.9142857142857143,0.000596163773,-0.000165934811
1.2,0.9061224489795918,0.000596436896,-0.000165652413
1.2,0.8979591836734694,0.000596834601,-0.000165388288
1.2,0.889795918367347,0.000596428079,-0.000165467799
1.2,0.8816326530612244,0.000596815147,-0.00016627543
1.2,0.8734693877551021,0.000596481649,-0.000164673269
1.2,0.8653061224489795,0.000596355055,-0.000165822611
1.2,0.8571428571428572,0.000597114815,-0.000165316291
1.2,0.8489795918367347,0.000597435183,-0.000165708289
1.2,0.8408163265306122,0.000596580932,-0.000165711726
1.2,0.8326530612244898,0.000597371263,-0.000165993899
1.2,0.8244897959183674,0.000596799718,-0.000164812123
1.2,0.8163265306122449,0.000597173944,-0.000165611791
1.2,0.8081632653061225,0.000596675423,-0.000165786934
1.2,0.8,0.000596655969,-0.000165529262
1.1918367346938774,1.2,0.0005970117,-0.000165641238
1.1918367346938774,1.1918367346938774,0.000598584025,-0.000164684669
1.1918367346938774,1.183673469387755,0.000597027895,-0.00016424174
1.1918367346938774,1.1755102040816325,0.00059666354,-0.000165131483
1.1918367346938774,1.1673469387755102,0.000597581712,-0.000165036912
1.1918367346938774,1.1591836734693877,0.000598410665,-0.00016490387
1.1918367346938774,1.1510204081632653,0.000598193125,-0.000164169968
1.1918367346938774,1.1428571428571428,0.000597668632,-0.000165797049
1.1918367346938774,1.1346938775510205,0.000597210552,-0.000165403541
1.1918367346938774,1.126530612244898,0.0005976441,-0.000164697771
1.1918367346938774,1.1183673469387754,0.000598202708,-0.000165583853
1.1918367346938774,1.110204081632653,0.00059782733,-0.000166749957
1.1918367346938774,1.1020408163265305,0.000596455104,-0.000164949662
1.1918367346938774,1.0938775510204082,0.000596213798,-0.000165085049
1.1918367346938774,1.0857142857142856,0.000595991753,-0.000165234629
1.1918367346938774,1.0775510204081633,0.000596759564,-0.000164423561
1.1918367346938774,1.0693877551020408,0.000597191865,-0.000165177244
1.1918367346938774,1.0612244897959184,0.000595432857,-0.000164049193
1.1918367346938774,1.0530612244897959,0.000595789641,-0.000165127373
1.1918367346938774,1.0448979591836736,0.000595085944,-0.000165702702
1.1918367346938774,1.036734693877551,0.000594560685,-0.000165631348
1.1918367346938774,1.0285714285714285,0.000595287095,-0.000165381191
1.1918367346938774,1.0204081632653061,0.000597507441,-0.000165648111
1.1918367346938774,1.0122448979591836,0.000596680981,-0.000164990059
1.1918367346938774,1.0040816326530613,0.000597254252,-0.000165230968
1.1918367346938774,0.9959183673469387,0.000596777005,-0.000163963645
1.1918367346938774,0.9877551020408163,0.000596628178,-0.000164761611
1.1918367346938774,0.9795918367346939,0.000596395496,-0.0001653178
1.1918367346938774,0.9714285714285714,0.000595428546,-0.000164274848
1.1918367346938774,0.963265306122449,0.000596628944,-0.000166253946
1.1918367346938774,0.9551020408163265,0.000597050608,-0.000164958043
1.1918367346938774,0.9469387755102041,0.000597440262,-0.000165943611
1.1918367346938774,0.9387755102040816,0.000596854055,-0.000165396445
1.1918367346938774,0.9306122448979592,0.000597384392,-0.000164818353
1.1918367346938774,0.9224489795918367,0.000596778732,-0.000165147154
1.1918367346938774,0.9142857142857143,0.000596376808,-0.000165893547
1.1918367346938774,0.9061224489795918,0.000596602685,-0.000164777507
1.1918367346938774,0.8979591836734694,0.000595330029,-0.000165500039
1.1918367346938774,0.889795918367347,0.000595313354,-0.000164459881
1.1918367346938774,0.8816326530612244,0.000596607191,-0.000164765047
1.1918367346938774,0.8734693877551021,0.000596951325,-0.000164443536
1.1918367346938774,0.8653061224489795,0.000596379301,-0.000165338642
1.1918367346938774,0.8571428571428572,0.000596026062,-0.000165093012
1.1918367346938774,0.8489795918367347,0.000595966934,-0.000164817262
1.1918367346938774,0.8408163265306122,0.000595630463,-0.000164903676
1.1918367346938774,0.8326530612244898,0.000595521024,-0.000165534207
1.1918367346938774,0.8244897959183674,0.000595127151,-0.000164636532
1.1918367346938774,0.8163265306122449,0.000595215318,-0.000165828423
1.1918367346938774,0.8081632653061225,0.000595069269,-0.000164673494
1.1918367346938774,0.8,0.000594362599,-0.000164783319
1.183673469387755,1.2,0.000594198629,-0.000165211412
1.183673469387755,1.1918367346938774,0.000595535206,-0.000165835519
1.183673469387755,1.183673469387755,0.000595058919,-0.000166627448
1.183673469387755,1.1755102040816325,0.000594911624,-0.000165766092
1.183673469387755,1.1673469387755102,0.00059491287,-0.000166102857
1.183673469387755,1.1591836734693877,0.00059442422,-0.00016567197
1.183673469387755,1.1510204081632653,0.000595947286,-0.000165937799
1.183673469387755,1.1428571428571428,0.000595928312,-0.000165840882
1.183673469387755,1.1346938775510205,0.000595126385,-0.000165794255
1.183673469387755,1.126530612244898,0.000595809769,-0.000164674361
1.183673469387755,1.1183673469387754,0.000595209759,-0.000164913118
1.183673469387755,1.110204081632653,0.000594752446,-0.000166144988
1.183673469387755,1.1020408163265305,0.000594526282,-0.000166346142
1.183673469387755,1.0938775510204082,0.000594405533,-0.000166421799
1.183673469387755,1.0857142857142856,0.000595772394,-0.000166756187
1.183673469387755,1.0775510204081633,0.000595026049,-0.000165571393
1.183673469387755,1.0693877551020408,0.000595141527,-0.000164742696
1.183673469387755,1.0612244897959184,0.000596652137,-0.000165276536
1.183673469387755,1.0530612244897959,0.000595770667,-0.000165378622
1.183673469387755,1.0448979591836736,0.000595010427,-0.000166065895
1.183673469387755,1.036734693877551,0.000594973245,-0.000165939532
1.183673469387755,1.0285714285714285,0.000593956557,-0.000165247731
1.183673469387755,1.0204081632653061,0.000595127151,-0.00016619441
1.183673469387755,1.0122448979591836,0.000594917949,-0.000165516802
1.183673469387755,1.0040816326530613,0.000595765589,-0.000166413835
1.183673469387755,0.9959183673469387,0.000595318146,-0.000165684654
1.183673469387755,0.9877551020408163,0.00059646852,-0.000166088888
1.183673469387755,0.9795918367346939,0.000595697643,-0.000164898507
1.183673469387755,0.9714285714285714,0.000595810055,-0.000165771904
1.183673469387755,0.963265306122449,0.000596281264,-0.00016505862
1.183673469387755,0.9551020408163265,0.000595357534,-0.000165373034
1.183673469387755,0.9469387755102041,0.000594108644,-0.000165878711
1.183673469387755,0.9387755102040816,0.00059508719,-0.000166450379
1.183673469387755,0.9306122448979592,0.000594659968,-0.000165384627
1.183673469387755,0.9224489795918367,0.000594952831,-0.000165181322
1.183673469387755,0.9142857142857143,0.00059504349,-0.000165737288
1.183673469387755,0.9061224489795918,0.000595740097,-0.000166855255
1.183673469387755,0.8979591836734694,0.000595410624,-0.000165629421
1.183673469387755,0.889795918367347,0.000596175656,-0.000165089351
1.183673469387755,0.8816326530612244,0.000595398261,-0.000164771277
1.183673469387755,0.8734693877551021,0.000593839833,-0.00016452478
1.183673469387755,0.8653061224489795,0.00059495839,-0.000165171014
1.183673469387755,0.8571428571428572,0.000594983115,-0.000166396012
1.183673469387755,0.8489795918367347,0.000594643293,-0.000165068286
1.183673469387755,0.8408163265306122,0.000595963195,-0.000165061831
1.183673469387755,0.8326530612244898,0.000595742109,-0.000164166532
1.183673469387755,0.8244897959183674,0.00059565241,-0.000165195291
1.183673469387755,0.8163265306122449,0.000594518711,-0.00016489141
1.183673469387755,0.8081632653061225,0.000594400261,-0.000164475359
1.183673469387755,0.8,0.000594499544,-0.000165365713
1.1755102040816325,1.2,0.000596684047,-0.000165632857
1.1755102040816325,1.1918367346938774,0.000597457897,-0.000165144361
1.1755102040816325,1.183673469387755,0.000596671878,-0.000165157912
1.1755102040816325,1.1755102040816325,0.000596578153,-0.000165333278
1.1755102040816325,1.1673469387755102,0.00059664284,-0.000165146512
1.1755102040816325,1.1591836734693877,0.000597552868,-0.000166000996
1.1755102040816325,1.1510204081632653,0.00059692382,-0.000165051299
1.1755102040816325,1.1428571428571428,0.000596280018,-0.000165102454
1.1755102040816325,1.1346938775510205,0.000598027908,-0.000165321236
1.1755102040816325,1.126530612244898,0.000597281084,-0.000164751944
1.1755102040816325,1.1183673469387754,0.000596972026,-0.000164346395
1.1755102040816325,1.110204081632653,0.000597632503,-0.000163683205
1.1755102040816325,1.1020408163265305,0.000597643333,-0.000163809986
1.1755102040816325,1.0938775510204082,0.000596636515,-0.000164359079
1.1755102040816325,1.0857142857142856,0.000596572115,-0.000164472565
1.1755102040816325,1.0775510204081633,0.000597191098,-0.000165887092
1.1755102040816325,1.0693877551020408,0.000597763889,-0.000165177468
1.1755102040816325,1.0612244897959184,0.000596752759,-0.000164926444
1.1755102040816325,1.0530612244897959,0.000597091815,-0.000165258264
1.1755102040816325,1.0448979591836736,0.000596769434,-0.000164953098
1.1755102040816325,1.036734693877551,0.000596639294,-0.000164773428
1.1755102040816325,1.0285714285714285,0.000596387638,-0.000165105696
1.1755102040816325,1.0204081632653061,0.000595926013,-0.000164607085
1.1755102040816325,1.0122448979591836,0.00059591365,-0.000165494452
1.1755102040816325,1.0040816326530613,0.000596468233,-0.00016461203
1.1755102040816325,0.9959183673469387,0.000597332835,-0.000164695844
1.1755102040816325,0.9877551020408163,0.000596361573,-0.000163402092
1.1755102040816325,0.9795918367346939,0.000597459716,-0.000164327063
1.1755102040816325,0.9714285714285714,0.000597866718,-0.000164576353
1.1755102040816325,0.963265306122449,0.00059690408,-0.000164627508
1.1755102040816325,0.9551020408163265,0.000596984675,-0.000164745715
1.1755102040816325,0.9469387755102041,0.000596188306,-0.000165635008
1.1755102040816325,0.9387755102040816,0.000596807576,-0.000165466514
1.1755102040816325,0.9306122448979592,0.000595983129,-0.000166154012
1.1755102040816325,0.9224489795918367,0.000595175357,-0.000164161362
1.1755102040816325,0.9142857142857143,0.000595462375,-0.000163578101
1.1755102040816325,0.9061224489795918,0.000596180448,-0.000166646587
1.1755102040816325,0.8979591836734694,0.00059601044,-0.000165089351
1.1755102040816325,0.889795918367347,0.000595323704,-0.000165943835
1.1755102040816325,0.8816326530612244,0.000595180721,-0.000165345514
1.1755102040816325,0.8734693877551021,0.000595176409,-0.000165647244
1.1755102040816325,0.8653061224489795,0.000594693604,-0.000165380773
1.1755102040816325,0.8571428571428572,0.000595185227,-0.000166222123
1.1755102040816325,0.8489795918367347,0.000595047802,-0.00016577168
1.1755102040816325,0.8408163265306122,0.000594410324,-0.000165532923
1.1755102040816325,0.8326530612244898,0.000594407545,-0.000165521105
1.1755102040816325,0.8244897959183674,0.000593886792,-0.000166351087
1.1755102040816325,0.8163265306122449,0.000594131163,-0.000165161766
1.1755102040816325,0.8081632653061225,0.000594616748,-0.000164308373
1.1755102040816325,0.8,0.000594224408,-0.000165440727
1.1673469387755102,1.2,0.00059610014,-0.000165565806
1.1673469387755102,1.1918367346938774,0.000595203915,-0.000165024452
1.1673469387755102,1.183673469387755,0.000596025582,-0.000165913521
1.1673469387755102,1.1755102040816325,0.000594573334,-0.000164419901
1.1673469387755102,1.1673469387755102,0.000595318146,-0.000163685775
1.1673469387755102,1.1591836734693877,0.000595092749,-0.000163184818
1.1673469387755102,1.1510204081632653,0.000595582932,-0.000165249658
1.1673469387755102,1.1428571428571428,0.000596021557,-0.000164395623
1.1673469387755102,1.1346938775510205,0.000594505582,-0.000164302143
1.1673469387755102,1.126530612244898,0.000593873949,-0.00016510332
1.1673469387755102,1.1183673469387754,0.000594452298,-0.000164469547
1.1673469387755102,1.110204081632653,0.000594837833,-0.000163798169
1.1673469387755102,1.1020408163265305,0.00059434765,-0.000164215954
1.1673469387755102,1.0938775510204082,0.000594557139,-0.000164471056
1.1673469387755102,1.0857142857142856,0.000594416169,-0.000165172074
1.1673469387755102,1.0775510204081633,0.000595322172,-0.000164304488
1.1673469387755102,1.0693877551020408,0.00059500161,-0.000164992853
1.1673469387755102,1.0612244897959184,0.000595717577,-0.000165235271
1.1673469387755102,1.0530612244897959,0.000595914897,-0.000164240455
1.1673469387755102,1.0448979591836736,0.00059618524,-0.000164492121
1.1673469387755102,1.036734693877551,0.000594650864,-0.000165006822
1.1673469387755102,1.0285714285714285,0.000594484595,-0.00016452112
1.1673469387755102,1.0204081632653061,0.000595628644,-0.000163861784
1.1673469387755102,1.0122448979591836,0.000594439649,-0.000164025751
1.1673469387755102,1.0040816326530613,0.000594042997,-0.000164437306
1.1673469387755102,0.9959183673469387,0.000594143046,-0.000166033879
1.1673469387755102,0.9877551020408163,0.000595047802,-0.000165294808
1.1673469387755102,0.9795918367346939,0.00059478129,-0.000163938083
1.1673469387755102,0.9714285714285714,0.000595612736,-0.000163806775
1.1673469387755102,0.963265306122449,0.000596182748,-0.000163988371
1.1673469387755102,0.9551020408163265,0.00059601322,-0.000165609864
1.1673469387755102,0.9469387755102041,0.000595921221,-0.00016467587
1.1673469387755102,0.9387755102040816,0.000596263343,-0.00016487272
1.1673469387755102,0.9306122448979592,0.000596026155,-0.000165248598
1.1673469387755102,0.9224489795918367,0.000596397508,-0.000164157284
1.1673469387755102,0.9142857142857143,0.000595921508,-0.000164254006
1.1673469387755102,0.9061224489795918,0.000595337886,-0.000164285156
1.1673469387755102,0.8979591836734694,0.000595731473,-0.000165180904
1.1673469387755102,0.889795918367347,0.000595408612,-0.000165203255
1.1673469387755102,0.8816326530612244,0.00059580651,-0.000164452559
1.1673469387755102,0.8734693877551021,0.000595051061,-0.000164540676
1.1673469387755102,0.8653061224489795,0.000594794133,-0.000163861141
1.1673469387755102,0.8571428571428572,0.000594908845,-0.000163879831
1.1673469387755102,0.8489795918367347,0.000594440895,-0.000163857063
1.1673469387755102,0.8408163265306122,0.000595072048,-0.00016437886
1.1673469387755102,0.8326530612244898,0.000594675876,-0.000163717373
1.1673469387755102,0.8244897959183674,0.000595051828,-0.00016396236
1.1673469387755102,0.8163265306122449,0.000595061984,-0.00016409582
1.1673469387755102,0.8081632653061225,0.000594053347,-0.000163808926
1.1673469387755102,0.8,0.000594711525,-0.000164166532
1.1591836734693877,1.2,0.000596951805,-0.000164109147
1.1591836734693877,1.1918367346938774,0.000596484908,-0.000165768886
1.1591836734693877,1.183673469387755,0.00059657662,-0.000165537643
1.1591836734693877,1.1755102040816325,0.000597569063,-0.000164577862
1.1591836734693877,1.1673469387755102,0.000597398768,-0.000165657359
1.1591836734693877,1.1591836734693877,0.00059679368,-0.00016429784
1.1591836734693877,1.1510204081632653,0.000596481363,-0.000166103499
1.1591836734693877,1.1428571428571428,0.000595573061,-0.000165353253
1.1591836734693877,1.1346938775510205,0.000596268421,-0.000164555288
1.1591836734693877,1.126530612244898,0.000595856821,-0.000164736466
1.1591836734693877,1.1183673469387754,0.00059653292,-0.000164472983
1.1591836734693877,1.110204081632653,0.000597135515,-0.000164749793
1.1591836734693877,1.1020408163265305,0.000595641294,-0.000164250121
1.1591836734693877,1.0938775510204082,0.000596061711,-0.00016434039
1.1591836734693877,1.0857142857142856,0.000595334821,-0.000164190391
1.1591836734693877,1.0775510204081633,0.00059657662,-0.00016387511
1.1591836734693877,1.0693877551020408,0.000595433337,-0.000164083136
1.1591836734693877,1.0612244897959184,0.000594561451,-0.000164157926
1.1591836734693877,1.0530612244897959,0.000596650411,-0.000163898746
1.1591836734693877,1.0448979591836736,0.000596320172,-0.000164941698
1.1591836734693877,1.036734693877551,0.000596473312,-0.000164077131
1.1591836734693877,1.0285714285714285,0.000596045037,-0.000164203269
1.1591836734693877,1.0204081632653061,0.000595316613,-0.000163425309
1.1591836734693877,1.0122448979591836,0.000595642826,-0.000163533625
1.1591836734693877,1.0040816326530613,0.000595420975,-0.00016430041
1.1591836734693877,0.9959183673469387,0.000596100906,-0.00016353491
1.1591836734693877,0.9877551020408163,0.000595125618,-0.000164942789
1.1591836734693877,0.9795918367346939,0.000594559919,-0.000164829304
1.1591836734693877,0.9714285714285714,0.00059522998,-0.000165442012
1.1591836734693877,0.963265306122449,0.000595024323,-0.000163801829
1.1591836734693877,0.9551020408163265,0.000594325417,-0.000163697592
1.1591836734693877,0.9469387755102041,0.00059452101,-0.000164454069
1.1591836734693877,0.9387755102040816,0.000594050568,-0.000164625999
1.1591836734693877,0.9306122448979592,0.000593763263,-0.000164185864
1.1591836734693877,0.9224489795918367,0.000594008114,-0.00016518068
1.1591836734693877,0.9142857142857143,0.000595199889,-0.000164463541
1.1591836734693877,0.9061224489795918,0.000596165786,-0.000165107399
1.1591836734693877,0.8979591836734694,0.000595254706,-0.000164429149
1.1591836734693877,0.889795918367347,0.000596185527,-0.000165451903
1.1591836734693877,0.8816326530612244,0.000595177656,-0.000166245983
1.1591836734693877,0.8734693877551021,0.000596157735,-0.000165492943
1.1591836734693877,0.8653061224489795,0.000596147865,-0.000165666382
1.1591836734693877,0.8571428571428572,0.000595446753,-0.000166156581
1.1591836734693877,0.8489795918367347,0.000595275979,-0.000166191841
1.1591836734693877,0.8408163265306122,0.000595243875,-0.000166257383
1.1591836734693877,0.8326530612244898,0.000594833521,-0.000166446718
1.1591836734693877,0.8244897959183674,0.000595867171,-0.000164804802
1.1591836734693877,0.8163265306122449,0.000595085178,-0.000164529725
1.1591836734693877,0.8081632653061225,0.000595349483,-0.00016548241
1.1591836734693877,0.8,0.000594177642,-0.000166172284
1.1510204081632653,1.2,0.000595499271,-0.000165013694
1.1510204081632653,1.1918367346938774,0.00059441387,-0.000163726397
1.1510204081632653,1.183673469387755,0.00059363063,-0.000163363621
1.1510204081632653,1.1755102040816325,0.000593698383,-0.000163875977
1.1510204081632653,1.1673469387755102,0.000594374962,-0.000164530143
1.1510204081632653,1.1591836734693877,0.000593931065,-0.000163682339
1.1510204081632653,1.1510204081632653,0.000593275666,-0.000164002758
1.1510204081632653,1.1428571428571428,0.000594213291,-0.000163620008
1.1510204081632653,1.1346938775510205,0.000593999297,-0.000162801651
1.1510204081632653,1.126530612244898,0.000594444727,-0.000164364892
1.1510204081632653,1.1183673469387754,0.000593729913,-0.00016265313
1.1510204081632653,1.110204081632653,0.000592932778,-0.000164479662
1.1510204081632653,1.1020408163265305,0.000594129631,-0.000164373273
1.1510204081632653,1.0938775510204082,0.00059398866,-0.000164687687
1.1510204081632653,1.0857142857142856,0.000594305197,-0.000164535955
1.1510204081632653,1.0775510204081633,0.000595057386,-0.000163562848
1.1510204081632653,1.0693877551020408,0.000594274146,-0.000163148499
1.1510204081632653,1.0612244897959184,0.000594515739,-0.000164129988
1.1510204081632653,1.0530612244897959,0.000594833808,-0.000164006001
1.1510204081632653,1.0448979591836736,0.000595097827,-0.000164282362
1.1510204081632653,1.036734693877551,0.000594747654,-0.000163232537
1.1510204081632653,1.0285714285714285,0.000595328016,-0.000164096238
1.1510204081632653,1.0204081632653061,0.00059574968,-0.000163333114
1.1510204081632653,1.0122448979591836,0.000595838133,-0.000163210829
1.1510204081632653,1.0040816326530613,0.000594905299,-0.00016372553
1.1510204081632653,0.9959183673469387,0.000595803731,-0.000164311585
1.1510204081632653,0.9877551020408163,0.000596461142,-0.000164072828
1.1510204081632653,0.9795918367346939,0.000596375755,-0.000164462674
1.1510204081632653,0.9714285714285714,0.000595657202,-0.000164538525
1.1510204081632653,0.963265306122449,0.000595809095,-0.000164945359
1.1510204081632653,0.9551020408163265,0.000594008881,-0.000165019282
1.1510204081632653,0.9469387755102041,0.000594580905,-0.000165789952
1.1510204081632653,0.9387755102040816,0.00059363015,-0.000165982724
1.1510204081632653,0.9306122448979592,0.000595582165,-0.00016476784
1.1510204081632653,0.9224489795918367,0.000595008128,-0.000165191855
1.1510204081632653,0.9142857142857143,0.000594659201,-0.000165523032
1.1510204081632653,0.9061224489795918,0.000595049815,-0.00016579297
1.1510204081632653,0.8979591836734694,0.000595035919,-0.00016625051
1.1510204081632653,0.889795918367347,0.000596419262,-0.00016457722
1.1510204081632653,0.8816326530612244,0.000596141827,-0.000165604919
1.1510204081632653,0.8734693877551021,0.000596792147,-0.000164915269
1.1510204081632653,0.8653061224489795,0.000595894963,-0.000164809329
1.1510204081632653,0.8571428571428572,0.000596830289,-0.000165532923
1.1510204081632653,0.8489795918367347,0.000595229213,-0.000165239574
1.1510204081632653,0.8408163265306122,0.000596752759,-0.000165289862
1.1510204081632653,0.8326530612244898,0.000596071582,-0.000165372167
1.1510204081632653,0.8244897959183674,0.000595599606,-0.000165217224
1.1510204081632653,0.8163265306122449,0.000596471779,-0.000165226247
1.1510204081632653,0.8081632653061225,0.000596252226,-0.000166489043
1.1510204081632653,0.8,0.000596433351,-0.000163924114
1.1428571428571428,1.2,0.000596022323,-0.000163919169
1.1428571428571428,1.1918367346938774,0.000596055387,-0.000166376231
1.1428571428571428,1.183673469387755,0.000595203721,-0.000164969861
1.1428571428571428,1.1755102040816325,0.000596732253,-0.000164684027
1.1428571428571428,1.1673469387755102,0.000595740863,-0.000164526065
1.1428571428571428,1.1591836734693877,0.00059553214,-0.000164018879
1.1428571428571428,1.1510204081632653,0.000595630657,-0.000164361231
1.1428571428571428,1.1428571428571428,0.000594472519,-0.000164779882
1.1428571428571428,1.1346938775510205,0.000594493699,-0.000165541304
1.1428571428571428,1.126530612244898,0.000594839653,-0.000164261521
1.1428571428571428,1.1183673469387754,0.000594950532,-0.000164299767
1.1428571428571428,1.110204081632653,0.000596565504,-0.000164138594
1.1428571428571428,1.1020408163265305,0.000595251926,-0.000165619948
1.1428571428571428,1.0938775510204082,0.000595757251,-0.000166120904
1.1428571428571428,1.0857142857142856,0.000596698136,-0.000164894204
1.1428571428571428,1.0775510204081633,0.000595845704,-0.000164545621
1.1428571428571428,1.0693877551020408,0.00059675046,-0.000166292193
1.1428571428571428,1.0612244897959184,0.000596355055,-0.000166272636
1.1428571428571428,1.0530612244897959,0.000595711539,-0.000165708932
1.1428571428571428,1.0448979591836736,0.000596240343,-0.000165960373
1.1428571428571428,1.036734693877551,0.000596843705,-0.000165858512
1.1428571428571428,1.0285714285714285,0.000597574141,-0.000165687448
1.1428571428571428,1.0204081632653061,0.000597330056,-0.000166028067
1.1428571428571428,1.0122448979591836,0.000598750007,-0.000165813169
1.1428571428571428,1.0040816326530613,0.000598713878,-0.000166167757
1.1428571428571428,0.9959183673469387,0.000598934677,-0.000164927954
1.1428571428571428,0.9877551020408163,0.000598552974,-0.000166823881
1.1428571428571428,0.9795918367346939,0.000599107557,-0.000165004671
1.1428571428571428,0.9714285714285714,0.000597395029,-0.000165988536
1.1428571428571428,0.963265306122449,0.00059860827,-0.000165259997
1.1428571428571428,0.9551020408163265,0.000598881873,-0.000165913103
1.1428571428571428,0.9469387755102041,0.00059815297,-0.000164651368
1.1428571428571428,0.9387755102040816,0.000597724981,-0.000166096627
1.1428571428571428,0.9306122448979592,0.000596732539,-0.000165194649
1.1428571428571428,0.9224489795918367,0.000597982676,-0.000165200236
1.1428571428571428,0.9142857142857143,0.000597496325,-0.000165312855
1.1428571428571428,0.9061224489795918,0.000597680995,-0.000166460463
1.1428571428571428,0.8979591836734694,0.000597301784,-0.000165873766
1.1428571428571428,0.889795918367347,0.000598116075,-0.000165881729
1.1428571428571428,0.8816326530612244,0.000596916729,-0.000165314782
1.1428571428571428,0.8734693877551021,0.000597231539,-0.000165409129
1.1428571428571428,0.8653061224489795,0.000596568283,-0.000165998844
1.1428571428571428,0.8571428571428572,0.000597074088,-0.000165699266
1.1428571428571428,0.8489795918367347,0.000595735018,-0.000166339687
1.1428571428571428,0.8408163265306122,0.000596912131,-0.000166394279
1.1428571428571428,0.8326530612244898,0.000596152177,-0.00016666441
1.1428571428571428,0.8244897959183674,0.000595654709,-0.000165801351
1.1428571428571428,0.8163265306122449,0.000596091516,-0.0001666743
1.1428571428571428,0.8081632653061225,0.00059609784,-0.000166407381
1.1428571428571428,0.8,0.000596407572,-0.00016618195
1.1346938775510205,1.2,0.000594524076,-0.000166103724
1.1346938775510205,1.1918367346938774,0.000595455571,-0.000166271127
1.1346938775510205,1.183673469387755,0.000594318133,-0.000166158957
1.1346938775510205,1.1755102040816325,0.000595921988,-0.00016569583
1.1346938775510205,1.1673469387755102,0.000595408325,-0.000165119216
1.1346938775510205,1.1591836734693877,0.000595377754,-0.000167107981
1.1346938775510205,1.1510204081632653,0.00059553166,-0.000166843437
1.1346938775510205,1.1428571428571428,0.00059443457,-0.000165981021
1.1346938775510205,1.1346938775510205,0.000594702421,-0.00016600228
1.1346938775510205,1.126530612244898,0.000595124852,-0.000166265122
1.1346938775510205,1.1183673469387754,0.0005946845,-0.000165553346
1.1346938775510205,1.110204081632653,0.000594316886,-0.000164681457
1.1346938775510205,1.1020408163265305,0.000594291587,-0.000163220913
1.1346938775510205,1.0938775510204082,0.000595170085,-0.000165278463
1.1346938775510205,1.0857142857142856,0.00059595687,-0.000165837446
1.1346938775510205,1.0775510204081633,0.000594833808,-0.000164716492
1.1346938775510205,1.0693877551020408,0.000594840612,-0.000166393636
1.1346938775510205,1.0612244897959184,0.00059445757,-0.000166315185
1.1346938775510205,1.0530612244897959,0.000594649618,-0.000165729131
1.1346938775510205,1.0448979591836736,0.000595086997,-0.000165671103
1.1346938775510205,1.036734693877551,0.000595720643,-0.000165997335
1.1346938775510205,1.0285714285714285,0.000594586944,-0.000165188419
1.1346938775510205,1.0204081632653061,0.000594808509,-0.00016523678
1.1346938775510205,1.0122448979591836,0.000594972285,-0.000164222183
1.1346938775510205,1.0040816326530613,0.000594965961,-0.000165654983
1.1346938775510205,0.9959183673469387,0.000594486414,-0.000165013694
1.1346938775510205,0.9877551020408163,0.000594919675,-0.000165643165
1.1346938775510205,0.9795918367346939,0.000595213018,-0.000165739021
1.1346938775510205,0.9714285714285714,0.000593902987,-0.000164707019
1.1346938775510205,0.963265306122449,0.000594993179,-0.000166114899
1.1346938775510205,0.9551020408163265,0.000595017518,-0.000166352789
1.1346938775510205,0.9469387755102041,0.000595812354,-0.000164739485
1.1346938775510205,0.9387755102040816,0.000594987141,-0.000165419886
1.1346938775510205,0.9306122448979592,0.000593966907,-0.000165864966
1.1346938775510205,0.9224489795918367,0.000594476258,-0.000165645959
1.1346938775510205,0.9142857142857143,0.000595292367,-0.000165754499
1.1346938775510205,0.9061224489795918,0.000595090736,-0.000164326421
1.1346938775510205,0.8979591836734694,0.000594866105,-0.000164392605
1.1346938775510205,0.889795918367347,0.000593873182,-0.000164550567
1.1346938775510205,0.8816326530612244,0.000593305183,-0.00016510483
1.1346938775510205,0.8734693877551021,0.000592963635,-0.000165620815
1.1346938775510205,0.8653061224489795,0.00059371755,-0.000165475538
1.1346938775510205,0.8571428571428572,0.000593095021,-0.000164760101
1.1346938775510205,0.8489795918367347,0.000594291874,-0.000165229459
1.1346938775510205,0.8408163265306122,0.000592881507,-0.000164615691
1.1346938775510205,0.8326530612244898,0.000592173304,-0.0001653266
1.1346938775510205,0.8244897959183674,0.000592131136,-0.000164938904
1.1346938775510205,0.8163265306122449,0.000592372156,-0.000164323627
1.1346938775510205,0.8081632653061225,0.000593283237,-0.000164758817
1.1346938775510205,0.8,0.000593880467,-0.00016366686
1.126530612244898,1.2,0.000592978297,-0.000163890364
1.126530612244898,1.1918367346938774,0.000592094721,-0.000163462689
1.126530612244898,1.183673469387755,0.000593246341,-0.000163580477
1.126530612244898,1.1755102040816325,0.000593168525,-0.000164570766
1.126530612244898,1.1673469387755102,0.000591907752,-0.000164457505
1.126530612244898,1.1591836734693877,0.000593659954,-0.000164900658
1.126530612244898,1.1510204081632653,0.000592498464,-0.000164379503
1.126530612244898,1.1428571428571428,0.000593368624,-0.00016522432
1.126530612244898,1.1346938775510205,0.000593700395,-0.000163902182
1.126530612244898,1.126530612244898,0.000592987401,-0.000163673733
1.126530612244898,1.1183673469387754,0.000593858807,-0.00016522689
1.126530612244898,1.110204081632653,0.000593334028,-0.000163991165
1.126530612244898,1.1020408163265305,0.000593365365,-0.000163899612
1.126530612244898,1.0938775510204082,0.000593244329,-0.000164428506
1.126530612244898,1.0857142857142856,0.000591689732,-0.000164854224
1.126530612244898,1.0775510204081633,0.000593156162,-0.000164707244
1.126530612244898,1.0693877551020408,0.000592467893,-0.000164479437
1.126530612244898,1.0612244897959184,0.000592668472,-0.000165369598
1.126530612244898,1.0530612244897959,0.000591756431,-0.00016361593
1.126530612244898,1.0448979591836736,0.000592079579,-0.000164268169
1.126530612244898,1.036734693877551,0.00059292444,-0.000163381251
1.126530612244898,1.0285714285714285,0.000592646045,-0.000163659121
1.126530612244898,1.0204081632653061,0.000592238757,-0.000163729609
1.126530612244898,1.0122448979591836,0.000591519151,-0.00016442764
1.126530612244898,1.0040816326530613,0.000592801198,-0.000164644913
1.126530612244898,0.9959183673469387,0.000592447673,-0.00016328562
1.126530612244898,0.9877551020408163,0.000592784236,-0.000164674361
1.126530612244898,0.9795918367346939,0.000592427739,-0.000163676109
1.126530612244898,0.9714285714285714,0.000592968426,-0.000164252915
1.126530612244898,0.963265306122449,0.000592829183,-0.000164114092
1.126530612244898,0.9551020408163265,0.000592732679,-0.000164373048
1.126530612244898,0.9469387755102041,0.000592340339,-0.000164529083
1.126530612244898,0.9387755102040816,0.000592386052,-0.000163454532
1.126530612244898,0.9306122448979592,0.000592326923,-0.000164505866
1.126530612244898,0.9224489795918367,0.000591476697,-0.00016441884
1.126530612244898,0.9142857142857143,0.000591852455,-0.000164024048
1.126530612244898,0.9061224489795918,0.000592632916,-0.000163740784
1.126530612244898,0.8979591836734694,0.000592634162,-0.000164169968
1.126530612244898,0.889795918367347,0.000592382026,-0.000163650322
1.126530612244898,0.8816326530612244,0.000593279211,-0.0001639701
1.126530612244898,0.8734693877551021,0.000593028801,-0.000163515353
1.126530612244898,0.8653061224489795,0.000592418635,-0.000163469143
1.126530612244898,0.8571428571428572,0.000591231652,-0.000164110014
1.126530612244898,0.8489795918367347,0.00059234791,-0.000164045532
1.126530612244898,0.8408163265306122,0.000590890584,-0.000163160959
1.126530612244898,0.8326530612244898,0.000591166199,-0.000163493003
1.126530612244898,0.8244897959183674,0.000590281664,-0.00016434039
1.126530612244898,0.8163265306122449,0.000590964088,-0.000163708767
1.126530612244898,0.8081632653061225,0.000590627811,-0.000162582001
1.126530612244898,0.8,0.000591299598,-0.000163113047
1.1183673469387754,1.2,0.000590401167,-0.00016397999
1.1183673469387754,1.1918367346938774,0.000589986308,-0.000163491494
1.1183673469387754,1.183673469387755,0.000589833454,-0.00016305974
1.1183673469387754,1.1755102040816325,0.000590134082,-0.000163418855
1.1183673469387754,1.1673469387755102,0.00058947897,-0.00016274038
1.1183673469387754,1.1591836734693877,0.000589472165,-0.000163344289
1.1183673469387754,1.1510204081632653,0.00058920556,-0.000163864802
1.1183673469387754,1.1428571428571428,0.000589828662,-0.000163425727
1.1183673469387754,1.1346938775510205,0.000589511553,-0.000163247149
1.1183673469387754,1.126530612244898,0.000591711485,-0.000163450005
1.1183673469387754,1.1183673469387754,0.000590296806,-0.000163617857
1.1183673469387754,1.110204081632653,0.00059017529,-0.000164066822
1.1183673469387754,1.1020408163265305,0.000590290767,-0.000163944089
1.1183673469387754,1.0938775510204082,0.000590076487,-0.000164052404
1.1183673469387754,1.0857142857142856,0.000590264989,-0.000163278523
1.1183673469387754,1.0775510204081633,0.000589216963,-0.000163046638
1.1183673469387754,1.0693877551020408,0.000588633342,-0.000164967709
1.1183673469387754,1.0612244897959184,0.000588972398,-0.00016345861
1.1183673469387754,1.0530612244897959,0.000588650977,-0.000164489103
1.1183673469387754,1.0448979591836736,0.000587954177,-0.000163712846
1.1183673469387754,1.036734693877551,0.00058942588,-0.000163315067
1.1183673469387754,1.0285714285714285,0.000589661147,-0.000163352671
1.1183673469387754,1.0204081632653061,0.000590251573,-0.000163843512
1.1183673469387754,1.0122448979591836,0.000588716144,-0.000163147214
1.1183673469387754,1.0040816326530613,0.000588920075,-0.000163489985
1.1183673469387754,0.9959183673469387,0.000589213131,-0.000164082494
1.1183673469387754,0.9877551020408163,0.000589359946,-0.000162731999
1.1183673469387754,0.9795918367346939,0.000589831155,-0.000163347083
1.1183673469387754,0.9714285714285714,0.000589943567,-0.000163773025
1.1183673469387754,0.963265306122449,0.00058977078,-0.0001630187
1.1183673469387754,0.9551020408163265,0.000588249247,-0.000163226307
1.1183673469387754,0.9469387755102041,0.000588429412,-0.000163456459
1.1183673469387754,0.9387755102040816,0.000588654043,-0.000163302158
1.1183673469387754,0.9306122448979592,0.000588628264,-0.00016325553
1.1183673469387754,0.9224489795918367,0.000589699769,-0.000162682578
1.1183673469387754,0.9142857142857143,0.000589736664,-0.000162590382
1.1183673469387754,0.9061224489795918,0.000589396075,-0.000163682339
1.1183673469387754,0.8979591836734694,0.00058945645,-0.000163454756
1.1183673469387754,0.889795918367347,0.000588962048,-0.000164181561
1.1183673469387754,0.8816326530612244,0.000589457217,-0.000164186506
1.1183673469387754,0.8734693877551021,0.000589583525,-0.000163071558
1.1183673469387754,0.8653061224489795,0.000590886272,-0.000163813647
1.1183673469387754,0.8571428571428572,0.000589330142,-0.000163834488
1.1183673469387754,0.8489795918367347,0.000589690951,-0.00016316462
1.1183673469387754,0.8408163265306122,0.000590180082,-0.000163955488
1.1183673469387754,0.8326530612244898,0.000589966853,-0.000163453023
1.1183673469387754,0.8244897959183674,0.000589778638,-0.000163280674
1.1183673469387754,0.8163265306122449,0.000589705614,-0.00016377797
1.1183673469387754,0.8081632653061225,0.000590481762,-0.000164053047
1.1183673469387754,0.8,0.00058986853,-0.000163784424
1.110204081632653,1.2,0.000589592435,-0.00016287278
1.110204081632653,1.1918367346938774,0.000590108876,-0.000162425548
1.110204081632653,1.183673469387755,0.000590066136,-0.000161682817
1.110204081632653,1.1755102040816325,0.000588772013,-0.000162856017
1.110204081632653,1.1673469387755102,0.000589916542,-0.000162839897
1.110204081632653,1.1591836734693877,0.000589776339,-0.000162721691
1.110204081632653,1.1510204081632653,0.000590645252,-0.000162386435
1.110204081632653,1.1428571428571428,0.000590025216,-0.000162486787
1.110204081632653,1.1346938775510205,0.000590734951,-0.000162337207
1.110204081632653,1.126530612244898,0.000591444114,-0.000161589112
1.110204081632653,1.1183673469387754,0.000591694524,-0.000161984771
1.110204081632653,1.110204081632653,0.000590095941,-0.000162092444
1.110204081632653,1.1020408163265305,0.000591040371,-0.000161776296
1.110204081632653,1.0938775510204082,0.000591290014,-0.000162601333
1.110204081632653,1.0857142857142856,0.000590783923,-0.000162044083
1.110204081632653,1.0775510204081633,0.000591137161,-0.000161514546
1.110204081632653,1.0693877551020408,0.00059089183,-0.000163137548
1.110204081632653,1.0612244897959184,0.000591581825,-0.000161596851
1.110204081632653,1.0530612244897959,0.00059149088,-0.000162185924
1.110204081632653,1.0448979591836736,0.000590721249,-0.000162000025
1.110204081632653,1.036734693877551,0.000589935996,-0.000162107474
1.110204081632653,1.0285714285714285,0.00058952267,-0.000162641955
1.110204081632653,1.0204081632653061,0.000589856454,-0.000161577937
1.110204081632653,1.0122448979591836,0.000589088356,-0.00016147264
1.110204081632653,1.0040816326530613,0.000590182861,-0.000161657672
1.110204081632653,0.9959183673469387,0.000589997424,-0.000162044083
1.110204081632653,0.9877551020408163,0.000589759184,-0.000162418034
1.110204081632653,0.9795918367346939,0.000589979216,-0.000162672269
1.110204081632653,0.9714285714285714,0.00059064094,-0.000161619844
1.110204081632653,0.963265306122449,0.000590235664,-0.000163113464
1.110204081632653,0.9551020408163265,0.000590458283,-0.000161631019
1.110204081632653,0.9469387755102041,0.000589929672,-0.000163258966
1.110204081632653,0.9387755102040816,0.000590683107,-0.000163434109
1.110204081632653,0.9306122448979592,0.000591147032,-0.000162104037
1.110204081632653,0.9224489795918367,0.000590784976,-0.000163792806
1.110204081632653,0.9142857142857143,0.000590665666,-0.000163687702
1.110204081632653,0.9061224489795918,0.000590122966,-0.000163496663
1.110204081632653,0.8979591836734694,0.000589847064,-0.000162815171
1.110204081632653,0.889795918367347,0.000589769727,-0.000162981738
1.110204081632653,0.8816326530612244,0.000589776339,-0.000163333756
1.110204081632653,0.8734693877551021,0.000590422634,-0.000163256172
1.110204081632653,0.8653061224489795,0.000590465854,-0.000163353313
1.110204081632653,0.8571428571428572,0.000591297586,-0.00016269934
1.110204081632653,0.8489795918367347,0.000592143499,-0.000161499517
1.110204081632653,0.8408163265306122,0.000591257431,-0.000162797348
1.110204081632653,0.8326530612244898,0.000592296353,-0.000162583286
1.110204081632653,0.8244897959183674,0.000591999464,-0.000161831112
1.110204081632653,0.8163265306122449,0.000591281677,-0.000163263912
1.110204081632653,0.8081632653061225,0.000590890297,-0.00016353491
1.110204081632653,0.8,0.000591893376,-0.000163154953
1.1020408163265305,1.2,0.000589660094,-0.000164172538
1.1020408163265305,1.1918367346938774,0.00059110889,-0.000163105725
1.1020408163265305,1.183673469387755,0.000590795613,-0.000162969696
1.1020408163265305,1.1755102040816325,0.000590343571,-0.000162496678
1.1020408163265305,1.1673469387755102,0.000590754405,-0.000162461643
1.1020408163265305,1.1591836734693877,0.000590825897,-0.000163308388
1.1020408163265305,1.1510204081632653,0.000591293274,-0.000163769589
1.1020408163265305,1.1428571428571428,0.000590526229,-0.000163179873
1.1020408163265305,1.1346938775510205,0.000590899687,-0.000163081448
1.1020408163265305,1.126530612244898,0.000591267781,-0.000164260012
1.1020408163265305,1.1183673469387754,0.000591433764,-0.000162876216
1.1020408163265305,1.110204081632653,0.000590020424,-0.000162542021
1.1020408163265305,1.1020408163265305,0.00059080491,-0.000163933138
1.1020408163265305,1.0938775510204082,0.000591642966,-0.000163447435
1.1020408163265305,1.0857142857142856,0.000590777118,-0.000163567344
1.1020408163265305,1.0775510204081633,0.000591023696,-0.000163305176
1.1020408163265305,1.0693877551020408,0.000591451685,-0.000163045129
1.1020408163265305,1.0612244897959184,0.0005914881,-0.000163694156
1.1020408163265305,1.0530612244897959,0.000591291547,-0.00016357961
1.1020408163265305,1.0448979591836736,0.000592070475,-0.000163425309
1.1020408163265305,1.036734693877551,0.000591905739,-0.000164267751
1.1020408163265305,1.0285714285714285,0.000591049761,-0.000163427012
1.1020408163265305,1.0204081632653061,0.000590825897,-0.000162996767
1.1020408163265305,1.0122448979591836,0.000593060618,-0.000163444866
1.1020408163265305,1.0040816326530613,0.000592627071,-0.000162922202
1.1020408163265305,0.9959183673469387,0.000592426973,-0.000163029233
1.1020408163265305,0.9877551020408163,0.000592361519,-0.000164079282
1.1020408163265305,0.9795918367346939,0.000592521464,-0.000163242846
1.1020408163265305,0.9714285714285714,0.00059172816,-0.000163631826
1.1020408163265305,0.963265306122449,0.000591486568,-0.000163111955
1.1020408163265305,0.9551020408163265,0.00059179304,-0.000163066612
1.1020408163265305,0.9469387755102041,0.000591661654,-0.000162542888
1.1020408163265305,0.9387755102040816,0.00059142466,-0.000163307103
1.1020408163265305,0.9306122448979592,0.000591841339,-0.000163209963
1.1020408163265305,0.9224489795918367,0.000590889817,-0.000164985339
1.1020408163265305,0.9142857142857143,0.000591917622,-0.000162690959
1.1020408163265305,0.9061224489795918,0.000591085604,-0.000164064446
1.1020408163265305,0.8979591836734694,0.000591341572,-0.000164531877
1.1020408163265305,0.889795918367347,0.000590377401,-0.000164142255
1.1020408163265305,0.8816326530612244,0.000591172237,-0.000164258503
1.1020408163265305,0.8734693877551021,0.000591536112,-0.000164278926
1.1020408163265305,0.8653061224489795,0.00059163185,-0.000164391963
1.1020408163265305,0.8571428571428572,0.000592289261,-0.000164390036
1.1020408163265305,0.8489795918367347,0.000592172824,-0.000164509944
1.1020408163265305,0.8408163265306122,0.000592072008,-0.000164369194
1.1020408163265305,0.8326530612244898,0.000592450452,-0.000164700371
1.1020408163265305,0.8244897959183674,0.000592726641,-0.000164422277
1.1020408163265305,0.8163265306122449,0.000593111409,-0.000164109147
1.1020408163265305,0.8081632653061225,0.000592407519,-0.000163338477
1.1020408163265305,0.8,0.000593201109,-0.000163497306
1.0938775510204082,1.2,0.000593344858,-0.000164760968
1.0938775510204082,1.1918367346938774,0.000594060918,-0.000163302158
1.0938775510204082,1.183673469387755,0.00059331582,-0.000163800963
1.0938775510204082,1.1755102040816325,0.000593073554,-0.000164330499
1.0938775510204082,1.1673469387755102,0.00059348027,-0.000163705331
1.0938775510204082,1.1591836734693877,0.000592547242,-0.000163667503
1.0938775510204082,1.1510204081632653,0.000593361819,-0.000164242189
1.0938775510204082,1.1428571428571428,0.000591865585,-0.000164231432
1.0938775510204082,1.1346938775510205,0.000593462828,-0.00016485037
1.0938775510204082,1.126530612244898,0.000593785783,-0.000164443536
1.0938775510204082,1.1183673469387754,0.000593443947,-0.000164715401
1.0938775510204082,1.110204081632653,0.000593857274,-0.000165800485
1.0938775510204082,1.1020408163265305,0.000594256225,-0.000164413028
1.0938775510204082,1.0938775510204082,0.000593704901,-0.000163671163
1.0938775510204082,1.0857142857142856,0.000594777172,-0.000163363846
1.0938775510204082,1.0775510204081633,0.000594208693,-0.000164119037
1.0938775510204082,1.0693877551020408,0.000593754159,-0.000165083121
1.0938775510204082,1.0612244897959184,0.00059524081,-0.000164385508
1.0938775510204082,1.0530612244897959,0.000595045023,-0.000164135158
1.0938775510204082,1.0448979591836736,0.000596166553,-0.000163913581
1.0938775510204082,1.036734693877551,0.00059452331,-0.000165639954
1.0938775510204082,1.0285714285714285,0.000594137488,-0.000165453187
1.0938775510204082,1.0204081632653061,0.000594583878,-0.000165259131
1.0938775510204082,1.0122448979591836,0.000595355041,-0.000164615691
1.0938775510204082,1.0040816326530613,0.000595607944,-0.00016411345
1.0938775510204082,0.9959183673469387,0.00059562232,-0.000165670461
1.0938775510204082,0.9877551020408163,0.000595191552,-0.000164264957
1.0938775510204082,0.9795918367346939,0.000594594035,-0.000164512963
1.0938775510204082,0.9714285714285714,0.000594676643,-0.000163480543
1.0938775510204082,0.963265306122449,0.000592970439,-0.000164625999
1.0938775510204082,0.9551020408163265,0.000593958856,-0.000164234001
1.0938775510204082,0.9469387755102041,0.000595720356,-0.000165623833
1.0938775510204082,0.9387755102040816,0.000595548815,-0.000165537868
1.0938775510204082,0.9306122448979592,0.000596235838,-0.000164243892
1.0938775510204082,0.9224489795918367,0.000594376495,-0.000165316291
1.0938775510204082,0.9142857142857143,0.000595242629,-0.000166267915
1.0938775510204082,0.9061224489795918,0.000596042544,-0.000164601497
1.0938775510204082,0.8979591836734694,0.000595427779,-0.000165873123
1.0938775510204082,0.889795918367347,0.000594775926,-0.000165878711
1.0938775510204082,0.8816326530612244,0.000596396262,-0.000164354583
1.0938775510204082,0.8734693877551021,0.000595992233,-0.000165180486
1.0938775510204082,0.8653061224489795,0.000595042244,-0.000166559755
1.0938775510204082,0.8571428571428572,0.000595187526,-0.000165219375
1.0938775510204082,0.8489795918367347,0.000593660434,-0.000164675003
1.0938775510204082,0.8408163265306122,0.000594430831,-0.000165133828
1.0938775510204082,0.8326530612244898,0.000594733758,-0.000165641656
1.0938775510204082,0.8244897959183674,0.000594729927,-0.000164689614
1.0938775510204082,0.8163265306122449,0.000594759251,-0.000164482873
1.0938775510204082,0.8081632653061225,0.000594624605,-0.000165699266
1.0938775510204082,0.8,0.000595598074,-0.000163862426
1.0857142857142856,1.2,0.000594696097,-0.000165711083
1.0857142857142856,1.1918367346938774,0.00059469533,-0.000166061592
1.0857142857142856,1.183673469387755,0.000595822705,-0.000166425235
1.0857142857142856,1.1755102040816325,0.000595501856,-0.000166149934
1.0857142857142856,1.1673469387755102,0.000596133009,-0.000166305519
1.0857142857142856,1.1591836734693877,0.000595213785,-0.000165278687
1.0857142857142856,1.1510204081632653,0.000595285563,-0.000166403527
1.0857142857142856,1.1428571428571428,0.000596068036,-0.000165618664
1.0857142857142856,1.1346938775510205,0.000596621853,-0.000166322924
1.0857142857142856,1.126530612244898,0.000596072348,-0.000166262328
1.0857142857142856,1.1183673469387754,0.000595723135,-0.000165280196
1.0857142857142856,1.110204081632653,0.000595701955,-0.000164700371
1.0857142857142856,1.1020408163265305,0.000594906066,-0.000165379906
1.0857142857142856,1.0938775510204082,0.000595944221,-0.000164719704
1.0857142857142856,1.0857142857142856,0.000597241123,-0.000166126492
1.0857142857142856,1.0775510204081633,0.00059667389,-0.000165230326
1.0857142857142856,1.0693877551020408,0.000596137995,-0.000165327242
1.0857142857142856,1.0612244897959184,0.000596082698,-0.000166491419
1.0857142857142856,1.0530612244897959,0.000596135216,-0.000165614809
1.0857142857142856,1.0448979591836736,0.000596018011,-0.000165336072
1.0857142857142856,1.036734693877551,0.000595746421,-0.000163845663
1.0857142857142856,1.0285714285714285,0.000594392883,-0.000163448944
1.0857142857142856,1.0204081632653061,0.000596231239,-0.000165306625
1.0857142857142856,1.0122448979591836,0.000596607477,-0.000166007226
1.0857142857142856,1.0040816326530613,0.000596421274,-0.000164786112
1.0857142857142856,0.9959183673469387,0.000596361859,-0.000163479901
1.0857142857142856,0.9877551020408163,0.00059745617,-0.000164102917
1.0857142857142856,0.9795918367346939,0.00059639195,-0.000164280211
1.0857142857142856,0.9714285714285714,0.000595629411,-0.000164070034
1.0857142857142856,0.963265306122449,0.000596708007,-0.000163150651
1.0857142857142856,0.9551020408163265,0.000596979403,-0.000163652891
1.0857142857142856,0.9469387755102041,0.000596613036,-0.000163237901
1.0857142857142856,0.9387755102040816,0.000596084711,-0.000163281959
1.0857142857142856,0.9306122448979592,0.000595710006,-0.000163565417
1.0857142857142856,0.9224489795918367,0.000596837667,-0.000162896415
1.0857142857142856,0.9142857142857143,0.000597603945,-0.00016443753
1.0857142857142856,0.9061224489795918,0.000596527362,-0.000164526289
1.0857142857142856,0.8979591836734694,0.000595452312,-0.00016409582
1.0857142857142856,0.889795918367347,0.000596805563,-0.00016415966
1.0857142857142856,0.8816326530612244,0.000597398768,-0.000164180277
1.0857142857142856,0.8734693877551021,0.000597039012,-0.000163751541
1.0857142857142856,0.8653061224489795,0.000596719603,-0.000165242143
1.0857142857142856,0.8571428571428572,0.000595883846,-0.000164405289
1.0857142857142856,0.8489795918367347,0.000596215811,-0.000165271173
1.0857142857142856,0.8408163265306122,0.000595297926,-0.00016434039
1.0857142857142856,0.8326530612244898,0.000596423767,-0.000164565178
1.0857142857142856,0.8244897959183674,0.000595824237,-0.000165284917
1.0857142857142856,0.8163265306122449,0.000597225695,-0.000164556154
1.0857142857142856,0.8081632653061225,0.000596573841,-0.000164223275
1.0857142857142856,0.8,0.000596965507,-0.000165922769
1.0775510204081633,1.2,0.000595529361,-0.000164376709
1.0775510204081633,1.1918367346938774,0.000595965974,-0.000164902167
1.0775510204081633,1.183673469387755,0.000595956104,-0.000165756426
1.0775510204081633,1.1755102040816325,0.000597705241,-0.00016622299
1.0775510204081633,1.1673469387755102,0.000597036999,-0.000165806715
1.0775510204081633,1.1591836734693877,0.000597630204,-0.000165810151
1.0775510204081633,1.1510204081632653,0.00059628433,-0.000165500906
1.0775510204081633,1.1428571428571428,0.000596993779,-0.000165114496
1.0775510204081633,1.1346938775510205,0.000595664293,-0.000165027663
1.0775510204081633,1.126530612244898,0.000595567503,-0.000165091503
1.0775510204081633,1.1183673469387754,0.00059676033,-0.000164307506
1.0775510204081633,1.110204081632653,0.000595866691,-0.000165194873
1.0775510204081633,1.1020408163265305,0.000596873029,-0.00016451855
1.0775510204081633,1.0938775510204082,0.000596779305,-0.000164172762
1.0775510204081633,1.0857142857142856,0.000595895729,-0.000164503072
1.0775510204081633,1.0775510204081633,0.000596454818,-0.00016418307
1.0775510204081633,1.0693877551020408,0.000596278771,-0.000164476643
1.0775510204081633,1.0612244897959184,0.000596063244,-0.000165373676
1.0775510204081633,1.0530612244897959,0.000595351496,-0.000163984069
1.0775510204081633,1.0448979591836736,0.000595254992,-0.000165056468
1.0775510204081633,1.036734693877551,0.000595386858,-0.000164825643
1.0775510204081633,1.0285714285714285,0.000596544517,-0.000163847815
1.0775510204081633,1.0204081632653061,0.000596041011,-0.000164642986
1.0775510204081633,1.0122448979591836,0.000595819925,-0.000165142209
1.0775510204081633,1.0040816326530613,0.000596114802,-0.000164359946
1.0775510204081633,0.9959183673469387,0.000596810069,-0.00016480159
1.0775510204081633,0.9877551020408163,0.00059656579,-0.000164957819
1.0775510204081633,0.9795918367346939,0.000595634203,-0.000165796824
1.0775510204081633,0.9714285714285714,0.000596642073,-0.000165254185
1.0775510204081633,0.963265306122449,0.000597238344,-0.000165962525
1.0775510204081633,0.9551020408163265,0.000596263629,-0.000165453187
1.0775510204081633,0.9469387755102041,0.00059632573,-0.000164734315
1.0775510204081633,0.9387755102040816,0.000595289108,-0.000164517041
1.0775510204081633,0.9306122448979592,0.000595623372,-0.000165208842
1.0775510204081633,0.9224489795918367,0.000595594335,-0.000165532505
1.0775510204081633,0.9142857142857143,0.000596157735,-0.000164422919
1.0775510204081633,0.9061224489795918,0.000595949299,-0.000165194649
1.0775510204081633,0.8979591836734694,0.000595305017,-0.000165549043
1.0775510204081633,0.889795918367347,0.000595340379,-0.0001647356
1.0775510204081633,0.8816326530612244,0.000596437949,-0.000163580253
1.0775510204081633,0.8734693877551021,0.000597022817,-0.000164280853
1.0775510204081633,0.8653061224489795,0.000597120087,-0.000163704464
1.0775510204081633,0.8571428571428572,0.000597345964,-0.000164044023
1.0775510204081633,0.8489795918367347,0.000595169318,-0.000163337835
1.0775510204081633,0.8408163265306122,0.000596555153,-0.000163128943
1.0775510204081633,0.8326530612244898,0.000595930805,-0.000163711786
1.0775510204081633,0.8244897959183674,0.000596287109,-0.000163809344
1.0775510204081633,0.8163265306122449,0.000596876575,-0.000164206287
1.0775510204081633,0.8081632653061225,0.000596726214,-0.000163776043
1.0775510204081633,0.8,0.000596187539,-0.000164911833
1.0693877551020408,1.2,0.000597153437,-0.000164710455
1.0693877551020408,1.1918367346938774,0.000597422534,-0.000165771038
1.0693877551020408,1.183673469387755,0.000597682528,-0.000167137877
1.0693877551020408,1.1755102040816325,0.00059768732,-0.000166097269
1.0693877551020408,1.1673469387755102,0.00059663067,-0.000166183877
1.0693877551020408,1.1591836734693877,0.000597310602,-0.000167148828
1.0693877551020408,1.1510204081632653,0.000598213631,-0.000165985293
1.0693877551020408,1.1428571428571428,0.000598691645,-0.000166532459
1.0693877551020408,1.1346938775510205,0.00059789173,-0.000167123041
1.0693877551020408,1.126530612244898,0.000598017558,-0.000166185611
1.0693877551020408,1.1183673469387754,0.000598629737,-0.000165737512
1.0693877551020408,1.110204081632653,0.000598079946,-0.000165449751
1.0693877551020408,1.1020408163265305,0.000598485222,-0.000164702074
1.0693877551020408,1.0938775510204082,0.000598408652,-0.000166115541
1.0693877551020408,1.0857142857142856,0.0005985984,-0.000167293881
1.0693877551020408,1.0775510204081633,0.000598364185,-0.000165291789
1.0693877551020408,1.0693877551020408,0.00059827372,-0.000166914791
1.0693877551020408,1.0612244897959184,0.00059861153,-0.000166590069
1.0693877551020408,1.0530612244897959,0.000598505922,-0.000165124162
1.0693877551020408,1.0448979591836736,0.000598435197,-0.000166012813
1.0693877551020408,1.036734693877551,0.000598993039,-0.000165396027
1.0693877551020408,1.0285714285714285,0.000599235112,-0.000164661452
1.0693877551020408,1.0204081632653061,0.000599321745,-0.000165958864
1.0693877551020408,1.0122448979591836,0.000599136309,-0.000165229041
1.0693877551020408,1.0040816326530613,0.000598973105,-0.000165551612
1.0693877551020408,0.9959183673469387,0.00059895969,-0.000165713877
1.0693877551020408,0.9877551020408163,0.000598603479,-0.000165267512
1.0693877551020408,0.9795918367346939,0.000599470093,-0.000165699908
1.0693877551020408,0.9714285714285714,0.000598796486,-0.000165768468
1.0693877551020408,0.963265306122449,0.000598865485,-0.000165580417
1.0693877551020408,0.9551020408163265,0.000597527855,-0.000165311988
1.0693877551020408,0.9469387755102041,0.000598421781,-0.000165658643
1.0693877551020408,0.9387755102040816,0.000598596867,-0.00016654235
1.0693877551020408,0.9306122448979592,0.000599221982,-0.000166165605
1.0693877551020408,0.9224489795918367,0.000597152957,-0.000166082016
1.0693877551020408,0.9142857142857143,0.000598653503,-0.000164999083
1.0693877551020408,0.9061224489795918,0.000598028675,-0.00016452478
1.0693877551020408,0.8979591836734694,0.000597312615,-0.000165591592
1.0693877551020408,0.889795918367347,0.000597641607,-0.00016532403
1.0693877551020408,0.8816326530612244,0.000598065284,-0.000164197906
1.0693877551020408,0.8734693877551021,0.000599590363,-0.000163697174
1.0693877551020408,0.8653061224489795,0.00059844804,-0.000164015667
1.0693877551020408,0.8571428571428572,0.000598188333,-0.00016552605
1.0693877551020408,0.8489795918367347,0.000598326524,-0.000164776864
1.0693877551020408,0.8408163265306122,0.000598810382,-0.000164498351
1.0693877551020408,0.8326530612244898,0.000597418989,-0.000164883895
1.0693877551020408,0.8244897959183674,0.000598565817,-0.00016610093
1.0693877551020408,0.8163265306122449,0.000598161308,-0.000165077309
1.0693877551020408,0.8081632653061225,0.000597522583,-0.000165352611
1.0693877551020408,0.8,0.000598216124,-0.000165125671
1.0612244897959184,1.2,0.000598127958,-0.000164812541
1.0612244897959184,1.1918367346938774,0.000599934497,-0.000164707886
1.0612244897959184,1.183673469387755,0.000598867498,-0.000165013277
1.0612244897959184,1.1755102040816325,0.000598008934,-0.000163608833
1.0612244897959184,1.1673469387755102,0.000598659542,-0.00016409216
1.0612244897959184,1.1591836734693877,0.000599507468,-0.000163337835
1.0612244897959184,1.1510204081632653,0.000599509001,-0.00016417684
1.0612244897959184,1.1428571428571428,0.000599389211,-0.000163304309
1.0612244897959184,1.1346938775510205,0.000597406339,-0.000164111074
1.0612244897959184,1.126530612244898,0.000596906093,-0.000165002101
1.0612244897959184,1.1183673469387754,0.000598429639,-0.000164751078
1.0612244897959184,1.110204081632653,0.000598410951,-0.000164315246
1.0612244897959184,1.1020408163265305,0.00059988294,-0.000163741426
1.0612244897959184,1.0938775510204082,0.000599080246,-0.000163824822
1.0612244897959184,1.0857142857142856,0.000599648438,-0.000163707483
1.0612244897959184,1.0775510204081633,0.00059895921,-0.000164482873
1.0612244897959184,1.0693877551020408,0.00059913353,-0.000164139879
1.0612244897959184,1.0612244897959184,0.000598020817,-0.000163949901
1.0612244897959184,1.0530612244897959,0.000599141867,-0.000164146333
1.0612244897959184,1.0448979591836736,0.000598855901,-0.000163840943
1.0612244897959184,1.036734693877551,0.000599445561,-0.000163728324
1.0612244897959184,1.0285714285714285,0.000598883406,-0.000164237437
1.0612244897959184,1.0204081632653061,0.000599662334,-0.000163863935
1.0612244897959184,1.0122448979591836,0.000598568596,-0.000163275087
1.0612244897959184,1.0040816326530613,0.00059876237,-0.0001641893
1.0612244897959184,0.9959183673469387,0.000599497598,-0.000163514711
1.0612244897959184,0.9877551020408163,0.000599597167,-0.000164658882
1.0612244897959184,0.9795918367346939,0.00059871867,-0.000163839433
1.0612244897959184,0.9714285714285714,0.000597204994,-0.000163180516
1.0612244897959184,0.963265306122449,0.000598349523,-0.000163425952
1.0612244897959184,0.9551020408163265,0.000598494039,-0.0001646707
1.0612244897959184,0.9469387755102041,0.000599213358,-0.00016383407
1.0612244897959184,0.9387755102040816,0.00059904383,-0.00016355726
1.0612244897959184,0.9306122448979592,0.000598174437,-0.000163704464
1.0612244897959184,0.9224489795918367,0.000599142633,-0.000163983844
1.0612244897959184,0.9142857142857143,0.00059764036,-0.000164024466
1.0612244897959184,0.9061224489795918,0.000598205294,-0.000164120322
1.0612244897959184,0.8979591836734694,0.000598628971,-0.000163926908
1.0612244897959184,0.889795918367347,0.000599342732,-0.000163681696
1.0612244897959184,0.8816326530612244,0.000599442781,-0.000164301919
1.0612244897959184,0.8734693877551021,0.0005991871,-0.00016429784
1.0612244897959184,0.8653061224489795,0.00059891599,-0.000164481589
1.0612244897959184,0.8571428571428572,0.000599989794,-0.000163310121
1.0612244897959184,0.8489795918367347,0.000599253319,-0.000164174913
1.0612244897959184,0.8408163265306122,0.000599685334,-0.000164638041
1.0612244897959184,0.8326530612244898,0.000599886199,-0.000162859453
1.0612244897959184,0.8244897959183674,0.000599959989,-0.000164237662
1.0612244897959184,0.8163265306122449,0.000600485248,-0.000163405753
1.0612244897959184,0.8081632653061225,0.000599485715,-0.000164325136
1.0612244897959184,0.8,0.000600125972,-0.000164257443
1.0530612244897959,1.2,0.000600270774,-0.000166699445
1.0530612244897959,1.1918367346938774,0.000600369771,-0.000166292835
1.0530612244897959,1.183673469387755,0.000598756332,-0.000166952813
1.0530612244897959,1.1755102040816325,0.00059842408,-0.000165605337
1.0530612244897959,1.1673469387755102,0.000600253813,-0.000167010841
1.0530612244897959,1.1591836734693877,0.000601012327,-0.000165630705
1.0530612244897959,1.1510204081632653,0.000599769761,-0.000166190107
1.0530612244897959,1.1428571428571428,0.000599432911,-0.000165460284
1.0530612244897959,1.1346938775510205,0.000599628218,-0.000165154251
1.0530612244897959,1.126530612244898,0.000600786643,-0.000165571393
1.0530612244897959,1.1183673469387754,0.00060030537,-0.000164814693
1.0530612244897959,1.110204081632653,0.00059976267,-0.00016562576
1.0530612244897959,1.1020408163265305,0.000599316953,-0.000165287486
1.0530612244897959,1.0938775510204082,0.000599964781,-0.000165611149
1.0530612244897959,1.0857142857142856,0.000600194971,-0.000166134455
1.0530612244897959,1.0775510204081633,0.000600685347,-0.000165036912
1.0530612244897959,1.0693877551020408,0.00060093777,-0.000166202791
1.0530612244897959,1.0612244897959184,0.000599909198,-0.000165208842
1.0530612244897959,1.0530612244897959,0.000601243476,-0.000165985518
1.0530612244897959,1.0448979591836736,0.000600529235,-0.000165619306
1.0530612244897959,1.036734693877551,0.000599405406,-0.000165412147
1.0530612244897959,1.0285714285714285,0.000599767175,-0.000165463078
1.0530612244897959,1.0204081632653061,0.000599853615,-0.000164881968
1.0530612244897959,1.0122448979591836,0.000599001183,-0.000166758757
1.0530612244897959,1.0040816326530613,0.00059937081,-0.00016584024
1.0530612244897959,0.9959183673469387,0.000598514259,-0.000165941041
1.0530612244897959,0.9877551020408163,0.000598252253,-0.000166578027
1.0530612244897959,0.9795918367346939,0.000598032987,-0.000165611791
1.0530612244897959,0.9714285714285714,0.000599863199,-0.000165812527
1.0530612244897959,0.963265306122449,0.000599770241,-0.000166106518
1.0530612244897959,0.9551020408163265,0.000600233112,-0.00016620581
1.0530612244897959,0.9469387755102041,0.000599547143,-0.000165458132
1.0530612244897959,0.9387755102040816,0.000599717151,-0.000166595014
1.0530612244897959,0.9306122448979592,0.000598758824,-0.000165717313
1.0530612244897959,0.9224489795918367,0.000598493559,-0.000164693275
1.0530612244897959,0.9142857142857143,0.000599375315,-0.000165529486
1.0530612244897959,0.9061224489795918,0.000599027155,-0.000166249001
1.0530612244897959,0.8979591836734694,0.000600026402,-0.000165982724
1.0530612244897959,0.889795918367347,0.000600399575,-0.000166250061
1.0530612244897959,0.8816326530612244,0.000599832149,-0.00016588022
1.0530612244897959,0.8734693877551021,0.00060071745,-0.000165692169
1.0530612244897959,0.8653061224489795,0.000599613556,-0.000165216581
1.0530612244897959,0.8571428571428572,0.000600638868,-0.00016439755
1.0530612244897959,0.8489795918367347,0.000599996118,-0.000164978242
1.0530612244897959,0.8408163265306122,0.000601010507,-0.000164952455
1.0530612244897959,0.8326530612244898,0.00060020906,-0.0001657878
1.0530612244897959,0.8244897959183674,0.000599746761,-0.000164902809
1.0530612244897959,0.8163265306122449,0.000601180322,-0.000164945583
1.0530612244897959,0.8081632653061225,0.000600179829,-0.000165377979
1.0530612244897959,0.8,0.000599341486,-0.000165559576
1.0448979591836736,1.2,0.000598570895,-0.000164843273
1.0448979591836736,1.1918367346938774,0.000597972326,-0.000164893143
1.0448979591836736,1.183673469387755,0.00059896908,-0.000165014561
1.0448979591836736,1.1755102040816325,0.000600137088,-0.000166251795
1.0448979591836736,1.1673469387755102,0.000597775006,-0.000165240859
1.0448979591836736,1.1591836734693877,0.000598763903,-0.000165511439
1.0448979591836736,1.1510204081632653,0.000598976364,-0.000165256979
1.0448979591836736,1.1428571428571428,0.00059824037,-0.000164245176
1.0448979591836736,1.1346938775510205,0.000597151424,-0.000164638041
1.0448979591836736,1.126530612244898,0.000597077633,-0.000163915508
1.0448979591836736,1.1183673469387754,0.000598251007,-0.00016376185
1.0448979591836736,1.110204081632653,0.000598483209,-0.00016417212
1.0448979591836736,1.1020408163265305,0.000598390251,-0.0001642656
1.0448979591836736,1.0938775510204082,0.000598711579,-0.00016436274
1.0448979591836736,1.0857142857142856,0.000597899781,-0.000163480543
1.0448979591836736,1.0775510204081633,0.000597911184,-0.000163294001
1.0448979591836736,1.0693877551020408,0.000597198669,-0.000163584556
1.0448979591836736,1.0612244897959184,0.000597876015,-0.000163283468
1.0448979591836736,1.0530612244897959,0.000596978064,-0.000163017833
1.0448979591836736,1.0448979591836736,0.000598286656,-0.000163953337
1.0448979591836736,1.036734693877551,0.000597974818,-0.000163074351
1.0448979591836736,1.0285714285714285,0.000597377588,-0.000162538167
1.0448979591836736,1.0204081632653061,0.000598702762,-0.000162933377
1.0448979591836736,1.0122448979591836,0.000597077153,-0.000163208902
1.0448979591836736,1.0040816326530613,0.000598159008,-0.000162725127
1.0448979591836736,0.9959183673469387,0.000597655503,-0.000163531891
1.0448979591836736,0.9877551020408163,0.000598145879,-0.000163002355
1.0448979591836736,0.9795918367346939,0.000597724695,-0.000163390275
1.0448979591836736,0.9714285714285714,0.000596489987,-0.000163576174
1.0448979591836736,0.963265306122449,0.000597729773,-0.000163123997
1.0448979591836736,0.9551020408163265,0.000596583231,-0.000162747059
1.0448979591836736,0.9469387755102041,0.000596945001,-0.000162342377
1.0448979591836736,0.9387755102040816,0.000596911364,-0.00016311218
1.0448979591836736,0.9306122448979592,0.00059791569,-0.000163648813
1.0448979591836736,0.9224489795918367,0.000597452818,-0.000161040243
1.0448979591836736,0.9142857142857143,0.000597201735,-0.000161811973
1.0448979591836736,0.9061224489795918,0.000597116541,-0.000161942222
1.0448979591836736,0.8979591836734694,0.000596756785,-0.000162491733
1.0448979591836736,0.889795918367347,0.000596736564,-0.000160858422
1.0448979591836736,0.8816326530612244,0.000596495545,-0.000161784036
1.0448979591836736,0.8734693877551021,0.000596755539,-0.000162120382
1.0448979591836736,0.8653061224489795,0.000596979883,-0.000161549999
1.0448979591836736,0.8571428571428572,0.000597667099,-0.000161506807
1.0448979591836736,0.8489795918367347,0.000598237877,-0.000162376545
1.0448979591836736,0.8408163265306122,0.000598146645,-0.000161733972
1.0448979591836736,0.8326530612244898,0.000598545116,-0.00016229424
1.0448979591836736,0.8244897959183674,0.000597639594,-0.000161986056
1.0448979591836736,0.8163265306122449,0.000597753253,-0.000162047744
1.0448979591836736,0.8081632653061225,0.000596602685,-0.000162940249
1.0448979591836736,0.8,0.000597515492,-0.00016187774
1.036734693877551,1.2,0.000598171944,-0.000163067703
1.036734693877551,1.1918367346938774,0.000598752786,-0.000162441669
1.036734693877551,1.183673469387755,0.000598370224,-0.00016276941
1.036734693877551,1.1755102040816325,0.000598255032,-0.000163705974
1.036734693877551,1.1673469387755102,0.00059702205,-0.000163045129
1.036734693877551,1.1591836734693877,0.000597532934,-0.000162393532
1.036734693877551,1.1510204081632653,0.000598283877,-0.000162924353
1.036734693877551,1.1428571428571428,0.000597129957,-0.000164074337
1.036734693877551,1.1346938775510205,0.000597941755,-0.000162702134
1.036734693877551,1.126530612244898,0.000596268135,-0.000163248433
1.036734693877551,1.1183673469387754,0.000595993765,-0.00016276318
1.036734693877551,1.110204081632653,0.000596571828,-0.000163419497
1.036734693877551,1.1020408163265305,0.000596665839,-0.000163094357
1.036734693877551,1.0938775510204082,0.000595508374,-0.000163499233
1.036734693877551,1.0857142857142856,0.000596092282,-0.00016351728
1.036734693877551,1.0775510204081633,0.000595945754,-0.000163402092
1.036734693877551,1.0693877551020408,0.000596612269,-0.000163681054
1.036734693877551,1.0612244897959184,0.000595189825,-0.000163135397
1.036734693877551,1.0530612244897959,0.000595838613,-0.000163143554
1.036734693877551,1.0448979591836736,0.000596751993,-0.000162896415
1.036734693877551,1.036734693877551,0.000596896509,-0.000163732402
1.036734693877551,1.0285714285714285,0.000596404793,-0.000163672672
1.036734693877551,1.0204081632653061,0.000597150178,-0.000163715222
1.036734693877551,1.0122448979591836,0.000594208499,-0.000163322357
1.036734693877551,1.0040816326530613,0.000595742589,-0.000163866729
1.036734693877551,0.9959183673469387,0.00059459806,-0.000163261536
1.036734693877551,0.9877551020408163,0.00059454449,-0.000164306864
1.036734693877551,0.9795918367346939,0.000594290055,-0.000164788264
1.036734693877551,0.9714285714285714,0.000594397962,-0.00016536658
1.036734693877551,0.963265306122449,0.000594005335,-0.000164517266
1.036734693877551,0.9551020408163265,0.00059447779,-0.00016388285
1.036734693877551,0.9469387755102041,0.00059437065,-0.00016340768
1.036734693877551,0.9387755102040816,0.000593788562,-0.000163845021
1.036734693877551,0.9306122448979592,0.00059541465,-0.000163993092
1.036734693877551,0.9224489795918367,0.000595353509,-0.000163682981
1.036734693877551,0.9142857142857143,0.000594648085,-0.000163392202
1.036734693877551,0.9061224489795918,0.000595378521,-0.00016380655
1.036734693877551,0.8979591836734694,0.000595199123,-0.000162923711
1.036734693877551,0.889795918367347,0.000594491686,-0.000162845902
1.036734693877551,0.8816326530612244,0.000595309809,-0.000164082718
1.036734693877551,0.8734693877551021,0.000595635255,-0.000163671163
1.036734693877551,0.8653061224489795,0.000596167319,-0.000163474313
1.036734693877551,0.8571428571428572,0.000595145072,-0.000163439921
1.036734693877551,0.8489795918367347,0.000596051361,-0.00016292005
1.036734693877551,0.8408163265306122,0.000595227967,-0.000163702537
1.036734693877551,0.8326530612244898,0.00059552179,-0.000162566747
1.036734693877551,0.8244897959183674,0.000596683761,-0.000162869762
1.036734693877551,0.8163265306122449,0.00059444722,-0.000162777567
1.036734693877551,0.8081632653061225,0.000594012906,-0.000162338074
1.036734693877551,0.8,0.000594867924,-0.000161559247
1.0285714285714285,1.2,0.000591975698,-0.000162604994
1.0285714285714285,1.1918367346938774,0.000593235225,-0.000162193663
1.0285714285714285,1.183673469387755,0.000593486401,-0.000162202687
1.0285714285714285,1.1755102040816325,0.000593637435,-0.000162140581
1.0285714285714285,1.1673469387755102,0.000593419895,-0.000161997873
1.0285714285714285,1.1591836734693877,0.000594322925,-0.00016206836
1.0285714285714285,1.1510204081632653,0.000593230433,-0.000161675077
1.0285714285714285,1.1428571428571428,0.000592308236,-0.000162106831
1.0285714285714285,1.1346938775510205,0.000592548489,-0.000161864413
1.0285714285714285,1.126530612244898,0.000592648058,-0.000160923322
1.0285714285714285,1.1183673469387754,0.000592324624,-0.000161862486
1.0285714285714285,1.110204081632653,0.00059230517,-0.000161051837
1.0285714285714285,1.1020408163265305,0.000593637721,-0.000161548072
1.0285714285714285,1.0938775510204082,0.000592011827,-0.000161516698
1.0285714285714285,1.0857142857142856,0.000592819312,-0.000161029711
1.0285714285714285,1.0775510204081633,0.000592480543,-0.000161177782
1.0285714285714285,1.0693877551020408,0.00059258845,-0.000161785545
1.0285714285714285,1.0612244897959184,0.00059084861,-0.000161934901
1.0285714285714285,1.0530612244897959,0.000590793507,-0.000161868716
1.0285714285714285,1.0448979591836736,0.000591776172,-0.000161973596
1.0285714285714285,1.036734693877551,0.000591901714,-0.000161853463
1.0285714285714285,1.0285714285714285,0.00059230469,-0.000161554944
1.0285714285714285,1.0204081632653061,0.000591905739,-0.00016242876
1.0285714285714285,1.0122448979591836,0.000591161407,-0.000162157119
1.0285714285714285,1.0040816326530613,0.000591871143,-0.000162164216
1.0285714285714285,0.9959183673469387,0.000592296066,-0.000161103634
1.0285714285714285,0.9877551020408163,0.000593086684,-0.000162364085
1.0285714285714285,0.9795918367346939,0.000593255445,-0.000161497141
1.0285714285714285,0.9714285714285714,0.000592037125,-0.000161247627
1.0285714285714285,0.963265306122449,0.000592665979,-0.000162235988
1.0285714285714285,0.9551020408163265,0.000591552021,-0.000162411579
1.0285714285714285,0.9469387755102041,0.000591589203,-0.000161497559
1.0285714285714285,0.9387755102040816,0.000591986621,-0.000161585258
1.0285714285714285,0.9306122448979592,0.000593407052,-0.000161705391
1.0285714285714285,0.9224489795918367,0.00059110937,-0.000161317696
1.0285714285714285,0.9142857142857143,0.000591226574,-0.000162422337
1.0285714285714285,0.9061224489795918,0.00059055402,-0.000160524034
1.0285714285714285,0.8979591836734694,0.000590471892,-0.0001616394
1.0285714285714285,0.889795918367347,0.000591153836,-0.000161863995
1.0285714285714285,0.8816326530612244,0.000591514359,-0.00016215089
1.0285714285714285,0.8734693877551021,0.000591412583,-0.000161541842
1.0285714285714285,0.8653061224489795,0.000591427726,-0.00016200497
1.0285714285714285,0.8571428571428572,0.000592757691,-0.000161381729
1.0285714285714285,0.8489795918367347,0.000591056852,-0.000161518625
1.0285714285714285,0.8408163265306122,0.00059148858,-0.000160669729
1.0285714285714285,0.8326530612244898,0.000590675823,-0.000161184236
1.0285714285714285,0.8244897959183674,0.000589947879,-0.000161710979
1.0285714285714285,0.8163265306122449,0.000589724301,-0.000160636846
1.0285714285714285,0.8081632653061225,0.000590120759,-0.000160088619
1.0285714285714285,0.8,0.000590527475,-0.000161534745
1.0204081632653061,1.2,0.000593791821,-0.000163323224
1.0204081632653061,1.1918367346938774,0.00059304471,-0.000163692871
1.0204081632653061,1.183673469387755,0.000592470959,-0.0001634238
1.0204081632653061,1.1755102040816325,0.000592656875,-0.000162745326
1.0204081632653061,1.1673469387755102,0.000591881493,-0.00016383041
1.0204081632653061,1.1591836734693877,0.000591784223,-0.000164353492
1.0204081632653061,1.1510204081632653,0.000592614708,-0.00016396859
1.0204081632653061,1.1428571428571428,0.000592795833,-0.00016363462
1.0204081632653061,1.1346938775510205,0.00059232769,-0.000164234868
1.0204081632653061,1.126530612244898,0.000592273639,-0.000163414776
1.0204081632653061,1.1183673469387754,0.000593030334,-0.000163721676
1.0204081632653061,1.110204081632653,0.000594288042,-0.000163315485
1.0204081632653061,1.1020408163265305,0.000593387311,-0.000163715864
1.0204081632653061,1.0938775510204082,0.000593033113,-0.000163303891
1.0204081632653061,1.0857142857142856,0.000592910544,-0.000162960448
1.0204081632653061,1.0775510204081633,0.000594528868,-0.000162645391
1.0204081632653061,1.0693877551020408,0.000594548802,-0.000163641074
1.0204081632653061,1.0612244897959184,0.000594040698,-0.000163687059
1.0204081632653061,1.0530612244897959,0.000594534906,-0.000163409189
1.0204081632653061,1.0448979591836736,0.00059544522,-0.000163764643
1.0204081632653061,1.036734693877551,0.00059409906,-0.00016286761
1.0204081632653061,1.0285714285714285,0.000593795366,-0.000163147214
1.0204081632653061,1.0204081632653061,0.000593157889,-0.000162699983
1.0204081632653061,1.0122448979591836,0.000594211472,-0.00016366214
1.0204081632653061,1.0040816326530613,0.000593858807,-0.000163279165
1.0204081632653061,0.9959183673469387,0.000594582152,-0.000163861784
1.0204081632653061,0.9877551020408163,0.00059540152,-0.000162563953
1.0204081632653061,0.9795918367346939,0.000594544776,-0.000162525258
1.0204081632653061,0.9714285714285714,0.000595755239,-0.000163220495
1.0204081632653061,0.963265306122449,0.00059495561,-0.000162511289
1.0204081632653061,0.9551020408163265,0.000594781004,-0.000162953158
1.0204081632653061,0.9469387755102041,0.000595037452,-0.000163767662
1.0204081632653061,0.9387755102040816,0.000596285096,-0.000163003446
1.0204081632653061,0.9306122448979592,0.000595059685,-0.000162881161
1.0204081632653061,0.9224489795918367,0.000594917182,-0.000162947121
1.0204081632653061,0.9142857142857143,0.0005952939,-0.00016285772
1.0204081632653061,0.9061224489795918,0.000594839846,-0.000163558127
1.0204081632653061,0.8979591836734694,0.000594840133,-0.000161579222
1.0204081632653061,0.889795918367347,0.0005948156,-0.000162977211
1.0204081632653061,0.8816326530612244,0.000595713551,-0.000163166995
1.0204081632653061,0.8734693877551021,0.000595797979,-0.00016246251
1.0204081632653061,0.8653061224489795,0.000596314134,-0.00016404961
1.0204081632653061,0.8571428571428572,0.000594909325,-0.000163241337
1.0204081632653061,0.8489795918367347,0.000595993479,-0.000163558769
1.0204081632653061,0.8408163265306122,0.000595239563,-0.000163513202
1.0204081632653061,0.8326530612244898,0.000594936636,-0.000163334399
1.0204081632653061,0.8244897959183674,0.000594785316,-0.000164338238
1.0204081632653061,0.8163265306122449,0.000595125138,-0.000162920275
1.0204081632653061,0.8081632653061225,0.000594261783,-0.000162638744
1.0204081632653061,0.8,0.000595788588,-0.000162562444
1.0122448979591836,1.2,0.000592224575,-0.000162273174
1.0122448979591836,1.1918367346938774,0.000593605904,-0.000161834324
1.0122448979591836,1.183673469387755,0.000592436363,-0.000161956833
1.0122448979591836,1.1755102040816325,0.000591601759,-0.000161930822
1.0122448979591836,1.1673469387755102,0.000591682161,-0.000161919005
1.0122448979591836,1.1591836734693877,0.000592841066,-0.0001628328
1.0122448979591836,1.1510204081632653,0.000592530281,-0.000162156477
1.0122448979591836,1.1428571428571428,0.000592622279,-0.000161744922
1.0122448979591836,1.1346938775510205,0.000592235978,-0.000161940713
1.0122448979591836,1.126530612244898,0.000593344378,-0.000161853238
1.0122448979591836,1.1183673469387754,0.000592655343,-0.000162569541
1.0122448979591836,1.110204081632653,0.0005927736,-0.000162026678
1.0122448979591836,1.1020408163265305,0.000592925206,-0.00016383041
1.0122448979591836,1.0938775510204082,0.000591373389,-0.000163221138
1.0122448979591836,1.0857142857142856,0.00059157732,-0.000163394578
1.0122448979591836,1.0775510204081633,0.000590659914,-0.000162621114
1.0122448979591836,1.0693877551020408,0.000590799832,-0.000163738857
1.0122448979591836,1.0612244897959184,0.000589879933,-0.000162734793
1.0122448979591836,1.0530612244897959,0.000592109383,-0.000162041932
1.0122448979591836,1.0448979591836736,0.000591686953,-0.000162964109
1.0122448979591836,1.036734693877551,0.000592419402,-0.000162451559
1.0122448979591836,1.0285714285714285,0.00059127056,-0.000161602663
1.0122448979591836,1.0204081632653061,0.000591689732,-0.00016143009
1.0122448979591836,1.0122448979591836,0.000590384972,-0.000162361291
1.0122448979591836,1.0040816326530613,0.00059183674,-0.000162231267
1.0122448979591836,0.9959183673469387,0.000591146265,-0.000161553884
1.0122448979591836,0.9877551020408163,0.000591098733,-0.00016167938
1.0122448979591836,0.9795918367346939,0.000591388531,-0.000162023242
1.0122448979591836,0.9714285714285714,0.000591442868,-0.000162196008
1.0122448979591836,0.963265306122449,0.000591164186,-0.000162366879
1.0122448979591836,0.9551020408163265,0.000590835481,-0.000161469621
1.0122448979591836,0.9469387755102041,0.000591712731,-0.000161569138
1.0122448979591836,0.9387755102040816,0.000590696043,-0.000162941983
1.0122448979591836,0.9306122448979592,0.000590435283,-0.000163159032
1.0122448979591836,0.9224489795918367,0.000589877154,-0.000162025587
1.0122448979591836,0.9142857142857143,0.000590183627,-0.000162206123
1.0122448979591836,0.9061224489795918,0.000589730626,-0.000163217702
1.0122448979591836,0.8979591836734694,0.000590568396,-0.000161909338
1.0122448979591836,0.889795918367347,0.000591700082,-0.000162158853
1.0122448979591836,0.8816326530612244,0.00059101258,-0.000161293837
1.0122448979591836,0.8734693877551021,0.000590518371,-0.00016245111
1.0122448979591836,0.8653061224489795,0.000590615641,-0.000163241337
1.0122448979591836,0.8571428571428572,0.000589945867,-0.000162772621
1.0122448979591836,0.8489795918367347,0.000589910218,-0.000161604815
1.0122448979591836,0.8408163265306122,0.000590734185,-0.000162622623
1.0122448979591836,0.8326530612244898,0.000589360233,-0.000162470025
1.0122448979591836,0.8244897959183674,0.000589331195,-0.000161678514
1.0122448979591836,0.8163265306122449,0.00059070764,-0.000163029651
1.0122448979591836,0.8081632653061225,0.000590777118,-0.000161564835
1.0122448979591836,0.8,0.000589079732,-0.00016096115
1.0040816326530613,1.2,0.000589677536,-0.000163429388
1.0040816326530613,1.1918367346938774,0.000588714418,-0.000163692229
1.0040816326530613,1.183673469387755,0.000589110589,-0.000163785933
1.0040816326530613,1.1755102040816325,0.000588787442,-0.000163229519
1.0040816326530613,1.1673469387755102,0.000588964827,-0.000162697413
1.0040816326530613,1.1591836734693877,0.000588833155,-0.000162867193
1.0040816326530613,1.1510204081632653,0.000588423087,-0.000162911026
1.0040816326530613,1.1428571428571428,0.000589037565,-0.000162847412
1.0040816326530613,1.1346938775510205,0.000589055006,-0.000162500338
1.0040816326530613,1.126530612244898,0.000589348636,-0.000161627807
1.0040816326530613,1.1183673469387754,0.00058865299,-0.000162343019
1.0040816326530613,1.110204081632653,0.000587963281,-0.000162161422
1.0040816326530613,1.1020408163265305,0.000588780637,-0.000161934483
1.0040816326530613,1.0938775510204082,0.000588744222,-0.00016149499
1.0040816326530613,1.0857142857142856,0.000588627498,-0.000162178185
1.0040816326530613,1.0775510204081633,0.000588136835,-0.00016261726
1.0040816326530613,1.0693877551020408,0.000588735884,-0.000162315081
1.0040816326530613,1.0612244897959184,0.000587705494,-0.000161520776
1.0040816326530613,1.0530612244897959,0.000588491319,-0.000161191975
1.0040816326530613,1.0448979591836736,0.000587942294,-0.000162913178
1.0040816326530613,1.036734693877551,0.000588268221,-0.000161764061
1.0040816326530613,1.0285714285714285,0.000588221455,-0.000161977032
1.0040816326530613,1.0204081632653061,0.000587629497,-0.000162972908
1.0040816326530613,1.0122448979591836,0.000588005735,-0.000163342138
1.0040816326530613,1.0040816326530613,0.000587784363,-0.000162702134
1.0040816326530613,0.9959183673469387,0.00058831518,-0.000162372466
1.0040816326530613,0.9877551020408163,0.000588430658,-0.000162795838
1.0040816326530613,0.9795918367346939,0.000588497644,-0.00016198628
1.0040816326530613,0.9714285714285714,0.000588094381,-0.000161988431
1.0040816326530613,0.963265306122449,0.000588411204,-0.000163485039
1.0040816326530613,0.9551020408163265,0.000589935996,-0.000162667966
1.0040816326530613,0.9469387755102041,0.000587945553,-0.000162147453
1.0040816326530613,0.9387755102040816,0.000587969319,-0.000162042798
1.0040816326530613,0.9306122448979592,0.000589153523,-0.000161701731
1.0040816326530613,0.9224489795918367,0.000589399621,-0.000162853866
1.0040816326530613,0.9142857142857143,0.000588692951,-0.000162885882
1.0040816326530613,0.9061224489795918,0.000589572694,-0.000163364264
1.0040816326530613,0.8979591836734694,0.000588847817,-0.000163715864
1.0040816326530613,0.889795918367347,0.00058825126,-0.000164190391
1.0040816326530613,0.8816326530612244,0.000588106744,-0.000164535955
1.0040816326530613,0.8734693877551021,0.000588744222,-0.000161943924
1.0040816326530613,0.8653061224489795,0.000587594901,-0.000162467873
1.0040816326530613,0.8571428571428572,0.000588029214,-0.00016370941
1.0040816326530613,0.8489795918367347,0.000589669198,-0.000163676109
1.0040816326530613,0.8408163265306122,0.000590702081,-0.000163240694
1.0040816326530613,0.8326530612244898,0.000590811235,-0.000164054556
1.0040816326530613,0.8244897959183674,0.000590666719,-0.000164783319
1.0040816326530613,0.8163265306122449,0.000589581798,-0.000162421888
1.0040816326530613,0.8081632653061225,0.000590105045,-0.000162355061
1.0040816326530613,0.8,0.000590034319,-0.000162514307
0.9959183673469387,1.2,0.000591284456,-0.000163931853
0.9959183673469387,1.1918367346938774,0.000590845351,-0.000163831277
0.9959183673469387,1.183673469387755,0.000590629824,-0.000164275266
0.9959183673469387,1.1755102040816325,0.000590116448,-0.000163018475
0.9959183673469387,1.1673469387755102,0.000590416596,-0.000163553824
0.9959183673469387,1.1591836734693877,0.000589572694,-0.000164266884
0.9959183673469387,1.1510204081632653,0.00059177138,-0.000162661736
0.9959183673469387,1.1428571428571428,0.000591015645,-0.000163269917
0.9959183673469387,1.1346938775510205,0.000591301897,-0.000162965618
0.9959183673469387,1.126530612244898,0.000591332948,-0.000163735421
0.9959183673469387,1.1183673469387754,0.000591346364,-0.000162354837
0.9959183673469387,1.110204081632653,0.000591529021,-0.000163270366
0.9959183673469387,1.1020408163265305,0.000591016412,-0.000161842287
0.9959183673469387,1.0938775510204082,0.000591702861,-0.000163034596
0.9959183673469387,1.0857142857142856,0.000591952218,-0.000162197742
0.9959183673469387,1.0775510204081633,0.000590818326,-0.000162785948
0.9959183673469387,1.0693877551020408,0.000591224848,-0.000162440802
0.9959183673469387,1.0612244897959184,0.000590353921,-0.000163394129
0.9959183673469387,1.0530612244897959,0.000590882726,-0.000162415882
0.9959183673469387,1.0448979591836736,0.000589831922,-0.000162475837
0.9959183673469387,1.036734693877551,0.000591014592,-0.000163120786
0.9959183673469387,1.0285714285714285,0.000589351609,-0.000162893621
0.9959183673469387,1.0204081632653061,0.000590330442,-0.000162684087
0.9959183673469387,1.0122448979591836,0.000590663173,-0.00016324564
0.9959183673469387,1.0040816326530613,0.000589654536,-0.000162142508
0.9959183673469387,0.9959183673469387,0.000588965307,-0.000163140118
0.9959183673469387,0.9877551020408163,0.000588872543,-0.000162649276
0.9959183673469387,0.9795918367346939,0.000588840726,-0.000163803114
0.9959183673469387,0.9714285714285714,0.000589007761,-0.000163502251
0.9959183673469387,0.963265306122449,0.000588709053,-0.000162128764
0.9959183673469387,0.9551020408163265,0.000588417049,-0.000162300245
0.9959183673469387,0.9469387755102041,0.000588507708,-0.000162918766
0.9959183673469387,0.9387755102040816,0.000588912217,-0.000162840539
0.9959183673469387,0.9306122448979592,0.000588696976,-0.000162018072
0.9959183673469387,0.9224489795918367,0.000588942308,-0.000162430269
0.9959183673469387,0.9142857142857143,0.000588633056,-0.000163052001
0.9959183673469387,0.9061224489795918,0.000589577006,-0.000163597882
0.9959183673469387,0.8979591836734694,0.000589933504,-0.000163438412
0.9959183673469387,0.889795918367347,0.000589114615,-0.000162934019
0.9959183673469387,0.8816326530612244,0.000589936283,-0.000162653355
0.9959183673469387,0.8734693877551021,0.000590241223,-0.000162474103
0.9959183673469387,0.8653061224489795,0.00059069499,-0.000163433691
0.9959183673469387,0.8571428571428572,0.000589731586,-0.000162274041
0.9959183673469387,0.8489795918367347,0.000590601266,-0.000162854733
0.9959183673469387,0.8408163265306122,0.000589139147,-0.000162649694
0.9959183673469387,0.8326530612244898,0.000588999903,-0.000163798393
0.9959183673469387,0.8244897959183674,0.000588655289,-0.000163275087
0.9959183673469387,0.8163265306122449,0.000588389737,-0.00016249732
0.9959183673469387,0.8081632653061225,0.000589744808,-0.000162963242
0.9959183673469387,0.8,0.000588703301,-0.000162747702
0.9877551020408163,1.2,0.000591406259,-0.000163753693
0.9877551020408163,1.1918367346938774,0.000590317026,-0.00016436897
0.9877551020408163,1.183673469387755,0.000590236717,-0.000163091339
0.9877551020408163,1.1755102040816325,0.000590508787,-0.000163416928
0.9877551020408163,1.1673469387755102,0.000590012086,-0.000162974641
0.9877551020408163,1.1591836734693877,0.00058865155,-0.000162842466
0.9877551020408163,1.1510204081632653,0.000591463375,-0.000163067479
0.9877551020408163,1.1428571428571428,0.000590047449,-0.000162978078
0.9877551020408163,1.1346938775510205,0.000590106577,-0.000164334802
0.9877551020408163,1.126530612244898,0.000589427412,-0.000163659121
0.9877551020408163,1.1183673469387754,0.000590850909,-0.000163753693
0.9877551020408163,1.110204081632653,0.000590781144,-0.00016350482
0.9877551020408163,1.1020408163265305,0.000590631836,-0.00016381901
0.9877551020408163,1.0938775510204082,0.000589829622,-0.000162886525
0.9877551020408163,1.0857142857142856,0.000590070162,-0.000163231895
0.9877551020408163,1.0775510204081633,0.000590584591,-0.000163856196
0.9877551020408163,1.0693877551020408,0.000590207873,-0.000164512738
0.9877551020408163,1.0612244897959184,0.000590160627,-0.000164211875
0.9877551020408163,1.0530612244897959,0.000589887791,-0.000163973536
0.9877551020408163,1.0448979591836736,0.000590367051,-0.000163967306
0.9877551020408163,1.036734693877551,0.000588791467,-0.000163909921
0.9877551020408163,1.0285714285714285,0.000589715677,-0.000164044247
0.9877551020408163,1.0204081632653061,0.000589024149,-0.000164766974
0.9877551020408163,1.0122448979591836,0.000589308675,-0.000166274145
0.9877551020408163,1.0040816326530613,0.000588741443,-0.000165297601
0.9877551020408163,0.9959183673469387,0.000589910024,-0.000164023182
0.9877551020408163,0.9877551020408163,0.000589135602,-0.000164312227
0.9877551020408163,0.9795918367346939,0.000589376141,-0.000164435603
0.9877551020408163,0.9714285714285714,0.0005889034,-0.000164526289
0.9877551020408163,0.963265306122449,0.000588554473,-0.000165881505
0.9877551020408163,0.9551020408163265,0.000590295273,-0.000165250107
0.9877551020408163,0.9469387755102041,0.000589899388,-0.000165085915
0.9877551020408163,0.9387755102040816,0.000589885972,-0.000166028067
0.9877551020408163,0.9306122448979592,0.000590322104,-0.000165151457
0.9877551020408163,0.9224489795918367,0.000590494892,-0.0001663902
0.9877551020408163,0.9142857142857143,0.000590706393,-0.000165905364
0.9877551020408163,0.9061224489795918,0.000590411804,-0.000166547713
0.9877551020408163,0.8979591836734694,0.00059045627,-0.000166232014
0.9877551020408163,0.889795918367347,0.00059004515,-0.000165581284
0.9877551020408163,0.8816326530612244,0.000591005775,-0.000165321879
0.9877551020408163,0.8734693877551021,0.000591164186,-0.000165137264
0.9877551020408163,0.8653061224489795,0.000591169745,-0.000164864757
0.9877551020408163,0.8571428571428572,0.000592119733,-0.000164404647
0.9877551020408163,0.8489795918367347,0.000593005322,-0.000163979123
0.9877551020408163,0.8408163265306122,0.000592278911,-0.000164460747
0.9877551020408163,0.8326530612244898,0.000592695304,-0.000165671328
0.9877551020408163,0.8244897959183674,0.000592709966,-0.000163829767
0.9877551020408163,0.8163265306122449,0.000592081112,-0.000163602603
0.9877551020408163,0.8081632653061225,0.00059276047,-0.00016486649
0.9877551020408163,0.8,0.000592089163,-0.000164529725
0.9795918367346939,1.2,0.000591644019,-0.000161483815
0.9795918367346939,1.1918367346938774,0.000591846611,-0.000161928253
0.9795918367346939,1.183673469387755,0.000592194004,-0.000160686716
0.9795918367346939,1.1755102040816325,0.000591485321,-0.000162126388
0.9795918367346939,1.1673469387755102,0.000591777612,-0.000162562444
0.9795918367346939,1.1591836734693877,0.000592096254,-0.000161593415
0.9795918367346939,1.1510204081632653,0.000593274899,-0.000161983262
0.9795918367346939,1.1428571428571428,0.000592802924,-0.000161776521
0.9795918367346939,1.1346938775510205,0.000591905453,-0.000162161422
0.9795918367346939,1.126530612244898,0.000592272107,-0.000162290579
0.9795918367346939,1.1183673469387754,0.000592190745,-0.000162772621
0.9795918367346939,1.110204081632653,0.000592630137,-0.000160882282
0.9795918367346939,1.1020408163265305,0.000592763536,-0.00016143632
0.9795918367346939,1.0938775510204082,0.000592400714,-0.000162211711
0.9795918367346939,1.0857142857142856,0.000591973205,-0.000162047519
0.9795918367346939,1.0775510204081633,0.000593042984,-0.000161597494
0.9795918367346939,1.0693877551020408,0.000592426206,-0.000161977899
0.9795918367346939,1.0612244897959184,0.000593532594,-0.000161303503
0.9795918367346939,1.0530612244897959,0.00059323925,-0.000161842705
0.9795918367346939,1.0448979591836736,0.000594636488,-0.000160652324
0.9795918367346939,1.036734693877551,0.000593784536,-0.0001617157
0.9795918367346939,1.0285714285714285,0.000593906819,-0.000161800798
0.9795918367346939,1.0204081632653061,0.000593666759,-0.000161581598
0.9795918367346939,1.0122448979591836,0.000593345624,-0.000161467052
0.9795918367346939,1.0040816326530613,0.000592099513,-0.000160900554
0.9795918367346939,0.9959183673469387,0.000592035879,-0.000162071379
0.9795918367346939,0.9877551020408163,0.000592459842,-0.000161874946
0.9795918367346939,0.9795918367346939,0.000592538138,-0.000161739559
0.9795918367346939,0.9714285714285714,0.000591784223,-0.000162438233
0.9795918367346939,0.963265306122449,0.000591321352,-0.000161610402
0.9795918367346939,0.9551020408163265,0.000591438076,-0.000162426609
0.9795918367346939,0.9469387755102041,0.000590741469,-0.000161746207
0.9795918367346939,0.9387755102040816,0.000591735445,-0.000161685386
0.9795918367346939,0.9306122448979592,0.000590837013,-0.000161922441
0.9795918367346939,0.9224489795918367,0.000591506308,-0.000162455638
0.9795918367346939,0.9142857142857143,0.000593176863,-0.000162230401
0.9795918367346939,0.9061224489795918,0.000592443361,-0.000161613838
0.9795918367346939,0.8979591836734694,0.000591728354,-0.000160955563
0.9795918367346939,0.889795918367347,0.000592464634,-0.000161330156
0.9795918367346939,0.8816326530612244,0.00059165255,-0.000162307984
0.9795918367346939,0.8734693877551021,0.000592770821,-0.000161384747
0.9795918367346939,0.8653061224489795,0.00059268572,-0.000162202463
0.9795918367346939,0.8571428571428572,0.000592612123,-0.000162824194
0.9795918367346939,0.8489795918367347,0.000592319352,-0.000163203733
0.9795918367346939,0.8408163265306122,0.000592036073,-0.000162650337
0.9795918367346939,0.8326530612244898,0.000592220549,-0.000162820758
0.9795918367346939,0.8244897959183674,0.000592955297,-0.000163989014
0.9795918367346939,0.8163265306122449,0.000592697316,-0.000162656149
0.9795918367346939,0.8081632653061225,0.000592575514,-0.000163620651
0.9795918367346939,0.8,0.000593521957,-0.000163919811
0.9714285714285714,1.2,0.000592501243,-0.000161372063
0.9714285714285714,1.1918367346938774,0.000592142733,-0.000161503371
0.9714285714285714,1.183673469387755,0.000593200629,-0.000162225262
0.9714285714285714,1.1755102040816325,0.000592526542,-0.000162204614
0.9714285714285714,1.1673469387755102,0.000591776652,-0.000162815813
0.9714285714285714,1.1591836734693877,0.000592172057,-0.000163376948
0.9714285714285714,1.1510204081632653,0.000592721849,-0.000162786172
0.9714285714285714,1.1428571428571428,0.000593094255,-0.000162724484
0.9714285714285714,1.1346938775510205,0.000592964115,-0.000162796481
0.9714285714285714,1.126530612244898,0.000592322131,-0.000162736302
0.9714285714285714,1.1183673469387754,0.000592968906,-0.000162255127
0.9714285714285714,1.110204081632653,0.000593685733,-0.00016232282
0.9714285714285714,1.1020408163265305,0.00059229482,-0.000163937216
0.9714285714285714,1.0938775510204082,0.000593124059,-0.000164033072
0.9714285714285714,1.0857142857142856,0.000592581838,-0.000163006016
0.9714285714285714,1.0775510204081633,0.00059329234,-0.000162756083
0.9714285714285714,1.0693877551020408,0.000593216537,-0.000162725351
0.9714285714285714,1.0612244897959184,0.000592566983,-0.000162685371
0.9714285714285714,1.0530612244897959,0.000592714758,-0.00016366686
0.9714285714285714,1.0448979591836736,0.000592048528,-0.000161993152
0.9714285714285714,1.036734693877551,0.000592564684,-0.000163524601
0.9714285714285714,1.0285714285714285,0.000592831002,-0.000163289922
0.9714285714285714,1.0204081632653061,0.000592693771,-0.000162065791
0.9714285714285714,1.0122448979591836,0.00059335952,-0.000163108744
0.9714285714285714,1.0040816326530613,0.000592915623,-0.000163027306
0.9714285714285714,0.9959183673469387,0.000592578099,-0.000162854284
0.9714285714285714,0.9877551020408163,0.000592283223,-0.000162966902
0.9714285714285714,0.9795918367346939,0.000593028035,-0.00016188914
0.9714285714285714,0.9714285714285714,0.000593395649,-0.000162298094
0.9714285714285714,0.963265306122449,0.000593457557,-0.000162271247
0.9714285714285714,0.9551020408163265,0.000593649318,-0.000163484621
0.9714285714285714,0.9469387755102041,0.000593584151,-0.000163321072
0.9714285714285714,0.9387755102040816,0.000593142746,-0.000161599645
0.9714285714285714,0.9306122448979592,0.000594277212,-0.000161992286
0.9714285714285714,0.9224489795918367,0.000593530101,-0.000160681546
0.9714285714285714,0.9142857142857143,0.000593424973,-0.000162236213
0.9714285714285714,0.9061224489795918,0.00059352349,-0.000162756501
0.9714285714285714,0.8979591836734694,0.000592904986,-0.000161324568
0.9714285714285714,0.889795918367347,0.000594657669,-0.000160631258
0.9714285714285714,0.8816326530612244,0.000594647605,-0.000162874289
0.9714285714285714,0.8734693877551021,0.000594766822,-0.000161750734
0.9714285714285714,0.8653061224489795,0.000593918415,-0.000163088545
0.9714285714285714,0.8571428571428572,0.000594028815,-0.000162892112
0.9714285714285714,0.8489795918367347,0.000594190005,-0.000162959163
0.9714285714285714,0.8408163265306122,0.000593820379,-0.000163303667
0.9714285714285714,0.8326530612244898,0.00059421981,-0.00016293768
0.9714285714285714,0.8244897959183674,0.000594121293,-0.000163813423
0.9714285714285714,0.8163265306122449,0.000594557139,-0.000163221362
0.9714285714285714,0.8081632653061225,0.000593645292,-0.000162856435
0.9714285714285714,0.8,0.000594941428,-0.000163656328
0.963265306122449,1.2,0.000591842585,-0.000163663649
0.963265306122449,1.1918367346938774,0.000591053307,-0.000163249076
0.963265306122449,1.183673469387755,0.000590076967,-0.00016399139
0.963265306122449,1.1755102040816325,0.000590050708,-0.000164363382
0.963265306122449,1.1673469387755102,0.000589567136,-0.000164069616
0.963265306122449,1.1591836734693877,0.000589909738,-0.000163611627
0.963265306122449,1.1510204081632653,0.000589790714,-0.000164119455
0.963265306122449,1.1428571428571428,0.000589737144,-0.000162948855
0.963265306122449,1.1346938775510205,0.000591106784,-0.000163786994
0.963265306122449,1.126530612244898,0.000591167732,-0.000163851893
0.963265306122449,1.1183673469387754,0.000590856947,-0.000163751317
0.963265306122449,1.110204081632653,0.000590050994,-0.000164503715
0.963265306122449,1.1020408163265305,0.000589675523,-0.000164323851
0.963265306122449,1.0938775510204082,0.000589836427,-0.000163027081
0.963265306122449,1.0857142857142856,0.000589667185,-0.000164515756
0.963265306122449,1.0775510204081633,0.000589671211,-0.000163947107
0.963265306122449,1.0693877551020408,0.000589327363,-0.000163007943
0.963265306122449,1.0612244897959184,0.000589910024,-0.000163682339
0.963265306122449,1.0530612244897959,0.000589593395,-0.000164182428
0.963265306122449,1.0448979591836736,0.000589860193,-0.000162929074
0.963265306122449,1.036734693877551,0.000589457983,-0.00016351728
0.963265306122449,1.0285714285714285,0.000590168485,-0.000162619829
0.963265306122449,1.0204081632653061,0.000589997138,-0.000163434975
0.963265306122449,1.0122448979591836,0.00058982761,-0.000163937216
0.963265306122449,1.0040816326530613,0.000589759664,-0.000163669654
0.963265306122449,0.9959183673469387,0.000589468333,-0.000163670297
0.963265306122449,0.9877551020408163,0.000589403933,-0.00016308103
0.963265306122449,0.9795918367346939,0.000589900634,-0.000163080806
0.963265306122449,0.9714285714285714,0.000590665186,-0.000162868253
0.963265306122449,0.963265306122449,0.000589756118,-0.000163246058
0.963265306122449,0.9551020408163265,0.00059052345,-0.000163276371
0.963265306122449,0.9469387755102041,0.000590767535,-0.000162915972
0.963265306122449,0.9387755102040816,0.000591646512,-0.000163913357
0.963265306122449,0.9306122448979592,0.000591878714,-0.00016367203
0.963265306122449,0.9224489795918367,0.000590312234,-0.000163459895
0.963265306122449,0.9142857142857143,0.000589657122,-0.000163660213
0.963265306122449,0.9061224489795918,0.000589489606,-0.000163505687
0.963265306122449,0.8979591836734694,0.000589961775,-0.000163548012
0.963265306122449,0.889795918367347,0.000589319985,-0.000163658255
0.963265306122449,0.8816326530612244,0.000589588123,-0.000164074112
0.963265306122449,0.8734693877551021,0.000589073214,-0.000163450005
0.963265306122449,0.8653061224489795,0.000589024149,-0.000163590786
0.963265306122449,0.8571428571428572,0.000589530721,-0.000162923068
0.963265306122449,0.8489795918367347,0.000589623485,-0.000162606278
0.963265306122449,0.8408163265306122,0.000590288468,-0.00016232282
0.963265306122449,0.8326530612244898,0.000590851389,-0.000163438187
0.963265306122449,0.8244897959183674,0.000590685407,-0.000162196233
0.963265306122449,0.8163265306122449,0.000590885505,-0.000162239649
0.963265306122449,0.8081632653061225,0.000591023983,-0.000162286276
0.963265306122449,0.8,0.000589956983,-0.000161265674
0.9551020408163265,1.2,0.000591157862,-0.000164373691
0.9551020408163265,1.1918367346938774,0.000591585371,-0.00016396236
0.9551020408163265,1.183673469387755,0.000592061371,-0.000163466574
0.9551020408163265,1.1755102040816325,0.000592646812,-0.000164099481
0.9551020408163265,1.1673469387755102,0.000591741769,-0.000163496439
0.9551020408163265,1.1591836734693877,0.000591694044,-0.000163410474
0.9551020408163265,1.1510204081632653,0.000591202615,-0.000163432182
0.9551020408163265,1.1428571428571428,0.000591564384,-0.000164348771
0.9551020408163265,1.1346938775510205,0.000591792274,-0.000164188882
0.9551020408163265,1.126530612244898,0.000591365051,-0.000163914866
0.9551020408163265,1.1183673469387754,0.000591785469,-0.000163658479
0.9551020408163265,1.110204081632653,0.000592533827,-0.000163252512
0.9551020408163265,1.1020408163265305,0.000592244795,-0.000164426131
0.9551020408163265,1.0938775510204082,0.000592841066,-0.000163500517
0.9551020408163265,1.0857142857142856,0.000591469413,-0.000163606906
0.9551020408163265,1.0775510204081633,0.000592891857,-0.000164140521
0.9551020408163265,1.0693877551020408,0.000592242782,-0.000164076264
0.9551020408163265,1.0612244897959184,0.000592961049,-0.000162613375
0.9551020408163265,1.0530612244897959,0.000593124539,-0.000163402735
0.9551020408163265,1.0448979591836736,0.000592135928,-0.000164130855
0.9551020408163265,1.036734693877551,0.000593469726,-0.000163087036
0.9551020408163265,1.0285714285714285,0.000592361806,-0.000163439054
0.9551020408163265,1.0204081632653061,0.000592195537,-0.000162721691
0.9551020408163265,1.0122448979591836,0.000591848143,-0.000162476255
0.9551020408163265,1.0040816326530613,0.000591080332,-0.000163347501
0.9551020408163265,0.9959183673469387,0.000590609603,-0.000163365773
0.9551020408163265,0.9877551020408163,0.000591087617,-0.00016275801
0.9551020408163265,0.9795918367346939,0.000590133316,-0.000163085526
0.9551020408163265,0.9714285714285714,0.000591701615,-0.000163559187
0.9551020408163265,0.963265306122449,0.000591770327,-0.000162848278
0.9551020408163265,0.9551020408163265,0.000592091176,-0.00016290287
0.9551020408163265,0.9469387755102041,0.000590983828,-0.000163263912
0.9551020408163265,0.9387755102040816,0.000590766002,-0.000163087678
0.9551020408163265,0.9306122448979592,0.000590110123,-0.000162323045
0.9551020408163265,0.9224489795918367,0.000591069215,-0.000162879652
0.9551020408163265,0.9142857142857143,0.000590157082,-0.000163247791
0.9551020408163265,0.9061224489795918,0.000590191964,-0.000163397371
0.9551020408163265,0.8979591836734694,0.000591631083,-0.000162434796
0.9551020408163265,0.889795918367347,0.000591774353,-0.00016341757
0.9551020408163265,0.8816326530612244,0.000590493839,-0.000163909278
0.9551020408163265,0.8734693877551021,0.000588802584,-0.00016381795
0.9551020408163265,0.8653061224489795,0.000589167225,-0.000164191452
0.9551020408163265,0.8571428571428572,0.000590240743,-0.000162545682
0.9551020408163265,0.8489795918367347,0.000589048968,-0.000163870165
0.9551020408163265,0.8408163265306122,0.000588954957,-0.000163127016
0.9551020408163265,0.8326530612244898,0.000589283183,-0.000163084242
0.9551020408163265,0.8244897959183674,0.000589258364,-0.000163649455
0.9551020408163265,0.8163265306122449,0.00058947849,-0.000162834952
0.9551020408163265,0.8081632653061225,0.000589415529,-0.000162686014
0.9551020408163265,0.8,0.0005904234,-0.000164384224
0.9469387755102041,1.2,0.000591394089,-0.00016465824
0.9469387755102041,1.1918367346938774,0.000590831649,-0.000164320833
0.9469387755102041,1.183673469387755,0.000590531787,-0.000165268154
0.9469387755102041,1.1755102040816325,0.000590192251,-0.000165591592
0.9469387755102041,1.1673469387755102,0.000590597434,-0.000164996932
0.9469387755102041,1.1591836734693877,0.000590800118,-0.000165349817
0.9469387755102041,1.1510204081632653,0.000593160954,-0.000165203897
0.9469387755102041,1.1428571428571428,0.000592674603,-0.000165216132
0.9469387755102041,1.1346938775510205,0.00059249923,-0.000165150815
0.9469387755102041,1.126530612244898,0.000592313794,-0.00016589374
0.9469387755102041,1.1183673469387754,0.000592224861,-0.000165672837
0.9469387755102041,1.110204081632653,0.000591817573,-0.000165857645
0.9469387755102041,1.1020408163265305,0.000592520217,-0.000165208618
0.9469387755102041,1.0938775510204082,0.000592258211,-0.000165505403
0.9469387755102041,1.0857142857142856,0.000592413077,-0.000164736466
0.9469387755102041,1.0775510204081633,0.000591502956,-0.000164938262
0.9469387755102041,1.0693877551020408,0.000591420154,-0.000165762014
0.9469387755102041,1.0612244897959184,0.000590998204,-0.000166243414
0.9469387755102041,1.0530612244897959,0.000591081292,-0.000165613076
0.9469387755102041,1.0448979591836736,0.000590524216,-0.000165324897
0.9469387755102041,1.036734693877551,0.000589791481,-0.000164700789
0.9469387755102041,1.0285714285714285,0.000591087903,-0.000165275027
0.9469387755102041,1.0204081632653061,0.000590462788,-0.000165004028
0.9469387755102041,1.0122448979591836,0.000591001463,-0.00016636891
0.9469387755102041,1.0040816326530613,0.000590499204,-0.000165365937
0.9469387755102041,0.9959183673469387,0.000591826197,-0.000165144361
0.9469387755102041,0.9877551020408163,0.000589774806,-0.000165124386
0.9469387755102041,0.9795918367346939,0.000590760444,-0.000164916778
0.9469387755102041,0.9714285714285714,0.000590367051,-0.000164343183
0.9469387755102041,0.963265306122449,0.000590501696,-0.000165054317
0.9469387755102041,0.9551020408163265,0.000590182094,-0.000165049596
0.9469387755102041,0.9469387755102041,0.000589713185,-0.000164950946
0.9469387755102041,0.9387755102040816,0.000590482529,-0.000165478974
0.9469387755102041,0.9306122448979592,0.000590839506,-0.000165008331
0.9469387755102041,0.9224489795918367,0.000591806456,-0.000165004028
0.9469387755102041,0.9142857142857143,0.000590612862,-0.000165873123
0.9469387755102041,0.9061224489795918,0.000590899401,-0.000164773652
0.9469387755102041,0.8979591836734694,0.000589410737,-0.000164677154
0.9469387755102041,0.889795918367347,0.000589579499,-0.000165831634
0.9469387755102041,0.8816326530612244,0.000590790248,-0.000164417974
0.9469387755102041,0.8734693877551021,0.000590161874,-0.000164318682
0.9469387755102041,0.8653061224489795,0.000590506008,-0.000165383342
0.9469387755102041,0.8571428571428572,0.000591180861,-0.000165177468
0.9469387755102041,0.8489795918367347,0.000591543683,-0.000165860021
0.9469387755102041,0.8408163265306122,0.000590572708,-0.000164700147
0.9469387755102041,0.8326530612244898,0.000591058292,-0.000165177244
0.9469387755102041,0.8244897959183674,0.000590973958,-0.000165500682
0.9469387755102041,0.8163265306122449,0.000590716457,-0.000163951185
0.9469387755102041,0.8081632653061225,0.000590264989,-0.000165279972
0.9469387755102041,0.8,0.000591520684,-0.000165800485
0.9387755102040816,1.2,0.000591779145,-0.000165750196
0.9387755102040816,1.1918367346938774,0.000590868064,-0.000166925324
0.9387755102040816,1.183673469387755,0.000590004229,-0.000166378576
0.9387755102040816,1.1755102040816325,0.000591248807,-0.000165541304
0.9387755102040816,1.1673469387755102,0.000590948659,-0.000164749151
0.9387755102040816,1.1591836734693877,0.000590756132,-0.000164648574
0.9387755102040816,1.1510204081632653,0.000590209886,-0.000164835758
0.9387755102040816,1.1428571428571428,0.000589458749,-0.000166481753
0.9387755102040816,1.1346938775510205,0.000590792261,-0.000166618007
0.9387755102040816,1.126530612244898,0.000591244015,-0.000165195291
0.9387755102040816,1.1183673469387754,0.000591104292,-0.000165225381
0.9387755102040816,1.110204081632653,0.000591158915,-0.000164595043
0.9387755102040816,1.1020408163265305,0.000591983269,-0.000164986623
0.9387755102040816,1.0938775510204082,0.000591320299,-0.000165416226
0.9387755102040816,1.0857142857142856,0.000591971192,-0.000166085676
0.9387755102040816,1.0775510204081633,0.000590092682,-0.000165590083
0.9387755102040816,1.0693877551020408,0.00059190296,-0.000164906246
0.9387755102040816,1.0612244897959184,0.000591895869,-0.000165420528
0.9387755102040816,1.0530612244897959,0.000592232912,-0.000165076667
0.9387755102040816,1.0448979591836736,0.000591936023,-0.000164765047
0.9387755102040816,1.036734693877551,0.000591110616,-0.000165197443
0.9387755102040816,1.0285714285714285,0.000591522217,-0.000166153145
0.9387755102040816,1.0204081632653061,0.000590406725,-0.000165618888
0.9387755102040816,1.0122448979591836,0.000591325857,-0.000165794255
0.9387755102040816,1.0040816326530613,0.000591271807,-0.000165230968
0.9387755102040816,0.9959183673469387,0.000590616694,-0.000165329393
0.9387755102040816,0.9877551020408163,0.000590140407,-0.000163555109
0.9387755102040816,0.9795918367346939,0.000590146252,-0.000165000817
0.9387755102040816,0.9714285714285714,0.000589894596,-0.000164112583
0.9387755102040816,0.963265306122449,0.00058995823,-0.000165111477
0.9387755102040816,0.9551020408163265,0.000590078019,-0.000165527753
0.9387755102040816,0.9469387755102041,0.000590112616,-0.000165562788
0.9387755102040816,0.9387755102040816,0.000590294507,-0.000165996693
0.9387755102040816,0.9306122448979592,0.000591224561,-0.000164612897
0.9387755102040816,0.9224489795918367,0.000590651577,-0.000164997156
0.9387755102040816,0.9142857142857143,0.000589710405,-0.000164562384
0.9387755102040816,0.9061224489795918,0.000588888258,-0.000164687687
0.9387755102040816,0.8979591836734694,0.000588569135,-0.000165567091
0.9387755102040816,0.889795918367347,0.000588089589,-0.0001646821
0.9387755102040816,0.8816326530612244,0.00058945645,-0.00016569583
0.9387755102040816,0.8734693877551021,0.000589090369,-0.000165506269
0.9387755102040816,0.8653061224489795,0.000588752559,-0.00016577685
0.9387755102040816,0.8571428571428572,0.000589006995,-0.000164713474
0.9387755102040816,0.8489795918367347,0.000588728313,-0.00016406101
0.9387755102040816,0.8408163265306122,0.000587165859,-0.000164326421
0.9387755102040816,0.8326530612244898,0.000588223755,-0.000165477047
0.9387755102040816,0.8244897959183674,0.000588353128,-0.00016471691
0.9387755102040816,0.8163265306122449,0.000589341739,-0.000164160944
0.9387755102040816,0.8081632653061225,0.000588788688,-0.00016568443
0.9387755102040816,0.8,0.000588998177,-0.000165181965
0.9306122448979592,1.2,0.000589314714,-0.000164959103
0.9306122448979592,1.1918367346938774,0.000591237691,-0.00016459591
0.9306122448979592,1.183673469387755,0.000589970879,-0.000163724888
0.9306122448979592,1.1755102040816325,0.00058977078,-0.000165140058
0.9306122448979592,1.1673469387755102,0.000589955257,-0.000165609864
0.9306122448979592,1.1591836734693877,0.000590402413,-0.000165551837
0.9306122448979592,1.1510204081632653,0.000589637095,-0.000164445269
0.9306122448979592,1.1428571428571428,0.000591511866,-0.000165099884
0.9306122448979592,1.1346938775510205,0.000588979683,-0.000166362038
0.9306122448979592,1.126530612244898,0.000589758611,-0.000166259952
0.9306122448979592,1.1183673469387754,0.000589024916,-0.000165458132
0.9306122448979592,1.110204081632653,0.000589256351,-0.000166097912
0.9306122448979592,1.1020408163265305,0.000589622239,-0.000165931793
0.9306122448979592,1.0938775510204082,0.000588948919,-0.00016559718
0.9306122448979592,1.0857142857142856,0.000589895076,-0.000164957176
0.9306122448979592,1.0775510204081633,0.000588905412,-0.000163391559
0.9306122448979592,1.0693877551020408,0.000588180055,-0.000164652652
0.9306122448979592,1.0612244897959184,0.000588824817,-0.000165422038
0.9306122448979592,1.0530612244897959,0.00058861916,-0.000165152324
0.9306122448979592,1.0448979591836736,0.000588970866,-0.000165009616
0.9306122448979592,1.036734693877551,0.00058912046,-0.000165788443
0.9306122448979592,1.0285714285714285,0.000588517292,-0.000164875514
0.9306122448979592,1.0204081632653061,0.000588774792,-0.000165120726
0.9306122448979592,1.0122448979591836,0.000589047915,-0.000165122877
0.9306122448979592,1.0040816326530613,0.000588323804,-0.000165632632
0.9306122448979592,0.9959183673469387,0.000588605264,-0.000165288996
0.9306122448979592,0.9877551020408163,0.000589041304,-0.00016507108
0.9306122448979592,0.9795918367346939,0.000589856168,-0.000165524959
0.9306122448979592,0.9714285714285714,0.000588308662,-0.000165743966
0.9306122448979592,0.963265306122449,0.000588725248,-0.000165959731
0.9306122448979592,0.9551020408163265,0.000589302351,-0.000165009616
0.9306122448979592,0.9469387755102041,0.000588827883,-0.000166004432
0.9306122448979592,0.9387755102040816,0.0005881399,-0.000165964034
0.9306122448979592,0.9306122448979592,0.000588333388,-0.000166658404
0.9306122448979592,0.9224489795918367,0.000588805363,-0.000165790819
0.9306122448979592,0.9142857142857143,0.000587852115,-0.000166195919
0.9306122448979592,0.9061224489795918,0.000587338739,-0.00016550993
0.9306122448979592,0.8979591836734694,0.0005883147,-0.000165739664
0.9306122448979592,0.889795918367347,0.000588560512,-0.000166003147
0.9306122448979592,0.8816326530612244,0.000589265169,-0.00016565328
0.9306122448979592,0.8734693877551021,0.000589629044,-0.000165884299
0.9306122448979592,0.8653061224489795,0.000587308362,-0.000167467963
0.9306122448979592,0.8571428571428572,0.00058747789,-0.000166324434
0.9306122448979592,0.8489795918367347,0.000587926386,-0.000166391485
0.9306122448979592,0.8408163265306122,0.000587297532,-0.000166780689
0.9306122448979592,0.8326530612244898,0.00058774948,-0.000167476987
0.9306122448979592,0.8244897959183674,0.000587312674,-0.000166594789
0.9306122448979592,0.8163265306122449,0.000587789441,-0.00016694745
0.9306122448979592,0.8081632653061225,0.000587583784,-0.000167432286
0.9306122448979592,0.8,0.00058824043,-0.000167483441
0.9224489795918367,1.2,0.000587601992,-0.000167159136
0.9224489795918367,1.1918367346938774,0.000587762416,-0.000166572664
0.9224489795918367,1.183673469387755,0.000588647718,-0.0001661596
0.9224489795918367,1.1755102040816325,0.000587671664,-0.000167379846
0.9224489795918367,1.1673469387755102,0.000588188392,-0.000166250928
0.9224489795918367,1.1591836734693877,0.000588976904,-0.000167000532
0.9224489795918367,1.1510204081632653,0.000588930711,-0.00016698226
0.9224489795918367,1.1428571428571428,0.000588430944,-0.000165773189
0.9224489795918367,1.1346938775510205,0.000588823571,-0.000166179799
0.9224489795918367,1.126530612244898,0.000587425853,-0.000166580178
0.9224489795918367,1.1183673469387754,0.00058844532,-0.000167937321
0.9224489795918367,1.110204081632653,0.000587913736,-0.000166713638
0.9224489795918367,1.1020408163265305,0.000587469553,-0.000167537583
0.9224489795918367,1.0938775510204082,0.00058855428,-0.000167032131
0.9224489795918367,1.0857142857142856,0.000587633522,-0.000166754903
0.9224489795918367,1.0775510204081633,0.000588843025,-0.000167367386
0.9224489795918367,1.0693877551020408,0.000588430944,-0.000166968516
0.9224489795918367,1.0612244897959184,0.000588357154,-0.000165504342
0.9224489795918367,1.0530612244897959,0.000588006981,-0.000165953277
0.9224489795918367,1.0448979591836736,0.000588145939,-0.000167516967
0.9224489795918367,1.036734693877551,0.000588088343,-0.000166257158
0.9224489795918367,1.0285714285714285,0.000588489787,-0.000165427625
0.9224489795918367,1.0204081632653061,0.000588925153,-0.0001662578
0.9224489795918367,1.0122448979591836,0.00058754459,-0.000167591757
0.9224489795918367,1.0040816326530613,0.000587753312,-0.00016641878
0.9224489795918367,0.9959183673469387,0.000588625678,-0.000167832441
0.9224489795918367,0.9877551020408163,0.000588131756,-0.00016675426
0.9224489795918367,0.9795918367346939,0.000588635355,-0.000165766317
0.9224489795918367,0.9714285714285714,0.000587787908,-0.000167254992
0.9224489795918367,0.963265306122449,0.00058834805,-0.00016620581
0.9224489795918367,0.9551020408163265,0.000589481749,-0.00016640889
0.9224489795918367,0.9469387755102041,0.000587988487,-0.000165967695
0.9224489795918367,0.9387755102040816,0.000588616381,-0.000166684833
0.9224489795918367,0.9306122448979592,0.000588310195,-0.000167317098
0.9224489795918367,0.9224489795918367,0.000587968839,-0.000166443058
0.9224489795918367,0.9142857142857143,0.00058757468,-0.000165725695
0.9224489795918367,0.9061224489795918,0.000589302351,-0.00016739253
0.9224489795918367,0.8979591836734694,0.000588365205,-0.000166900598
0.9224489795918367,0.889795918367347,0.000587871569,-0.000167624415
0.9224489795918367,0.8816326530612244,0.000587773726,-0.000167635173
0.9224489795918367,0.8734693877551021,0.00058916186,-0.000167178917
0.9224489795918367,0.8653061224489795,0.000588606031,-0.000166951753
0.9224489795918367,0.8571428571428572,0.000587559252,-0.000166751884
0.9224489795918367,0.8489795918367347,0.000587415502,-0.000166625521
0.9224489795918367,0.8408163265306122,0.000588640147,-0.000166149709
0.9224489795918367,0.8326530612244898,0.00058798954,-0.000166565342
0.9224489795918367,0.8244897959183674,0.000587474631,-0.000167114435
0.9224489795918367,0.8163265306122449,0.000588886725,-0.000167615392
0.9224489795918367,0.8081632653061225,0.000587899841,-0.000165000592
0.9224489795918367,0.8,0.000587535006,-0.000165983591
0.9142857142857143,1.2,0.000588701288,-0.000166410175
0.9142857142857143,1.1918367346938774,0.000587574394,-0.000167798498
0.9142857142857143,1.183673469387755,0.000588380153,-0.00016621053
0.9142857142857143,1.1755102040816325,0.000589253859,-0.000167291311
0.9142857142857143,1.1673469387755102,0.000588875608,-0.000166870957
0.9142857142857143,1.1591836734693877,0.000588914036,-0.000166818518
0.9142857142857143,1.1510204081632653,0.000588596927,-0.000166703105
0.9142857142857143,1.1428571428571428,0.00058845519,-0.000166442415
0.9142857142857143,1.1346938775510205,0.000589504462,-0.000167386525
0.9142857142857143,1.126530612244898,0.000589502736,-0.000167204061
0.9142857142857143,1.1183673469387754,0.000589408725,-0.000166356032
0.9142857142857143,1.110204081632653,0.000590150277,-0.000167192244
0.9142857142857143,1.1020408163265305,0.000589052994,-0.000166428446
0.9142857142857143,1.0938775510204082,0.000589641693,-0.000167635815
0.9142857142857143,1.0857142857142856,0.000589224821,-0.00016677812
0.9142857142857143,1.0775510204081633,0.000587887958,-0.000167570049
0.9142857142857143,1.0693877551020408,0.000589024149,-0.000166872242
0.9142857142857143,1.0612244897959184,0.000587429112,-0.000166282527
0.9142857142857143,1.0530612244897959,0.000587378607,-0.000166723304
0.9142857142857143,1.0448979591836736,0.000588361946,-0.000166740067
0.9142857142857143,1.036734693877551,0.000588371529,-0.000166569645
0.9142857142857143,1.0285714285714285,0.000588713365,-0.000167198892
0.9142857142857143,1.0204081632653061,0.000587714404,-0.000167385658
0.9142857142857143,1.0122448979591836,0.000587371516,-0.000167509227
0.9142857142857143,1.0040816326530613,0.000587302324,-0.000166665501
0.9142857142857143,0.9959183673469387,0.000588723235,-0.000166875903
0.9142857142857143,0.9877551020408163,0.000587701755,-0.000167651936
0.9142857142857143,0.9795918367346939,0.000587105964,-0.000166520866
0.9142857142857143,0.9714285714285714,0.000587878374,-0.000167268094
0.9142857142857143,0.963265306122449,0.000586914969,-0.000167608519
0.9142857142857143,0.9551020408163265,0.000586639354,-0.000168107967
0.9142857142857143,0.9469387755102041,0.000588674263,-0.000166770799
0.9142857142857143,0.9387755102040816,0.000588409958,-0.000167560158
0.9142857142857143,0.9306122448979592,0.000587851829,-0.000167324195
0.9142857142857143,0.9224489795918367,0.000588316713,-0.000166260819
0.9142857142857143,0.9142857142857143,0.000588515565,-0.000167745415
0.9142857142857143,0.9061224489795918,0.000587880867,-0.00016810087
0.9142857142857143,0.8979591836734694,0.000588787922,-0.000167483217
0.9142857142857143,0.889795918367347,0.000589390037,-0.000167881669
0.9142857142857143,0.8816326530612244,0.000588562331,-0.000166655611
0.9142857142857143,0.8734693877551021,0.000588790221,-0.000167195038
0.9142857142857143,0.8653061224489795,0.00058961994,-0.00016669193
0.9142857142857143,0.8571428571428572,0.000589529761,-0.000167172687
0.9142857142857143,0.8489795918367347,0.000589430191,-0.000166788428
0.9142857142857143,0.8408163265306122,0.000588531954,-0.000168209186
0.9142857142857143,0.8326530612244898,0.000589002683,-0.00016700355
0.9142857142857143,0.8244897959183674,0.000589855688,-0.000167050403
0.9142857142857143,0.8163265306122449,0.000589143173,-0.000167137877
0.9142857142857143,0.8081632653061225,0.000589700535,-0.000167189001
0.9142857142857143,0.8,0.000588479436,-0.000166739425
0.9061224489795918,1.2,0.000590150757,-0.000169307147
0.9061224489795918,1.1918367346938774,0.0005903797,-0.000170119306
0.9061224489795918,1.183673469387755,0.000590388038,-0.000169535178
0.9061224489795918,1.1755102040816325,0.000591177602,-0.000169505089
0.9061224489795918,1.1673469387755102,0.00059016216,-0.000168297527
0.9061224489795918,1.1591836734693877,0.000591375402,-0.000170256844
0.9061224489795918,1.1510204081632653,0.000590624265,-0.000169393979
0.9061224489795918,1.1428571428571428,0.000591563904,-0.000168743025
0.9061224489795918,1.1346938775510205,0.000590486841,-0.000170099525
0.9061224489795918,1.126530612244898,0.000590123732,-0.000169825958
0.9061224489795918,1.1183673469387754,0.000590282624,-0.000169206795
0.9061224489795918,1.110204081632653,0.000591280431,-0.000168277521
0.9061224489795918,1.1020408163265305,0.000591282923,-0.000169001981
0.9061224489795918,1.0938775510204082,0.000591931998,-0.000168857571
0.9061224489795918,1.0857142857142856,0.000591422167,-0.000168703912
0.9061224489795918,1.0775510204081633,0.000590669498,-0.000169081717
0.9061224489795918,1.0693877551020408,0.00058912046,-0.00016873185
0.9061224489795918,1.0612244897959184,0.000591045929,-0.000169304802
0.9061224489795918,1.0530612244897959,0.000590192444,-0.000168357257
0.9061224489795918,1.0448979591836736,0.000590886272,-0.000168668235
0.9061224489795918,1.036734693877551,0.0005900992,-0.000167642045
0.9061224489795918,1.0285714285714285,0.000590239976,-0.00016769426
0.9061224489795918,1.0204081632653061,0.000590638641,-0.00016771189
0.9061224489795918,1.0122448979591836,0.000591239703,-0.000167980961
0.9061224489795918,1.0040816326530613,0.000590780664,-0.000169026483
0.9061224489795918,0.9959183673469387,0.000591062124,-0.000169842496
0.9061224489795918,0.9877551020408163,0.000591450439,-0.000169599436
0.9061224489795918,0.9795918367346939,0.00059131378,-0.000169892142
0.9061224489795918,0.9714285714285714,0.000591527488,-0.00016786404
0.9061224489795918,0.963265306122449,0.000592311015,-0.000168267213
0.9061224489795918,0.9551020408163265,0.000591362272,-0.000168699609
0.9061224489795918,0.9469387755102041,0.000591147798,-0.000167855016
0.9061224489795918,0.9387755102040816,0.000590807689,-0.000168285903
0.9061224489795918,0.9306122448979592,0.000591976751,-0.000167858452
0.9061224489795918,0.9224489795918367,0.000591117421,-0.00016824422
0.9061224489795918,0.9142857142857143,0.000590694224,-0.000168588724
0.9061224489795918,0.9061224489795918,0.000590844298,-0.000168216925
0.9061224489795918,0.8979591836734694,0.000590777885,-0.000167256277
0.9061224489795918,0.889795918367347,0.000590863558,-0.000167204479
0.9061224489795918,0.8816326530612244,0.000591943401,-0.000167296899
0.9061224489795918,0.8734693877551021,0.00059131704,-0.000168443222
0.9061224489795918,0.8653061224489795,0.000591039605,-0.000167405215
0.9061224489795918,0.8571428571428572,0.000590509554,-0.000166818518
0.9061224489795918,0.8489795918367347,0.000590962841,-0.000166577802
0.9061224489795918,0.8408163265306122,0.000592078813,-0.000167261864
0.9061224489795918,0.8326530612244898,0.000591897402,-0.000167883596
0.9061224489795918,0.8244897959183674,0.000591816806,-0.000167633021
0.9061224489795918,0.8163265306122449,0.000592073254,-0.000167625058
0.9061224489795918,0.8081632653061225,0.000593010114,-0.000166637563
0.9061224489795918,0.8,0.000592778198,-0.000167986967
0.8979591836734694,1.2,0.000588961762,-0.000165987445
0.8979591836734694,1.1918367346938774,0.000589816973,-0.000165680994
0.8979591836734694,1.183673469387755,0.000589845337,-0.000165560861
0.8979591836734694,1.1755102040816325,0.000589366271,-0.000165461569
0.8979591836734694,1.1673469387755102,0.000589694977,-0.000166067404
0.8979591836734694,1.1591836734693877,0.000589783143,-0.000164829304
0.8979591836734694,1.1510204081632653,0.000590242469,-0.00016516199
0.8979591836734694,1.1428571428571428,0.000590190432,-0.000165682278
0.8979591836734694,1.1346938775510205,0.000589202781,-0.000165688508
0.8979591836734694,1.126530612244898,0.000589987074,-0.00016610093
0.8979591836734694,1.1183673469387754,0.00058955324,-0.000165044426
0.8979591836734694,1.110204081632653,0.000590177589,-0.000166224499
0.8979591836734694,1.1020408163265305,0.00058968434,-0.000166556543
0.8979591836734694,1.0938775510204082,0.000589571928,-0.000166270709
0.8979591836734694,1.0857142857142856,0.000589612655,-0.000166932839
0.8979591836734694,1.0775510204081633,0.00058946862,-0.000166483456
0.8979591836734694,1.0693877551020408,0.000589625305,-0.000167695352
0.8979591836734694,1.0612244897959184,0.000589019071,-0.000167682667
0.8979591836734694,1.0530612244897959,0.000588601239,-0.000167036434
0.8979591836734694,1.0448979591836736,0.000588581018,-0.000167231357
0.8979591836734694,1.036734693877551,0.000589531007,-0.00016691781
0.8979591836734694,1.0285714285714285,0.000589879167,-0.000166794016
0.8979591836734694,1.0204081632653061,0.000590743769,-0.000166890514
0.8979591836734694,1.0122448979591836,0.000590212951,-0.000167669983
0.8979591836734694,1.0040816326530613,0.000589594161,-0.00016697754
0.8979591836734694,0.9959183673469387,0.000590429725,-0.000166813572
0.8979591836734694,0.9877551020408163,0.000589023189,-0.000165430195
0.8979591836734694,0.9795918367346939,0.000589414283,-0.000165961016
0.8979591836734694,0.9714285714285714,0.000590851869,-0.000167912819
0.8979591836734694,0.963265306122449,0.000590000683,-0.000165937381
0.8979591836734694,0.9551020408163265,0.000589993879,-0.000166755963
0.8979591836734694,0.9469387755102041,0.000589312221,-0.00016675683
0.8979591836734694,0.9387755102040816,0.000589583045,-0.000166752751
0.8979591836734694,0.9306122448979592,0.000588823284,-0.000167656014
0.8979591836734694,0.9224489795918367,0.000589127744,-0.000166778956
0.8979591836734694,0.9142857142857143,0.000590434997,-0.00016697497
0.8979591836734694,0.9061224489795918,0.000589549215,-0.000166622503
0.8979591836734694,0.8979591836734694,0.000589695263,-0.000166459178
0.8979591836734694,0.889795918367347,0.000589287209,-0.00016690018
0.8979591836734694,0.8816326530612244,0.000589269001,-0.000167187074
0.8979591836734694,0.8734693877551021,0.000589483282,-0.000166274788
0.8979591836734694,0.8653061224489795,0.000588797792,-0.000167877591
0.8979591836734694,0.8571428571428572,0.000588626731,-0.000167918631
0.8979591836734694,0.8489795918367347,0.000589128797,-0.000166793373
0.8979591836734694,0.8408163265306122,0.000588891803,-0.000166636696
0.8979591836734694,0.8326530612244898,0.000590365038,-0.000167355569
0.8979591836734694,0.8244897959183674,0.00059021899,-0.000167447122
0.8979591836734694,0.8163265306122449,0.000589834221,-0.000168784708
0.8979591836734694,0.8081632653061225,0.000589542124,-0.000168625686
0.8979591836734694,0.8,0.000588744222,-0.000167647633
0.889795918367347,1.2,0.000587589342,-0.000166565985
0.889795918367347,1.1918367346938774,0.00058724952,-0.000166638848
0.889795918367347,1.183673469387755,0.000588818492,-0.000167246386
0.889795918367347,1.1755102040816325,0.000588741443,-0.000166887078
0.889795918367347,1.1673469387755102,0.000588238417,-0.000167106279
0.889795918367347,1.1591836734693877,0.000587660834,-0.000168925906
0.889795918367347,1.1510204081632653,0.000587812921,-0.000168330828
0.889795918367347,1.1428571428571428,0.000588619927,-0.000167520627
0.889795918367347,1.1346938775510205,0.000589041111,-0.000168631273
0.889795918367347,1.126530612244898,0.00058824043,-0.000167601423
0.889795918367347,1.1183673469387754,0.000588955244,-0.000166961643
0.889795918367347,1.110204081632653,0.00058853176,-0.000168262268
0.889795918367347,1.1020408163265305,0.000588286909,-0.000166737273
0.889795918367347,1.0938775510204082,0.000588311921,-0.000167662244
0.889795918367347,1.0857142857142856,0.000589565123,-0.000167754439
0.889795918367347,1.0775510204081633,0.000588403633,-0.000166721795
0.889795918367347,1.0693877551020408,0.00058791297,-0.000167689315
0.889795918367347,1.0612244897959184,0.000587941528,-0.00016742262
0.889795918367347,1.0530612244897959,0.000588564344,-0.000167226187
0.889795918367347,1.0448979591836736,0.00058786975,-0.000167971937
0.889795918367347,1.036734693877551,0.000587726287,-0.000168161691
0.889795918367347,1.0285714285714285,0.000587198729,-0.000167356853
0.889795918367347,1.0204081632653061,0.00058730405,-0.000167423262
0.889795918367347,1.0122448979591836,0.000589571928,-0.000167824926
0.889795918367347,1.0040816326530613,0.000588849063,-0.000167039645
0.889795918367347,0.9959183673469387,0.000589383712,-0.000168432047
0.889795918367347,0.9877551020408163,0.000590180848,-0.000168034043
0.889795918367347,0.9795918367346939,0.000590245821,-0.000167779583
0.889795918367347,0.9714285714285714,0.000589899388,-0.000167284215
0.889795918367347,0.963265306122449,0.00058828135,-0.000167777656
0.889795918367347,0.9551020408163265,0.000589100719,-0.000167661602
0.889795918367347,0.9469387755102041,0.000588055759,-0.000167984397
0.889795918367347,0.9387755102040816,0.000588287675,-0.000168542932
0.889795918367347,0.9306122448979592,0.000587154263,-0.000168139983
0.889795918367347,0.9224489795918367,0.000588306363,-0.000168058321
0.889795918367347,0.9142857142857143,0.000587013006,-0.000167982888
0.889795918367347,0.9061224489795918,0.000587726287,-0.000169147483
0.889795918367347,0.8979591836734694,0.000587384645,-0.000168076592
0.889795918367347,0.889795918367347,0.000586960202,-0.00016801362
0.889795918367347,0.8816326530612244,0.00058805298,-0.000167751003
0.889795918367347,0.8734693877551021,0.000587915749,-0.000166929821
0.889795918367347,0.8653061224489795,0.000586901074,-0.000167822357
0.889795918367347,0.8571428571428572,0.000586957423,-0.000166669355
0.889795918367347,0.8489795918367347,0.000588746235,-0.000168138923
0.889795918367347,0.8408163265306122,0.000588373829,-0.000167331291
0.889795918367347,0.8326530612244898,0.000588388971,-0.000167853731
0.889795918367347,0.8244897959183674,0.000588059019,-0.000168555198
0.889795918367347,0.8163265306122449,0.000587864478,-0.000167939248
0.889795918367347,0.8081632653061225,0.000587358387,-0.000167406499
0.889795918367347,0.8,0.000586928865,-0.000167767123
0.8816326530612244,1.2,0.000587323024,-0.000169487908
0.8816326530612244,1.1918367346938774,0.000587881153,-0.000169053779
0.8816326530612244,1.183673469387755,0.000588848869,-0.000168475463
0.8816326530612244,1.1755102040816325,0.000589533786,-0.000168364353
0.8816326530612244,1.1673469387755102,0.000588945087,-0.000170086423
0.8816326530612244,1.1591836734693877,0.000587683067,-0.000170076532
0.8816326530612244,1.1510204081632653,0.000588417815,-0.000170789399
0.8816326530612244,1.1428571428571428,0.000589557266,-0.000169750943
0.8816326530612244,1.1346938775510205,0.000589036319,-0.000170879219
0.8816326530612244,1.126530612244898,0.000589389271,-0.00017021301
0.8816326530612244,1.1183673469387754,0.000589296792,-0.000170245669
0.8816326530612244,1.110204081632653,0.000588080005,-0.000169984337
0.8816326530612244,1.1020408163265305,0.000587972099,-0.000169490702
0.8816326530612244,1.0938775510204082,0.000587362699,-0.000168888945
0.8816326530612244,1.0857142857142856,0.000587801324,-0.000168994467
0.8816326530612244,1.0775510204081633,0.000587578706,-0.00016931039
0.8816326530612244,1.0693877551020408,0.000588728793,-0.000169526573
0.8816326530612244,1.0612244897959184,0.000588536072,-0.000169280301
0.8816326530612244,1.0530612244897959,0.000589512799,-0.00016874431
0.8816326530612244,1.0448979591836736,0.000590170978,-0.000169915135
0.8816326530612244,1.036734693877551,0.000589634602,-0.000170476912
0.8816326530612244,1.0285714285714285,0.000589470919,-0.000170224604
0.8816326530612244,1.0204081632653061,0.000589932451,-0.000170477779
0.8816326530612244,1.0122448979591836,0.000589843805,-0.000169442116
0.8816326530612244,1.0040816326530613,0.00059072786,-0.000169360454
0.8816326530612244,0.9959183673469387,0.000589806623,-0.00016966456
0.8816326530612244,0.9877551020408163,0.000589229806,-0.000170697846
0.8816326530612244,0.9795918367346939,0.000590327663,-0.000169555377
0.8816326530612244,0.9714285714285714,0.000590157368,-0.00016985518
0.8816326530612244,0.963265306122449,0.000589933984,-0.000169968859
0.8816326530612244,0.9551020408163265,0.000589973945,-0.000169011229
0.8816326530612244,0.9469387755102041,0.00058881648,-0.000169372271
0.8816326530612244,0.9387755102040816,0.000588266688,-0.000170615317
0.8816326530612244,0.9306122448979592,0.00058813051,-0.000170542454
0.8816326530612244,0.9224489795918367,0.000589702834,-0.000170170237
0.8816326530612244,0.9142857142857143,0.000589445334,-0.000169227636
0.8816326530612244,0.9061224489795918,0.000588952944,-0.00017108962
0.8816326530612244,0.8979591836734694,0.000589711365,-0.000169856465
0.8816326530612244,0.889795918367347,0.000590061345,-0.000170137354
0.8816326530612244,0.8816326530612244,0.000590442854,-0.000169939636
0.8816326530612244,0.8734693877551021,0.000589270534,-0.00016940387
0.8816326530612244,0.8653061224489795,0.000590186406,-0.000170165292
0.8816326530612244,0.8571428571428572,0.000590165419,-0.000169711187
0.8816326530612244,0.8489795918367347,0.000587917762,-0.000169238169
0.8816326530612244,0.8408163265306122,0.000588790987,-0.00016912083
0.8816326530612244,0.8326530612244898,0.000588996644,-0.000169208722
0.8816326530612244,0.8244897959183674,0.000588683367,-0.000169231939
0.8816326530612244,0.8163265306122449,0.0005888804,-0.000169137368
0.8816326530612244,0.8081632653061225,0.0005894461,-0.000169647573
0.8816326530612244,0.8,0.000589503982,-0.000168879279
0.8734693877551021,1.2,0.000590764469,-0.000169614914
0.8734693877551021,1.1918367346938774,0.000590491346,-0.000170525916
0.8734693877551021,1.183673469387755,0.000590676303,-0.000171016115
0.8734693877551021,1.1755102040816325,0.000589686639,-0.000170569107
0.8734693877551021,1.1673469387755102,0.000590917609,-0.000170409219
0.8734693877551021,1.1591836734693877,0.000591313208,-0.000170347531
0.8734693877551021,1.1510204081632653,0.000591551254,-0.000171248642
0.8734693877551021,1.1428571428571428,0.000590475438,-0.000170279837
0.8734693877551021,1.1346938775510205,0.000589986021,-0.00017097485
0.8734693877551021,1.126530612244898,0.000589806429,-0.000170240724
0.8734693877551021,1.1183673469387754,0.000590084344,-0.000170388377
0.8734693877551021,1.110204081632653,0.000590834714,-0.000170962615
0.8734693877551021,1.1020408163265305,0.000590308689,-0.000170704943
0.8734693877551021,1.0938775510204082,0.000590870077,-0.000170404273
0.8734693877551021,1.0857142857142856,0.000590952491,-0.000169947151
0.8734693877551021,1.0775510204081633,0.000589950659,-0.000170591458
0.8734693877551021,1.0693877551020408,0.000589808156,-0.000170797556
0.8734693877551021,1.0612244897959184,0.00058924878,-0.000169925667
0.8734693877551021,1.0530612244897959,0.000588543643,-0.000171213832
0.8734693877551021,1.0448979591836736,0.000589816013,-0.000171234255
0.8734693877551021,1.036734693877551,0.000591048229,-0.000171095208
0.8734693877551021,1.0285714285714285,0.000589902167,-0.000170490014
0.8734693877551021,1.0204081632653061,0.000589499957,-0.000170192587
0.8734693877551021,1.0122448979591836,0.000589388791,-0.000170801217
0.8734693877551021,1.0040816326530613,0.000589638148,-0.000170544605
0.8734693877551021,0.9959183673469387,0.000588789935,-0.000170721481
0.8734693877551021,0.9877551020408163,0.000588137888,-0.000170156268
0.8734693877551021,0.9795918367346939,0.000589803844,-0.000170266735
0.8734693877551021,0.9714285714285714,0.000590008541,-0.000169788771
0.8734693877551021,0.963265306122449,0.000588866791,-0.000169638773
0.8734693877551021,0.9551020408163265,0.000589061331,-0.000169303711
0.8734693877551021,0.9469387755102041,0.000589711938,-0.000169768797
0.8734693877551021,0.9387755102040816,0.000589067656,-0.000169110103
0.8734693877551021,0.9306122448979592,0.000590383246,-0.000170133051
0.8734693877551021,0.9224489795918367,0.000589927179,-0.000170221167
0.8734693877551021,0.9142857142857143,0.000588767988,-0.00017055472
0.8734693877551021,0.9061224489795918,0.0005893587,-0.000170482275
0.8734693877551021,0.8979591836734694,0.000588405166,-0.000169580746
0.8734693877551021,0.889795918367347,0.00058800928,-0.000169617483
0.8734693877551021,0.8816326530612244,0.000588090069,-0.00016975804
0.8734693877551021,0.8734693877551021,0.000588559265,-0.000169579237
0.8734693877551021,0.8653061224489795,0.000588891517,-0.000170159704
0.8734693877551021,0.8571428571428572,0.000588756871,-0.000169082583
0.8734693877551021,0.8489795918367347,0.000589503216,-0.000169209589
0.8734693877551021,0.8408163265306122,0.000588851842,-0.000168879279
0.8734693877551021,0.8326530612244898,0.00058914116,-0.000169847441
0.8734693877551021,0.8244897959183674,0.000588801818,-0.000169943939
0.8734693877551021,0.8163265306122449,0.000588031227,-0.000169115885
0.8734693877551021,0.8081632653061225,0.000588072914,-0.000169432226
0.8734693877551021,0.8,0.000588044356,-0.000169520567
0.8653061224489795,1.2,0.000588845324,-0.000169568704
0.8653061224489795,1.1918367346938774,0.000589367037,-0.000170869553
0.8653061224489795,1.183673469387755,0.000589022423,-0.000170105337
0.8653061224489795,1.1755102040816325,0.000588659315,-0.000169807686
0.8653061224489795,1.1673469387755102,0.000588695443,-0.000170386001
0.8653061224489795,1.1591836734693877,0.000588717963,-0.000170101259
0.8653061224489795,1.1510204081632653,0.000588266208,-0.000169191541
0.8653061224489795,1.1428571428571428,0.000588584278,-0.00017043995
0.8653061224489795,1.1346938775510205,0.000588933204,-0.00016976793
0.8653061224489795,1.126530612244898,0.000589210925,-0.000170327332
0.8653061224489795,1.1183673469387754,0.000587775259,-0.000170191945
0.8653061224489795,1.110204081632653,0.000588403153,-0.000170639594
0.8653061224489795,1.1020408163265305,0.000589135602,-0.000170829155
0.8653061224489795,1.0938775510204082,0.000589708106,-0.000170750062
0.8653061224489795,1.0857142857142856,0.000589539345,-0.000171532549
0.8653061224489795,1.0775510204081633,0.000588482695,-0.000170135202
0.8653061224489795,1.0693877551020408,0.000588827596,-0.000170000682
0.8653061224489795,1.0612244897959184,0.000588856154,-0.000169569346
0.8653061224489795,1.0530612244897959,0.000588740676,-0.000169988416
0.8653061224489795,1.0448979591836736,0.000588941061,-0.000169505956
0.8653061224489795,1.036734693877551,0.000588458256,-0.000169816709
0.8653061224489795,1.0285714285714285,0.000588856154,-0.000169943939
0.8653061224489795,1.0204081632653061,0.000588332428,-0.000169734823
0.8653061224489795,1.0122448979591836,0.000588687392,-0.000169563116
0.8653061224489795,1.0040816326530613,0.000589143653,-0.000169406021
0.8653061224489795,0.9959183673469387,0.000589609303,-0.000169721078
0.8653061224489795,0.9877551020408163,0.000591120486,-0.000170005178
0.8653061224489795,0.9795918367346939,0.000589296312,-0.000169196487
0.8653061224489795,0.9714285714285714,0.000588916529,-0.000169749434
0.8653061224489795,0.963265306122449,0.000590145199,-0.00017001722
0.8653061224489795,0.9551020408163265,0.00058926191,-0.000169736332
0.8653061224489795,0.9469387755102041,0.000589822051,-0.000169576443
0.8653061224489795,0.9387755102040816,0.000590434517,-0.000169737841
0.8653061224489795,0.9306122448979592,0.00058971721,-0.000170456489
0.8653061224489795,0.9224489795918367,0.000589345571,-0.000169201208
0.8653061224489795,0.9142857142857143,0.000588725534,-0.000170243518
0.8653061224489795,0.9061224489795918,0.000589989087,-0.000168620098
0.8653061224489795,0.8979591836734694,0.000589654536,-0.000169454576
0.8653061224489795,0.889795918367347,0.000589577006,-0.000169490478
0.8653061224489795,0.8816326530612244,0.000590226561,-0.000170522255
0.8653061224489795,0.8734693877551021,0.000589786689,-0.000169908262
0.8653061224489795,0.8653061224489795,0.000589850609,-0.000170087708
0.8653061224489795,0.8571428571428572,0.000589682614,-0.000170502056
0.8653061224489795,0.8489795918367347,0.000589813234,-0.000169289967
0.8653061224489795,0.8408163265306122,0.000590106097,-0.000169860768
0.8653061224489795,0.8326530612244898,0.000589507241,-0.000170408994
0.8653061224489795,0.8244897959183674,0.000588363958,-0.000169971877
0.8653061224489795,0.8163265306122449,0.00058815303,-0.000170250615
0.8653061224489795,0.8081632653061225,0.000587656522,-0.000169669281
0.8653061224489795,0.8,0.000587878087,-0.000169574291
0.8571428571428572,1.2,0.000587972099,-0.000170461209
0.8571428571428572,1.1918367346938774,0.000587067343,-0.000169450947
0.8571428571428572,1.183673469387755,0.000587865245,-0.000169371211
0.8571428571428572,1.1755102040816325,0.000587168925,-0.00016920702
0.8571428571428572,1.1673469387755102,0.000587619627,-0.000170305848
0.8571428571428572,1.1591836734693877,0.000588199509,-0.000170364518
0.8571428571428572,1.1510204081632653,0.000588267455,-0.0001698915
0.8571428571428572,1.1428571428571428,0.000587730793,-0.000171376096
0.8571428571428572,1.1346938775510205,0.000587841479,-0.000169625864
0.8571428571428572,1.126530612244898,0.000587288622,-0.000169896445
0.8571428571428572,1.1183673469387754,0.000587149471,-0.000169350145
0.8571428571428572,1.110204081632653,0.000587948333,-0.000169425354
0.8571428571428572,1.1020408163265305,0.000586246441,-0.000169308239
0.8571428571428572,1.0938775510204082,0.000586928865,-0.000170477554
0.8571428571428572,1.0857142857142856,0.000586516785,-0.000168548744
0.8571428571428572,1.0775510204081633,0.00058748776,-0.000168653624
0.8571428571428572,1.0693877551020408,0.000586817986,-0.000170260281
0.8571428571428572,1.0612244897959184,0.000587389437,-0.000169251496
0.8571428571428572,1.0530612244897959,0.000587125705,-0.000168805773
0.8571428571428572,1.0448979591836736,0.000586620093,-0.00016938152
0.8571428571428572,1.036734693877551,0.00058692484,-0.000167775505
0.8571428571428572,1.0285714285714285,0.000586812141,-0.000169435244
0.8571428571428572,1.0204081632653061,0.000586644912,-0.000168441937
0.8571428571428572,1.0122448979591836,0.000587295233,-0.000168133111
0.8571428571428572,1.0040816326530613,0.000587405152,-0.000168919034
0.8571428571428572,0.9959183673469387,0.000587103951,-0.000168970832
0.8571428571428572,0.9877551020408163,0.000587545642,-0.000169431166
0.8571428571428572,0.9795918367346939,0.000587731079,-0.000168833069
0.8571428571428572,0.9714285714285714,0.00058687884,-0.000168329961
0.8571428571428572,0.963265306122449,0.00058751124,-0.000168288279
0.8571428571428572,0.9551020408163265,0.000586872802,-0.000168955129
0.8571428571428572,0.9469387755102041,0.000587839946,-0.000169396998
0.8571428571428572,0.9387755102040816,0.000587337686,-0.000168833936
0.8571428571428572,0.9306122448979592,0.000587493032,-0.000169812406
0.8571428571428572,0.9224489795918367,0.00058758733,-0.000169857332
0.8571428571428572,0.9142857142857143,0.000587926579,-0.000169512186
0.8571428571428572,0.9061224489795918,0.000588694197,-0.000168739364
0.8571428571428572,0.8979591836734694,0.000587862945,-0.000169871943
0.8571428571428572,0.889795918367347,0.000588369517,-0.000169424711
0.8571428571428572,0.8816326530612244,0.000588058252,-0.000170050104
0.8571428571428572,0.8734693877551021,0.000587577459,-0.000169635113
0.8571428571428572,0.8653061224489795,0.000588245988,-0.000169808552
0.8571428571428572,0.8571428571428572,0.000587586277,-0.000169158016
0.8571428571428572,0.8489795918367347,0.000588243209,-0.000168627837
0.8571428571428572,0.8408163265306122,0.000587266675,-0.000168986503
0.8571428571428572,0.8326530612244898,0.000587837453,-0.000168618813
0.8571428571428572,0.8244897959183674,0.000588482502,-0.000168389498
0.8571428571428572,0.8163265306122449,0.00058883718,-0.00016875526
0.8571428571428572,0.8081632653061225,0.00058811029,-0.000168749897
0.8571428571428572,0.8,0.000588214651,-0.000168770963
0.8489795918367347,1.2,0.000590501983,-0.000167323328
0.8489795918367347,1.1918367346938774,0.000591428972,-0.000168500383
0.8489795918367347,1.183673469387755,0.000591141187,-0.000167368029
0.8489795918367347,1.1755102040816325,0.000592219783,-0.000166759623
0.8489795918367347,1.1673469387755102,0.000591600799,-0.000168811585
0.8489795918367347,1.1591836734693877,0.000591996971,-0.000168633425
0.8489795918367347,1.1510204081632653,0.000590679082,-0.000168084107
0.8489795918367347,1.1428571428571428,0.000590022436,-0.000168196083
0.8489795918367347,1.1346938775510205,0.000591694237,-0.000169011229
0.8489795918367347,1.126530612244898,0.000590898635,-0.000168869164
0.8489795918367347,1.1183673469387754,0.000591885805,-0.000167872645
0.8489795918367347,1.110204081632653,0.000591221016,-0.000167692751
0.8489795918367347,1.1020408163265305,0.0005926632,-0.000167823642
0.8489795918367347,1.0938775510204082,0.000592646045,-0.000168600317
0.8489795918367347,1.0857142857142856,0.000591515892,-0.000167725217
0.8489795918367347,1.0775510204081633,0.000591775885,-0.000167747985
0.8489795918367347,1.0693877551020408,0.000590508787,-0.00016841506
0.8489795918367347,1.0612244897959184,0.000590465087,-0.00016878429
0.8489795918367347,1.0530612244897959,0.000589012266,-0.00016791497
0.8489795918367347,1.0448979591836736,0.000590266235,-0.000168940742
0.8489795918367347,1.036734693877551,0.000589691911,-0.00016861085
0.8489795918367347,1.0285714285714285,0.000590260677,-0.000167911759
0.8489795918367347,1.0204081632653061,0.000590775106,-0.000168497589
0.8489795918367347,1.0122448979591836,0.000590473425,-0.000167181487
0.8489795918367347,1.0040816326530613,0.000592197836,-0.000167414238
0.8489795918367347,0.9959183673469387,0.000591607604,-0.000168012111
0.8489795918367347,0.9877551020408163,0.000590953451,-0.000167509452
0.8489795918367347,0.9795918367346939,0.000591138408,-0.000166508824
0.8489795918367347,0.9714285714285714,0.000589939542,-0.000166756187
0.8489795918367347,0.963265306122449,0.00058953206,-0.000167323103
0.8489795918367347,0.9551020408163265,0.000590355934,-0.000167361156
0.8489795918367347,0.9469387755102041,0.00058998784,-0.00016648368
0.8489795918367347,0.9387755102040816,0.00059054415,-0.000167167293
0.8489795918367347,0.9306122448979592,0.000589571928,-0.000166682039
0.8489795918367347,0.9224489795918367,0.000591087903,-0.000167665038
0.8489795918367347,0.9142857142857143,0.000590579032,-0.000166867072
0.8489795918367347,0.9061224489795918,0.000589833934,-0.000168454397
0.8489795918367347,0.8979591836734694,0.000590218223,-0.000168312138
0.8489795918367347,0.889795918367347,0.000590248314,-0.000168271291
0.8489795918367347,0.8816326530612244,0.000589845817,-0.000169532385
0.8489795918367347,0.8734693877551021,0.000589835467,-0.000170976584
0.8489795918367347,0.8653061224489795,0.000590551241,-0.0001683377
0.8489795918367347,0.8571428571428572,0.000590792547,-0.000168402182
0.8489795918367347,0.8489795918367347,0.000588981216,-0.000168846171
0.8489795918367347,0.8408163265306122,0.000589979983,-0.000168750122
0.8489795918367347,0.8326530612244898,0.000589445334,-0.000168121293
0.8489795918367347,0.8244897959183674,0.000589216197,-0.000168415926
0.8489795918367347,0.8163265306122449,0.000590656849,-0.000167843841
0.8489795918367347,0.8081632653061225,0.000590978463,-0.00016808218
0.8489795918367347,0.8,0.000590612382,-0.00016869553
0.8408163265306122,1.2,0.000591032514,-0.000167958386
0.8408163265306122,1.1918367346938774,0.000591161694,-0.000169089038
0.8408163265306122,1.183673469387755,0.000591775599,-0.000168551538
0.8408163265306122,1.1755102040816325,0.000591512346,-0.000168447525
0.8408163265306122,1.1673469387755102,0.00059156515,-0.000168526618
0.8408163265306122,1.1591836734693877,0.000591299118,-0.000168034461
0.8408163265306122,1.1510204081632653,0.000591529308,-0.000168402824
0.8408163265306122,1.1428571428571428,0.000591671044,-0.000168682204
0.8408163265306122,1.1346938775510205,0.000592488114,-0.000168107967
0.8408163265306122,1.126530612244898,0.000592934597,-0.000169118036
0.8408163265306122,1.1183673469387754,0.000593029088,-0.000168526812
0.8408163265306122,1.110204081632653,0.00059341357,-0.000169383447
0.8408163265306122,1.1020408163265305,0.000592515619,-0.000168890454
0.8408163265306122,1.0938775510204082,0.000591433284,-0.000169533027
0.8408163265306122,1.0857142857142856,0.000591714264,-0.000166843019
0.8408163265306122,1.0775510204081633,0.000591214691,-0.000168068853
0.8408163265306122,1.0693877551020408,0.000593895416,-0.000168228742
0.8408163265306122,1.0612244897959184,0.000593418935,-0.000167763045
0.8408163265306122,1.0530612244897959,0.000594616268,-0.000167732956
0.8408163265306122,1.0448979591836736,0.000592691278,-0.000166683549
0.8408163265306122,1.036734693877551,0.000593644046,-0.000168030383
0.8408163265306122,1.0285714285714285,0.000592571008,-0.000168271291
0.8408163265306122,1.0204081632653061,0.00059284691,-0.000167332352
0.8408163265306122,1.0122448979591836,0.000593465414,-0.000167716835
0.8408163265306122,1.0040816326530613,0.000592952232,-0.000168444507
0.8408163265306122,0.9959183673469387,0.000593018738,-0.000168279673
0.8408163265306122,0.9877551020408163,0.000592705174,-0.00016844624
0.8408163265306122,0.9795918367346939,0.000591942154,-0.00016719674
0.8408163265306122,0.9714285714285714,0.000592253133,-0.000167900359
0.8408163265306122,0.963265306122449,0.000593136422,-0.00016693499
0.8408163265306122,0.9551020408163265,0.000592532867,-0.000167877591
0.8408163265306122,0.9469387755102041,0.000593454297,-0.000168411206
0.8408163265306122,0.9387755102040816,0.000591292314,-0.000169231297
0.8408163265306122,0.9306122448979592,0.000593125305,-0.000168542738
0.8408163265306122,0.9224489795918367,0.000594271653,-0.000167806237
0.8408163265306122,0.9142857142857143,0.000593472985,-0.000170061279
0.8408163265306122,0.9061224489795918,0.000594363845,-0.000168738722
0.8408163265306122,0.8979591836734694,0.000593035126,-0.000169598793
0.8408163265306122,0.889795918367347,0.000592638668,-0.000170226979
0.8408163265306122,0.8816326530612244,0.000593101826,-0.000170794762
0.8408163265306122,0.8734693877551021,0.000592405219,-0.000170066866
0.8408163265306122,0.8653061224489795,0.000592613175,-0.000169333158
0.8408163265306122,0.8571428571428572,0.000592966894,-0.000169775863
0.8408163265306122,0.8489795918367347,0.000593081125,-0.00016983283
0.8408163265306122,0.8408163265306122,0.000592350403,-0.000169570213
0.8408163265306122,0.8326530612244898,0.000592981556,-0.000170436932
0.8408163265306122,0.8244897959183674,0.000593123292,-0.000169971877
0.8408163265306122,0.8163265306122449,0.00059217455,-0.000169630392
0.8408163265306122,0.8081632653061225,0.000592944467,-0.000169907396
0.8408163265306122,0.8,0.000592421701,-0.000170944985
0.8326530612244898,1.2,0.000594823171,-0.00016807595
0.8326530612244898,1.1918367346938774,0.000594236771,-0.0001669251
0.8326530612244898,1.183673469387755,0.000594013673,-0.000168561204
0.8326530612244898,1.1755102040816325,0.000593764796,-0.00016932908
0.8326530612244898,1.1673469387755102,0.000593954544,-0.000166895877
0.8326530612244898,1.1591836734693877,0.000594120813,-0.000167279269
0.8326530612244898,1.1510204081632653,0.000594740563,-0.0001675722
0.8326530612244898,1.1428571428571428,0.000594716031,-0.000166603395
0.8326530612244898,1.1346938775510205,0.000594573048,-0.000168307835
0.8326530612244898,1.126530612244898,0.000594295613,-0.000166158315
0.8326530612244898,1.1183673469387754,0.000593851716,-0.000166247074
0.8326530612244898,1.110204081632653,0.000594367391,-0.000167354284
0.8326530612244898,1.1020408163265305,0.000594591542,-0.000168113554
0.8326530612244898,1.0938775510204082,0.000594417416,-0.0001667953
0.8326530612244898,1.0857142857142856,0.00059401166,-0.0001668602
0.8326530612244898,1.0775510204081633,0.00059463189,-0.000167224678
0.8326530612244898,1.0693877551020408,0.00059453366,-0.000166725456
0.8326530612244898,1.0612244897959184,0.000594766342,-0.000167012574
0.8326530612244898,1.0530612244897959,0.000594444727,-0.000167507718
0.8326530612244898,1.0448979591836736,0.000595510674,-0.000166206452
0.8326530612244898,1.036734693877551,0.000594197576,-0.000167734658
0.8326530612244898,1.0285714285714285,0.000595249914,-0.000165782213
0.8326530612244898,1.0204081632653061,0.000595500803,-0.000167114435
0.8326530612244898,1.0122448979591836,0.000594629111,-0.000167074904
0.8326530612244898,1.0040816326530613,0.000594307496,-0.000167952799
0.8326530612244898,0.9959183673469387,0.000593778691,-0.00016651226
0.8326530612244898,0.9877551020408163,0.000593420661,-0.000166139176
0.8326530612244898,0.9795918367346939,0.000593726368,-0.000166535477
0.8326530612244898,0.9714285714285714,0.00059328199,-0.000166593505
0.8326530612244898,0.963265306122449,0.000592956544,-0.000168138474
0.8326530612244898,0.9551020408163265,0.000592453231,-0.000165874408
0.8326530612244898,0.9469387755102041,0.000592395636,-0.000167399627
0.8326530612244898,0.9387755102040816,0.00059295683,-0.000166346784
0.8326530612244898,0.9306122448979592,0.000593825937,-0.00016610716
0.8326530612244898,0.9224489795918367,0.000593292054,-0.000165729131
0.8326530612244898,0.9142857142857143,0.000592594488,-0.000166367625
0.8326530612244898,0.9061224489795918,0.000592330949,-0.000165003162
0.8326530612244898,0.8979591836734694,0.000592665499,-0.000167612598
0.8326530612244898,0.889795918367347,0.000592402727,-0.000166158957
0.8326530612244898,0.8816326530612244,0.000591988347,-0.000165665516
0.8326530612244898,0.8734693877551021,0.000592646045,-0.000166040109
0.8326530612244898,0.8653061224489795,0.000592295106,-0.000166313258
0.8326530612244898,0.8571428571428572,0.00059254245,-0.000166025497
0.8326530612244898,0.8489795918367347,0.000593102878,-0.000166768005
0.8326530612244898,0.8408163265306122,0.000593470972,-0.000165991972
0.8326530612244898,0.8326530612244898,0.000593396415,-0.000164881326
0.8326530612244898,0.8244897959183674,0.000594454791,-0.000165488864
0.8326530612244898,0.8163265306122449,0.000593855261,-0.000165951992
0.8326530612244898,0.8081632653061225,0.000593966141,-0.00016622816
0.8326530612244898,0.8,0.000593856028,-0.000167115945
0.8244897959183674,1.2,0.000593660434,-0.000166758981
0.8244897959183674,1.1918367346938774,0.000592804457,-0.000166654102
0.8244897959183674,1.183673469387755,0.0005925988,-0.000166381819
0.8244897959183674,1.1755102040816325,0.000592451218,-0.000165699266
0.8244897959183674,1.1673469387755102,0.000593484582,-0.00016464835
0.8244897959183674,1.1591836734693877,0.000592755965,-0.000165390439
0.8244897959183674,1.1510204081632653,0.000593355015,-0.000165252676
0.8244897959183674,1.1428571428571428,0.000592526735,-0.000166045696
0.8244897959183674,1.1346938775510205,0.000592399181,-0.000164840479
0.8244897959183674,1.126530612244898,0.000592210199,-0.000166425877
0.8244897959183674,1.1183673469387754,0.000592475464,-0.000166861067
0.8244897959183674,1.110204081632653,0.00059043327,-0.000165942744
0.8244897959183674,1.1020408163265305,0.000592671058,-0.000166064386
0.8244897959183674,1.0938775510204082,0.000593566996,-0.000166085452
0.8244897959183674,1.0857142857142856,0.00059338252,-0.000166207094
0.8244897959183674,1.0775510204081633,0.000592413077,-0.000166249001
0.8244897959183674,1.0693877551020408,0.000592085617,-0.000165461344
0.8244897959183674,1.0612244897959184,0.000592748874,-0.000166330021
0.8244897959183674,1.0530612244897959,0.000592662434,-0.000165596955
0.8244897959183674,1.0448979591836736,0.000592739484,-0.000165993257
0.8244897959183674,1.036734693877551,0.000592116954,-0.000165676273
0.8244897959183674,1.0285714285714285,0.000591673537,-0.000165504118
0.8244897959183674,1.0204081632653061,0.000592322131,-0.000165661662
0.8244897959183674,1.0122448979591836,0.000591700082,-0.000165520881
0.8244897959183674,1.0040816326530613,0.000591632903,-0.000166556319
0.8244897959183674,0.9959183673469387,0.000592034346,-0.000166572439
0.8244897959183674,0.9877551020408163,0.000591431751,-0.000165034985
0.8244897959183674,0.9795918367346939,0.000592072488,-0.000165315649
0.8244897959183674,0.9714285714285714,0.000592877481,-0.000165249882
0.8244897959183674,0.963265306122449,0.000593269341,-0.000165879996
0.8244897959183674,0.9551020408163265,0.000593742083,-0.000165190795
0.8244897959183674,0.9469387755102041,0.000592800145,-0.000164911191
0.8244897959183674,0.9387755102040816,0.000592703355,-0.000164306864
0.8244897959183674,0.9306122448979592,0.000592898468,-0.000165758353
0.8244897959183674,0.9224489795918367,0.000593365845,-0.000165234629
0.8244897959183674,0.9142857142857143,0.000593130383,-0.000165883656
0.8244897959183674,0.9061224489795918,0.000592980789,-0.000165221945
0.8244897959183674,0.8979591836734694,0.000591885519,-0.000165766317
0.8244897959183674,0.889795918367347,0.000592515905,-0.000166136383
0.8244897959183674,0.8816326530612244,0.000591959023,-0.000166421574
0.8244897959183674,0.8734693877551021,0.000592035113,-0.000164695202
0.8244897959183674,0.8653061224489795,0.00059270594,-0.000164941056
0.8244897959183674,0.8571428571428572,0.000592182408,-0.000165288353
0.8244897959183674,0.8489795918367347,0.000592692238,-0.000166334742
0.8244897959183674,0.8408163265306122,0.000592542164,-0.000165091921
0.8244897959183674,0.8326530612244898,0.000592108903,-0.000165525601
0.8244897959183674,0.8244897959183674,0.000593150317,-0.000166126492
0.8244897959183674,0.8163265306122449,0.000593062151,-0.000165846695
0.8244897959183674,0.8081632653061225,0.000593194017,-0.00016596853
0.8244897959183674,0.8,0.000592894156,-0.000166369777
0.8163265306122449,1.2,0.000593135175,-0.00016546995
0.8163265306122449,1.1918367346938774,0.000593162487,-0.000165680994
0.8163265306122449,1.183673469387755,0.000592385285,-0.000166354523
0.8163265306122449,1.1755102040816325,0.000593598527,-0.000165393651
0.8163265306122449,1.1673469387755102,0.000593582138,-0.000166920797
0.8163265306122449,1.1591836734693877,0.000593064164,-0.00016690641
0.8163265306122449,1.1510204081632653,0.000594275679,-0.00016621676
0.8163265306122449,1.1428571428571428,0.000593115721,-0.00016635022
0.8163265306122449,1.1346938775510205,0.000593333261,-0.000165742457
0.8163265306122449,1.126530612244898,0.000594335287,-0.000166603589
0.8163265306122449,1.1183673469387754,0.000593720616,-0.000166814215
0.8163265306122449,1.110204081632653,0.000593609643,-0.000167221467
0.8163265306122449,1.1020408163265305,0.000594141034,-0.000167141507
0.8163265306122449,1.0938775510204082,0.000594445207,-0.000166671089
0.8163265306122449,1.0857142857142856,0.000594143526,-0.000167657299
0.8163265306122449,1.0775510204081633,0.000594231979,-0.000166881266
0.8163265306122449,1.0693877551020408,0.00059352301,-0.000166442415
0.8163265306122449,1.0612244897959184,0.000593571502,-0.000166660556
0.8163265306122449,1.0530612244897959,0.000593128371,-0.000166364189
0.8163265306122449,1.0448979591836736,0.000592526542,-0.000166358184
0.8163265306122449,1.036734693877551,0.000593430245,-0.000165211412
0.8163265306122449,1.0285714285714285,0.000592644799,-0.00016522066
0.8163265306122449,1.0204081632653061,0.000593109877,-0.000165076667
0.8163265306122449,1.0122448979591836,0.000592183174,-0.000165516802
0.8163265306122449,1.0040816326530613,0.000592668758,-0.00016667581
0.8163265306122449,0.9959183673469387,0.000594262263,-0.000165424607
0.8163265306122449,0.9877551020408163,0.000594412624,-0.000165270081
0.8163265306122449,0.9795918367346939,0.00059294696,-0.000166294987
0.8163265306122449,0.9714285714285714,0.000592216524,-0.000166149291
0.8163265306122449,0.963265306122449,0.000592008854,-0.000166872242
0.8163265306122449,0.9551020408163265,0.000593617021,-0.000167716611
0.8163265306122449,0.9469387755102041,0.000594168539,-0.000166321864
0.8163265306122449,0.9387755102040816,0.000594058139,-0.000165571811
0.8163265306122449,0.9306122448979592,0.000594932324,-0.000167092727
0.8163265306122449,0.9224489795918367,0.000594273666,-0.000167059426
0.8163265306122449,0.9142857142857143,0.000593971219,-0.000166957758
0.8163265306122449,0.9061224489795918,0.000594845691,-0.000167722423
0.8163265306122449,0.8979591836734694,0.000594369404,-0.000167367611
0.8163265306122449,0.889795918367347,0.000593649031,-0.000168028874
0.8163265306122449,0.8816326530612244,0.000593460336,-0.000166044412
0.8163265306122449,0.8734693877551021,0.000594397195,-0.000166993884
0.8163265306122449,0.8653061224489795,0.000593814054,-0.000166236317
0.8163265306122449,0.8571428571428572,0.000594837353,-0.000166364189
0.8163265306122449,0.8489795918367347,0.000594338353,-0.000167864682
0.8163265306122449,0.8408163265306122,0.000594777745,-0.000166682682
0.8163265306122449,0.8326530612244898,0.000594470506,-0.00016694122
0.8163265306122449,0.8244897959183674,0.00059508719,-0.000167182353
0.8163265306122449,0.8163265306122449,0.000593679122,-0.000167805594
0.8163265306122449,0.8081632653061225,0.00059481608,-0.00016829043
0.8163265306122449,0.8,0.000594603139,-0.000167463242
0.8081632653061225,1.2,0.000592295586,-0.000167410802
0.8081632653061225,1.1918367346938774,0.000591242003,-0.000166400508
0.8081632653061225,1.183673469387755,0.000591602045,-0.000167006569
0.8081632653061225,1.1755102040816325,0.000590342805,-0.000167143883
0.8081632653061225,1.1673469387755102,0.000591164473,-0.000167355569
0.8081632653061225,1.1591836734693877,0.000591719536,-0.000167366968
0.8081632653061225,1.1510204081632653,0.000591180095,-0.000166212039
0.8081632653061225,1.1428571428571428,0.000590953451,-0.000166745012
0.8081632653061225,1.1346938775510205,0.000591446893,-0.000165383342
0.8081632653061225,1.126530612244898,0.000591573488,-0.000166671089
0.8081632653061225,1.1183673469387754,0.000590745015,-0.000166120487
0.8081632653061225,1.110204081632653,0.000591473438,-0.000166299932
0.8081632653061225,1.1020408163265305,0.00059035948,-0.000165768468
0.8081632653061225,1.0938775510204082,0.000591565917,-0.000165668534
0.8081632653061225,1.0857142857142856,0.000591198589,-0.000166673016
0.8081632653061225,1.0775510204081633,0.000590635862,-0.000166474656
0.8081632653061225,1.0693877551020408,0.000592191511,-0.000166631751
0.8081632653061225,1.0612244897959184,0.000592105838,-0.000166599735
0.8081632653061225,1.0530612244897959,0.000592131616,-0.000166994527
0.8081632653061225,1.0448979591836736,0.00059113007,-0.000166893726
0.8081632653061225,1.036734693877551,0.000591232419,-0.000166755545
0.8081632653061225,1.0285714285714285,0.000590898635,-0.000165139415
0.8081632653061225,1.0204081632653061,0.000591720302,-0.000166985696
0.8081632653061225,1.0122448979591836,0.000590900167,-0.000166418556
0.8081632653061225,1.0040816326530613,0.000590883972,-0.000166234614
0.8081632653061225,0.9959183673469387,0.000591657915,-0.000165826271
0.8081632653061225,0.9877551020408163,0.000591658875,-0.000166521284
0.8081632653061225,0.9795918367346939,0.000592092708,-0.000166137892
0.8081632653061225,0.9714285714285714,0.000592623526,-0.000166299289
0.8081632653061225,0.963265306122449,0.000592531334,-0.000165581059
0.8081632653061225,0.9551020408163265,0.000592055333,-0.000166071707
0.8081632653061225,0.9469387755102041,0.000591970426,-0.000165475538
0.8081632653061225,0.9387755102040816,0.000590992166,-0.00016635645
0.8081632653061225,0.9306122448979592,0.000591812494,-0.000166573306
0.8081632653061225,0.9224489795918367,0.00059259976,-0.00016539882
0.8081632653061225,0.9142857142857143,0.000591691745,-0.000165806072
0.8081632653061225,0.9061224489795918,0.000590844584,-0.000165429328
0.8081632653061225,0.8979591836734694,0.000591325857,-0.000165796824
0.8081632653061225,0.889795918367347,0.000591471426,-0.000165400747
0.8081632653061225,0.8816326530612244,0.000592945713,-0.000165174674
0.8081632653061225,0.8734693877551021,0.00059275012,-0.000165595028
0.8081632653061225,0.8653061224489795,0.00059220742,-0.000165370882
0.8081632653061225,0.8571428571428572,0.000591715511,-0.000166281884
0.8081632653061225,0.8489795918367347,0.000592078813,-0.000165941459
0.8081632653061225,0.8408163265306122,0.000593744575,-0.000166356674
0.8081632653061225,0.8326530612244898,0.000592968426,-0.00016617572
0.8081632653061225,0.8244897959183674,0.000593133163,-0.000165173165
0.8081632653061225,0.8163265306122449,0.000592895882,-0.000165634784
0.8081632653061225,0.8081632653061225,0.000592431284,-0.000166468426
0.8081632653061225,0.8,0.000592488594,-0.000166326361
0.8,1.2,0.000593506815,-0.000167910892
0.8,1.1918367346938774,0.00059430673,-0.000167259713
0.8,1.183673469387755,0.000594921208,-0.000167757875
0.8,1.1755102040816325,0.000594164033,-0.000168031025
0.8,1.1673469387755102,0.000594083918,-0.00016705705
0.8,1.1591836734693877,0.000594006102,-0.000168480184
0.8,1.1510204081632653,0.000593771887,-0.000168988461
0.8,1.1428571428571428,0.000594778705,-0.000168816948
0.8,1.1346938775510205,0.000594405053,-0.000168904198
0.8,1.126530612244898,0.000594545543,-0.000168916883
0.8,1.1183673469387754,0.000594512673,-0.000168648036
0.8,1.110204081632653,0.000593531827,-0.000168063908
0.8,1.1020408163265305,0.00059441339,-0.00016802974
0.8,1.0938775510204082,0.000595509141,-0.000168927833
0.8,1.0857142857142856,0.000594286509,-0.000168645884
0.8,1.0775510204081633,0.000593308249,-0.000168580985
0.8,1.0693877551020408,0.000592810495,-0.00016803597
0.8,1.0612244897959184,0.000592491179,-0.000167657941
0.8,1.0530612244897959,0.00059330595,-0.000166563415
0.8,1.0448979591836736,0.000591789208,-0.000166849025
0.8,1.036734693877551,0.000592355768,-0.000167163664
0.8,1.0285714285714285,0.000591908998,-0.000167886614
0.8,1.0204081632653061,0.000592695784,-0.000167523839
0.8,1.0122448979591836,0.000591667499,-0.000167571976
0.8,1.0040816326530613,0.000592148578,-0.000168397879
0.8,0.9959183673469387,0.000591990646,-0.000168664799
0.8,0.9877551020408163,0.000592529801,-0.000167756591
0.8,0.9795918367346939,0.000591879194,-0.0001677467
0.8,0.9714285714285714,0.000591671524,-0.000167701999
0.8,0.963265306122449,0.000592251886,-0.000166986563
0.8,0.9551020408163265,0.0005925321,-0.000167615392
0.8,0.9469387755102041,0.000592238757,-0.000168027589
0.8,0.9387755102040816,0.000593206187,-0.000168142134
0.8,0.9306122448979592,0.000594090722,-0.000167472266
0.8,0.9224489795918367,0.00059230421,-0.000167065014
0.8,0.9142857142857143,0.000592667992,-0.000166761775
0.8,0.9061224489795918,0.000592842885,-0.000168324374
0.8,0.8979591836734694,0.000591747328,-0.000167648275
0.8,0.889795918367347,0.00059266272,-0.000167995572
0.8,0.8816326530612244,0.000591762756,-0.000168995333
0.8,0.8734693877551021,0.000591155849,-0.000168710784
0.8,0.8653061224489795,0.000591972439,-0.000168161049
0.8,0.8571428571428572,0.0005932289,-0.000169109012
0.8,0.8489795918367347,0.000592362572,-0.000169288682
0.8,0.8408163265306122,0.000593798145,-0.000168963317
0.8,0.8326530612244898,0.000593220849,-0.00016849502
0.8,0.8244897959183674,0.000593381753,-0.000167657941
0.8,0.8163265306122449,0.000593505855,-0.00016954979
0.8,0.8081632653061225,0.000593557606,-0.00017015068
0.8,0.8,0.000592289548,-0.000168776326
