spi_rack.module2.dac9.voltage,spi_rack.module2.dac5.voltage,agilent_left.volt,agilent_right.volt
1.2,1.2,0.000597540025,-0.00016465824
1.2,1.1918367346938774,0.000595995778,-0.000166196143
1.2,1.183673469387755,0.000596999337,-0.000166546428
1.2,1.1755102040816325,0.000596750174,-0.000166791222
1.2,1.1673469387755102,0.000598117608,-0.000165155118
1.2,1.1591836734693877,0.00059630551,-0.000166128226
1.2,1.1510204081632653,0.00059670724,-0.000166346142
1.2,1.1428571428571428,0.000596460182,-0.000166172702
1.2,1.1346938775510205,0.000595759264,-0.000165762881
1.2,1.126530612244898,0.000595925053,-0.00016532403
1.2,1.1183673469387754,0.000595332522,-0.00016596381
1.2,1.110204081632653,0.00059719541,-0.000167431001
1.2,1.1020408163265305,0.000596780551,-0.000167218448
1.2,1.0938775510204082,0.000597508208,-0.000167060711
1.2,1.0857142857142856,0.000597366665,-0.000166736631
1.2,1.0775510204081633,0.00059709862,-0.000167518894
1.2,1.0693877551020408,0.000597062491,-0.000166830335
1.2,1.0612244897959184,0.000596536946,-0.000166535253
1.2,1.0530612244897959,0.000596517012,-0.000166131019
1.2,1.0448979591836736,0.000595556673,-0.000167517609
1.2,1.036734693877551,0.000597093348,-0.000167859094
1.2,1.0285714285714285,0.000598165333,-0.000167597344
1.2,1.0204081632653061,0.000598714645,-0.000168266571
1.2,1.0122448979591836,0.000597308589,-0.00016870327
1.2,1.0040816326530613,0.000597444001,-0.000168302666
1.2,0.9959183673469387,0.000597468533,-0.000166782198
1.2,0.9877551020408163,0.000596469,-0.00016669816
1.2,0.9795918367346939,0.000596319692,-0.000167000757
1.2,0.9714285714285714,0.000595811302,-0.000166845813
1.2,0.963265306122449,0.000594512673,-0.000167997499
1.2,0.9551020408163265,0.000593752913,-0.000166833996
1.2,0.9469387755102041,0.000594495998,-0.00016742005
1.2,0.9387755102040816,0.000593701162,-0.000167057693
1.2,0.9306122448979592,0.000594224122,-0.00016744754
1.2,0.9224489795918367,0.000592946673,-0.000167155058
1.2,0.9142857142857143,0.000592579059,-0.00016760701
1.2,0.9061224489795918,0.00059313115,-0.000166305101
1.2,0.8979591836734694,0.000594118034,-0.000166863861
1.2,0.889795918367347,0.000593581372,-0.000167707587
1.2,0.8816326530612244,0.000593742849,-0.000166725231
1.2,0.8734693877551021,0.000593647591,-0.000167190735
1.2,0.8653061224489795,0.000593652383,-0.000166832904
1.2,0.8571428571428572,0.000592520697,-0.000167400912
1.2,0.8489795918367347,0.000593709499,-0.000167459582
1.2,0.8408163265306122,0.000592960855,-0.00016730056
1.2,0.8326530612244898,0.000592882273,-0.000168326974
1.2,0.8244897959183674,0.00059322842,-0.000168270649
1.2,0.8163265306122449,0.000593623059,-0.000168414642
1.2,0.8081632653061225,0.000593180408,-0.000168262268
1.2,0.8,0.00059230421,-0.000168570452
1.1918367346938774,1.2,0.000593807249,-0.000168911295
1.1918367346938774,1.1918367346938774,0.000592819885,-0.000168552405
1.1918367346938774,1.183673469387755,0.000592886298,-0.000168782138
1.1918367346938774,1.1755102040816325,0.000593475764,-0.000168161915
1.1918367346938774,1.1673469387755102,0.000594242329,-0.000167539959
1.1918367346938774,1.1591836734693877,0.000593256212,-0.000167559291
1.1918367346938774,1.1510204081632653,0.00059316268,-0.000168254111
1.1918367346938774,1.1428571428571428,0.00059360006,-0.000167830738
1.1918367346938774,1.1346938775510205,0.000592971206,-0.000167679231
1.1918367346938774,1.126530612244898,0.000593212225,-0.000167595193
1.1918367346938774,1.1183673469387754,0.000593531347,-0.000167772069
1.1918367346938774,1.110204081632653,0.000594493985,-0.000167238872
1.1918367346938774,1.1020408163265305,0.000594382053,-0.000167014501
1.1918367346938774,1.0938775510204082,0.000594072035,-0.000167905304
1.1918367346938774,1.0857142857142856,0.000593679888,-0.000167144525
1.1918367346938774,1.0775510204081633,0.00059356671,-0.000167449049
1.1918367346938774,1.0693877551020408,0.000593728667,-0.000168330828
1.1918367346938774,1.0612244897959184,0.00059275012,-0.000166992793
1.1918367346938774,1.0530612244897959,0.00059343561,-0.00016830912
1.1918367346938774,1.0448979591836736,0.000592900194,-0.000167912625
1.1918367346938774,1.036734693877551,0.000592505555,-0.000166854612
1.1918367346938774,1.0285714285714285,0.000593604851,-0.000167627434
1.1918367346938774,1.0204081632653061,0.000591960556,-0.000167213085
1.1918367346938774,1.0122448979591836,0.000592134876,-0.000166700311
1.1918367346938774,1.0040816326530613,0.000592417389,-0.000166856122
1.1918367346938774,0.9959183673469387,0.000592602825,-0.000168006523
1.1918367346938774,0.9877551020408163,0.000592115422,-0.000168145571
1.1918367346938774,0.9795918367346939,0.000591281391,-0.000168071647
1.1918367346938774,0.9714285714285714,0.000590932271,-0.000168666083
1.1918367346938774,0.963265306122449,0.0005904234,-0.000167354926
1.1918367346938774,0.9551020408163265,0.000591629837,-0.000167866415
1.1918367346938774,0.9469387755102041,0.000591226094,-0.000168180605
1.1918367346938774,0.9387755102040816,0.000591745795,-0.000167902928
1.1918367346938774,0.9306122448979592,0.00059169529,-0.000167503222
1.1918367346938774,0.9224489795918367,0.000591788248,-0.000167205346
1.1918367346938774,0.9142857142857143,0.000591077553,-0.000167331934
1.1918367346938774,0.9061224489795918,0.000591187186,-0.000167636457
1.1918367346938774,0.8979591836734694,0.000590742236,-0.000167940339
1.1918367346938774,0.889795918367347,0.00059140396,-0.000167854149
1.1918367346938774,0.8816326530612244,0.000592256198,-0.000167545547
1.1918367346938774,0.8734693877551021,0.000591628591,-0.000168134395
1.1918367346938774,0.8653061224489795,0.000591720782,-0.000167248762
1.1918367346938774,0.8571428571428572,0.000591627058,-0.000167703926
1.1918367346938774,0.8489795918367347,0.000592071242,-0.000167875215
1.1918367346938774,0.8408163265306122,0.000591335727,-0.000166391485
1.1918367346938774,0.8326530612244898,0.000592000517,-0.000167900583
1.1918367346938774,0.8244897959183674,0.00059254523,-0.000168408412
1.1918367346938774,0.8163265306122449,0.000591435297,-0.000167078341
1.1918367346938774,0.8081632653061225,0.000590788235,-0.000167879518
1.1918367346938774,0.8,0.000590379414,-0.000167467545
1.183673469387755,1.2,0.000590356414,-0.000167611956
1.183673469387755,1.1918367346938774,0.000588635069,-0.00016739876
1.183673469387755,1.183673469387755,0.000589145472,-0.00016754985
1.183673469387755,1.1755102040816325,0.000589173743,-0.000167817187
1.183673469387755,1.1673469387755102,0.000588851842,-0.000167190735
1.183673469387755,1.1591836734693877,0.000588963775,-0.000166619067
1.183673469387755,1.1510204081632653,0.000588288921,-0.000166311974
1.183673469387755,1.1428571428571428,0.000588601432,-0.000167468187
1.183673469387755,1.1346938775510205,0.000587802091,-0.000167178917
1.183673469387755,1.126530612244898,0.000588915283,-0.000166770381
1.183673469387755,1.1183673469387754,0.000589009007,-0.000167896923
1.183673469387755,1.110204081632653,0.000590259144,-0.000168587215
1.183673469387755,1.1020408163265305,0.000589399141,-0.000167738961
1.183673469387755,1.0938775510204082,0.000589255105,-0.000168229384
1.183673469387755,1.0857142857142856,0.000588527448,-0.000167977525
1.183673469387755,1.0775510204081633,0.000588938282,-0.000169238812
1.183673469387755,1.0693877551020408,0.000589416296,-0.000168616662
1.183673469387755,1.0612244897959184,0.000589807676,-0.000168627613
1.183673469387755,1.0530612244897959,0.000588143446,-0.000169227861
1.183673469387755,1.0448979591836736,0.000588033526,-0.000168454397
1.183673469387755,1.036734693877551,0.000588147951,-0.000167263598
1.183673469387755,1.0285714285714285,0.000587277311,-0.000167387167
1.183673469387755,1.0204081632653061,0.000588483462,-0.000167254768
1.183673469387755,1.0122448979591836,0.000587217897,-0.000167391246
1.183673469387755,1.0040816326530613,0.000587363945,-0.00016738158
1.183673469387755,0.9959183673469387,0.000587794713,-0.000167530936
1.183673469387755,0.9877551020408163,0.000588744222,-0.000166862127
1.183673469387755,0.9795918367346939,0.000588486527,-0.000166881266
1.183673469387755,0.9714285714285714,0.000588509241,-0.000166947675
1.183673469387755,0.963265306122449,0.000587200742,-0.000168070138
1.183673469387755,0.9551020408163265,0.000587376594,-0.000167824284
1.183673469387755,0.9469387755102041,0.000588452698,-0.000167477211
1.183673469387755,0.9387755102040816,0.00058828135,-0.000169641985
1.183673469387755,0.9306122448979592,0.000588471099,-0.000169356151
1.183673469387755,0.9224489795918367,0.000587573914,-0.000168366729
1.183673469387755,0.9142857142857143,0.000588613315,-0.000166996229
1.183673469387755,0.9061224489795918,0.000589692964,-0.000168047145
1.183673469387755,0.8979591836734694,0.00058893349,-0.000168149874
1.183673469387755,0.889795918367347,0.000588296013,-0.000169179082
1.183673469387755,0.8816326530612244,0.000588898321,-0.00016749224
1.183673469387755,0.8734693877551021,0.00059041401,-0.000168008675
1.183673469387755,0.8653061224489795,0.000589945387,-0.000167874348
1.183673469387755,0.8571428571428572,0.000589201535,-0.000168411206
1.183673469387755,0.8489795918367347,0.000590267001,-0.000168346082
1.183673469387755,0.8408163265306122,0.000589032007,-0.00016884662
1.183673469387755,0.8326530612244898,0.000589916062,-0.00016859839
1.183673469387755,0.8244897959183674,0.000587532993,-0.000168051448
1.183673469387755,0.8163265306122449,0.000588893049,-0.000168350384
1.183673469387755,0.8081632653061225,0.000589246001,-0.000168441937
1.183673469387755,0.8,0.000589398374,-0.000167686746
1.1755102040816325,1.2,0.00058696806,-0.000166061817
1.1755102040816325,1.1918367346938774,0.00058704233,-0.000166095342
1.1755102040816325,1.183673469387755,0.000588681834,-0.000165447824
1.1755102040816325,1.1755102040816325,0.000588365205,-0.000166024213
1.1755102040816325,1.1673469387755102,0.00058790214,-0.000166435319
1.1755102040816325,1.1591836734693877,0.00058741349,-0.000167662886
1.1755102040816325,1.1510204081632653,0.0005870085,-0.000166221706
1.1755102040816325,1.1428571428571428,0.000587142093,-0.000166867297
1.1755102040816325,1.1346938775510205,0.000588186859,-0.000165832083
1.1755102040816325,1.126530612244898,0.0005881399,-0.000167092085
1.1755102040816325,1.1183673469387754,0.000587501656,-0.000166549222
1.1755102040816325,1.110204081632653,0.0005888137,-0.000166448645
1.1755102040816325,1.1020408163265305,0.000588607277,-0.000167290445
1.1755102040816325,1.0938775510204082,0.000588170664,-0.00016593889
1.1755102040816325,1.0857142857142856,0.000587795479,-0.000167401554
1.1755102040816325,1.0775510204081633,0.000588717963,-0.000167524706
1.1755102040816325,1.0693877551020408,0.000588254805,-0.000167632379
1.1755102040816325,1.0612244897959184,0.000587888724,-0.00016780537
1.1755102040816325,1.0530612244897959,0.000587899841,-0.000167376634
1.1755102040816325,1.0448979591836736,0.000588096394,-0.000166962286
1.1755102040816325,1.036734693877551,0.000587980916,-0.000167303771
1.1755102040816325,1.0285714285714285,0.000587248467,-0.000167745191
1.1755102040816325,1.0204081632653061,0.000586760103,-0.000167223618
1.1755102040816325,1.0122448979591836,0.000588308182,-0.000167221242
1.1755102040816325,1.0040816326530613,0.000588230079,-0.000166984636
1.1755102040816325,0.9959183673469387,0.000587760883,-0.000167256277
1.1755102040816325,0.9877551020408163,0.000589143939,-0.000166818935
1.1755102040816325,0.9795918367346939,0.000589721522,-0.000167699206
1.1755102040816325,0.9714285714285714,0.000588084317,-0.000168251092
1.1755102040816325,0.963265306122449,0.000588632289,-0.000167409293
1.1755102040816325,0.9551020408163265,0.000589368284,-0.000167098957
1.1755102040816325,0.9469387755102041,0.000590112616,-0.00016701601
1.1755102040816325,0.9387755102040816,0.000589772313,-0.000167209425
1.1755102040816325,0.9306122448979592,0.000589574227,-0.000167684594
1.1755102040816325,0.9224489795918367,0.000589980749,-0.000168136129
1.1755102040816325,0.9142857142857143,0.00059017529,-0.000167667189
1.1755102040816325,0.9061224489795918,0.000590016112,-0.000167245326
1.1755102040816325,0.8979591836734694,0.000590019944,-0.000166691063
1.1755102040816325,0.889795918367347,0.000590188419,-0.000167656656
1.1755102040816325,0.8816326530612244,0.000589382946,-0.000166221706
1.1755102040816325,0.8734693877551021,0.000590701029,-0.000167312795
1.1755102040816325,0.8653061224489795,0.000590555267,-0.000166573724
1.1755102040816325,0.8571428571428572,0.000589854155,-0.000168035746
1.1755102040816325,0.8489795918367347,0.000590167432,-0.000167277985
1.1755102040816325,0.8408163265306122,0.000588351116,-0.000166896295
1.1755102040816325,0.8326530612244898,0.000589454437,-0.000167000757
1.1755102040816325,0.8244897959183674,0.000589946633,-0.000167485368
1.1755102040816325,0.8163265306122449,0.000590161107,-0.000167116587
1.1755102040816325,0.8081632653061225,0.000589157548,-0.00016727304
1.1755102040816325,0.8,0.000590062591,-0.000167498052
1.1673469387755102,1.2,0.000590201835,-0.00016743874
1.1673469387755102,1.1918367346938774,0.000590096707,-0.000167027185
1.1673469387755102,1.183673469387755,0.000588678002,-0.00016868564
1.1673469387755102,1.1755102040816325,0.000587939995,-0.000167864682
1.1673469387755102,1.1673469387755102,0.000589210159,-0.000167279494
1.1673469387755102,1.1591836734693877,0.000588970099,-0.000167425189
1.1673469387755102,1.1510204081632653,0.000588778818,-0.00016835016
1.1673469387755102,1.1428571428571428,0.000588480969,-0.000168094864
1.1673469387755102,1.1346938775510205,0.00058872908,-0.000168364996
1.1673469387755102,1.126530612244898,0.00058829448,-0.000167621846
1.1673469387755102,1.1183673469387754,0.000588659601,-0.000167389737
1.1673469387755102,1.110204081632653,0.000588781117,-0.000167599914
1.1673469387755102,1.1020408163265305,0.000588900907,-0.000167656656
1.1673469387755102,1.0938775510204082,0.000590235951,-0.000167849653
1.1673469387755102,1.0857142857142856,0.000589288741,-0.000167417032
1.1673469387755102,1.0775510204081633,0.000589829622,-0.000167803443
1.1673469387755102,1.0693877551020408,0.000590565617,-0.000167510512
1.1673469387755102,1.0612244897959184,0.000589083564,-0.000168184266
1.1673469387755102,1.0530612244897959,0.000589446866,-0.000168171582
1.1673469387755102,1.0448979591836736,0.000588814467,-0.000168271516
1.1673469387755102,1.036734693877551,0.00058963968,-0.000168960941
1.1673469387755102,1.0285714285714285,0.000589952191,-0.000167535014
1.1673469387755102,1.0204081632653061,0.000589879167,-0.000167584018
1.1673469387755102,1.0122448979591836,0.000588364245,-0.00016873291
1.1673469387755102,1.0040816326530613,0.000586838686,-0.000168716596
1.1673469387755102,0.9959183673469387,0.00058802241,-0.000169026707
1.1673469387755102,0.9877551020408163,0.000586991253,-0.000169083226
1.1673469387755102,0.9795918367346939,0.000587863998,-0.000168892605
1.1673469387755102,0.9714285714285714,0.000586784636,-0.000169092249
1.1673469387755102,0.963265306122449,0.0005884251,-0.000169539899
1.1673469387755102,0.9551020408163265,0.000588484995,-0.000169367326
1.1673469387755102,0.9469387755102041,0.000588373542,-0.000169628016
1.1673469387755102,0.9387755102040816,0.000587734338,-0.00017020935
1.1673469387755102,0.9306122448979592,0.000588399607,-0.000169637906
1.1673469387755102,0.9224489795918367,0.000587664379,-0.000169072693
1.1673469387755102,0.9142857142857143,0.000588288921,-0.000168867461
1.1673469387755102,0.9061224489795918,0.000588090069,-0.000169297481
1.1673469387755102,0.8979591836734694,0.000588380153,-0.000169051627
1.1673469387755102,0.889795918367347,0.00058766208,-0.000169352939
1.1673469387755102,0.8816326530612244,0.000589025682,-0.00016955345
1.1673469387755102,0.8734693877551021,0.000587542577,-0.000169464467
1.1673469387755102,0.8653061224489795,0.00058795571,-0.000168919676
1.1673469387755102,0.8571428571428572,0.000588307896,-0.000169848308
1.1673469387755102,0.8489795918367347,0.000587307116,-0.000168544023
1.1673469387755102,0.8408163265306122,0.000587582731,-0.000168528545
1.1673469387755102,0.8326530612244898,0.000587328583,-0.000168613868
1.1673469387755102,0.8244897959183674,0.000587488527,-0.000169265465
1.1673469387755102,0.8163265306122449,0.000588683367,-0.000169197771
1.1673469387755102,0.8081632653061225,0.000587347077,-0.000169096328
1.1673469387755102,0.8,0.000587256038,-0.000169487041
1.1591836734693877,1.2,0.000588002189,-0.00016704093
1.1591836734693877,1.1918367346938774,0.000588767988,-0.000169201208
1.1591836734693877,1.183673469387755,0.000588452891,-0.000169723005
1.1591836734693877,1.1755102040816325,0.000588021357,-0.000169388392
1.1591836734693877,1.1673469387755102,0.000588525915,-0.000169227636
1.1591836734693877,1.1591836734693877,0.000588552747,-0.00016960589
1.1591836734693877,1.1510204081632653,0.00058722652,-0.000169380877
1.1591836734693877,1.1428571428571428,0.000587644639,-0.00017030649
1.1591836734693877,1.1346938775510205,0.000586834374,-0.000169642852
1.1591836734693877,1.126530612244898,0.000587397581,-0.000170189569
1.1591836734693877,1.1183673469387754,0.000588027202,-0.000168506613
1.1591836734693877,1.110204081632653,0.000588889504,-0.000168920319
1.1591836734693877,1.1020408163265305,0.000587987241,-0.000168139341
1.1591836734693877,1.0938775510204082,0.000586636288,-0.000167876724
1.1591836734693877,1.0857142857142856,0.000587718143,-0.000167855016
1.1591836734693877,1.0775510204081633,0.000588804597,-0.000169011005
1.1591836734693877,1.0693877551020408,0.000587768741,-0.000168785574
1.1591836734693877,1.0612244897959184,0.00058554303,-0.000168760012
1.1591836734693877,1.0530612244897959,0.000587399308,-0.000169034222
1.1591836734693877,1.0448979591836736,0.000586550901,-0.000167353193
1.1591836734693877,1.036734693877551,0.000587854608,-0.000168912162
1.1591836734693877,1.0285714285714285,0.000587043577,-0.000168351027
1.1591836734693877,1.0204081632653061,0.000587765675,-0.000167896923
1.1591836734693877,1.0122448979591836,0.000587605251,-0.000167949363
1.1591836734693877,1.0040816326530613,0.000589134069,-0.000168222512
1.1591836734693877,0.9959183673469387,0.000589215911,-0.000167312377
1.1591836734693877,0.9877551020408163,0.000587963281,-0.000168278388
1.1591836734693877,0.9795918367346939,0.000587861985,-0.000167862755
1.1591836734693877,0.9714285714285714,0.000589289701,-0.000168232821
1.1591836734693877,0.963265306122449,0.000589408438,-0.00016723049
1.1591836734693877,0.9551020408163265,0.000587812921,-0.000166935857
1.1591836734693877,0.9469387755102041,0.000588482982,-0.000167806655
1.1591836734693877,0.9387755102040816,0.000586967773,-0.00016836522
1.1591836734693877,0.9306122448979592,0.00058868356,-0.000168207901
1.1591836734693877,0.9224489795918367,0.000588433724,-0.000167238872
1.1591836734693877,0.9142857142857143,0.000588413983,-0.000168171582
1.1591836734693877,0.9061224489795918,0.000587781584,-0.000167389094
1.1591836734693877,0.8979591836734694,0.000588011007,-0.000167667189
1.1591836734693877,0.889795918367347,0.000588733872,-0.000167912401
1.1591836734693877,0.8816326530612244,0.000587577939,-0.000167129914
1.1591836734693877,0.8734693877551021,0.000587781584,-0.000167243175
1.1591836734693877,0.8653061224489795,0.000586826037,-0.000167586811
1.1591836734693877,0.8571428571428572,0.000587220962,-0.000167928521
1.1591836734693877,0.8489795918367347,0.000587532513,-0.000167933018
1.1591836734693877,0.8408163265306122,0.000588649731,-0.000168917749
1.1591836734693877,0.8326530612244898,0.000587259104,-0.00016831535
1.1591836734693877,0.8244897959183674,0.000587389724,-0.000169058948
1.1591836734693877,0.8163265306122449,0.000587824804,-0.000169050118
1.1591836734693877,0.8081632653061225,0.000588510773,-0.000167959029
1.1591836734693877,0.8,0.00058697889,-0.000169076129
1.1510204081632653,1.2,0.000592251886,-0.000168569167
1.1510204081632653,1.1918367346938774,0.000591800131,-0.000168705839
1.1510204081632653,1.183673469387755,0.000591189965,-0.000168856928
1.1510204081632653,1.1755102040816325,0.000592235691,-0.000168275594
1.1510204081632653,1.1673469387755102,0.000592128071,-0.000167732313
1.1510204081632653,1.1591836734693877,0.000591163706,-0.000168554974
1.1510204081632653,1.1510204081632653,0.000591406739,-0.000167827945
1.1510204081632653,1.1428571428571428,0.000590642187,-0.00016866329
1.1510204081632653,1.1346938775510205,0.000591578566,-0.000167414014
1.1510204081632653,1.126530612244898,0.000592253419,-0.000167985906
1.1510204081632653,1.1183673469387754,0.000592067216,-0.000167317098
1.1510204081632653,1.110204081632653,0.000591580579,-0.000168801695
1.1510204081632653,1.1020408163265305,0.000592858507,-0.000168737437
1.1510204081632653,1.0938775510204082,0.000591720016,-0.000168182757
1.1510204081632653,1.0857142857142856,0.00059205428,-0.000167897565
1.1510204081632653,1.0775510204081633,0.000591829169,-0.000168761715
1.1510204081632653,1.0693877551020408,0.000591504775,-0.000169358751
1.1510204081632653,1.0612244897959184,0.000592830715,-0.000168740007
1.1510204081632653,1.0530612244897959,0.000593029568,-0.000168105397
1.1510204081632653,1.0448979591836736,0.000593267808,-0.000168747103
1.1510204081632653,1.036734693877551,0.000593390377,-0.000167650426
1.1510204081632653,1.0285714285714285,0.000593797379,-0.000167922291
1.1510204081632653,1.0204081632653061,0.000592831962,-0.000167681158
1.1510204081632653,1.0122448979591836,0.00059357658,-0.000168390364
1.1510204081632653,1.0040816326530613,0.000593848937,-0.000169303936
1.1510204081632653,0.9959183673469387,0.000593560385,-0.000168181248
1.1510204081632653,0.9877551020408163,0.000593529334,-0.000168139983
1.1510204081632653,0.9795918367346939,0.000594945454,-0.000168375529
1.1510204081632653,0.9714285714285714,0.000594774393,-0.000167400912
1.1510204081632653,0.963265306122449,0.000595593568,-0.000168256038
1.1510204081632653,0.9551020408163265,0.000595003336,-0.000168766884
1.1510204081632653,0.9469387755102041,0.000594024789,-0.000168658344
1.1510204081632653,0.9387755102040816,0.000594745162,-0.0001683377
1.1510204081632653,0.9306122448979592,0.000594332028,-0.00016832158
1.1510204081632653,0.9224489795918367,0.000595151111,-0.000168046503
1.1510204081632653,0.9142857142857143,0.000594135475,-0.000167623131
1.1510204081632653,0.9061224489795918,0.000593702408,-0.000168135038
1.1510204081632653,0.8979591836734694,0.000594921208,-0.00016857604
1.1510204081632653,0.889795918367347,0.000594617994,-0.000168593863
1.1510204081632653,0.8816326530612244,0.000595328016,-0.000167789474
1.1510204081632653,0.8734693877551021,0.000594322445,-0.000168151383
1.1510204081632653,0.8653061224489795,0.000594753692,-0.000168536702
1.1510204081632653,0.8571428571428572,0.000595258251,-0.000168773981
1.1510204081632653,0.8489795918367347,0.000593929532,-0.000167897147
1.1510204081632653,0.8408163265306122,0.000595466207,-0.00016961212
1.1510204081632653,0.8326530612244898,0.000595442441,-0.000168328676
1.1510204081632653,0.8244897959183674,0.000595515466,-0.000168720675
1.1510204081632653,0.8163265306122449,0.000594191825,-0.000169400434
1.1510204081632653,0.8081632653061225,0.000595025089,-0.000167586811
1.1510204081632653,0.8,0.000593243562,-0.000168459567
1.1428571428571428,1.2,0.000596507428,-0.000168308478
1.1428571428571428,1.1918367346938774,0.00059612132,-0.000168191556
1.1428571428571428,1.183673469387755,0.000595766642,-0.000167849428
1.1428571428571428,1.1755102040816325,0.000596064297,-0.000167408008
1.1428571428571428,1.1673469387755102,0.000597116061,-0.000166832904
1.1428571428571428,1.1591836734693877,0.000596007375,-0.000168433556
1.1428571428571428,1.1510204081632653,0.000595817626,-0.000167701999
1.1428571428571428,1.1428571428571428,0.000596250214,-0.000168484262
1.1428571428571428,1.1346938775510205,0.000596681461,-0.000166948541
1.1428571428571428,1.126530612244898,0.000595238797,-0.000167389319
1.1428571428571428,1.1183673469387754,0.00059645635,-0.00016924183
1.1428571428571428,1.110204081632653,0.000596418209,-0.000168178678
1.1428571428571428,1.1020408163265305,0.00059622798,-0.000168195441
1.1428571428571428,1.0938775510204082,0.000597476871,-0.000167698563
1.1428571428571428,1.0857142857142856,0.000596519024,-0.000168331695
1.1428571428571428,1.0775510204081633,0.000597735618,-0.00016812945
1.1428571428571428,1.0693877551020408,0.000596536179,-0.00016824422
1.1428571428571428,1.0612244897959184,0.00059736925,-0.000168349518
1.1428571428571428,1.0530612244897959,0.000597819472,-0.000168272801
1.1428571428571428,1.0448979591836736,0.000596896509,-0.000169236885
1.1428571428571428,1.036734693877551,0.000596651177,-0.000167057275
1.1428571428571428,1.0285714285714285,0.000596854342,-0.000168360275
1.1428571428571428,1.0204081632653061,0.000596649644,-0.000169374423
1.1428571428571428,1.0122448979591836,0.000596718643,-0.000169349921
1.1428571428571428,1.0040816326530613,0.000596210253,-0.000169072468
1.1428571428571428,0.9959183673469387,0.000596797706,-0.000168777193
1.1428571428571428,0.9877551020408163,0.000597555167,-0.000168960941
1.1428571428571428,0.9795918367346939,0.000597243902,-0.000168568943
1.1428571428571428,0.9714285714285714,0.000595139514,-0.000168391007
1.1428571428571428,0.963265306122449,0.000594967207,-0.000169981543
1.1428571428571428,0.9551020408163265,0.000596081165,-0.000169721078
1.1428571428571428,0.9469387755102041,0.000595388391,-0.000168813737
1.1428571428571428,0.9387755102040816,0.000596560712,-0.00016954979
1.1428571428571428,0.9306122448979592,0.000595922754,-0.000169839702
1.1428571428571428,0.9224489795918367,0.000594998258,-0.000169287815
1.1428571428571428,0.9142857142857143,0.000595281251,-0.000169902032
1.1428571428571428,0.9061224489795918,0.000595877041,-0.000169378083
1.1428571428571428,0.8979591836734694,0.000595202188,-0.000169307372
1.1428571428571428,0.889795918367347,0.00059498896,-0.000169510677
1.1428571428571428,0.8816326530612244,0.000595439182,-0.000169638773
1.1428571428571428,0.8734693877551021,0.000595700902,-0.000170479706
1.1428571428571428,0.8653061224489795,0.000595592515,-0.000169586976
1.1428571428571428,0.8571428571428572,0.000594510374,-0.000168517145
1.1428571428571428,0.8489795918367347,0.000595346704,-0.000168619456
1.1428571428571428,0.8408163265306122,0.000594317846,-0.000170023675
1.1428571428571428,0.8326530612244898,0.00059522768,-0.00016917693
1.1428571428571428,0.8244897959183674,0.000594983115,-0.000169475866
1.1428571428571428,0.8163265306122449,0.000594491493,-0.000170759728
1.1428571428571428,0.8081632653061225,0.000593357027,-0.000169964781
1.1428571428571428,0.8,0.000594747848,-0.00017027425
1.1346938775510205,1.2,0.000596002103,-0.000169600945
1.1346938775510205,1.1918367346938774,0.000596292381,-0.000170124027
1.1346938775510205,1.183673469387755,0.000596210539,-0.000169408815
1.1346938775510205,1.1755102040816325,0.000595715084,-0.000169035507
1.1346938775510205,1.1673469387755102,0.000596265069,-0.000170802501
1.1346938775510205,1.1591836734693877,0.00059671663,-0.000171004939
1.1346938775510205,1.1510204081632653,0.000596043024,-0.00017016314
1.1346938775510205,1.1428571428571428,0.000596463442,-0.000170199459
1.1346938775510205,1.1346938775510205,0.000595638514,-0.000169547863
1.1346938775510205,1.126530612244898,0.000595314887,-0.000169530233
1.1346938775510205,1.1183673469387754,0.000596306276,-0.000169038525
1.1346938775510205,1.110204081632653,0.000594730693,-0.000170323671
1.1346938775510205,1.1020408163265305,0.000595896495,-0.000169406021
1.1346938775510205,1.0938775510204082,0.000596031141,-0.000170079326
1.1346938775510205,1.0857142857142856,0.00059657566,-0.000169882476
1.1346938775510205,1.0775510204081633,0.000595325237,-0.000170103186
1.1346938775510205,1.0693877551020408,0.00059553492,-0.000170226337
1.1346938775510205,1.0612244897959184,0.000595384846,-0.00017012316
1.1346938775510205,1.0530612244897959,0.000594241563,-0.00016976276
1.1346938775510205,1.0448979591836736,0.000595695344,-0.000169781899
1.1346938775510205,1.036734693877551,0.000596186773,-0.000169492629
1.1346938775510205,1.0285714285714285,0.000594789821,-0.000169943939
1.1346938775510205,1.0204081632653061,0.000595776705,-0.000170158419
1.1346938775510205,1.0122448979591836,0.000595889404,-0.000170636801
1.1346938775510205,1.0040816326530613,0.000595583698,-0.000170038286
1.1346938775510205,0.9959183673469387,0.000595590216,-0.000169574934
1.1346938775510205,0.9877551020408163,0.000596258837,-0.00017103718
1.1346938775510205,0.9795918367346939,0.000596583231,-0.000169287173
1.1346938775510205,0.9714285714285714,0.000595299938,-0.000169724514
1.1346938775510205,0.963265306122449,0.000595484415,-0.00016834393
1.1346938775510205,0.9551020408163265,0.000595294094,-0.000168878636
1.1346938775510205,0.9469387755102041,0.00059601092,-0.000168888527
1.1346938775510205,0.9387755102040816,0.000596443221,-0.000169700879
1.1346938775510205,0.9306122448979592,0.000595882793,-0.000168207676
1.1346938775510205,0.9224489795918367,0.000594862846,-0.000169266107
1.1346938775510205,0.9142857142857143,0.000594965194,-0.000168350802
1.1346938775510205,0.9061224489795918,0.000594572281,-0.000169435468
1.1346938775510205,0.8979591836734694,0.000596203734,-0.000169125133
1.1346938775510205,0.889795918367347,0.000596989467,-0.000169480169
1.1346938775510205,0.8816326530612244,0.000595828549,-0.000169721078
1.1346938775510205,0.8734693877551021,0.000596186773,-0.000169283961
1.1346938775510205,0.8653061224489795,0.000594944207,-0.000168961583
1.1346938775510205,0.8571428571428572,0.000594489673,-0.000168718523
1.1346938775510205,0.8489795918367347,0.000595399794,-0.000169247417
1.1346938775510205,0.8408163265306122,0.000595208226,-0.00017030649
1.1346938775510205,0.8326530612244898,0.000595774693,-0.000170459507
1.1346938775510205,0.8244897959183674,0.000597456364,-0.000169348861
1.1346938775510205,0.8163265306122449,0.000596613036,-0.00016968325
1.1346938775510205,0.8081632653061225,0.000595618294,-0.000170138863
1.1346938775510205,0.8,0.000596503116,-0.000169420633
1.126530612244898,1.2,0.000596746435,-0.000168664156
1.126530612244898,1.1918367346938774,0.00059613119,-0.000167347187
1.126530612244898,1.183673469387755,0.000596187539,-0.000167639669
1.126530612244898,1.1755102040816325,0.00059716436,-0.000167406724
1.126530612244898,1.1673469387755102,0.000596369237,-0.000167329558
1.126530612244898,1.1591836734693877,0.000596331289,-0.000166439397
1.126530612244898,1.1510204081632653,0.000596470533,-0.000167948078
1.126530612244898,1.1428571428571428,0.000595669851,-0.000166926609
1.126530612244898,1.1346938775510205,0.000595021257,-0.000167070602
1.126530612244898,1.126530612244898,0.000594776406,-0.0001669812
1.126530612244898,1.1183673469387754,0.000596582179,-0.000167620755
1.126530612244898,1.110204081632653,0.000596248681,-0.000166593505
1.126530612244898,1.1020408163265305,0.000597314914,-0.000167252198
1.126530612244898,1.0938775510204082,0.000596360133,-0.00016607707
1.126530612244898,1.0857142857142856,0.000595822898,-0.000166984861
1.126530612244898,1.0775510204081633,0.000596181981,-0.000165496379
1.126530612244898,1.0693877551020408,0.0005963149,-0.000166195919
1.126530612244898,1.0612244897959184,0.000597137528,-0.000165945762
1.126530612244898,1.0530612244897959,0.000596144319,-0.000166586184
1.126530612244898,1.0448979591836736,0.000595562711,-0.000166950886
1.126530612244898,1.036734693877551,0.000596024336,-0.000166316919
1.126530612244898,1.0285714285714285,0.000594710759,-0.000165924054
1.126530612244898,1.0204081632653061,0.000596789848,-0.000166869866
1.126530612244898,1.0122448979591836,0.000594905299,-0.000165502833
1.126530612244898,1.0040816326530613,0.000595247614,-0.000167331067
1.126530612244898,0.9959183673469387,0.00059476155,-0.000166683324
1.126530612244898,0.9877551020408163,0.000595538465,-0.000165764165
1.126530612244898,0.9795918367346939,0.000597348264,-0.000166164738
1.126530612244898,0.9714285714285714,0.000595574594,-0.000166235257
1.126530612244898,0.963265306122449,0.000595978337,-0.000166136383
1.126530612244898,0.9551020408163265,0.00059593665,-0.000166071065
1.126530612244898,0.9469387755102041,0.000596450026,-0.000166256965
1.126530612244898,0.9387755102040816,0.000595892663,-0.000165773831
1.126530612244898,0.9306122448979592,0.000596344418,-0.000166983994
1.126530612244898,0.9224489795918367,0.000595106164,-0.000166228578
1.126530612244898,0.9142857142857143,0.000596027595,-0.000166042903
1.126530612244898,0.9061224489795918,0.000595996545,-0.000166403302
1.126530612244898,0.8979591836734694,0.000596563491,-0.000166065253
1.126530612244898,0.889795918367347,0.000596678202,-0.000166140685
1.126530612244898,0.8816326530612244,0.000594253926,-0.000164713698
1.126530612244898,0.8734693877551021,0.000594808509,-0.000165020567
1.126530612244898,0.8653061224489795,0.000595308276,-0.000164966424
1.126530612244898,0.8571428571428572,0.000595458156,-0.000166348711
1.126530612244898,0.8489795918367347,0.000596282797,-0.000166662707
1.126530612244898,0.8408163265306122,0.00059348027,-0.000165323806
1.126530612244898,0.8326530612244898,0.000593159901,-0.000166522793
1.126530612244898,0.8244897959183674,0.000593458323,-0.000165868403
1.126530612244898,0.8163265306122449,0.000594117748,-0.000165720107
1.126530612244898,0.8081632653061225,0.000595243875,-0.000166287472
1.126530612244898,0.8,0.000595335587,-0.000165914388
1.1183673469387754,1.2,0.000593739783,-0.000167544262
1.1183673469387754,1.1918367346938774,0.000592896169,-0.000168806416
1.1183673469387754,1.183673469387755,0.000593405806,-0.000167497186
1.1183673469387754,1.1755102040816325,0.000593050268,-0.00016725435
1.1183673469387754,1.1673469387755102,0.000593222862,-0.000167085855
1.1183673469387754,1.1591836734693877,0.000593348403,-0.000167479138
1.1183673469387754,1.1510204081632653,0.000593560385,-0.000167147319
1.1183673469387754,1.1428571428571428,0.000593090709,-0.000167553286
1.1183673469387754,1.1346938775510205,0.000593270107,-0.00016860462
1.1183673469387754,1.126530612244898,0.00059314198,-0.000167035791
1.1183673469387754,1.1183673469387754,0.000593386065,-0.000168133111
1.1183673469387754,1.110204081632653,0.000594126851,-0.00016737641
1.1183673469387754,1.1020408163265305,0.000593475478,-0.000167628943
1.1183673469387754,1.0938775510204082,0.00059515341,-0.000167973864
1.1183673469387754,1.0857142857142856,0.000594711239,-0.000167780868
1.1183673469387754,1.0775510204081633,0.000594258524,-0.000167694485
1.1183673469387754,1.0693877551020408,0.000593911324,-0.000167322461
1.1183673469387754,1.0612244897959184,0.000594372663,-0.000167841689
1.1183673469387754,1.0530612244897959,0.000595342106,-0.000166749957
1.1183673469387754,1.0448979591836736,0.000594446453,-0.000167319892
1.1183673469387754,1.036734693877551,0.000594498011,-0.000166990866
1.1183673469387754,1.0285714285714285,0.000594268874,-0.000167415105
1.1183673469387754,1.0204081632653061,0.000595569802,-0.000168065193
1.1183673469387754,1.0122448979591836,0.000595165773,-0.000168333622
1.1183673469387754,1.0040816326530613,0.000595816666,-0.000166135098
1.1183673469387754,0.9959183673469387,0.000596127931,-0.000167066299
1.1183673469387754,0.9877551020408163,0.000596703981,-0.000166589202
1.1183673469387754,0.9795918367346939,0.000596167605,-0.000167919498
1.1183673469387754,0.9714285714285714,0.000596633736,-0.000167313437
1.1183673469387754,0.963265306122449,0.000596209486,-0.000167882311
1.1183673469387754,0.9551020408163265,0.000595809575,-0.000167982888
1.1183673469387754,0.9469387755102041,0.000594885845,-0.000167539317
1.1183673469387754,0.9387755102040816,0.000594564997,-0.000167340091
1.1183673469387754,0.9306122448979592,0.000594837547,-0.000168544441
1.1183673469387754,0.9224489795918367,0.000594942961,-0.000167604217
1.1183673469387754,0.9142857142857143,0.000594744875,-0.000167968277
1.1183673469387754,0.9061224489795918,0.000594931844,-0.000168410981
1.1183673469387754,0.8979591836734694,0.000594468207,-0.000168531981
1.1183673469387754,0.889795918367347,0.000594279991,-0.000167273906
1.1183673469387754,0.8816326530612244,0.00059509984,-0.00016757843
1.1183673469387754,0.8734693877551021,0.000594908078,-0.000167628076
1.1183673469387754,0.8653061224489795,0.000593165266,-0.000167771844
1.1183673469387754,0.8571428571428572,0.000594667539,-0.000167851998
1.1183673469387754,0.8489795918367347,0.000594627384,-0.000169037016
1.1183673469387754,0.8408163265306122,0.000593564217,-0.000167497634
1.1183673469387754,0.8326530612244898,0.000593646539,-0.000167698339
1.1183673469387754,0.8244897959183674,0.000594617228,-0.000168359184
1.1183673469387754,0.8163265306122449,0.000594904053,-0.000167810957
1.1183673469387754,0.8081632653061225,0.000594151097,-0.00016824422
1.1183673469387754,0.8,0.00059429312,-0.000168406903
1.110204081632653,1.2,0.000593724641,-0.00016751976
1.110204081632653,1.1918367346938774,0.000593872223,-0.000167187717
1.110204081632653,1.183673469387755,0.000594896195,-0.000168277103
1.110204081632653,1.1755102040816325,0.000595567023,-0.00016759455
1.110204081632653,1.1673469387755102,0.000596358314,-0.00016748495
1.110204081632653,1.1591836734693877,0.000595818393,-0.000168107967
1.110204081632653,1.1510204081632653,0.000595269654,-0.000167985457
1.110204081632653,1.1428571428571428,0.000594928779,-0.000168253244
1.110204081632653,1.1346938775510205,0.000593787795,-0.00016777679
1.110204081632653,1.126530612244898,0.00059434669,-0.000168622474
1.110204081632653,1.1183673469387754,0.000593664266,-0.000169079565
1.110204081632653,1.110204081632653,0.000593943234,-0.000168427102
1.110204081632653,1.1020408163265305,0.000594168539,-0.000168607638
1.110204081632653,1.0938775510204082,0.000593839066,-0.000169185954
1.110204081632653,1.0857142857142856,0.000593724641,-0.000168321804
1.110204081632653,1.0775510204081633,0.000594532127,-0.000169892784
1.110204081632653,1.0693877551020408,0.00059457736,-0.000170534073
1.110204081632653,1.0612244897959184,0.000595549295,-0.000169635755
1.110204081632653,1.0530612244897959,0.000594827483,-0.000168839299
1.110204081632653,1.0448979591836736,0.000595524089,-0.000170372899
1.110204081632653,1.036734693877551,0.000595887871,-0.000169498217
1.110204081632653,1.0285714285714285,0.000595117761,-0.000169133932
1.110204081632653,1.0204081632653061,0.000594261783,-0.000169821012
1.110204081632653,1.0122448979591836,0.000592909778,-0.000169157149
1.110204081632653,1.0040816326530613,0.000593776679,-0.000169489611
1.110204081632653,0.9959183673469387,0.000594665046,-0.000169938576
1.110204081632653,0.9877551020408163,0.000594602086,-0.000169157149
1.110204081632653,0.9795918367346939,0.000594550815,-0.000169343273
1.110204081632653,0.9714285714285714,0.00059561858,-0.000169267392
1.110204081632653,0.963265306122449,0.000594169305,-0.000169116109
1.110204081632653,0.9551020408163265,0.000592485621,-0.00016944491
1.110204081632653,0.9469387755102041,0.00059443687,-0.000169860125
1.110204081632653,0.9387755102040816,0.00059492504,-0.000168899478
1.110204081632653,0.9306122448979592,0.000595630657,-0.00016955451
1.110204081632653,0.9224489795918367,0.000595497544,-0.000169643494
1.110204081632653,0.9142857142857143,0.000596070815,-0.000170231058
1.110204081632653,0.9061224489795918,0.00059786116,-0.000169413536
1.110204081632653,0.8979591836734694,0.000598611816,-0.000170715251
1.110204081632653,0.889795918367347,0.000595878768,-0.000170194739
1.110204081632653,0.8816326530612244,0.000596058452,-0.00017002968
1.110204081632653,0.8734693877551021,0.000595635735,-0.000170180545
1.110204081632653,0.8653061224489795,0.00059700135,-0.000169688613
1.110204081632653,0.8571428571428572,0.000596292861,-0.000170819264
1.110204081632653,0.8489795918367347,0.000596314134,-0.000171625387
1.110204081632653,0.8408163265306122,0.000595867171,-0.000170111567
1.110204081632653,0.8326530612244898,0.000596815913,-0.000170475403
1.110204081632653,0.8244897959183674,0.000596229993,-0.00016943245
1.110204081632653,0.8163265306122449,0.000595940675,-0.000169577728
1.110204081632653,0.8081632653061225,0.000595257005,-0.000170035492
1.110204081632653,0.8,0.000596641787,-0.000169763627
1.1020408163265305,1.2,0.000595737031,-0.000169335534
1.1020408163265305,1.1918367346938774,0.000595150631,-0.000169797795
1.1020408163265305,1.183673469387755,0.000595345458,-0.000169172627
1.1020408163265305,1.1755102040816325,0.0005953583,-0.000168716372
1.1020408163265305,1.1673469387755102,0.000594898975,-0.000167937963
1.1020408163265305,1.1591836734693877,0.000594168059,-0.000169859483
1.1020408163265305,1.1510204081632653,0.000594299159,-0.000169440189
1.1020408163265305,1.1428571428571428,0.000596029608,-0.000167874572
1.1020408163265305,1.1346938775510205,0.000596010727,-0.000168942894
1.1020408163265305,1.126530612244898,0.000595306263,-0.000167833308
1.1020408163265305,1.1183673469387754,0.000594293887,-0.000167908965
1.1020408163265305,1.110204081632653,0.000594777172,-0.000168301381
1.1020408163265305,1.1020408163265305,0.000595167019,-0.000169159525
1.1020408163265305,1.0938775510204082,0.000594978324,-0.000168897102
1.1020408163265305,1.0857142857142856,0.000595370183,-0.000169587394
1.1020408163265305,1.0775510204081633,0.000595693811,-0.000168686925
1.1020408163265305,1.0693877551020408,0.000594966441,-0.000167751421
1.1020408163265305,1.0612244897959184,0.000595640527,-0.000167874572
1.1020408163265305,1.0530612244897959,0.000595812834,-0.000167618186
1.1020408163265305,1.0448979591836736,0.000595428066,-0.000167745191
1.1020408163265305,1.036734693877551,0.000596360899,-0.000168139341
1.1020408163265305,1.0285714285714285,0.000595450779,-0.000169480587
1.1020408163265305,1.0204081632653061,0.00059479442,-0.000169653802
1.1020408163265305,1.0122448979591836,0.000594615501,-0.000168460627
1.1020408163265305,1.0040816326530613,0.000594722642,-0.000169063669
1.1020408163265305,0.9959183673469387,0.000594159435,-0.00016907979
1.1020408163265305,0.9877551020408163,0.000594668305,-0.000170779927
1.1020408163265305,0.9795918367346939,0.000594919961,-0.000169289967
1.1020408163265305,0.9714285714285714,0.000593844911,-0.000169979392
1.1020408163265305,0.963265306122449,0.000594605918,-0.000170519461
1.1020408163265305,0.9551020408163265,0.000593102592,-0.000169082583
1.1020408163265305,0.9469387755102041,0.000594138254,-0.000168930209
1.1020408163265305,0.9387755102040816,0.000594489673,-0.000168680695
1.1020408163265305,0.9306122448979592,0.000594498777,-0.000169236242
1.1020408163265305,0.9224489795918367,0.000594301171,-0.000169385598
1.1020408163265305,0.9142857142857143,0.000594555893,-0.00016960695
1.1020408163265305,0.9061224489795918,0.000593658708,-0.000168249808
1.1020408163265305,0.8979591836734694,0.000593261003,-0.000169520567
1.1020408163265305,0.889795918367347,0.00059400179,-0.000169152428
1.1020408163265305,0.8816326530612244,0.00059426073,-0.000169482096
1.1020408163265305,0.8734693877551021,0.000593496465,-0.000169547638
1.1020408163265305,0.8653061224489795,0.000593609643,-0.000169374005
1.1020408163265305,0.8571428571428572,0.000594539218,-0.000169869149
1.1020408163265305,0.8489795918367347,0.000594605151,-0.000169320698
1.1020408163265305,0.8408163265306122,0.000593417402,-0.000170334653
1.1020408163265305,0.8326530612244898,0.000594226901,-0.000169187881
1.1020408163265305,0.8244897959183674,0.000594072801,-0.000170525273
1.1020408163265305,0.8163265306122449,0.000593453531,-0.000169583958
1.1020408163265305,0.8081632653061225,0.000593998724,-0.000169574934
1.1020408163265305,0.8,0.000593646539,-0.000169250211
1.0938775510204082,1.2,0.000596379587,-0.000169718284
1.0938775510204082,1.1918367346938774,0.000596010154,-0.000168684998
1.0938775510204082,1.183673469387755,0.000595162514,-0.000169616841
1.0938775510204082,1.1755102040816325,0.000595352742,-0.000170233209
1.0938775510204082,1.1673469387755102,0.000595617528,-0.000169670147
1.0938775510204082,1.1591836734693877,0.000594752446,-0.000171274428
1.0938775510204082,1.1510204081632653,0.000594460349,-0.000169948018
1.0938775510204082,1.1428571428571428,0.000594710759,-0.000171166337
1.0938775510204082,1.1346938775510205,0.000594005815,-0.000170834518
1.0938775510204082,1.126530612244898,0.000595594528,-0.000171225456
1.0938775510204082,1.1183673469387754,0.000595838327,-0.000171567359
1.0938775510204082,1.110204081632653,0.000595711539,-0.000169989282
1.0938775510204082,1.1020408163265305,0.000594372183,-0.000171558978
1.0938775510204082,1.0938775510204082,0.00059548796,-0.000171818383
1.0938775510204082,1.0857142857142856,0.000595713072,-0.000170755874
1.0938775510204082,1.0775510204081633,0.00059699052,-0.000171782706
1.0938775510204082,1.0693877551020408,0.000596154956,-0.000171696741
1.0938775510204082,1.0612244897959184,0.000597896042,-0.00017160583
1.0938775510204082,1.0530612244897959,0.000597407392,-0.000170352476
1.0938775510204082,1.0448979591836736,0.000596786589,-0.000171795166
1.0938775510204082,1.036734693877551,0.000596669385,-0.000171329886
1.0938775510204082,1.0285714285714285,0.00059502231,-0.000170977868
1.0938775510204082,1.0204081632653061,0.000596273213,-0.000171060173
1.0938775510204082,1.0122448979591836,0.000595526582,-0.000170650127
1.0938775510204082,1.0040816326530613,0.000596204981,-0.00017078272
1.0938775510204082,0.9959183673469387,0.000596667086,-0.000169704958
1.0938775510204082,0.9877551020408163,0.000596332055,-0.000170020014
1.0938775510204082,0.9795918367346939,0.000596355055,-0.000170088574
1.0938775510204082,0.9714285714285714,0.000596526116,-0.000170326689
1.0938775510204082,0.963265306122449,0.000596226448,-0.000170379129
1.0938775510204082,0.9551020408163265,0.000595868417,-0.000170450259
1.0938775510204082,0.9469387755102041,0.000597193111,-0.000170376978
1.0938775510204082,0.9387755102040816,0.000595692085,-0.000171182458
1.0938775510204082,0.9306122448979592,0.000594949479,-0.000170841615
1.0938775510204082,0.9224489795918367,0.000595312588,-0.000170007972
1.0938775510204082,0.9142857142857143,0.000595906079,-0.000170513874
1.0938775510204082,0.9061224489795918,0.00059402201,-0.000170251257
1.0938775510204082,0.8979591836734694,0.000595741343,-0.000170553211
1.0938775510204082,0.889795918367347,0.000596113269,-0.000170773697
1.0938775510204082,0.8816326530612244,0.000595587723,-0.000170125312
1.0938775510204082,0.8734693877551021,0.000594147552,-0.000170467021
1.0938775510204082,0.8653061224489795,0.000594736058,-0.000170465737
1.0938775510204082,0.8571428571428572,0.000595353509,-0.000170808956
1.0938775510204082,0.8489795918367347,0.000595653177,-0.000171200087
1.0938775510204082,0.8408163265306122,0.000596690372,-0.000170339149
1.0938775510204082,0.8326530612244898,0.000596277239,-0.000171375872
1.0938775510204082,0.8244897959183674,0.000595839093,-0.000171047071
1.0938775510204082,0.8163265306122449,0.00059629468,-0.000170796689
1.0938775510204082,0.8081632653061225,0.000596831342,-0.000170124669
1.0938775510204082,0.8,0.000596871016,-0.000171476031
1.0857142857142856,1.2,0.000597213812,-0.000169871301
1.0857142857142856,1.1918367346938774,0.000597033453,-0.000169784693
1.0857142857142856,1.183673469387755,0.000596690565,-0.000170003251
1.0857142857142856,1.1755102040816325,0.000598047363,-0.000169531967
1.0857142857142856,1.1673469387755102,0.000597051375,-0.000171465273
1.0857142857142856,1.1591836734693877,0.000596962442,-0.000169941788
1.0857142857142856,1.1510204081632653,0.000598526909,-0.000170751346
1.0857142857142856,1.1428571428571428,0.000598121633,-0.000169758682
1.0857142857142856,1.1346938775510205,0.000597769928,-0.000169685819
1.0857142857142856,1.126530612244898,0.000598160828,-0.000169350145
1.0857142857142856,1.1183673469387754,0.00059761075,-0.00016899103
1.0857142857142856,1.110204081632653,0.000596896509,-0.000170312496
1.0857142857142856,1.1020408163265305,0.000598894523,-0.000169500593
1.0857142857142856,1.0938775510204082,0.000597908405,-0.000169295136
1.0857142857142856,1.0857142857142856,0.00059775124,-0.000169069257
1.0857142857142856,1.0775510204081633,0.000597993792,-0.000168633425
1.0857142857142856,1.0693877551020408,0.000596972792,-0.000170052673
1.0857142857142856,1.0612244897959184,0.000598104192,-0.000168522957
1.0857142857142856,1.0530612244897959,0.00059884977,-0.000169716775
1.0857142857142856,1.0448979591836736,0.000598011234,-0.000170336355
1.0857142857142856,1.036734693877551,0.000598799265,-0.000169360678
1.0857142857142856,1.0285714285714285,0.000596400001,-0.000169370987
1.0857142857142856,1.0204081632653061,0.00059794856,-0.000170306908
1.0857142857142856,1.0122448979591836,0.000598461742,-0.000169655087
1.0857142857142856,1.0040816326530613,0.00059789173,-0.000169166397
1.0857142857142856,0.9959183673469387,0.000596930338,-0.000169784469
1.0857142857142856,0.9877551020408163,0.000597816407,-0.000170199042
1.0857142857142856,0.9795918367346939,0.000597327757,-0.000170183788
1.0857142857142856,0.9714285714285714,0.000596638528,-0.00017049239
1.0857142857142856,0.963265306122449,0.000597946547,-0.000169792208
1.0857142857142856,0.9551020408163265,0.000597414677,-0.000170734584
1.0857142857142856,0.9469387755102041,0.000596622619,-0.000170955518
1.0857142857142856,0.9387755102040816,0.000596074841,-0.000171274011
1.0857142857142856,0.9306122448979592,0.000597313381,-0.000171161616
1.0857142857142856,0.9224489795918367,0.000596524103,-0.000170769843
1.0857142857142856,0.9142857142857143,0.000596488454,-0.000171299155
1.0857142857142856,0.9061224489795918,0.000597202215,-0.000171060173
1.0857142857142856,0.8979591836734694,0.000597345964,-0.000170288219
1.0857142857142856,0.889795918367347,0.000597429339,-0.000170964542
1.0857142857142856,0.8816326530612244,0.000598790928,-0.00017108962
1.0857142857142856,0.8734693877551021,0.000597856848,-0.000170848711
1.0857142857142856,0.8653061224489795,0.000599821798,-0.000170780151
1.0857142857142856,0.8571428571428572,0.0005980764,-0.000170506777
1.0857142857142856,0.8489795918367347,0.000598407885,-0.000171006449
1.0857142857142856,0.8408163265306122,0.000599008468,-0.000170004118
1.0857142857142856,0.8326530612244898,0.000598098634,-0.000169787905
1.0857142857142856,0.8244897959183674,0.00059741343,-0.000168958147
1.0857142857142856,0.8163265306122449,0.000597986988,-0.000169885912
1.0857142857142856,0.8081632653061225,0.000597847264,-0.000168548968
1.0857142857142856,0.8,0.000597569349,-0.00016972429
1.0775510204081633,1.2,0.000597757278,-0.000169148125
1.0775510204081633,1.1918367346938774,0.000598256565,-0.000171220062
1.0775510204081633,1.183673469387755,0.000597505622,-0.000170279419
1.0775510204081633,1.1755102040816325,0.000597379794,-0.000170404916
1.0775510204081633,1.1673469387755102,0.000597631257,-0.000170502281
1.0775510204081633,1.1591836734693877,0.000598008168,-0.000169454576
1.0775510204081633,1.1510204081632653,0.000597666619,-0.000169875379
1.0775510204081633,1.1428571428571428,0.000598291641,-0.000170476912
1.0775510204081633,1.1346938775510205,0.000598474871,-0.000169726666
1.0775510204081633,1.126530612244898,0.000597159281,-0.000171341928
1.0775510204081633,1.1183673469387754,0.000598104192,-0.000171500308
1.0775510204081633,1.110204081632653,0.000597976351,-0.000170370748
1.0775510204081633,1.1020408163265305,0.00059738056,-0.000170581149
1.0775510204081633,1.0938775510204082,0.000596660281,-0.000170938113
1.0775510204081633,1.0857142857142856,0.000596876288,-0.000170411146
1.0775510204081633,1.0775510204081633,0.000596172397,-0.000170043007
1.0775510204081633,1.0693877551020408,0.000597085491,-0.000170841839
1.0775510204081633,1.0612244897959184,0.00059769767,-0.000171290131
1.0775510204081633,1.0530612244897959,0.000597669878,-0.000170975717
1.0775510204081633,1.0448979591836736,0.000596204214,-0.000170182697
1.0775510204081633,1.036734693877551,0.000595833341,-0.000171159689
1.0775510204081633,1.0285714285714285,0.000596682514,-0.000170592742
1.0775510204081633,1.0204081632653061,0.000595303484,-0.000170965184
1.0775510204081633,1.0122448979591836,0.000595521024,-0.000169013381
1.0775510204081633,1.0040816326530613,0.000595972779,-0.000170281346
1.0775510204081633,0.9959183673469387,0.000596953338,-0.000170601124
1.0775510204081633,0.9877551020408163,0.000596277719,-0.000168939233
1.0775510204081633,0.9795918367346939,0.000596004596,-0.0001695311
1.0775510204081633,0.9714285714285714,0.000597507155,-0.000170127463
1.0775510204081633,0.963265306122449,0.000596949313,-0.000169630167
1.0775510204081633,0.9551020408163265,0.000597220903,-0.000168514352
1.0775510204081633,0.9469387755102041,0.000596305796,-0.000170157328
1.0775510204081633,0.9387755102040816,0.000597679749,-0.000170108355
1.0775510204081633,0.9306122448979592,0.00059669689,-0.000168575815
1.0775510204081633,0.9224489795918367,0.000597072075,-0.000168935155
1.0775510204081633,0.9142857142857143,0.000597353535,-0.000168732717
1.0775510204081633,0.9061224489795918,0.000596793394,-0.000168276012
1.0775510204081633,0.8979591836734694,0.000595523037,-0.000169506598
1.0775510204081633,0.889795918367347,0.00059450079,-0.000169122339
1.0775510204081633,0.8816326530612244,0.000595199409,-0.000167929806
1.0775510204081633,0.8734693877551021,0.000594563178,-0.000168828348
1.0775510204081633,0.8653061224489795,0.000595474065,-0.000169788129
1.0775510204081633,0.8571428571428572,0.00059423955,-0.00016890529
1.0775510204081633,0.8489795918367347,0.00059589247,-0.000169654669
1.0775510204081633,0.8408163265306122,0.000595033907,-0.000169426863
1.0775510204081633,0.8326530612244898,0.000594623073,-0.000169227218
1.0775510204081633,0.8244897959183674,0.00059548844,-0.00016945114
1.0775510204081633,0.8163265306122449,0.000594812821,-0.000169775669
1.0775510204081633,0.8081632653061225,0.000594268588,-0.000169459746
1.0775510204081633,0.8,0.000594488141,-0.000170510438
1.0693877551020408,1.2,0.000593089943,-0.000169936843
1.0693877551020408,1.1918367346938774,0.00059166146,-0.000170358063
1.0693877551020408,1.183673469387755,0.000591585084,-0.000170271038
1.0693877551020408,1.1755102040816325,0.000590845064,-0.000170064939
1.0693877551020408,1.1673469387755102,0.000590888284,-0.000169729459
1.0693877551020408,1.1591836734693877,0.000590070162,-0.000170365578
1.0693877551020408,1.1510204081632653,0.000590683394,-0.000169845932
1.0693877551020408,1.1428571428571428,0.000590534566,-0.000170769618
1.0693877551020408,1.1346938775510205,0.000591416895,-0.00016971806
1.0693877551020408,1.126530612244898,0.000590167239,-0.000170189151
1.0693877551020408,1.1183673469387754,0.000590662407,-0.000169501653
1.0693877551020408,1.110204081632653,0.000592438569,-0.000169637906
1.0693877551020408,1.1020408163265305,0.000591690212,-0.000170035492
1.0693877551020408,1.0938775510204082,0.000590986321,-0.000168773532
1.0693877551020408,1.0857142857142856,0.000590789001,-0.000169276864
1.0693877551020408,1.0775510204081633,0.000592048722,-0.000169139744
1.0693877551020408,1.0693877551020408,0.000592651317,-0.000169782317
1.0693877551020408,1.0612244897959184,0.000592973218,-0.000169000697
1.0693877551020408,1.0530612244897959,0.000592439622,-0.000169216686
1.0693877551020408,1.0448979591836736,0.000592874415,-0.000169125999
1.0693877551020408,1.036734693877551,0.000592036645,-0.000170483784
1.0693877551020408,1.0285714285714285,0.000593644046,-0.0001698801
1.0693877551020408,1.0204081632653061,0.00059251188,-0.000169480587
1.0693877551020408,1.0122448979591836,0.000592154616,-0.000169470054
1.0693877551020408,1.0040816326530613,0.00059304423,-0.000170470682
1.0693877551020408,0.9959183673469387,0.000592418635,-0.000169144047
1.0693877551020408,0.9877551020408163,0.00059263033,-0.000170205689
1.0693877551020408,0.9795918367346939,0.000591640187,-0.000168818233
1.0693877551020408,0.9714285714285714,0.00059210785,-0.000169124715
1.0693877551020408,0.963265306122449,0.000590565137,-0.000170153474
1.0693877551020408,0.9551020408163265,0.000592282457,-0.000170778
1.0693877551020408,0.9469387755102041,0.000591635682,-0.000171287755
1.0693877551020408,0.9387755102040816,0.000590797339,-0.000170133917
1.0693877551020408,0.9306122448979592,0.000591735158,-0.000170084496
1.0693877551020408,0.9224489795918367,0.000592041151,-0.000170587379
1.0693877551020408,0.9142857142857143,0.000592646812,-0.000169816709
1.0693877551020408,0.9061224489795918,0.000592726641,-0.000169679589
1.0693877551020408,0.8979591836734694,0.000592302677,-0.000170384492
1.0693877551020408,0.889795918367347,0.000591672291,-0.000171222438
1.0693877551020408,0.8816326530612244,0.000592997178,-0.000170479063
1.0693877551020408,0.8734693877551021,0.000593047775,-0.000170097374
1.0693877551020408,0.8653061224489795,0.00059356671,-0.000169984337
1.0693877551020408,0.8571428571428572,0.00059245879,-0.000170777133
1.0693877551020408,0.8489795918367347,0.000591186706,-0.000169456085
1.0693877551020408,0.8408163265306122,0.00059081478,-0.000170013784
1.0693877551020408,0.8326530612244898,0.00059138096,-0.000169776729
1.0693877551020408,0.8244897959183674,0.000590097953,-0.000170419751
1.0693877551020408,0.8163265306122449,0.000590091915,-0.000170168952
1.0693877551020408,0.8081632653061225,0.000590700069,-0.000169360454
1.0693877551020408,0.8,0.000590260963,-0.000170474118
1.0612244897959184,1.2,0.000592972452,-0.000167610446
1.0612244897959184,1.1918367346938774,0.000592942648,-0.000168153534
1.0612244897959184,1.183673469387755,0.000593554347,-0.000168227233
1.0612244897959184,1.1755102040816325,0.000593631877,-0.000169063669
1.0612244897959184,1.1673469387755102,0.000593069242,-0.000168219076
1.0612244897959184,1.1591836734693877,0.000592861286,-0.000168231536
1.0612244897959184,1.1510204081632653,0.000592331715,-0.000168103021
1.0612244897959184,1.1428571428571428,0.000592756158,-0.000166665501
1.0612244897959184,1.1346938775510205,0.000591471426,-0.00016728916
1.0612244897959184,1.126530612244898,0.000593509594,-0.00016749118
1.0612244897959184,1.1183673469387754,0.000592103345,-0.000168967813
1.0612244897959184,1.110204081632653,0.000593607631,-0.000169487041
1.0612244897959184,1.1020408163265305,0.000593410025,-0.000168364353
1.0612244897959184,1.0938775510204082,0.000593004075,-0.000168571737
1.0612244897959184,1.0857142857142856,0.000593003023,-0.000167877366
1.0612244897959184,1.0775510204081633,0.000592924727,-0.000168919676
1.0612244897959184,1.0693877551020408,0.000593515439,-0.000167327631
1.0612244897959184,1.0612244897959184,0.000593113902,-0.00016724918
1.0612244897959184,1.0530612244897959,0.00059305458,-0.000167242532
1.0612244897959184,1.0448979591836736,0.000593333261,-0.000167877366
1.0612244897959184,1.036734693877551,0.000593061671,-0.000166129286
1.0612244897959184,1.0285714285714285,0.000592623526,-0.000168175436
1.0612244897959184,1.0204081632653061,0.000592664733,-0.000167448182
1.0612244897959184,1.0122448979591836,0.000591947906,-0.000169196487
1.0612244897959184,1.0040816326530613,0.000593168525,-0.000168622892
1.0612244897959184,0.9959183673469387,0.00059181604,-0.000168413775
1.0612244897959184,0.9877551020408163,0.000592780691,-0.000167969561
1.0612244897959184,0.9795918367346939,0.000592337753,-0.000167866833
1.0612244897959184,0.9714285714285714,0.000592689745,-0.000167258428
1.0612244897959184,0.963265306122449,0.000593063204,-0.000165418377
1.0612244897959184,0.9551020408163265,0.000593317833,-0.000167417675
1.0612244897959184,0.9469387755102041,0.000593933557,-0.000167627852
1.0612244897959184,0.9387755102040816,0.000593789042,-0.000167720271
1.0612244897959184,0.9306122448979592,0.000593455064,-0.000168287412
1.0612244897959184,0.9224489795918367,0.000592220069,-0.000167135501
1.0612244897959184,0.9142857142857143,0.000593152617,-0.000168052733
1.0612244897959184,0.9061224489795918,0.000593157122,-0.000167476987
1.0612244897959184,0.8979591836734694,0.000592053034,-0.000166660556
1.0612244897959184,0.889795918367347,0.000592413843,-0.000167885748
1.0612244897959184,0.8816326530612244,0.000592930765,-0.000167518027
1.0612244897959184,0.8734693877551021,0.000592072488,-0.000167021822
1.0612244897959184,0.8653061224489795,0.000592417869,-0.000167340957
1.0612244897959184,0.8571428571428572,0.00059178317,-0.000167466678
1.0612244897959184,0.8489795918367347,0.00059062072,-0.000167179977
1.0612244897959184,0.8408163265306122,0.000590691731,-0.00016730162
1.0612244897959184,0.8326530612244898,0.000591982789,-0.000167594326
1.0612244897959184,0.8244897959183674,0.000591410764,-0.000166133813
1.0612244897959184,0.8163265306122449,0.000591690018,-0.00016592126
1.0612244897959184,0.8081632653061225,0.000591052734,-0.000165705496
1.0612244897959184,0.8,0.000591078033,-0.000167700715
1.0530612244897959,1.2,0.000592355961,-0.00016888143
1.0530612244897959,1.1918367346938774,0.000592137175,-0.000167324613
1.0530612244897959,1.183673469387755,0.000591487334,-0.000168114197
1.0530612244897959,1.1755102040816325,0.000592883519,-0.000168950633
1.0530612244897959,1.1673469387755102,0.00059226051,-0.000169180784
1.0530612244897959,1.1591836734693877,0.000592791041,-0.00016765322
1.0530612244897959,1.1510204081632653,0.000591332468,-0.000167911116
1.0530612244897959,1.1428571428571428,0.000592591709,-0.000167999651
1.0530612244897959,1.1346938775510205,0.000593235705,-0.000168437859
1.0530612244897959,1.126530612244898,0.000591967933,-0.000168292582
1.0530612244897959,1.1183673469387754,0.000592442115,-0.000169100631
1.0530612244897959,1.110204081632653,0.000593709499,-0.000169347127
1.0530612244897959,1.1020408163265305,0.000594031114,-0.000168235196
1.0530612244897959,1.0938775510204082,0.000592388064,-0.000168378322
1.0530612244897959,1.0857142857142856,0.000591987867,-0.000167944193
1.0530612244897959,1.0775510204081633,0.000593235511,-0.000167992136
1.0530612244897959,1.0693877551020408,0.000593302211,-0.000168752691
1.0530612244897959,1.0612244897959184,0.000593400247,-0.000168617304
1.0530612244897959,1.0530612244897959,0.000592775132,-0.000169087947
1.0530612244897959,1.0448979591836736,0.000591628304,-0.000169015308
1.0530612244897959,1.036734693877551,0.000592970919,-0.000169285021
1.0530612244897959,1.0285714285714285,0.000592611163,-0.000169104934
1.0530612244897959,1.0204081632653061,0.000593612709,-0.000169301784
1.0530612244897959,1.0122448979591836,0.000591800131,-0.000169238618
1.0530612244897959,1.0040816326530613,0.000592993725,-0.000170048594
1.0530612244897959,0.9959183673469387,0.000592472972,-0.000168921828
1.0530612244897959,0.9877551020408163,0.000592085137,-0.000169173494
1.0530612244897959,0.9795918367346939,0.000591655616,-0.000169265047
1.0530612244897959,0.9714285714285714,0.000592087436,-0.000169040452
1.0530612244897959,0.963265306122449,0.000590997438,-0.000170728354
1.0530612244897959,0.9551020408163265,0.000592293573,-0.000169426863
1.0530612244897959,0.9469387755102041,0.000591504009,-0.000169711412
1.0530612244897959,0.9387755102040816,0.000591636642,-0.000170616826
1.0530612244897959,0.9306122448979592,0.000591963048,-0.00017021301
1.0530612244897959,0.9224489795918367,0.00059078191,-0.000170326689
1.0530612244897959,0.9142857142857143,0.000592066163,-0.000171042768
1.0530612244897959,0.9061224489795918,0.000590188419,-0.000170198175
1.0530612244897959,0.8979591836734694,0.000590745781,-0.000171189554
1.0530612244897959,0.889795918367347,0.000591860506,-0.000170663678
1.0530612244897959,0.8816326530612244,0.000590784976,-0.000170407709
1.0530612244897959,0.8734693877551021,0.000592683901,-0.000170562235
1.0530612244897959,0.8653061224489795,0.000592433011,-0.000171239618
1.0530612244897959,0.8571428571428572,0.000591663953,-0.000170279419
1.0530612244897959,0.8489795918367347,0.000593124825,-0.000170322386
1.0530612244897959,0.8408163265306122,0.000593192771,-0.000168625043
1.0530612244897959,0.8326530612244898,0.000591938322,-0.000168737437
1.0530612244897959,0.8244897959183674,0.00059166242,-0.000170701925
1.0530612244897959,0.8163265306122449,0.000592332195,-0.000169215401
1.0530612244897959,0.8081632653061225,0.000591980776,-0.000170068793
1.0530612244897959,0.8,0.000592088203,-0.000171273368
1.0448979591836736,1.2,0.000593080839,-0.000172290534
1.0448979591836736,1.1918367346938774,0.000592818832,-0.000171674166
1.0448979591836736,1.183673469387755,0.000592824391,-0.000172238737
1.0448979591836736,1.1755102040816325,0.000591752886,-0.000173188434
1.0448979591836736,1.1673469387755102,0.000593391623,-0.000172332217
1.0448979591836736,1.1591836734693877,0.000592274886,-0.00017186652
1.0448979591836736,1.1510204081632653,0.000592042397,-0.00017298985
1.0448979591836736,1.1428571428571428,0.000592379247,-0.000172269244
1.0448979591836736,1.1346938775510205,0.000591710432,-0.000171942595
1.0448979591836736,1.126530612244898,0.000591933051,-0.000172046607
1.0448979591836736,1.1183673469387754,0.000591688965,-0.0001712392
1.0448979591836736,1.110204081632653,0.000591769561,-0.000170946912
1.0448979591836736,1.1020408163265305,0.000590986035,-0.000171572947
1.0448979591836736,1.0938775510204082,0.000590933037,-0.000171103589
1.0448979591836736,1.0857142857142856,0.000592016425,-0.000171880489
1.0448979591836736,1.0775510204081633,0.000591855234,-0.000171867162
1.0448979591836736,1.0693877551020408,0.00059049058,-0.000170516025
1.0448979591836736,1.0612244897959184,0.000592168512,-0.000172658897
1.0448979591836736,1.0530612244897959,0.000592430518,-0.000171580043
1.0448979591836736,1.0448979591836736,0.000591421401,-0.000171252527
1.0448979591836736,1.036734693877551,0.000591957296,-0.000171652682
1.0448979591836736,1.0285714285714285,0.000592175316,-0.000171351595
1.0448979591836736,1.0204081632653061,0.000593263783,-0.000171604321
1.0448979591836736,1.0122448979591836,0.000592196783,-0.000171895967
1.0448979591836736,1.0040816326530613,0.000592118967,-0.000170926938
1.0448979591836736,0.9959183673469387,0.00059254571,-0.000170275116
1.0448979591836736,0.9877551020408163,0.000592659175,-0.000170639177
1.0448979591836736,0.9795918367346939,0.000592274599,-0.000170102543
1.0448979591836736,0.9714285714285714,0.000591944647,-0.000169076129
1.0448979591836736,0.963265306122449,0.00059123999,-0.000170650127
1.0448979591836736,0.9551020408163265,0.000591691458,-0.000170396534
1.0448979591836736,0.9469387755102041,0.000591448906,-0.000170260923
1.0448979591836736,0.9387755102040816,0.000591363039,-0.000169716133
1.0448979591836736,0.9306122448979592,0.000591658108,-0.000170627777
1.0448979591836736,0.9224489795918367,0.000591969659,-0.000171265629
1.0448979591836736,0.9142857142857143,0.000592817106,-0.00017090006
1.0448979591836736,0.9061224489795918,0.000594102605,-0.000170077175
1.0448979591836736,0.8979591836734694,0.000593953778,-0.000169615332
1.0448979591836736,0.889795918367347,0.000593198329,-0.000169043695
1.0448979591836736,0.8816326530612244,0.000593458609,-0.000169310166
1.0448979591836736,0.8734693877551021,0.000591590162,-0.000170412655
1.0448979591836736,0.8653061224489795,0.000592496451,-0.000168802561
1.0448979591836736,0.8571428571428572,0.000593384819,-0.000169709036
1.0448979591836736,0.8489795918367347,0.000594258238,-0.000171348383
1.0448979591836736,0.8408163265306122,0.000592650357,-0.000170264359
1.0448979591836736,0.8326530612244898,0.000592602825,-0.000170576204
1.0448979591836736,0.8244897959183674,0.000592812508,-0.000169204644
1.0448979591836736,0.8163265306122449,0.000592447193,-0.000170337865
1.0448979591836736,0.8081632653061225,0.00059179304,-0.000169911698
1.0448979591836736,0.8,0.000591962088,-0.000170233852
1.036734693877551,1.2,0.00059381434,-0.000169993585
1.036734693877551,1.1918367346938774,0.000593775146,-0.000169452231
1.036734693877551,1.183673469387755,0.000593864845,-0.00017094004
1.036734693877551,1.1755102040816325,0.000594414636,-0.000170041722
1.036734693877551,1.1673469387755102,0.000594076827,-0.000169444268
1.036734693877551,1.1591836734693877,0.000593457557,-0.00017027274
1.036734693877551,1.1510204081632653,0.000593806963,-0.000169310808
1.036734693877551,1.1428571428571428,0.000592728653,-0.00016955968
1.036734693877551,1.1346938775510205,0.000592046996,-0.000170264359
1.036734693877551,1.126530612244898,0.000591793807,-0.000170116512
1.036734693877551,1.1183673469387754,0.000593454777,-0.000169077638
1.036734693877551,1.110204081632653,0.00059360054,-0.00016959449
1.036734693877551,1.1020408163265305,0.000593409065,-0.000169188105
1.036734693877551,1.0938775510204082,0.000594019711,-0.000169485532
1.036734693877551,1.0857142857142856,0.000594305483,-0.000169894936
1.036734693877551,1.0775510204081633,0.00059418646,-0.000170212144
1.036734693877551,1.0693877551020408,0.000594166046,-0.000169242472
1.036734693877551,1.0612244897959184,0.000593938636,-0.000170235136
1.036734693877551,1.0530612244897959,0.000593908545,-0.000169647797
1.036734693877551,1.0448979591836736,0.000593622579,-0.000169204419
1.036734693877551,1.036734693877551,0.000593526269,-0.000169649724
1.036734693877551,1.0285714285714285,0.000592927986,-0.000168728414
1.036734693877551,1.0204081632653061,0.000593040684,-0.000170541169
1.036734693877551,1.0122448979591836,0.000592274886,-0.000170222034
1.036734693877551,1.0040816326530613,0.000594072035,-0.000170454562
1.036734693877551,0.9959183673469387,0.000594162214,-0.000170430702
1.036734693877551,0.9877551020408163,0.000594397962,-0.000169648215
1.036734693877551,0.9795918367346939,0.000594926286,-0.000170318532
1.036734693877551,0.9714285714285714,0.00059249875,-0.000171334607
1.036734693877551,0.963265306122449,0.00059253258,-0.000169458461
1.036734693877551,0.9551020408163265,0.000593328469,-0.000169557111
1.036734693877551,0.9469387755102041,0.000594791834,-0.000169596
1.036734693877551,0.9387755102040816,0.000594498777,-0.000170474761
1.036734693877551,0.9306122448979592,0.000594441661,-0.000170003894
1.036734693877551,0.9224489795918367,0.000594334808,-0.000169825091
1.036734693877551,0.9142857142857143,0.000594151384,-0.000169099346
1.036734693877551,0.9061224489795918,0.000593981569,-0.000168377456
1.036734693877551,0.8979591836734694,0.000595131943,-0.000168818682
1.036734693877551,0.889795918367347,0.000595095048,-0.000170236646
1.036734693877551,0.8816326530612244,0.000593070202,-0.000169935333
1.036734693877551,0.8734693877551021,0.000594268588,-0.000169004999
1.036734693877551,0.8653061224489795,0.00059406523,-0.000168552405
1.036734693877551,0.8571428571428572,0.00059385804,-0.000168816306
1.036734693877551,0.8489795918367347,0.000594333755,-0.000168638145
1.036734693877551,0.8408163265306122,0.000594566243,-0.000168830275
1.036734693877551,0.8326530612244898,0.000596009674,-0.000169325419
1.036734693877551,0.8244897959183674,0.000595771914,-0.000169354224
1.036734693877551,0.8163265306122449,0.000596115568,-0.000168712936
1.036734693877551,0.8081632653061225,0.000595448286,-0.000169714848
1.036734693877551,0.8,0.000595886625,-0.000170400837
1.0285714285714285,1.2,0.000596036699,-0.000168335549
1.0285714285714285,1.1918367346938774,0.000596431625,-0.000169450722
1.0285714285714285,1.183673469387755,0.000595920741,-0.000169691855
1.0285714285714285,1.1755102040816325,0.000595438896,-0.000170127687
1.0285714285714285,1.1673469387755102,0.00059649909,-0.000169367551
1.0285714285714285,1.1591836734693877,0.000596004116,-0.000168905708
1.0285714285714285,1.1510204081632653,0.000596170865,-0.000169810479
1.0285714285714285,1.1428571428571428,0.000595696877,-0.000168915822
1.0285714285714285,1.1346938775510205,0.000594703954,-0.000169420408
1.0285714285714285,1.126530612244898,0.000594188759,-0.000169906978
1.0285714285714285,1.1183673469387754,0.0005953583,-0.000170148529
1.0285714285714285,1.110204081632653,0.000594127618,-0.000169576443
1.0285714285714285,1.1020408163265305,0.000595054893,-0.000168937306
1.0285714285714285,1.0938775510204082,0.000594334328,-0.00016967079
1.0285714285714285,1.0857142857142856,0.000594732992,-0.000169192826
1.0285714285714285,1.0775510204081633,0.000594725901,-0.000168850698
1.0285714285714285,1.0693877551020408,0.000594671851,-0.000169573649
1.0285714285714285,1.0612244897959184,0.000595341626,-0.00016899877
1.0285714285714285,1.0530612244897959,0.000595435637,-0.000168960941
1.0285714285714285,1.0448979591836736,0.000595194617,-0.00016812216
1.0285714285714285,1.036734693877551,0.00059460889,-0.000169232164
1.0285714285714285,1.0285714285714285,0.000594267822,-0.000169290833
1.0285714285714285,1.0204081632653061,0.000594638981,-0.000168380474
1.0285714285714285,1.0122448979591836,0.000594578126,-0.000168667368
1.0285714285714285,1.0040816326530613,0.000595045789,-0.000167964841
1.0285714285714285,0.9959183673469387,0.000594723602,-0.000168998545
1.0285714285714285,0.9877551020408163,0.000594716797,-0.000169088589
1.0285714285714285,0.9795918367346939,0.000593206187,-0.000169137817
1.0285714285714285,0.9714285714285714,0.000592885052,-0.000169323074
1.0285714285714285,0.963265306122449,0.000593200342,-0.000169388392
1.0285714285714285,0.9551020408163265,0.000593353482,-0.000169462315
1.0285714285714285,0.9469387755102041,0.000593449219,-0.000169925025
1.0285714285714285,0.9387755102040816,0.000593894169,-0.000169558813
1.0285714285714285,0.9306122448979592,0.000592933064,-0.00016967702
1.0285714285714285,0.9224489795918367,0.000593636955,-0.000169251078
1.0285714285714285,0.9142857142857143,0.000593024776,-0.000169592981
1.0285714285714285,0.9061224489795918,0.000594310275,-0.00016930522
1.0285714285714285,0.8979591836734694,0.0005947719,-0.000169968217
1.0285714285714285,0.889795918367347,0.000595113449,-0.000169764912
1.0285714285714285,0.8816326530612244,0.000593772653,-0.000169377217
1.0285714285714285,0.8734693877551021,0.000594048269,-0.000169118903
1.0285714285714285,0.8653061224489795,0.000593931065,-0.000169810255
1.0285714285714285,0.8571428571428572,0.000595303484,-0.000169971459
1.0285714285714285,0.8489795918367347,0.000595295146,-0.000170293806
1.0285714285714285,0.8408163265306122,0.000595418195,-0.000169996155
1.0285714285714285,0.8326530612244898,0.000595295626,-0.000170346246
1.0285714285714285,0.8244897959183674,0.00059463093,-0.000170150038
1.0285714285714285,0.8163265306122449,0.000595156955,-0.000170083629
1.0285714285714285,0.8081632653061225,0.000594368351,-0.000170321744
1.0285714285714285,0.8,0.000594982349,-0.000170052031
1.0204081632653061,1.2,0.000595360313,-0.000170981947
1.0204081632653061,1.1918367346938774,0.000596628944,-0.000170877709
1.0204081632653061,1.183673469387755,0.000595834588,-0.000171734345
1.0204081632653061,1.1755102040816325,0.000596234019,-0.000171683414
1.0204081632653061,1.1673469387755102,0.000594592788,-0.000171996319
1.0204081632653061,1.1591836734693877,0.000596464494,-0.000170495602
1.0204081632653061,1.1510204081632653,0.000595758018,-0.000171045562
1.0204081632653061,1.1428571428571428,0.000597769161,-0.00017114572
1.0204081632653061,1.1346938775510205,0.000596487974,-0.000171988804
1.0204081632653061,1.126530612244898,0.000597198956,-0.000171688135
1.0204081632653061,1.1183673469387754,0.00059697787,-0.000171858556
1.0204081632653061,1.110204081632653,0.000596611503,-0.00017207477
1.0204081632653061,1.1020408163265305,0.000596214565,-0.000172075188
1.0204081632653061,1.0938775510204082,0.000596410158,-0.000171704897
1.0204081632653061,1.0857142857142856,0.000596057686,-0.000172519626
1.0204081632653061,1.0775510204081633,0.000596742123,-0.000171710485
1.0204081632653061,1.0693877551020408,0.000596501583,-0.000172788697
1.0204081632653061,1.0612244897959184,0.000596904366,-0.000173167786
1.0204081632653061,1.0530612244897959,0.000596884339,-0.000172252706
1.0204081632653061,1.0448979591836736,0.000595284796,-0.000171442923
1.0204081632653061,1.036734693877551,0.000596039765,-0.000172566253
1.0204081632653061,1.0285714285714285,0.000596942221,-0.000171930777
1.0204081632653061,1.0204081632653061,0.000596081165,-0.000171519222
1.0204081632653061,1.0122448979591836,0.000596635269,-0.000171761416
1.0204081632653061,1.0040816326530613,0.000596034206,-0.000170911459
1.0204081632653061,0.9959183673469387,0.000596911171,-0.000171336116
1.0204081632653061,0.9877551020408163,0.000594448753,-0.000170915762
1.0204081632653061,0.9795918367346939,0.000595845704,-0.0001708227
1.0204081632653061,0.9714285714285714,0.000594854508,-0.000171900688
1.0204081632653061,0.963265306122449,0.000595204201,-0.000171114122
1.0204081632653061,0.9551020408163265,0.000595433624,-0.000171369642
1.0204081632653061,0.9469387755102041,0.000596856834,-0.000170547399
1.0204081632653061,0.9387755102040816,0.000595546036,-0.000170963257
1.0204081632653061,0.9306122448979592,0.000596037752,-0.000170747268
1.0204081632653061,0.9224489795918367,0.000597193878,-0.000171966872
1.0204081632653061,0.9142857142857143,0.000595887391,-0.000169984337
1.0204081632653061,0.9061224489795918,0.000595860366,-0.000171067045
1.0204081632653061,0.8979591836734694,0.000595989934,-0.000171248866
1.0204081632653061,0.889795918367347,0.000596491999,-0.000171415209
1.0204081632653061,0.8816326530612244,0.00059614202,-0.000170559859
1.0204081632653061,0.8734693877551021,0.000596081165,-0.000171212547
1.0204081632653061,0.8653061224489795,0.000595715084,-0.000171626253
1.0204081632653061,0.8571428571428572,0.000596380354,-0.000171859199
1.0204081632653061,0.8489795918367347,0.000595393663,-0.000170211501
1.0204081632653061,0.8408163265306122,0.000596460662,-0.000171476031
1.0204081632653061,0.8326530612244898,0.000595844171,-0.000171711994
1.0204081632653061,0.8244897959183674,0.00059709862,-0.000171470443
1.0204081632653061,0.8163265306122449,0.000596578919,-0.000171852969
1.0204081632653061,0.8081632653061225,0.000596016192,-0.000170726202
1.0204081632653061,0.8,0.000595604878,-0.000171373945
1.0122448979591836,1.2,0.000592124525,-0.000170587379
1.0122448979591836,1.1918367346938774,0.000592621799,-0.000171082523
1.0122448979591836,1.183673469387755,0.000592083605,-0.000170843124
1.0122448979591836,1.1755102040816325,0.000592377428,-0.000171099511
1.0122448979591836,1.1673469387755102,0.000592000996,-0.000171802905
1.0122448979591836,1.1591836734693877,0.000592128551,-0.000169538197
1.0122448979591836,1.1510204081632653,0.000591638174,-0.000170799708
1.0122448979591836,1.1428571428571428,0.000592309482,-0.000171204166
1.0122448979591836,1.1346938775510205,0.000591614215,-0.000171452171
1.0122448979591836,1.126530612244898,0.000591436257,-0.000171264987
1.0122448979591836,1.1183673469387754,0.000591268548,-0.000170951439
1.0122448979591836,1.110204081632653,0.000591276119,-0.000170651636
1.0122448979591836,1.1020408163265305,0.000592170045,-0.000168796107
1.0122448979591836,1.0938775510204082,0.000591885519,-0.00017030026
1.0122448979591836,1.0857142857142856,0.000591505255,-0.000170304981
1.0122448979591836,1.0775510204081633,0.000591080812,-0.000170486578
1.0122448979591836,1.0693877551020408,0.000590382959,-0.000170371615
1.0122448979591836,1.0612244897959184,0.000592688212,-0.000170950573
1.0122448979591836,1.0530612244897959,0.000592638474,-0.000170348815
1.0122448979591836,1.0448979591836736,0.00059199975,-0.000170440593
1.0122448979591836,1.036734693877551,0.00059300053,-0.000170471967
1.0122448979591836,1.0285714285714285,0.000591611149,-0.000170900284
1.0122448979591836,1.0204081632653061,0.000591410764,-0.000170414806
1.0122448979591836,1.0122448979591836,0.000591626771,-0.000170706646
1.0122448979591836,1.0040816326530613,0.000591825624,-0.000170747043
1.0122448979591836,0.9959183673469387,0.00059246866,-0.000171253169
1.0122448979591836,0.9877551020408163,0.000591606071,-0.00017022547
1.0122448979591836,0.9795918367346939,0.000593245861,-0.000172539825
1.0122448979591836,0.9714285714285714,0.000592038372,-0.000171399089
1.0122448979591836,0.963265306122449,0.000593000243,-0.000170815186
1.0122448979591836,0.9551020408163265,0.000591922414,-0.000172001264
1.0122448979591836,0.9469387755102041,0.000591440568,-0.000170750928
1.0122448979591836,0.9387755102040816,0.00059132691,-0.000170730505
1.0122448979591836,0.9306122448979592,0.000591042384,-0.000171388556
1.0122448979591836,0.9224489795918367,0.000590669978,-0.000171428536
1.0122448979591836,0.9142857142857143,0.00059131608,-0.000171605188
1.0122448979591836,0.9061224489795918,0.000591497204,-0.000170694186
1.0122448979591836,0.8979591836734694,0.000592092228,-0.000171088978
1.0122448979591836,0.889795918367347,0.000592164966,-0.000171899403
1.0122448979591836,0.8816326530612244,0.00059116342,-0.000171180531
1.0122448979591836,0.8734693877551021,0.000592103345,-0.000172416897
1.0122448979591836,0.8653061224489795,0.000591944647,-0.000170750062
1.0122448979591836,0.8571428571428572,0.000591544163,-0.000171341062
1.0122448979591836,0.8489795918367347,0.000592363052,-0.000170657
1.0122448979591836,0.8408163265306122,0.000592205887,-0.000171300664
1.0122448979591836,0.8326530612244898,0.000593615968,-0.000170849996
1.0122448979591836,0.8244897959183674,0.000592897895,-0.000170723408
1.0122448979591836,0.8163265306122449,0.00059312128,-0.000171131527
1.0122448979591836,0.8081632653061225,0.000593020177,-0.000171455607
1.0122448979591836,0.8,0.000593317066,-0.000169831321
1.0040816326530613,1.2,0.000590563604,-0.000171365981
1.0040816326530613,1.1918367346938774,0.00059086835,-0.000169850877
1.0040816326530613,1.183673469387755,0.000590637875,-0.000170700416
1.0040816326530613,1.1755102040816325,0.000591411244,-0.000170287576
1.0040816326530613,1.1673469387755102,0.000591735445,-0.000170233209
1.0040816326530613,1.1591836734693877,0.000591278418,-0.000170787666
1.0040816326530613,1.1510204081632653,0.0005910558,-0.000171062324
1.0040816326530613,1.1428571428571428,0.00059054367,-0.000171058246
1.0040816326530613,1.1346938775510205,0.000590368584,-0.000170692901
1.0040816326530613,1.126530612244898,0.000591068929,-0.000170267377
1.0040816326530613,1.1183673469387754,0.000589273026,-0.000169974671
1.0040816326530613,1.110204081632653,0.000590221289,-0.000169749658
1.0040816326530613,1.1020408163265305,0.000590276872,-0.000169622428
1.0040816326530613,1.0938775510204082,0.000587677222,-0.000170454562
1.0040816326530613,1.0857142857142856,0.000590411037,-0.000170666248
1.0040816326530613,1.0775510204081633,0.000589992346,-0.000170083405
1.0040816326530613,1.0693877551020408,0.000589789468,-0.000172184595
1.0040816326530613,1.0612244897959184,0.000589135122,-0.000171269065
1.0040816326530613,1.0530612244897959,0.000588624238,-0.000172092817
1.0040816326530613,1.0448979591836736,0.00058971721,-0.000171007733
1.0040816326530613,1.036734693877551,0.000589580552,-0.000171852551
1.0040816326530613,1.0285714285714285,0.000589390997,-0.000171405319
1.0040816326530613,1.0204081632653061,0.000589133303,-0.000171487206
1.0040816326530613,1.0122448979591836,0.000588664679,-0.000171085317
1.0040816326530613,1.0040816326530613,0.000590380467,-0.000171422724
1.0040816326530613,0.9959183673469387,0.000590094694,-0.000172130003
1.0040816326530613,0.9877551020408163,0.000590758717,-0.000171816874
1.0040816326530613,0.9795918367346939,0.00059127334,-0.000172534879
1.0040816326530613,0.9714285714285714,0.000590593695,-0.000172356076
1.0040816326530613,0.963265306122449,0.000591235678,-0.000172293328
1.0040816326530613,0.9551020408163265,0.000591439895,-0.000172987699
1.0040816326530613,0.9469387755102041,0.00059004189,-0.000172396699
1.0040816326530613,0.9387755102040816,0.000590646212,-0.000172070242
1.0040816326530613,0.9306122448979592,0.00059001132,-0.000171985786
1.0040816326530613,0.9224489795918367,0.000590202601,-0.000171149799
1.0040816326530613,0.9142857142857143,0.000591089629,-0.000173101377
1.0040816326530613,0.9061224489795918,0.000590134849,-0.000172863262
1.0040816326530613,0.8979591836734694,0.000590247547,-0.00017116698
1.0040816326530613,0.889795918367347,0.000590631356,-0.000171661706
1.0040816326530613,0.8816326530612244,0.000591703341,-0.000171707049
1.0040816326530613,0.8734693877551021,0.000591689732,-0.000171782481
1.0040816326530613,0.8653061224489795,0.000590981049,-0.000171670087
1.0040816326530613,0.8571428571428572,0.000591294326,-0.000171467425
1.0040816326530613,0.8489795918367347,0.000592156629,-0.000171946031
1.0040816326530613,0.8408163265306122,0.000591640187,-0.000172040602
1.0040816326530613,0.8326530612244898,0.000592137175,-0.000171809135
1.0040816326530613,0.8244897959183674,0.00059304423,-0.000171582837
1.0040816326530613,0.8163265306122449,0.000591469413,-0.000172192751
1.0040816326530613,0.8081632653061225,0.000592266742,-0.000171277029
1.0040816326530613,0.8,0.000593185966,-0.000172408516
0.9959183673469387,1.2,0.000592103059,-0.000169215176
0.9959183673469387,1.1918367346938774,0.000591873922,-0.000170494317
0.9959183673469387,1.183673469387755,0.000592453518,-0.000170000458
0.9959183673469387,1.1755102040816325,0.000592410298,-0.000170886091
0.9959183673469387,1.1673469387755102,0.000592176849,-0.000170534073
0.9959183673469387,1.1591836734693877,0.000592334494,-0.000169654027
0.9959183673469387,1.1510204081632653,0.000592450452,-0.000170671417
0.9959183673469387,1.1428571428571428,0.000591965634,-0.000171039974
0.9959183673469387,1.1346938775510205,0.000592442401,-0.000170356779
0.9959183673469387,1.126530612244898,0.00059122734,-0.000170981304
0.9959183673469387,1.1183673469387754,0.000591810962,-0.000171000861
0.9959183673469387,1.110204081632653,0.000590772806,-0.000171033744
0.9959183673469387,1.1020408163265305,0.000591653123,-0.000171132394
0.9959183673469387,1.0938775510204082,0.000591157382,-0.000169924158
0.9959183673469387,1.0857142857142856,0.000592057346,-0.000171313124
0.9959183673469387,1.0775510204081633,0.000590650044,-0.000170069436
0.9959183673469387,1.0693877551020408,0.000591445167,-0.000170751571
0.9959183673469387,1.0612244897959184,0.000592108137,-0.000171402525
0.9959183673469387,1.0530612244897959,0.000592873935,-0.00017066066
0.9959183673469387,1.0448979591836736,0.000592336793,-0.000172211666
0.9959183673469387,1.036734693877551,0.000591712731,-0.000171459268
0.9959183673469387,1.0285714285714285,0.00059190248,-0.000169361963
0.9959183673469387,1.0204081632653061,0.000590986801,-0.000171390065
0.9959183673469387,1.0122448979591836,0.000591791314,-0.000171095208
0.9959183673469387,1.0040816326530613,0.000592135162,-0.000170928865
0.9959183673469387,0.9959183673469387,0.000592189692,-0.000171119067
0.9959183673469387,0.9877551020408163,0.000592688979,-0.000171103813
0.9959183673469387,0.9795918367346939,0.000592253419,-0.000171677826
0.9959183673469387,0.9714285714285714,0.000593083904,-0.000171371793
0.9959183673469387,0.963265306122449,0.000593260237,-0.000171327735
0.9959183673469387,0.9551020408163265,0.000592171291,-0.000171040616
0.9959183673469387,0.9469387755102041,0.00059377342,-0.000171568644
0.9959183673469387,0.9387755102040816,0.000594166046,-0.000171508047
0.9959183673469387,0.9306122448979592,0.000593917649,-0.000171591219
0.9959183673469387,0.9224489795918367,0.000593327703,-0.000172316096
0.9959183673469387,0.9142857142857143,0.000592534113,-0.000171378666
0.9959183673469387,0.9061224489795918,0.000593259471,-0.000171513635
0.9959183673469387,0.8979591836734694,0.000593212225,-0.00017217814
0.9959183673469387,0.889795918367347,0.000593299145,-0.000171053943
0.9959183673469387,0.8816326530612244,0.000592891377,-0.000171328602
0.9959183673469387,0.8734693877551021,0.000593465894,-0.00017146614
0.9959183673469387,0.8653061224489795,0.000592711978,-0.00017216568
0.9959183673469387,0.8571428571428572,0.000594030061,-0.000173530562
0.9959183673469387,0.8489795918367347,0.000592604072,-0.000171721885
0.9959183673469387,0.8408163265306122,0.000593633409,-0.000172563684
0.9959183673469387,0.8326530612244898,0.00059287039,-0.000171831485
0.9959183673469387,0.8244897959183674,0.000592730666,-0.000171683414
0.9959183673469387,0.8163265306122449,0.000592637421,-0.000172968784
0.9959183673469387,0.8081632653061225,0.000593028801,-0.00017239262
0.9959183673469387,0.8,0.000592851702,-0.000171752616
0.9877551020408163,1.2,0.000590701029,-0.000173124595
0.9877551020408163,1.1918367346938774,0.000589075707,-0.000171938516
0.9877551020408163,1.183673469387755,0.00059033648,-0.000171186118
0.9877551020408163,1.1755102040816325,0.000590242469,-0.000170247821
0.9877551020408163,1.1673469387755102,0.000590015825,-0.00017051474
0.9877551020408163,1.1591836734693877,0.000589491333,-0.000170383432
0.9877551020408163,1.1510204081632653,0.000588868517,-0.000171380175
0.9877551020408163,1.1428571428571428,0.000589114615,-0.000171992241
0.9877551020408163,1.1346938775510205,0.000590383726,-0.000170980662
0.9877551020408163,1.126530612244898,0.000590404713,-0.000171483545
0.9877551020408163,1.1183673469387754,0.000589976917,-0.000171587558
0.9877551020408163,1.110204081632653,0.0005898807,-0.000171425518
0.9877551020408163,1.1020408163265305,0.000589856934,-0.000172268184
0.9877551020408163,1.0938775510204082,0.000590839792,-0.000172893127
0.9877551020408163,1.0857142857142856,0.000589428945,-0.000171944522
0.9877551020408163,1.0775510204081633,0.000590713964,-0.000171008376
0.9877551020408163,1.0693877551020408,0.000590700549,-0.000171656761
0.9877551020408163,1.0612244897959184,0.000591082058,-0.000171433481
0.9877551020408163,1.0530612244897959,0.000590381233,-0.000171323657
0.9877551020408163,1.0448979591836736,0.000589752093,-0.000169821655
0.9877551020408163,1.036734693877551,0.00058919569,-0.000170947779
0.9877551020408163,1.0285714285714285,0.000589877154,-0.000171709843
0.9877551020408163,1.0204081632653061,0.00059060759,-0.000170330992
0.9877551020408163,1.0122448979591836,0.000589991386,-0.000171549312
0.9877551020408163,1.0040816326530613,0.000591016125,-0.000171388556
0.9877551020408163,0.9959183673469387,0.000590675536,-0.000170650352
0.9877551020408163,0.9877551020408163,0.000590056266,-0.000170246312
0.9877551020408163,0.9795918367346939,0.000591278611,-0.000170777357
0.9877551020408163,0.9714285714285714,0.000589542124,-0.000170581149
0.9877551020408163,0.963265306122449,0.000590740223,-0.000171561996
0.9877551020408163,0.9551020408163265,0.000590619473,-0.000171240709
0.9877551020408163,0.9469387755102041,0.000590488567,-0.000170727711
0.9877551020408163,0.9387755102040816,0.00059152097,-0.000170627553
0.9877551020408163,0.9306122448979592,0.000590511853,-0.00017110725
0.9877551020408163,0.9224489795918367,0.000590474958,-0.000171313124
0.9877551020408163,0.9142857142857143,0.000589775572,-0.000170750062
0.9877551020408163,0.9061224489795918,0.000591093655,-0.00017151341
0.9877551020408163,0.8979591836734694,0.000590926712,-0.000171886719
0.9877551020408163,0.889795918367347,0.000589678016,-0.000170881788
0.9877551020408163,0.8816326530612244,0.000589793014,-0.000169773293
0.9877551020408163,0.8734693877551021,0.000590285976,-0.000170661945
0.9877551020408163,0.8653061224489795,0.000590410271,-0.000171500308
0.9877551020408163,0.8571428571428572,0.000590489333,-0.000171742308
0.9877551020408163,0.8489795918367347,0.000590136382,-0.000171892306
0.9877551020408163,0.8408163265306122,0.00059008837,-0.000172347053
0.9877551020408163,0.8326530612244898,0.000589840259,-0.000171464631
0.9877551020408163,0.8244897959183674,0.000589976151,-0.000170995273
0.9877551020408163,0.8163265306122449,0.000589218976,-0.000170923277
0.9877551020408163,0.8081632653061225,0.000589193484,-0.000171527379
0.9877551020408163,0.8,0.000589535319,-0.000170850638
0.9795918367346939,1.2,0.000590532073,-0.000169877531
0.9795918367346939,1.1918367346938774,0.000590997151,-0.000170206556
0.9795918367346939,1.183673469387755,0.000591841339,-0.000171748956
0.9795918367346939,1.1755102040816325,0.000591110616,-0.000170985383
0.9795918367346939,1.1673469387755102,0.000590499204,-0.000172121397
0.9795918367346939,1.1591836734693877,0.000590214198,-0.000172061861
0.9795918367346939,1.1510204081632653,0.000589109823,-0.000171817516
0.9795918367346939,1.1428571428571428,0.000590426946,-0.000171850175
0.9795918367346939,1.1346938775510205,0.000590442088,-0.000171659136
0.9795918367346939,1.126530612244898,0.000590720769,-0.000171867386
0.9795918367346939,1.1183673469387754,0.000591734678,-0.000171384478
0.9795918367346939,1.110204081632653,0.000589734171,-0.000170455846
0.9795918367346939,1.1020408163265305,0.000590937063,-0.000170960239
0.9795918367346939,1.0938775510204082,0.0005904027,-0.000170740813
0.9795918367346939,1.0857142857142856,0.000591043437,-0.00016997875
0.9795918367346939,1.0775510204081633,0.000590608837,-0.000172610118
0.9795918367346939,1.0693877551020408,0.000590550955,-0.000171727248
0.9795918367346939,1.0612244897959184,0.00059109998,-0.000171098644
0.9795918367346939,1.0530612244897959,0.000590526515,-0.00017145002
0.9795918367346939,1.0448979591836736,0.000590082331,-0.000171471085
0.9795918367346939,1.036734693877551,0.000590774626,-0.000171004939
0.9795918367346939,1.0285714285714285,0.000590440075,-0.000170927355
0.9795918367346939,1.0204081632653061,0.000589961295,-0.000171834279
0.9795918367346939,1.0122448979591836,0.000591425426,-0.000172126985
0.9795918367346939,1.0040816326530613,0.000590236431,-0.000171180949
0.9795918367346939,0.9959183673469387,0.000590714924,-0.000172152996
0.9795918367346939,0.9877551020408163,0.000591289248,-0.000171053301
0.9795918367346939,0.9795918367346939,0.000590974438,-0.000171396295
0.9795918367346939,0.9714285714285714,0.000590515112,-0.000170745759
0.9795918367346939,0.963265306122449,0.00059152193,-0.000169894936
0.9795918367346939,0.9551020408163265,0.000591202328,-0.000170309927
0.9795918367346939,0.9469387755102041,0.000589898141,-0.000169995512
0.9795918367346939,0.9387755102040816,0.000591541384,-0.000170028396
0.9795918367346939,0.9306122448979592,0.000590360533,-0.000169563116
0.9795918367346939,0.9224489795918367,0.000591405206,-0.000170406425
0.9795918367346939,0.9142857142857143,0.000589015332,-0.00017076037
0.9795918367346939,0.9061224489795918,0.000590037292,-0.000170090501
0.9795918367346939,0.8979591836734694,0.000590505528,-0.000169018326
0.9795918367346939,0.889795918367347,0.000589212651,-0.000170515383
0.9795918367346939,0.8816326530612244,0.000589615148,-0.000170402122
0.9795918367346939,0.8734693877551021,0.000590877454,-0.000170613166
0.9795918367346939,0.8653061224489795,0.000590726614,-0.000170216447
0.9795918367346939,0.8571428571428572,0.000589875622,-0.000169673359
0.9795918367346939,0.8489795918367347,0.000589443607,-0.000170445538
0.9795918367346939,0.8408163265306122,0.000588577473,-0.000169407948
0.9795918367346939,0.8326530612244898,0.000589450412,-0.000170029905
0.9795918367346939,0.8244897959183674,0.000589146718,-0.000170772412
0.9795918367346939,0.8163265306122449,0.000589757365,-0.000169181651
0.9795918367346939,0.8081632653061225,0.000589353908,-0.000169844647
0.9795918367346939,0.8,0.000590430205,-0.000169811989
0.9714285714285714,1.2,0.000592157109,-0.000170745116
0.9714285714285714,1.1918367346938774,0.000593103072,-0.000171092414
0.9714285714285714,1.183673469387755,0.000592799378,-0.000171110461
0.9714285714285714,1.1755102040816325,0.000592096734,-0.000170736093
0.9714285714285714,1.1673469387755102,0.000591627058,-0.00017104598
0.9714285714285714,1.1591836734693877,0.000591962088,-0.00017004731
0.9714285714285714,1.1510204081632653,0.000591515125,-0.000171765076
0.9714285714285714,1.1428571428571428,0.000592180875,-0.000170887824
0.9714285714285714,1.1346938775510205,0.000590741469,-0.00017006449
0.9714285714285714,1.126530612244898,0.000591493659,-0.000171003879
0.9714285714285714,1.1183673469387754,0.000592316573,-0.000170958954
0.9714285714285714,1.110204081632653,0.000591546463,-0.000169830678
0.9714285714285714,1.1020408163265305,0.000593409545,-0.000170398686
0.9714285714285714,1.0938775510204082,0.000592817586,-0.000171371151
0.9714285714285714,1.0857142857142856,0.000592964401,-0.000170754365
0.9714285714285714,1.0775510204081633,0.00059215385,-0.000170879861
0.9714285714285714,1.0693877551020408,0.000591939569,-0.000170571034
0.9714285714285714,1.0612244897959184,0.00059219429,-0.000171005164
0.9714285714285714,1.0530612244897959,0.000591527008,-0.000170969262
0.9714285714285714,1.0448979591836736,0.000591810962,-0.000170662169
0.9714285714285714,1.036734693877551,0.000592608384,-0.000170110058
0.9714285714285714,1.0285714285714285,0.000591053787,-0.000170884582
0.9714285714285714,1.0204081632653061,0.000590212665,-0.000170157552
0.9714285714285714,1.0122448979591836,0.000590893076,-0.000170530219
0.9714285714285714,1.0040816326530613,0.000589490566,-0.000170110282
0.9714285714285714,0.9959183673469387,0.000591202808,-0.000170509795
0.9714285714285714,0.9877551020408163,0.000591527775,-0.000171110461
0.9714285714285714,0.9795918367346939,0.000591648045,-0.000170701925
0.9714285714285714,0.9714285714285714,0.000591906792,-0.000169728817
0.9714285714285714,0.963265306122449,0.00059173899,-0.000171030726
0.9714285714285714,0.9551020408163265,0.000591223315,-0.00017004731
0.9714285714285714,0.9469387755102041,0.000590241989,-0.000169877531
0.9714285714285714,0.9387755102040816,0.00059212002,-0.000169610193
0.9714285714285714,0.9306122448979592,0.000592630617,-0.000169945
0.9714285714285714,0.9224489795918367,0.000592186433,-0.000170460567
0.9714285714285714,0.9142857142857143,0.000592295586,-0.000170120815
0.9714285714285714,0.9061224489795918,0.000592016905,-0.000171414567
0.9714285714285714,0.8979591836734694,0.000593332975,-0.000170870195
0.9714285714285714,0.889795918367347,0.000592919935,-0.000170465737
0.9714285714285714,0.8816326530612244,0.000592505269,-0.000170477554
0.9714285714285714,0.8734693877551021,0.000590690198,-0.000169825733
0.9714285714285714,0.8653061224489795,0.000590684927,-0.000169271919
0.9714285714285714,0.8571428571428572,0.000590660108,-0.000169820146
0.9714285714285714,0.8489795918367347,0.000591210952,-0.000169141029
0.9714285714285714,0.8408163265306122,0.000590254159,-0.000168895399
0.9714285714285714,0.8326530612244898,0.00059047745,-0.000168923337
0.9714285714285714,0.8244897959183674,0.000591977997,-0.00016893127
0.9714285714285714,0.8163265306122449,0.000591873156,-0.000170446823
0.9714285714285714,0.8081632653061225,0.000591248041,-0.000170482724
0.9714285714285714,0.8,0.000589992632,-0.000169394204
0.963265306122449,1.2,0.000592072008,-0.000171915299
0.963265306122449,1.1918367346938774,0.000590373855,-0.000170360215
0.963265306122449,1.183673469387755,0.000590066423,-0.000170287994
0.963265306122449,1.1755102040816325,0.000589637381,-0.000170937888
0.963265306122449,1.1673469387755102,0.000590376441,-0.000170497978
0.963265306122449,1.1591836734693877,0.000589538098,-0.000171301306
0.963265306122449,1.1510204081632653,0.000591171757,-0.000169553226
0.963265306122449,1.1428571428571428,0.000591489347,-0.000171012678
0.963265306122449,1.1346938775510205,0.000590843818,-0.000170834742
0.963265306122449,1.126530612244898,0.000591037112,-0.000172007494
0.963265306122449,1.1183673469387754,0.000591794093,-0.00017071933
0.963265306122449,1.110204081632653,0.00059152193,-0.000170176049
0.963265306122449,1.1020408163265305,0.000591864532,-0.000171195142
0.963265306122449,1.0938775510204082,0.000592483802,-0.00017149472
0.963265306122449,1.0857142857142856,0.000592527788,-0.000170568465
0.963265306122449,1.0775510204081633,0.000591657915,-0.000171883925
0.963265306122449,1.0693877551020408,0.000591699316,-0.000170479706
0.963265306122449,1.0612244897959184,0.000591833481,-0.000171563281
0.963265306122449,1.0530612244897959,0.000591063371,-0.000171167204
0.963265306122449,1.0448979591836736,0.000591812014,-0.000169813273
0.963265306122449,1.036734693877551,0.000591226094,-0.000170751571
0.963265306122449,1.0285714285714285,0.000591004242,-0.000170677423
0.963265306122449,1.0204081632653061,0.00059157828,-0.000170179903
0.963265306122449,1.0122448979591836,0.000592992959,-0.000170590591
0.963265306122449,1.0040816326530613,0.000592582125,-0.000170453919
0.963265306122449,0.9959183673469387,0.000591690978,-0.000170111567
0.963265306122449,0.9877551020408163,0.000592254665,-0.000171335699
0.963265306122449,0.9795918367346939,0.000593851236,-0.000170289085
0.963265306122449,0.9714285714285714,0.000592155862,-0.000170012917
0.963265306122449,0.963265306122449,0.000592322131,-0.000169946733
0.963265306122449,0.9551020408163265,0.000591132083,-0.000169109655
0.963265306122449,0.9469387755102041,0.000592288015,-0.000170775206
0.963265306122449,0.9387755102040816,0.000591199549,-0.000170338507
0.963265306122449,0.9306122448979592,0.000589487787,-0.000170713742
0.963265306122449,0.9224489795918367,0.000591135149,-0.000171094983
0.963265306122449,0.9142857142857143,0.000590564657,-0.000170872571
0.963265306122449,0.9061224489795918,0.000591203574,-0.00017075414
0.963265306122449,0.8979591836734694,0.000590693744,-0.000170764449
0.963265306122449,0.889795918367347,0.000590296806,-0.000171260684
0.963265306122449,0.8816326530612244,0.000591499983,-0.000171594879
0.963265306122449,0.8734693877551021,0.000590430971,-0.000170999352
0.963265306122449,0.8653061224489795,0.00059020538,-0.000170495826
0.963265306122449,0.8571428571428572,0.000591821598,-0.000170702567
0.963265306122449,0.8489795918367347,0.00059147727,-0.000170199684
0.963265306122449,0.8408163265306122,0.000591510334,-0.000170462076
0.963265306122449,0.8326530612244898,0.000590375675,-0.000169528306
0.963265306122449,0.8244897959183674,0.000591122979,-0.000169623937
0.963265306122449,0.8163265306122449,0.000590329676,-0.000169870434
0.963265306122449,0.8081632653061225,0.00059037031,-0.00016965939
0.963265306122449,0.8,0.000589504748,-0.000169470921
0.9551020408163265,1.2,0.000590517891,-0.000170118439
0.9551020408163265,1.1918367346938774,0.000591214977,-0.000169081074
0.9551020408163265,1.183673469387755,0.000591236924,-0.000170156268
0.9551020408163265,1.1755102040816325,0.000591123266,-0.000170527843
0.9551020408163265,1.1673469387755102,0.000591059825,-0.000170796047
0.9551020408163265,1.1591836734693877,0.000591462608,-0.000170642388
0.9551020408163265,1.1510204081632653,0.000590373855,-0.000170286709
0.9551020408163265,1.1428571428571428,0.000590443907,-0.000170803786
0.9551020408163265,1.1346938775510205,0.000590953451,-0.000170943476
0.9551020408163265,1.126530612244898,0.000591994672,-0.000171123788
0.9551020408163265,1.1183673469387754,0.000591683887,-0.000171182682
0.9551020408163265,1.110204081632653,0.00059085896,-0.000170683011
0.9551020408163265,1.1020408163265305,0.000590615641,-0.000170224604
0.9551020408163265,1.0938775510204082,0.000590899401,-0.000170116288
0.9551020408163265,1.0857142857142856,0.000591616708,-0.000170020656
0.9551020408163265,1.0775510204081633,0.000592604072,-0.000171429821
0.9551020408163265,1.0693877551020408,0.000591221016,-0.000169724739
0.9551020408163265,1.0612244897959184,0.00059120616,-0.00017132279
0.9551020408163265,1.0530612244897959,0.000590625512,-0.000170074381
0.9551020408163265,1.0448979591836736,0.000591576553,-0.000170630571
0.9551020408163265,1.036734693877551,0.000590568682,-0.000170418885
0.9551020408163265,1.0285714285714285,0.000589838726,-0.000170456713
0.9551020408163265,1.0204081632653061,0.000592610396,-0.000170302188
0.9551020408163265,1.0122448979591836,0.000591665199,-0.000171034611
0.9551020408163265,1.0040816326530613,0.000591403,-0.000171375872
0.9551020408163265,0.9959183673469387,0.000591101512,-0.000171463989
0.9551020408163265,0.9877551020408163,0.00059019551,-0.000169916644
0.9551020408163265,0.9795918367346939,0.000591448426,-0.000171238976
0.9551020408163265,0.9714285714285714,0.000590943867,-0.000170693543
0.9551020408163265,0.963265306122449,0.000590291727,-0.000170966693
0.9551020408163265,0.9551020408163265,0.000591436063,-0.000171685341
0.9551020408163265,0.9469387755102041,0.000591656862,-0.000170687313
0.9551020408163265,0.9387755102040816,0.000591890311,-0.000170737377
0.9551020408163265,0.9306122448979592,0.000590464035,-0.000171171282
0.9551020408163265,0.9224489795918367,0.000590824364,-0.000170648618
0.9551020408163265,0.9142857142857143,0.000589424347,-0.000170555138
0.9551020408163265,0.9061224489795918,0.000591080046,-0.000170705585
0.9551020408163265,0.8979591836734694,0.000590686173,-0.000170868686
0.9551020408163265,0.889795918367347,0.000589665653,-0.000170694186
0.9551020408163265,0.8816326530612244,0.000589780364,-0.000170103186
0.9551020408163265,0.8734693877551021,0.000589779118,-0.000170882879
0.9551020408163265,0.8653061224489795,0.000590419855,-0.000171176228
0.9551020408163265,0.8571428571428572,0.000590689146,-0.000169637906
0.9551020408163265,0.8489795918367347,0.000591281677,-0.000170035268
0.9551020408163265,0.8408163265306122,0.000590915882,-0.000171261102
0.9551020408163265,0.8326530612244898,0.000591692225,-0.000170506135
0.9551020408163265,0.8244897959183674,0.000591506022,-0.000170590173
0.9551020408163265,0.8163265306122449,0.000591575787,-0.000171227158
0.9551020408163265,0.8081632653061225,0.000590985555,-0.00017141993
0.9551020408163265,0.8,0.000591101032,-0.000171207602
0.9469387755102041,1.2,0.000589063344,-0.000169100855
0.9469387755102041,1.1918367346938774,0.000588531474,-0.000169491762
0.9469387755102041,1.183673469387755,0.000589004215,-0.000169346485
0.9469387755102041,1.1755102040816325,0.000588425866,-0.000169078281
0.9469387755102041,1.1673469387755102,0.000589933504,-0.000169061742
0.9469387755102041,1.1591836734693877,0.000589170964,-0.000169475
0.9469387755102041,1.1510204081632653,0.00058831518,-0.000171122279
0.9469387755102041,1.1428571428571428,0.000589890284,-0.00016992631
0.9469387755102041,1.1346938775510205,0.000590014579,-0.000170089217
0.9469387755102041,1.126530612244898,0.000589352375,-0.000170136069
0.9469387755102041,1.1183673469387754,0.000589965607,-0.000171067912
0.9469387755102041,1.110204081632653,0.000589942321,-0.000171633543
0.9469387755102041,1.1020408163265305,0.000590063837,-0.000169848726
0.9469387755102041,1.0938775510204082,0.000590279651,-0.000170146377
0.9469387755102041,1.0857142857142856,0.000590138394,-0.000170549551
0.9469387755102041,1.0775510204081633,0.000589157355,-0.000171195366
0.9469387755102041,1.0693877551020408,0.000591329689,-0.000170367312
0.9469387755102041,1.0612244897959184,0.000591311481,-0.000169955114
0.9469387755102041,1.0530612244897959,0.000590887518,-0.000170655297
0.9469387755102041,1.0448979591836736,0.000590676016,-0.000169654669
0.9469387755102041,1.036734693877551,0.000590284156,-0.000171560487
0.9469387755102041,1.0285714285714285,0.000591363039,-0.000171159047
0.9469387755102041,1.0204081632653061,0.000590281664,-0.000171934438
0.9469387755102041,1.0122448979591836,0.000590885025,-0.000171573813
0.9469387755102041,1.0040816326530613,0.000590745781,-0.000171355031
0.9469387755102041,0.9959183673469387,0.000591302664,-0.000171642149
0.9469387755102041,0.9877551020408163,0.000591164953,-0.000171815813
0.9469387755102041,0.9795918367346939,0.000590225794,-0.000171354806
0.9469387755102041,0.9714285714285714,0.000589534553,-0.000171961509
0.9469387755102041,0.963265306122449,0.000591818819,-0.000172638892
0.9469387755102041,0.9551020408163265,0.000590856467,-0.000171618514
0.9469387755102041,0.9469387755102041,0.00059069729,-0.000171830618
0.9469387755102041,0.9387755102040816,0.000590478983,-0.000170977226
0.9469387755102041,0.9306122448979592,0.000589766468,-0.00017191745
0.9469387755102041,0.9224489795918367,0.00059089231,-0.00017165204
0.9469387755102041,0.9142857142857143,0.000590787469,-0.000170860947
0.9469387755102041,0.9061224489795918,0.000588986008,-0.000170717178
0.9469387755102041,0.8979591836734694,0.00059028243,-0.000172240664
0.9469387755102041,0.889795918367347,0.000589366271,-0.000171171925
0.9469387755102041,0.8816326530612244,0.000590117214,-0.000170885673
0.9469387755102041,0.8734693877551021,0.000589265169,-0.000170808731
0.9469387755102041,0.8653061224489795,0.00058919521,-0.000171321505
0.9469387755102041,0.8571428571428572,0.000590169445,-0.000170874498
0.9469387755102041,0.8489795918367347,0.000588717677,-0.000170227173
0.9469387755102041,0.8408163265306122,0.000589099953,-0.000169673359
0.9469387755102041,0.8326530612244898,0.00059126069,-0.000169848083
0.9469387755102041,0.8244897959183674,0.000590893076,-0.000169665426
0.9469387755102041,0.8163265306122449,0.000590692978,-0.000169732896
0.9469387755102041,0.8081632653061225,0.000590809702,-0.00017001722
0.9469387755102041,0.8,0.000590617174,-0.00017098474
0.9387755102040816,1.2,0.000589885972,-0.000170908666
0.9387755102040816,1.1918367346938774,0.000589867764,-0.000171359109
0.9387755102040816,1.183673469387755,0.000591450245,-0.000170860304
0.9387755102040816,1.1755102040816325,0.000591545696,-0.000171779688
0.9387755102040816,1.1673469387755102,0.000590013046,-0.000171554032
0.9387755102040816,1.1591836734693877,0.000590430491,-0.000171334189
0.9387755102040816,1.1510204081632653,0.000590154303,-0.000172212726
0.9387755102040816,1.1428571428571428,0.000590349896,-0.000170274892
0.9387755102040816,1.1346938775510205,0.000590931024,-0.00016976793
0.9387755102040816,1.126530612244898,0.000590409504,-0.000171592279
0.9387755102040816,1.1183673469387754,0.000591244782,-0.000170329708
0.9387755102040816,1.110204081632653,0.000592357014,-0.000170339374
0.9387755102040816,1.1020408163265305,0.000591706887,-0.00017098625
0.9387755102040816,1.0938775510204082,0.000591232899,-0.00016960072
0.9387755102040816,1.0857142857142856,0.000591548475,-0.000170548684
0.9387755102040816,1.0775510204081633,0.000590602512,-0.000169409458
0.9387755102040816,1.0693877551020408,0.000591322311,-0.00016960072
0.9387755102040816,1.0612244897959184,0.000591231652,-0.000170236646
0.9387755102040816,1.0530612244897959,0.000590801364,-0.000171484412
0.9387755102040816,1.0448979591836736,0.000590097473,-0.000170754365
0.9387755102040816,1.036734693877551,0.000590671511,-0.000170119948
0.9387755102040816,1.0285714285714285,0.000590654069,-0.000170733941
0.9387755102040816,1.0204081632653061,0.000590895375,-0.000170918974
0.9387755102040816,1.0122448979591836,0.000590285209,-0.000171689001
0.9387755102040816,1.0040816326530613,0.000591681394,-0.000170669684
0.9387755102040816,0.9959183673469387,0.00059058737,-0.000170278328
0.9387755102040816,0.9877551020408163,0.000590947699,-0.000170603275
0.9387755102040816,0.9795918367346939,0.000590575201,-0.000171549954
0.9387755102040816,0.9714285714285714,0.000591164186,-0.000170815186
0.9387755102040816,0.963265306122449,0.000589045903,-0.00017131033
0.9387755102040816,0.9551020408163265,0.000589241209,-0.00017047993
0.9387755102040816,0.9469387755102041,0.000589439775,-0.000171219419
0.9387755102040816,0.9387755102040816,0.00058939157,-0.000171215341
0.9387755102040816,0.9306122448979592,0.000588031227,-0.000171340419
0.9387755102040816,0.9224489795918367,0.000588809389,-0.000170886958
0.9387755102040816,0.9142857142857143,0.000588748054,-0.000171452171
0.9387755102040816,0.9061224489795918,0.000588919308,-0.000171502459
0.9387755102040816,0.8979591836734694,0.000588633056,-0.000171678693
0.9387755102040816,0.889795918367347,0.000588588589,-0.000169268259
0.9387755102040816,0.8816326530612244,0.00058848854,-0.000169795644
0.9387755102040816,0.8734693877551021,0.000589028461,-0.000170981304
0.9387755102040816,0.8653061224489795,0.000588631523,-0.000170819264
0.9387755102040816,0.8571428571428572,0.000588744222,-0.000171194275
0.9387755102040816,0.8489795918367347,0.000588901867,-0.000170416091
0.9387755102040816,0.8408163265306122,0.000589183327,-0.000172115168
0.9387755102040816,0.8326530612244898,0.000589293247,-0.000170488954
0.9387755102040816,0.8244897959183674,0.000589849843,-0.000170751571
0.9387755102040816,0.8163265306122449,0.000590657615,-0.000170866983
0.9387755102040816,0.8081632653061225,0.000589906672,-0.000171548669
0.9387755102040816,0.8,0.000590263742,-0.00017066689
0.9306122448979592,1.2,0.000586345724,-0.000170582658
0.9306122448979592,1.1918367346938774,0.000586488227,-0.000170087932
0.9306122448979592,1.183673469387755,0.000585649404,-0.000170016354
0.9306122448979592,1.1755102040816325,0.000585717923,-0.000171286053
0.9306122448979592,1.1673469387755102,0.000585883619,-0.000170060636
0.9306122448979592,1.1591836734693877,0.000584870476,-0.000171110461
0.9306122448979592,1.1510204081632653,0.000586516785,-0.000170386001
0.9306122448979592,1.1428571428571428,0.000585685819,-0.000171292282
0.9306122448979592,1.1346938775510205,0.000586645392,-0.000169816709
0.9306122448979592,1.126530612244898,0.000586451332,-0.000170485069
0.9306122448979592,1.1183673469387754,0.000586323491,-0.000170590591
0.9306122448979592,1.110204081632653,0.000586739403,-0.000170309702
0.9306122448979592,1.1020408163265305,0.000586026122,-0.00017023793
0.9306122448979592,1.0938775510204082,0.000585888411,-0.000170677423
0.9306122448979592,1.0857142857142856,0.00058653346,-0.0001700011
0.9306122448979592,1.0775510204081633,0.000587350049,-0.000170899417
0.9306122448979592,1.0693877551020408,0.000586806869,-0.00016989622
0.9306122448979592,1.0612244897959184,0.000587002176,-0.000170667757
0.9306122448979592,1.0530612244897959,0.000586691391,-0.000170541812
0.9306122448979592,1.0448979591836736,0.00058789275,-0.000170793896
0.9306122448979592,1.036734693877551,0.000587678275,-0.000170829155
0.9306122448979592,1.0285714285714285,0.000586812141,-0.000171112613
0.9306122448979592,1.0204081632653061,0.000587899074,-0.000170399328
0.9306122448979592,1.0122448979591836,0.000587118134,-0.000170310793
0.9306122448979592,1.0040816326530613,0.000588018578,-0.000170306908
0.9306122448979592,0.9959183673469387,0.000587914216,-0.00017117687
0.9306122448979592,0.9877551020408163,0.000587582731,-0.000170202253
0.9306122448979592,0.9795918367346939,0.000588213404,-0.000170508511
0.9306122448979592,0.9714285714285714,0.000587276065,-0.000169805759
0.9306122448979592,0.963265306122449,0.000587264662,-0.000170844826
0.9306122448979592,0.9551020408163265,0.000587287182,-0.0001711182
0.9306122448979592,0.9469387755102041,0.000588755338,-0.000170919198
0.9306122448979592,0.9387755102040816,0.000586462735,-0.000170927998
0.9306122448979592,0.9306122448979592,0.000586036472,-0.00017128798
0.9306122448979592,0.9224489795918367,0.000586602172,-0.000170878801
0.9306122448979592,0.9142857142857143,0.00058792236,-0.000171535343
0.9306122448979592,0.9061224489795918,0.000588746715,-0.000171161616
0.9306122448979592,0.8979591836734694,0.000588937036,-0.000170807865
0.9306122448979592,0.889795918367347,0.000587822025,-0.000170618753
0.9306122448979592,0.8816326530612244,0.000587962995,-0.00017074168
0.9306122448979592,0.8734693877551021,0.000586753299,-0.000170849772
0.9306122448979592,0.8653061224489795,0.00058748728,-0.000169890857
0.9306122448979592,0.8571428571428572,0.000587824324,-0.000170152607
0.9306122448979592,0.8489795918367347,0.000587710859,-0.00017085902
0.9306122448979592,0.8408163265306122,0.000588494098,-0.00017094004
0.9306122448979592,0.8326530612244898,0.000588603252,-0.000170471324
0.9306122448979592,0.8244897959183674,0.000586169871,-0.000171022345
0.9306122448979592,0.8163265306122449,0.000587165859,-0.000171185251
0.9306122448979592,0.8081632653061225,0.000586022096,-0.000171491927
0.9306122448979592,0.8,0.00058680457,-0.000171003655
0.9224489795918367,1.2,0.000586085537,-0.000172700998
0.9224489795918367,1.1918367346938774,0.000585273739,-0.000173293731
0.9224489795918367,1.183673469387755,0.000585833881,-0.000172590113
0.9224489795918367,1.1755102040816325,0.00058531466,-0.000171823746
0.9224489795918367,1.1673469387755102,0.000584731519,-0.000171993107
0.9224489795918367,1.1591836734693877,0.000586543043,-0.000172776012
0.9224489795918367,1.1510204081632653,0.000585668378,-0.000172997365
0.9224489795918367,1.1428571428571428,0.000583672857,-0.000172553793
0.9224489795918367,1.1346938775510205,0.000583743102,-0.000171816649
0.9224489795918367,1.126530612244898,0.000584983941,-0.000171052658
0.9224489795918367,1.1183673469387754,0.000585241349,-0.000171945388
0.9224489795918367,1.110204081632653,0.000585531147,-0.000172739051
0.9224489795918367,1.1020408163265305,0.000585675663,-0.000173118365
0.9224489795918367,1.0938775510204082,0.000584874788,-0.000171832127
0.9224489795918367,1.0857142857142856,0.000585407618,-0.000171416719
0.9224489795918367,1.0775510204081633,0.000585775999,-0.000171559202
0.9224489795918367,1.0693877551020408,0.000586404086,-0.000172368761
0.9224489795918367,1.0612244897959184,0.000585152703,-0.000171630107
0.9224489795918367,1.0530612244897959,0.000585744662,-0.000171884567
0.9224489795918367,1.0448979591836736,0.000586762596,-0.000171790863
0.9224489795918367,1.036734693877551,0.000585951565,-0.000170900927
0.9224489795918367,1.0285714285714285,0.000584729986,-0.000170612941
0.9224489795918367,1.0204081632653061,0.000585812894,-0.000170352476
0.9224489795918367,1.0122448979591836,0.000585155962,-0.000172074321
0.9224489795918367,1.0040816326530613,0.000587208313,-0.000171513635
0.9224489795918367,0.9959183673469387,0.000586124925,-0.000171852969
0.9224489795918367,0.9877551020408163,0.000585234545,-0.000172140312
0.9224489795918367,0.9795918367346939,0.000584581925,-0.000172692199
0.9224489795918367,0.9714285714285714,0.000585365451,-0.000171067912
0.9224489795918367,0.963265306122449,0.000586317166,-0.000172252481
0.9224489795918367,0.9551020408163265,0.000585249207,-0.000172768916
0.9224489795918367,0.9469387755102041,0.000585828322,-0.000172550357
0.9224489795918367,0.9387755102040816,0.000586445773,-0.000171692438
0.9224489795918367,0.9306122448979592,0.000586741416,-0.000171835564
0.9224489795918367,0.9224489795918367,0.00058690184,-0.000172126567
0.9224489795918367,0.9142857142857143,0.000587391257,-0.000171985144
0.9224489795918367,0.9061224489795918,0.000586536719,-0.000171368775
0.9224489795918367,0.8979591836734694,0.00058680409,-0.000171760131
0.9224489795918367,0.889795918367347,0.000586113042,-0.000171892949
0.9224489795918367,0.8816326530612244,0.000586005708,-0.000170745341
0.9224489795918367,0.8734693877551021,0.000586852102,-0.000171214056
0.9224489795918367,0.8653061224489795,0.0005867947,-0.000172305146
0.9224489795918367,0.8571428571428572,0.000586237624,-0.000171579177
0.9224489795918367,0.8489795918367347,0.000586127418,-0.000171387272
0.9224489795918367,0.8408163265306122,0.000586343998,-0.000171109177
0.9224489795918367,0.8326530612244898,0.000586130483,-0.000170804428
0.9224489795918367,0.8244897959183674,0.000586431878,-0.000170315096
0.9224489795918367,0.8163265306122449,0.000586447593,-0.000171352237
0.9224489795918367,0.8081632653061225,0.000585701442,-0.000172173195
0.9224489795918367,0.8,0.000585829855,-0.000169968859
0.9142857142857143,1.2,0.000586690625,-0.000172803308
0.9142857142857143,1.1918367346938774,0.000588307609,-0.000172192527
0.9142857142857143,1.183673469387755,0.000587468306,-0.000172901733
0.9142857142857143,1.1755102040816325,0.000586851335,-0.000172854881
0.9142857142857143,1.1673469387755102,0.00058656355,-0.000172955458
0.9142857142857143,1.1591836734693877,0.000587190391,-0.000173549894
0.9142857142857143,1.1510204081632653,0.000586892256,-0.00017198858
0.9142857142857143,1.1428571428571428,0.000587053447,-0.000173541095
0.9142857142857143,1.1346938775510205,0.000587137588,-0.00017293118
0.9142857142857143,1.126530612244898,0.000588032473,-0.000172971803
0.9142857142857143,1.1183673469387754,0.000588099939,-0.000172971578
0.9142857142857143,1.110204081632653,0.000586897528,-0.000172955458
0.9142857142857143,1.1020408163265305,0.000587578992,-0.000172056498
0.9142857142857143,1.0938775510204082,0.000587179275,-0.000172445478
0.9142857142857143,1.0857142857142856,0.000588310388,-0.000173167368
0.9142857142857143,1.0775510204081633,0.000588357154,-0.000172404438
0.9142857142857143,1.0693877551020408,0.000587900894,-0.000172864772
0.9142857142857143,1.0612244897959184,0.000587747754,-0.000172514038
0.9142857142857143,1.0530612244897959,0.00058646628,-0.000172000846
0.9142857142857143,1.0448979591836736,0.000587387711,-0.000172505014
0.9142857142857143,1.036734693877551,0.000587427099,-0.000173980138
0.9142857142857143,1.0285714285714285,0.000587138354,-0.000172421843
0.9142857142857143,1.0204081632653061,0.000587455177,-0.000172962554
0.9142857142857143,1.0122448979591836,0.000588635835,-0.000172252064
0.9142857142857143,1.0040816326530613,0.000588286909,-0.000173081821
0.9142857142857143,0.9959183673469387,0.000587772766,-0.000173728279
0.9142857142857143,0.9877551020408163,0.000587604005,-0.000173291356
0.9142857142857143,0.9795918367346939,0.00058654333,-0.000172941713
0.9142857142857143,0.9714285714285714,0.000587779857,-0.000171685565
0.9142857142857143,0.963265306122449,0.000586985501,-0.000172396056
0.9142857142857143,0.9551020408163265,0.000587410711,-0.000172938053
0.9142857142857143,0.9469387755102041,0.000587373049,-0.000172302994
0.9142857142857143,0.9387755102040816,0.000586660054,-0.000171989447
0.9142857142857143,0.9306122448979592,0.000588715184,-0.000172698429
0.9142857142857143,0.9224489795918367,0.000587927632,-0.000172497275
0.9142857142857143,0.9142857142857143,0.000586949852,-0.000171999755
0.9142857142857143,0.9061224489795918,0.000587231312,-0.000172655012
0.9142857142857143,0.8979591836734694,0.000587653743,-0.00017179645
0.9142857142857143,0.889795918367347,0.000587084017,-0.000173160914
0.9142857142857143,0.8816326530612244,0.000586639354,-0.000171281974
0.9142857142857143,0.8734693877551021,0.000586219129,-0.00017095616
0.9142857142857143,0.8653061224489795,0.000586367477,-0.000171758846
0.9142857142857143,0.8571428571428572,0.000585463681,-0.00017191122
0.9142857142857143,0.8489795918367347,0.000585214611,-0.000171354388
0.9142857142857143,0.8408163265306122,0.000586056979,-0.000171823746
0.9142857142857143,0.8326530612244898,0.000586677975,-0.000172238737
0.9142857142857143,0.8244897959183674,0.00058596728,-0.000171924547
0.9142857142857143,0.8163265306122449,0.000586090329,-0.000172575502
0.9142857142857143,0.8081632653061225,0.000586178495,-0.000173244086
0.9142857142857143,0.8,0.000586796519,-0.000173409562
0.9061224489795918,1.2,0.000586286402,-0.000171026647
0.9061224489795918,1.1918367346938774,0.000586014239,-0.000171203299
0.9061224489795918,1.183673469387755,0.000586463981,-0.000171301949
0.9061224489795918,1.1755102040816325,0.000586830349,-0.000171228443
0.9061224489795918,1.1673469387755102,0.000587338453,-0.000171151726
0.9061224489795918,1.1591836734693877,0.000586212325,-0.000171832994
0.9061224489795918,1.1510204081632653,0.000586841465,-0.000171432615
0.9061224489795918,1.1428571428571428,0.000586313141,-0.000170941549
0.9061224489795918,1.1346938775510205,0.000586944774,-0.000171399313
0.9061224489795918,1.126530612244898,0.000585729806,-0.000170849996
0.9061224489795918,1.1183673469387754,0.000585625925,-0.000171281974
0.9061224489795918,1.110204081632653,0.000585970825,-0.000171013321
0.9061224489795918,1.1020408163265305,0.000586321478,-0.000170581149
0.9061224489795918,1.0938775510204082,0.00058462869,-0.000171451304
0.9061224489795918,1.0857142857142856,0.00058573757,-0.000171990314
0.9061224489795918,1.0775510204081633,0.000585604458,-0.000170843766
0.9061224489795918,1.0693877551020408,0.000586129237,-0.000172076054
0.9061224489795918,1.0612244897959184,0.000586962981,-0.000171544142
0.9061224489795918,1.0530612244897959,0.000586273753,-0.000171119709
0.9061224489795918,1.0448979591836736,0.000586926086,-0.000171774324
0.9061224489795918,1.036734693877551,0.000587063317,-0.000171474522
0.9061224489795918,1.0285714285714285,0.000585520797,-0.000170853432
0.9061224489795918,1.0204081632653061,0.000585784336,-0.000172234434
0.9061224489795918,1.0122448979591836,0.000586983488,-0.000172767213
0.9061224489795918,1.0040816326530613,0.000587527915,-0.000172402286
0.9061224489795918,0.9959183673469387,0.000587332894,-0.000172374991
0.9061224489795918,0.9877551020408163,0.000587342478,-0.000171273368
0.9061224489795918,0.9795918367346939,0.000586933177,-0.000172319339
0.9061224489795918,0.9714285714285714,0.000586182807,-0.00017139758
0.9061224489795918,0.963265306122449,0.000586695417,-0.000171560905
0.9061224489795918,0.9551020408163265,0.000587262363,-0.000170451543
0.9061224489795918,0.9469387755102041,0.000586958189,-0.000170192587
0.9061224489795918,0.9387755102040816,0.00058594428,-0.000170475403
0.9061224489795918,0.9306122448979592,0.000586854115,-0.000170558799
0.9061224489795918,0.9224489795918367,0.000587872049,-0.000171642149
0.9061224489795918,0.9142857142857143,0.000587015305,-0.000171315918
0.9061224489795918,0.9061224489795918,0.000588038512,-0.000171083166
0.9061224489795918,0.8979591836734694,0.000587463708,-0.000172383372
0.9061224489795918,0.889795918367347,0.000587746221,-0.000172076697
0.9061224489795918,0.8816326530612244,0.000587920828,-0.00017124543
0.9061224489795918,0.8734693877551021,0.000586485928,-0.000170932525
0.9061224489795918,0.8653061224489795,0.00058706581,-0.000172137518
0.9061224489795918,0.8571428571428572,0.000586593355,-0.000172329005
0.9061224489795918,0.8489795918367347,0.000585671157,-0.000172405722
0.9061224489795918,0.8408163265306122,0.000585314374,-0.000171667936
0.9061224489795918,0.8326530612244898,0.00058664012,-0.000172264106
0.9061224489795918,0.8244897959183674,0.000587824037,-0.000171228025
0.9061224489795918,0.8163265306122449,0.000588001423,-0.000170838178
0.9061224489795918,0.8081632653061225,0.000588539811,-0.00017205714
0.9061224489795918,0.8,0.000589588603,-0.000172598494
0.8979591836734694,1.2,0.00058989153,-0.000171610551
0.8979591836734694,1.1918367346938774,0.000590271793,-0.00017204468
0.8979591836734694,1.183673469387755,0.000590223302,-0.000171969248
0.8979591836734694,1.1755102040816325,0.000590111369,-0.000171467874
0.8979591836734694,1.1673469387755102,0.000591821598,-0.000169600302
0.8979591836734694,1.1591836734693877,0.00059072834,-0.000171665366
0.8979591836734694,1.1510204081632653,0.000592618734,-0.000170387511
0.8979591836734694,1.1428571428571428,0.000590649758,-0.000170912102
0.8979591836734694,1.1346938775510205,0.000589573174,-0.000170595536
0.8979591836734694,1.126530612244898,0.000589676769,-0.0001700011
0.8979591836734694,1.1183673469387754,0.000589795793,-0.000170430927
0.8979591836734694,1.110204081632653,0.000589008047,-0.000170001742
0.8979591836734694,1.1020408163265305,0.000589438815,-0.000169837133
0.8979591836734694,1.0938775510204082,0.0005887723,-0.000170506777
0.8979591836734694,1.0857142857142856,0.000588950645,-0.000170344319
0.8979591836734694,1.0775510204081633,0.000588333388,-0.000170726202
0.8979591836734694,1.0693877551020408,0.000589180548,-0.000170640237
0.8979591836734694,1.0612244897959184,0.000588591369,-0.000169865489
0.8979591836734694,1.0530612244897959,0.000590220042,-0.000170488087
0.8979591836734694,1.0448979591836736,0.000590752586,-0.000170716536
0.8979591836734694,1.036734693877551,0.000589623485,-0.000170855584
0.8979591836734694,1.0285714285714285,0.000590103798,-0.000170611239
0.8979591836734694,1.0204081632653061,0.000589696223,-0.000170994407
0.8979591836734694,1.0122448979591836,0.000589702068,-0.000171337626
0.8979591836734694,1.0040816326530613,0.000589954204,-0.000170986668
0.8979591836734694,0.9959183673469387,0.000590688186,-0.0001700572
0.8979591836734694,0.9877551020408163,0.000589382466,-0.00017030026
0.8979591836734694,0.9795918367346939,0.000589943088,-0.000170932301
0.8979591836734694,0.9714285714285714,0.000589464788,-0.000170200102
0.8979591836734694,0.963265306122449,0.000588252793,-0.000171209335
0.8979591836734694,0.9551020408163265,0.000590371843,-0.000172000622
0.8979591836734694,0.9469387755102041,0.000590353921,-0.000171343213
0.8979591836734694,0.9387755102040816,0.000590591682,-0.000171098001
0.8979591836734694,0.9306122448979592,0.000591159395,-0.000172163947
0.8979591836734694,0.9224489795918367,0.000590584877,-0.000171658688
0.8979591836734694,0.9142857142857143,0.000590138394,-0.000171308403
0.8979591836734694,0.9061224489795918,0.000590412764,-0.000171613569
0.8979591836734694,0.8979591836734694,0.00059082561,-0.000171206959
0.8979591836734694,0.889795918367347,0.000589680795,-0.000170456489
0.8979591836734694,0.8816326530612244,0.000589920374,-0.000171571662
0.8979591836734694,0.8734693877551021,0.000591316273,-0.000171938292
0.8979591836734694,0.8653061224489795,0.00059090266,-0.000172508675
0.8979591836734694,0.8571428571428572,0.000591179329,-0.000171594237
0.8979591836734694,0.8489795918367347,0.000591215744,-0.000170637025
0.8979591836734694,0.8408163265306122,0.00059118316,-0.000171700401
0.8979591836734694,0.8326530612244898,0.000591161694,-0.000171459686
0.8979591836734694,0.8244897959183674,0.000590558526,-0.00017137995
0.8979591836734694,0.8163265306122449,0.000591014112,-0.000171730266
0.8979591836734694,0.8081632653061225,0.000590749613,-0.000171613569
0.8979591836734694,0.8,0.00059052345,-0.000172107653
0.889795918367347,1.2,0.000590434517,-0.000174534819
0.889795918367347,1.1918367346938774,0.000590766002,-0.000174039033
0.889795918367347,1.183673469387755,0.000590775586,-0.000173400763
0.889795918367347,1.1755102040816325,0.000590757664,-0.000174368925
0.889795918367347,1.1673469387755102,0.00059081526,-0.000174601228
0.889795918367347,1.1591836734693877,0.000591261457,-0.000173901494
0.889795918367347,1.1510204081632653,0.00059159802,-0.000174449721
0.889795918367347,1.1428571428571428,0.000590668732,-0.000173341644
0.889795918367347,1.1346938775510205,0.000590513579,-0.000174143045
0.889795918367347,1.126530612244898,0.000592198796,-0.000174090188
0.889795918367347,1.1183673469387754,0.000591471426,-0.000173462226
0.889795918367347,1.110204081632653,0.000590475918,-0.000173673463
0.889795918367347,1.1020408163265305,0.000590441035,-0.000173559142
0.889795918367347,1.0938775510204082,0.000589453191,-0.000173300186
0.889795918367347,1.0857142857142856,0.000590187173,-0.000173336281
0.889795918367347,1.0775510204081633,0.000590763989,-0.000172715191
0.889795918367347,1.0693877551020408,0.000589664406,-0.00017285016
0.889795918367347,1.0612244897959184,0.00058995775,-0.000174232029
0.889795918367347,1.0530612244897959,0.000591166966,-0.000173359273
0.889795918367347,1.0448979591836736,0.000590852155,-0.000171938292
0.889795918367347,1.036734693877551,0.000590602032,-0.00017258581
0.889795918367347,1.0285714285714285,0.00059018564,-0.000172268826
0.889795918367347,1.0204081632653061,0.000590997724,-0.000172872511
0.889795918367347,1.0122448979591836,0.000589709925,-0.000174013246
0.889795918367347,1.0040816326530613,0.000590168965,-0.000172314169
0.889795918367347,0.9959183673469387,0.000589921621,-0.000172509735
0.889795918367347,0.9877551020408163,0.000590415829,-0.000173618454
0.889795918367347,0.9795918367346939,0.000589808922,-0.000173330918
0.889795918367347,0.9714285714285714,0.000591165719,-0.000173547325
0.889795918367347,0.963265306122449,0.000591272573,-0.000173568166
0.889795918367347,0.9551020408163265,0.000591280624,-0.000173350474
0.889795918367347,0.9469387755102041,0.000591741769,-0.000173221735
0.889795918367347,0.9387755102040816,0.000591843065,-0.000173390872
0.889795918367347,0.9306122448979592,0.000592528555,-0.000173273084
0.889795918367347,0.9224489795918367,0.000590548175,-0.000172883686
0.889795918367347,0.9142857142857143,0.000591374635,-0.000173019939
0.889795918367347,0.9061224489795918,0.000590942141,-0.000173278253
0.889795918367347,0.8979591836734694,0.000590733898,-0.000174164336
0.889795918367347,0.889795918367347,0.00059054367,-0.000173408502
0.889795918367347,0.8816326530612244,0.00059044688,-0.000171846963
0.889795918367347,0.8734693877551021,0.000590116161,-0.000174143912
0.889795918367347,0.8653061224489795,0.000590342518,-0.000173236989
0.889795918367347,0.8571428571428572,0.000590154016,-0.000175671701
0.889795918367347,0.8489795918367347,0.000591524229,-0.000174085467
0.889795918367347,0.8408163265306122,0.000589944334,-0.000173842182
0.889795918367347,0.8326530612244898,0.000590127564,-0.000174140894
0.889795918367347,0.8244897959183674,0.000590158901,-0.000172887346
0.889795918367347,0.8163265306122449,0.000589811508,-0.000173274593
0.889795918367347,0.8081632653061225,0.000590307442,-0.000173953934
0.889795918367347,0.8,0.000590221002,-0.000174014949
0.8816326530612244,1.2,0.000589874089,-0.000173593534
0.8816326530612244,1.1918367346938774,0.000590105811,-0.000173455129
0.8816326530612244,1.183673469387755,0.000589840259,-0.000173182622
0.8816326530612244,1.1755102040816325,0.000590884259,-0.000173043575
0.8816326530612244,1.1673469387755102,0.000590434997,-0.000173572244
0.8816326530612244,1.1591836734693877,0.000591007501,-0.000174634978
0.8816326530612244,1.1510204081632653,0.00058981448,-0.000174189898
0.8816326530612244,1.1428571428571428,0.000589986021,-0.000172518341
0.8816326530612244,1.1346938775510205,0.000590488087,-0.000173140715
0.8816326530612244,1.126530612244898,0.000590443334,-0.000172730445
0.8816326530612244,1.1183673469387754,0.000591038072,-0.000172645989
0.8816326530612244,1.110204081632653,0.000590948179,-0.000173290938
0.8816326530612244,1.1020408163265305,0.000590943101,-0.000172366609
0.8816326530612244,1.0938775510204082,0.000589651277,-0.000173351534
0.8816326530612244,1.0857142857142856,0.000589805376,-0.000172331799
0.8816326530612244,1.0775510204081633,0.000589667952,-0.000173069361
0.8816326530612244,1.0693877551020408,0.000590672277,-0.000173010049
0.8816326530612244,1.0612244897959184,0.000589367517,-0.000172008137
0.8816326530612244,1.0530612244897959,0.00059063107,-0.000172481155
0.8816326530612244,1.0448979591836736,0.0005903797,-0.000172592907
0.8816326530612244,1.036734693877551,0.000590181614,-0.000173033042
0.8816326530612244,1.0285714285714285,0.000591294326,-0.000172338253
0.8816326530612244,1.0204081632653061,0.000591267781,-0.000173037763
0.8816326530612244,1.0122448979591836,0.000591298832,-0.000171924323
0.8816326530612244,1.0040816326530613,0.000590119707,-0.000172556587
0.8816326530612244,0.9959183673469387,0.00059233804,-0.000172171461
0.8816326530612244,0.9877551020408163,0.000591271807,-0.000172507808
0.8816326530612244,0.9795918367346939,0.000590897868,-0.000173709365
0.8816326530612244,0.9714285714285714,0.000590472179,-0.000172659958
0.8816326530612244,0.963265306122449,0.000591680148,-0.000171485697
0.8816326530612244,0.9551020408163265,0.000591645265,-0.000172400777
0.8816326530612244,0.9469387755102041,0.0005915778,-0.000173101602
0.8816326530612244,0.9387755102040816,0.00059005454,-0.000173196591
0.8816326530612244,0.9306122448979592,0.000592073254,-0.00017200987
0.8816326530612244,0.9224489795918367,0.000590882246,-0.00017308956
0.8816326530612244,0.9142857142857143,0.000589881946,-0.000172982111
0.8816326530612244,0.9061224489795918,0.000591023216,-0.000172241306
0.8816326530612244,0.8979591836734694,0.000590551721,-0.000172642135
0.8816326530612244,0.889795918367347,0.000590959582,-0.000172112374
0.8816326530612244,0.8816326530612244,0.000589830389,-0.000172670491
0.8816326530612244,0.8734693877551021,0.000589613615,-0.000171810644
0.8816326530612244,0.8653061224489795,0.000591014112,-0.000172665545
0.8816326530612244,0.8571428571428572,0.000591369077,-0.000171924323
0.8816326530612244,0.8489795918367347,0.000591180381,-0.000172426146
0.8816326530612244,0.8408163265306122,0.000590593695,-0.000172950737
0.8816326530612244,0.8326530612244898,0.000590835481,-0.000171073724
0.8816326530612244,0.8244897959183674,0.000590896142,-0.000171997828
0.8816326530612244,0.8163265306122449,0.000589796079,-0.000171349443
0.8816326530612244,0.8081632653061225,0.000590278598,-0.000170884164
0.8816326530612244,0.8,0.000590149224,-0.00017221918
0.8734693877551021,1.2,0.000587930411,-0.000172098405
0.8734693877551021,1.1918367346938774,0.000588013786,-0.000171996095
0.8734693877551021,1.183673469387755,0.000587388957,-0.000172403795
0.8734693877551021,1.1755102040816325,0.000587639367,-0.000172363815
0.8734693877551021,1.1673469387755102,0.000587803337,-0.000172263881
0.8734693877551021,1.1591836734693877,0.000588239377,-0.000172846082
0.8734693877551021,1.1510204081632653,0.000588061031,-0.000172965991
0.8734693877551021,1.1428571428571428,0.00058843401,-0.000172238512
0.8734693877551021,1.1346938775510205,0.00058727348,-0.000173227323
0.8734693877551021,1.126530612244898,0.000588546902,-0.000172226501
0.8734693877551021,1.1183673469387754,0.000588142873,-0.000174039899
0.8734693877551021,1.110204081632653,0.000589138667,-0.000172579162
0.8734693877551021,1.1020408163265305,0.000587769987,-0.000171966454
0.8734693877551021,1.0938775510204082,0.000587811388,-0.00017264814
0.8734693877551021,1.0857142857142856,0.000588952658,-0.000172244324
0.8734693877551021,1.0775510204081633,0.000588902153,-0.000172353283
0.8734693877551021,1.0693877551020408,0.000589562344,-0.000172826525
0.8734693877551021,1.0612244897959184,0.000589326117,-0.000172777297
0.8734693877551021,1.0530612244897959,0.000590619473,-0.000171728981
0.8734693877551021,1.0448979591836736,0.000588959269,-0.00017155962
0.8734693877551021,1.036734693877551,0.000589697756,-0.000172412595
0.8734693877551021,1.0285714285714285,0.00058931596,-0.00017223058
0.8734693877551021,1.0204081632653061,0.000590799352,-0.000170721481
0.8734693877551021,1.0122448979591836,0.000590955464,-0.000171620666
0.8734693877551021,1.0040816326530613,0.000590424647,-0.000170715669
0.8734693877551021,0.9959183673469387,0.00059048962,-0.000170622832
0.8734693877551021,0.9877551020408163,0.000590766002,-0.000170905872
0.8734693877551021,0.9795918367346939,0.000590352389,-0.000171392859
0.8734693877551021,0.9714285714285714,0.000590166952,-0.00017220672
0.8734693877551021,0.963265306122449,0.000590789481,-0.000172197921
0.8734693877551021,0.9551020408163265,0.000590484255,-0.000171653967
0.8734693877551021,0.9469387755102041,0.000590142706,-0.000172774728
0.8734693877551021,0.9387755102040816,0.000589384192,-0.000173272666
0.8734693877551021,0.9306122448979592,0.000589605564,-0.000170673987
0.8734693877551021,0.9224489795918367,0.000587577459,-0.000172185012
0.8734693877551021,0.9142857142857143,0.000588319012,-0.000172941071
0.8734693877551021,0.9061224489795918,0.000587964048,-0.000172026184
0.8734693877551021,0.8979591836734694,0.000586855361,-0.000173001025
0.8734693877551021,0.889795918367347,0.000587918815,-0.000172633529
0.8734693877551021,0.8816326530612244,0.00058733692,-0.00017207477
0.8734693877551021,0.8734693877551021,0.000586176482,-0.000172357585
0.8734693877551021,0.8653061224489795,0.000586271453,-0.000171319354
0.8734693877551021,0.8571428571428572,0.000587562031,-0.000171837073
0.8734693877551021,0.8489795918367347,0.00058617169,-0.000172704658
0.8734693877551021,0.8408163265306122,0.000587946126,-0.000171960866
0.8734693877551021,0.8326530612244898,0.000587783596,-0.000172736033
0.8734693877551021,0.8244897959183674,0.000587588576,-0.000172648365
0.8734693877551021,0.8163265306122449,0.00058772878,-0.000172272038
0.8734693877551021,0.8081632653061225,0.000588027682,-0.000171515786
0.8734693877551021,0.8,0.00058834757,-0.000171207377
0.8653061224489795,1.2,0.000587539318,-0.000169502295
0.8653061224489795,1.1918367346938774,0.000587657768,-0.000170833876
0.8653061224489795,1.183673469387755,0.000588203821,-0.000171495363
0.8653061224489795,1.1755102040816325,0.00058862903,-0.000170745983
0.8653061224489795,1.1673469387755102,0.000588459982,-0.000171891439
0.8653061224489795,1.1591836734693877,0.000589847064,-0.000172036299
0.8653061224489795,1.1510204081632653,0.000589601732,-0.000171580686
0.8653061224489795,1.1428571428571428,0.000587940282,-0.000170529352
0.8653061224489795,1.1346938775510205,0.00058835792,-0.000170845917
0.8653061224489795,1.126530612244898,0.000587556759,-0.000170420169
0.8653061224489795,1.1183673469387754,0.000588000176,-0.000171590352
0.8653061224489795,1.110204081632653,0.000588740676,-0.000171173852
0.8653061224489795,1.1020408163265305,0.00058643341,-0.000171365563
0.8653061224489795,1.0938775510204082,0.000587503669,-0.00017069698
0.8653061224489795,1.0857142857142856,0.000587523409,-0.000171065118
0.8653061224489795,1.0775510204081633,0.000587078459,-0.000171131751
0.8653061224489795,1.0693877551020408,0.000587325323,-0.000171967096
0.8653061224489795,1.0612244897959184,0.000588786675,-0.00017230171
0.8653061224489795,1.0530612244897959,0.000587687859,-0.000171672657
0.8653061224489795,1.0448979591836736,0.00058734727,-0.000172325569
0.8653061224489795,1.036734693877551,0.000587578992,-0.000171619799
0.8653061224489795,1.0285714285714285,0.000587548615,-0.000171279598
0.8653061224489795,1.0204081632653061,0.000587197963,-0.000170368596
0.8653061224489795,1.0122448979591836,0.000588259884,-0.00017041866
0.8653061224489795,1.0040816326530613,0.000588646185,-0.000171197711
0.8653061224489795,0.9959183673469387,0.000588786195,-0.000171325166
0.8653061224489795,0.9877551020408163,0.000587940762,-0.000171022345
0.8653061224489795,0.9795918367346939,0.000588112589,-0.000171184609
0.8653061224489795,0.9714285714285714,0.000588519397,-0.000170697846
0.8653061224489795,0.963265306122449,0.000587573148,-0.00017116441
0.8653061224489795,0.9551020408163265,0.00058801024,-0.000171158823
0.8653061224489795,0.9469387755102041,0.000588812934,-0.000171510199
0.8653061224489795,0.9387755102040816,0.000588480203,-0.000170690107
0.8653061224489795,0.9306122448979592,0.000589502449,-0.000170932943
0.8653061224489795,0.9224489795918367,0.000588364725,-0.000171582837
0.8653061224489795,0.9142857142857143,0.000589430191,-0.00017140898
0.8653061224489795,0.9061224489795918,0.000590053007,-0.000171257472
0.8653061224489795,0.8979591836734694,0.000588524863,-0.000170888467
0.8653061224489795,0.889795918367347,0.000588172197,-0.000170864832
0.8653061224489795,0.8816326530612244,0.000588002189,-0.000170552987
0.8653061224489795,0.8734693877551021,0.000588100226,-0.00017157725
0.8653061224489795,0.8653061224489795,0.000587511813,-0.000171448093
0.8653061224489795,0.8571428571428572,0.00058728287,-0.000170855359
0.8653061224489795,0.8489795918367347,0.000588027202,-0.000171867162
0.8653061224489795,0.8408163265306122,0.000587708846,-0.000170513874
0.8653061224489795,0.8326530612244898,0.000586744675,-0.000172027275
0.8653061224489795,0.8244897959183674,0.000587638121,-0.00017067935
0.8653061224489795,0.8163265306122449,0.000587026422,-0.00017080035
0.8653061224489795,0.8081632653061225,0.000588950165,-0.000172410668
0.8653061224489795,0.8,0.000589126784,-0.00017213816
0.8571428571428572,1.2,0.000586514772,-0.000170299394
0.8571428571428572,1.1918367346938774,0.000586701261,-0.000171535343
0.8571428571428572,1.183673469387755,0.000587781104,-0.000170237288
0.8571428571428572,1.1755102040816325,0.000585349256,-0.000171431748
0.8571428571428572,1.1673469387755102,0.000586775532,-0.000171182458
0.8571428571428572,1.1591836734693877,0.000586578406,-0.000170663454
0.8571428571428572,1.1510204081632653,0.000587266961,-0.000170529352
0.8571428571428572,1.1428571428571428,0.000587255558,-0.000169870434
0.8571428571428572,1.1346938775510205,0.00058671717,-0.000170142941
0.8571428571428572,1.126530612244898,0.000586049601,-0.000170807447
0.8571428571428572,1.1183673469387754,0.000586062537,-0.000170520104
0.8571428571428572,1.110204081632653,0.00058583666,-0.000170264359
0.8571428571428572,1.1020408163265305,0.000587346024,-0.000168823403
0.8571428571428572,1.0938775510204082,0.000587128484,-0.000169154355
0.8571428571428572,1.0857142857142856,0.000586376295,-0.000169023914
0.8571428571428572,1.0775510204081633,0.000586722442,-0.000169073335
0.8571428571428572,1.0693877551020408,0.000586448072,-0.000170873631
0.8571428571428572,1.0612244897959184,0.000586311894,-0.000170173897
0.8571428571428572,1.0530612244897959,0.000585886685,-0.000169534312
0.8571428571428572,1.0448979591836736,0.000587034473,-0.000170063206
0.8571428571428572,1.036734693877551,0.000585172637,-0.00016946254
0.8571428571428572,1.0285714285714285,0.000585338426,-0.000169876021
0.8571428571428572,1.0204081632653061,0.000585578199,-0.000169700655
0.8571428571428572,1.0122448979591836,0.00058619565,-0.000169413118
0.8571428571428572,1.0040816326530613,0.000585616341,-0.000169272562
0.8571428571428572,0.9959183673469387,0.000585607717,-0.000169781675
0.8571428571428572,0.9877551020408163,0.000585121366,-0.000168664799
0.8571428571428572,0.9795918367346939,0.000584393995,-0.000170280704
0.8571428571428572,0.9714285714285714,0.000585141873,-0.000168883133
0.8571428571428572,0.963265306122449,0.000585707766,-0.000169720854
0.8571428571428572,0.9551020408163265,0.000584897788,-0.000169299633
0.8571428571428572,0.9469387755102041,0.000585487734,-0.00016925429
0.8571428571428572,0.9387755102040816,0.000585562004,-0.000169653609
0.8571428571428572,0.9306122448979592,0.000586765182,-0.000169512186
0.8571428571428572,0.9224489795918367,0.000584287335,-0.000168840166
0.8571428571428572,0.9142857142857143,0.000586441748,-0.000169698728
0.8571428571428572,0.9061224489795918,0.000585331335,-0.000169651651
0.8571428571428572,0.8979591836734694,0.000585983668,-0.000169598151
0.8571428571428572,0.889795918367347,0.000587005435,-0.000170350324
0.8571428571428572,0.8816326530612244,0.000586958956,-0.000169869792
0.8571428571428572,0.8734693877551021,0.000586440788,-0.000169705182
0.8571428571428572,0.8653061224489795,0.000587166339,-0.000169818861
0.8571428571428572,0.8571428571428572,0.000587095614,-0.000170061054
0.8571428571428572,0.8489795918367347,0.000587687859,-0.000169674226
0.8571428571428572,0.8408163265306122,0.000586654496,-0.00017065077
0.8571428571428572,0.8326530612244898,0.00058678109,-0.00017032412
0.8571428571428572,0.8244897959183674,0.000586384918,-0.000170712233
0.8571428571428572,0.8163265306122449,0.000586160287,-0.000169102558
0.8571428571428572,0.8081632653061225,0.000586475864,-0.00016970454
0.8571428571428572,0.8,0.000587655562,-0.000169366684
0.8489795918367347,1.2,0.000587236104,-0.000171684699
0.8489795918367347,1.1918367346938774,0.000587861413,-0.000171094565
0.8489795918367347,1.183673469387755,0.000587489007,-0.000170283916
0.8489795918367347,1.1755102040816325,0.000587432944,-0.000170894054
0.8489795918367347,1.1673469387755102,0.000587765195,-0.000171032235
0.8489795918367347,1.1591836734693877,0.000587840712,-0.000171331814
0.8489795918367347,1.1510204081632653,0.000586361152,-0.000171109819
0.8489795918367347,1.1428571428571428,0.000586312661,-0.000170623056
0.8489795918367347,1.1346938775510205,0.000587027668,-0.000171194918
0.8489795918367347,1.126530612244898,0.000586508447,-0.00017038902
0.8489795918367347,1.1183673469387754,0.000586023343,-0.000171157313
0.8489795918367347,1.110204081632653,0.000587453644,-0.000170641746
0.8489795918367347,1.1020408163265305,0.000586899827,-0.000171299155
0.8489795918367347,1.0938775510204082,0.000587402853,-0.000171511483
0.8489795918367347,1.0857142857142856,0.000589756885,-0.000171319354
0.8489795918367347,1.0775510204081633,0.000588547189,-0.000171114764
0.8489795918367347,1.0693877551020408,0.000587062264,-0.000171132812
0.8489795918367347,1.0612244897959184,0.000587753792,-0.00017122931
0.8489795918367347,1.0530612244897959,0.000587637354,-0.000171582837
0.8489795918367347,1.0448979591836736,0.000588050681,-0.000171477315
0.8489795918367347,1.036734693877551,0.000587769221,-0.000172058425
0.8489795918367347,1.0285714285714285,0.000588617914,-0.000171575098
0.8489795918367347,1.0204081632653061,0.000587874062,-0.000171874034
0.8489795918367347,1.0122448979591836,0.000586777258,-0.000171741859
0.8489795918367347,1.0040816326530613,0.000588293233,-0.000172096253
0.8489795918367347,0.9959183673469387,0.0005877927,-0.000172135591
0.8489795918367347,0.9877551020408163,0.000588204301,-0.000171463989
0.8489795918367347,0.9795918367346939,0.000588476177,-0.000170068151
0.8489795918367347,0.9714285714285714,0.000589041591,-0.000170978286
0.8489795918367347,0.963265306122449,0.000589573461,-0.000172453859
0.8489795918367347,0.9551020408163265,0.000590029241,-0.000171782706
0.8489795918367347,0.9469387755102041,0.000588905412,-0.000171547803
0.8489795918367347,0.9387755102040816,0.000590562838,-0.000171690928
0.8489795918367347,0.9306122448979592,0.000591084358,-0.000171295719
0.8489795918367347,0.9224489795918367,0.000589364738,-0.00017069547
0.8489795918367347,0.9142857142857143,0.000589902167,-0.000171037823
0.8489795918367347,0.9061224489795918,0.000589519124,-0.000173381848
0.8489795918367347,0.8979591836734694,0.000590392063,-0.000171598958
0.8489795918367347,0.889795918367347,0.000590171744,-0.000172782467
0.8489795918367347,0.8816326530612244,0.000589458463,-0.000171758204
0.8489795918367347,0.8734693877551021,0.000589734651,-0.000172145899
0.8489795918367347,0.8653061224489795,0.000590209406,-0.000172286231
0.8489795918367347,0.8571428571428572,0.000589627797,-0.000171340195
0.8489795918367347,0.8489795918367347,0.000589733885,-0.000171072215
0.8489795918367347,0.8408163265306122,0.000590304857,-0.000170591876
0.8489795918367347,0.8326530612244898,0.000590384492,-0.000170976359
0.8489795918367347,0.8244897959183674,0.000589360233,-0.000171406828
0.8489795918367347,0.8163265306122449,0.000590016112,-0.000172192976
0.8489795918367347,0.8081632653061225,0.000589641887,-0.000171899178
0.8489795918367347,0.8,0.000587281337,-0.000171709425
0.8408163265306122,1.2,0.000587088809,-0.000170069436
0.8408163265306122,1.1918367346938774,0.000588052694,-0.000169567837
0.8408163265306122,1.183673469387755,0.000588513839,-0.000169134381
0.8408163265306122,1.1755102040816325,0.000586670404,-0.000170085781
0.8408163265306122,1.1673469387755102,0.000586578692,-0.000169233448
0.8408163265306122,1.1591836734693877,0.000586489473,-0.000169573425
0.8408163265306122,1.1510204081632653,0.000586736817,-0.000169539899
0.8408163265306122,1.1428571428571428,0.000585297699,-0.000169089231
0.8408163265306122,1.1346938775510205,0.000586342178,-0.000169094401
0.8408163265306122,1.126530612244898,0.000586822778,-0.000168425175
0.8408163265306122,1.1183673469387754,0.000585648158,-0.000167901868
0.8408163265306122,1.110204081632653,0.000585316673,-0.000168751406
0.8408163265306122,1.1020408163265305,0.000585884865,-0.000168894532
0.8408163265306122,1.0938775510204082,0.000584893476,-0.00016828677
0.8408163265306122,1.0857142857142856,0.000584990746,-0.000167956877
0.8408163265306122,1.0775510204081633,0.000585041537,-0.000168464288
0.8408163265306122,1.0693877551020408,0.000585235791,-0.000167732507
0.8408163265306122,1.0612244897959184,0.000585105457,-0.000168481468
0.8408163265306122,1.0530612244897959,0.000585181261,-0.000168427102
0.8408163265306122,1.0448979591836736,0.000586083718,-0.000168427326
0.8408163265306122,1.036734693877551,0.000586127224,-0.000168613644
0.8408163265306122,1.0285714285714285,0.00058741349,-0.000168318368
0.8408163265306122,1.0204081632653061,0.00058686897,-0.00016852983
0.8408163265306122,1.0122448979591836,0.000587143626,-0.000168447525
0.8408163265306122,1.0040816326530613,0.000587757338,-0.000168593445
0.8408163265306122,0.9959183673469387,0.000587621926,-0.000168323956
0.8408163265306122,0.9877551020408163,0.000586316973,-0.000167847919
0.8408163265306122,0.9795918367346939,0.000587028914,-0.000168097434
0.8408163265306122,0.9714285714285714,0.000587268208,-0.000169939636
0.8408163265306122,0.963265306122449,0.00058658655,-0.000170283273
0.8408163265306122,0.9551020408163265,0.000586847023,-0.0001701221
0.8408163265306122,0.9469387755102041,0.000587263416,-0.000170043231
0.8408163265306122,0.9387755102040816,0.000586320998,-0.000169546354
0.8408163265306122,0.9306122448979592,0.000588517864,-0.000169396131
0.8408163265306122,0.9224489795918367,0.000587170651,-0.000169526573
0.8408163265306122,0.9142857142857143,0.000588282883,-0.00016920702
0.8408163265306122,0.9061224489795918,0.000588264676,-0.000170234494
0.8408163265306122,0.8979591836734694,0.000588185613,-0.000170117573
0.8408163265306122,0.889795918367347,0.000587204287,-0.000170507001
0.8408163265306122,0.8816326530612244,0.000586596134,-0.000169709485
0.8408163265306122,0.8734693877551021,0.000587292167,-0.000168694021
0.8408163265306122,0.8653061224489795,0.000587711145,-0.000169223558
0.8408163265306122,0.8571428571428572,0.000586876828,-0.000169228279
0.8408163265306122,0.8489795918367347,0.00058609838,-0.000168762582
0.8408163265306122,0.8408163265306122,0.000586602458,-0.000168799543
0.8408163265306122,0.8326530612244898,0.000586889671,-0.000169553226
0.8408163265306122,0.8244897959183674,0.000585293673,-0.000169239036
0.8408163265306122,0.8163265306122449,0.00058626187,-0.000169642852
0.8408163265306122,0.8081632653061225,0.000587197963,-0.000169272786
0.8408163265306122,0.8,0.000587041564,-0.000169016817
0.8326530612244898,1.2,0.000587837167,-0.000167334503
0.8326530612244898,1.1918367346938774,0.000586990006,-0.000167342884
0.8326530612244898,1.183673469387755,0.000586669638,-0.000167756366
0.8326530612244898,1.1755102040816325,0.00058735992,-0.000168539078
0.8326530612244898,1.1673469387755102,0.000586364698,-0.00016895879
0.8326530612244898,1.1591836734693877,0.000587826816,-0.000169293403
0.8326530612244898,1.1510204081632653,0.00058876061,-0.000168838238
0.8326530612244898,1.1428571428571428,0.000588354661,-0.000168967171
0.8326530612244898,1.1346938775510205,0.000588428165,-0.000168385837
0.8326530612244898,1.126530612244898,0.000587932711,-0.000168364996
0.8326530612244898,1.1183673469387754,0.000587864765,-0.000168498231
0.8326530612244898,1.110204081632653,0.000587338739,-0.000168212204
0.8326530612244898,1.1020408163265305,0.000586638587,-0.000169031428
0.8326530612244898,1.0938775510204082,0.000589130523,-0.000169159943
0.8326530612244898,1.0857142857142856,0.000587915749,-0.000167771844
0.8326530612244898,1.0775510204081633,0.00058778187,-0.000168957729
0.8326530612244898,1.0693877551020408,0.000588314987,-0.000168358766
0.8326530612244898,1.0612244897959184,0.000587863712,-0.000168804489
0.8326530612244898,1.0530612244897959,0.00058882635,-0.00016895256
0.8326530612244898,1.0448979591836736,0.000589921334,-0.000168755485
0.8326530612244898,1.036734693877551,0.000589005748,-0.00016967079
0.8326530612244898,1.0285714285714285,0.00058831422,-0.000168510273
0.8326530612244898,1.0204081632653061,0.000588856921,-0.00016885285
0.8326530612244898,1.0122448979591836,0.000589947113,-0.000168339852
0.8326530612244898,1.0040816326530613,0.000589665939,-0.000168840166
0.8326530612244898,0.9959183673469387,0.00058914068,-0.000168625461
0.8326530612244898,0.9877551020408163,0.000589191951,-0.000168578415
0.8326530612244898,0.9795918367346939,0.00058862903,-0.000169104067
0.8326530612244898,0.9714285714285714,0.000588326583,-0.000168658987
0.8326530612244898,0.963265306122449,0.000589862492,-0.000168248523
0.8326530612244898,0.9551020408163265,0.000589155536,-0.000169257308
0.8326530612244898,0.9469387755102041,0.000590124499,-0.000169220122
0.8326530612244898,0.9387755102040816,0.000588943554,-0.000169057439
0.8326530612244898,0.9306122448979592,0.000588694677,-0.000169388392
0.8326530612244898,0.9224489795918367,0.000587750053,-0.00016972172
0.8326530612244898,0.9142857142857143,0.000586910944,-0.000168762357
0.8326530612244898,0.9061224489795918,0.0005889471,-0.000170080835
0.8326530612244898,0.8979591836734694,0.000587497631,-0.000168970832
0.8326530612244898,0.889795918367347,0.00058859894,-0.000169306954
0.8326530612244898,0.8816326530612244,0.00058780535,-0.000170407934
0.8326530612244898,0.8734693877551021,0.000590300831,-0.00016936283
0.8326530612244898,0.8653061224489795,0.000588891517,-0.000169274489
0.8326530612244898,0.8571428571428572,0.000588920841,-0.000168397879
0.8326530612244898,0.8489795918367347,0.000589689419,-0.000168566149
0.8326530612244898,0.8408163265306122,0.00059056485,-0.000167553928
0.8326530612244898,0.8326530612244898,0.000590305623,-0.000168024153
0.8326530612244898,0.8244897959183674,0.000589680601,-0.000168951051
0.8326530612244898,0.8163265306122449,0.000590830402,-0.000168065193
0.8326530612244898,0.8081632653061225,0.000590203847,-0.000167255216
0.8326530612244898,0.8,0.000589768768,-0.000165769753
0.8244897959183674,1.2,0.000586603991,-0.000169502937
0.8244897959183674,1.1918367346938774,0.000586790961,-0.000169625447
0.8244897959183674,1.183673469387755,0.000586150417,-0.000169076129
0.8244897959183674,1.1755102040816325,0.000587685846,-0.000169278149
0.8244897959183674,1.1673469387755102,0.000587749,-0.000169177572
0.8244897959183674,1.1591836734693877,0.000587527915,-0.000169672941
0.8244897959183674,1.1510204081632653,0.000587723988,-0.000169790056
0.8244897959183674,1.1428571428571428,0.000588110576,-0.000169176063
0.8244897959183674,1.1346938775510205,0.000588004968,-0.00016903724
0.8244897959183674,1.126530612244898,0.000588277805,-0.00016976899
0.8244897959183674,1.1183673469387754,0.000587438982,-0.000168659853
0.8244897959183674,1.110204081632653,0.000588404399,-0.000169105801
0.8244897959183674,1.1020408163265305,0.000588742495,-0.000168853268
0.8244897959183674,1.0938775510204082,0.000588157822,-0.000168920319
0.8244897959183674,1.0857142857142856,0.000588201521,-0.000169735689
0.8244897959183674,1.0775510204081633,0.000588188872,-0.000169089456
0.8244897959183674,1.0693877551020408,0.000589006995,-0.000169279434
0.8244897959183674,1.0612244897959184,0.000587232559,-0.00016925901
0.8244897959183674,1.0530612244897959,0.000587112575,-0.000169424936
0.8244897959183674,1.0448979591836736,0.000587920061,-0.000168314065
0.8244897959183674,1.036734693877551,0.000586702988,-0.000167935394
0.8244897959183674,1.0285714285714285,0.000587693417,-0.00016761947
0.8244897959183674,1.0204081632653061,0.000585949072,-0.000167931315
0.8244897959183674,1.0122448979591836,0.00058707568,-0.000168427326
0.8244897959183674,1.0040816326530613,0.000586611562,-0.00016890378
0.8244897959183674,0.9959183673469387,0.000586405619,-0.000168369941
0.8244897959183674,0.9877551020408163,0.000586685546,-0.000168768169
0.8244897959183674,0.9795918367346939,0.000587895815,-0.000169019193
0.8244897959183674,0.9714285714285714,0.000588080772,-0.00016806606
0.8244897959183674,0.963265306122449,0.000585894736,-0.000168478257
0.8244897959183674,0.9551020408163265,0.000587071368,-0.000168655133
0.8244897959183674,0.9469387755102041,0.00058806333,-0.000167706302
0.8244897959183674,0.9387755102040816,0.000586406099,-0.000167557589
0.8244897959183674,0.9306122448979592,0.000587360686,-0.000168784932
0.8244897959183674,0.9224489795918367,0.000585443267,-0.00016810453
0.8244897959183674,0.9142857142857143,0.000586979656,-0.00016668676
0.8244897959183674,0.9061224489795918,0.000586946786,-0.000167507943
0.8244897959183674,0.8979591836734694,0.000586972852,-0.000168286127
0.8244897959183674,0.889795918367347,0.000587005435,-0.000167437456
0.8244897959183674,0.8816326530612244,0.000586194404,-0.000168311914
0.8244897959183674,0.8734693877551021,0.000587568549,-0.000167801291
0.8244897959183674,0.8653061224489795,0.000588013306,-0.000168242936
0.8244897959183674,0.8571428571428572,0.000587769507,-0.000167609162
0.8244897959183674,0.8489795918367347,0.000587638601,-0.000167329782
0.8244897959183674,0.8408163265306122,0.000588897555,-0.000167523196
0.8244897959183674,0.8326530612244898,0.000587376594,-0.000167980094
0.8244897959183674,0.8244897959183674,0.000587373049,-0.000167162797
0.8244897959183674,0.8163265306122449,0.000587052394,-0.000167827945
0.8244897959183674,0.8081632653061225,0.000586294933,-0.000167254768
0.8244897959183674,0.8,0.00058674822,-0.000167293238
0.8163265306122449,1.2,0.000589169431,-0.000168944178
0.8163265306122449,1.1918367346938774,0.000588427399,-0.000169038525
0.8163265306122449,1.183673469387755,0.000588654809,-0.000169391186
0.8163265306122449,1.1755102040816325,0.00058873895,-0.000169208947
0.8163265306122449,1.1673469387755102,0.000587820492,-0.000170115003
0.8163265306122449,1.1591836734693877,0.000587422307,-0.00016932908
0.8163265306122449,1.1510204081632653,0.000587552447,-0.000168781496
0.8163265306122449,1.1428571428571428,0.00058810981,-0.000168916016
0.8163265306122449,1.1346938775510205,0.000588141627,-0.000169449437
0.8163265306122449,1.126530612244898,0.000588731572,-0.000169035507
0.8163265306122449,1.1183673469387754,0.000588480203,-0.000168784932
0.8163265306122449,1.110204081632653,0.000587961748,-0.000168632976
0.8163265306122449,1.1020408163265305,0.00058706533,-0.000169001339
0.8163265306122449,1.0938775510204082,0.000587532993,-0.00016975181
0.8163265306122449,1.0857142857142856,0.000587837933,-0.000169813916
0.8163265306122449,1.0775510204081633,0.000588289688,-0.000169076129
0.8163265306122449,1.0693877551020408,0.000588446853,-0.000168959014
0.8163265306122449,1.0612244897959184,0.000586827569,-0.000169408815
0.8163265306122449,1.0530612244897959,0.000587927632,-0.000169139744
0.8163265306122449,1.0448979591836736,0.000586516305,-0.000169545711
0.8163265306122449,1.036734693877551,0.000587801324,-0.000170309927
0.8163265306122449,1.0285714285714285,0.000587521877,-0.000169346709
0.8163265306122449,1.0204081632653061,0.000587667925,-0.000168824687
0.8163265306122449,1.0122448979591836,0.000588535019,-0.000168874333
0.8163265306122449,1.0040816326530613,0.00058837105,-0.000168725395
0.8163265306122449,0.9959183673469387,0.000588411684,-0.000168574306
0.8163265306122449,0.9877551020408163,0.000587434477,-0.000169306087
0.8163265306122449,0.9795918367346939,0.000588298505,-0.000169632319
0.8163265306122449,0.9714285714285714,0.000587635822,-0.000170359573
0.8163265306122449,0.963265306122449,0.000587252299,-0.000168628479
0.8163265306122449,0.9551020408163265,0.000588442827,-0.000169681098
0.8163265306122449,0.9469387755102041,0.000588493812,-0.000169078281
0.8163265306122449,0.9387755102040816,0.000587652017,-0.000169989925
0.8163265306122449,0.9306122448979592,0.00058841149,-0.000170145093
0.8163265306122449,0.9224489795918367,0.000587059772,-0.000169331874
0.8163265306122449,0.9142857142857143,0.000587560305,-0.000169795226
0.8163265306122449,0.9061224489795918,0.000586297712,-0.000169722138
0.8163265306122449,0.8979591836734694,0.000585555393,-0.000169242054
0.8163265306122449,0.889795918367347,0.000586939022,-0.000169440607
0.8163265306122449,0.8816326530612244,0.000587652496,-0.000168896908
0.8163265306122449,0.8734693877551021,0.000585683807,-0.000169329947
0.8163265306122449,0.8653061224489795,0.000586324257,-0.000169380653
0.8163265306122449,0.8571428571428572,0.00058684827,-0.000169345843
0.8163265306122449,0.8489795918367347,0.00058531466,-0.000168982007
0.8163265306122449,0.8408163265306122,0.000585015278,-0.000169949751
0.8163265306122449,0.8326530612244898,0.000585730766,-0.000168659211
0.8163265306122449,0.8244897959183674,0.000586188559,-0.000168422156
0.8163265306122449,0.8163265306122449,0.000586428618,-0.000168951275
0.8163265306122449,0.8081632653061225,0.000585469526,-0.00016910214
0.8163265306122449,0.8,0.000585956643,-0.000168709917
0.8081632653061225,1.2,0.000587653263,-0.000167685461
0.8081632653061225,1.1918367346938774,0.0005873167,-0.000169004999
0.8081632653061225,1.183673469387755,0.000586726467,-0.000168921186
0.8081632653061225,1.1755102040816325,0.000587515265,-0.000168959014
0.8081632653061225,1.1673469387755102,0.000586361439,-0.000168902914
0.8081632653061225,1.1591836734693877,0.000585693104,-0.000168975552
0.8081632653061225,1.1510204081632653,0.000587313154,-0.000169169191
0.8081632653061225,1.1428571428571428,0.000586751766,-0.000168172866
0.8081632653061225,1.1346938775510205,0.000587411477,-0.000168745594
0.8081632653061225,1.126530612244898,0.000587321491,-0.000167935394
0.8081632653061225,1.1183673469387754,0.000586400541,-0.000168152025
0.8081632653061225,1.110204081632653,0.000586394789,-0.000167627434
0.8081632653061225,1.1020408163265305,0.000586574381,-0.000167137653
0.8081632653061225,1.0938775510204082,0.000586987994,-0.000167950647
0.8081632653061225,1.0857142857142856,0.000588006695,-0.000167427983
0.8081632653061225,1.0775510204081633,0.00058712877,-0.000167740052
0.8081632653061225,1.0693877551020408,0.000587379854,-0.000167157627
0.8081632653061225,1.0612244897959184,0.000587972865,-0.00016767191
0.8081632653061225,1.0530612244897959,0.000588439762,-0.000167306565
0.8081632653061225,1.0448979591836736,0.000588505695,-0.00016671685
0.8081632653061225,1.036734693877551,0.000588386958,-0.000166492704
0.8081632653061225,1.0285714285714285,0.000588471099,-0.000167258204
0.8081632653061225,1.0204081632653061,0.000588918828,-0.000166322924
0.8081632653061225,1.0122448979591836,0.000589505995,-0.000167375992
0.8081632653061225,1.0040816326530613,0.000588643692,-0.000166400733
0.8081632653061225,0.9959183673469387,0.000588212638,-0.00016742885
0.8081632653061225,0.9877551020408163,0.000587154743,-0.000167425414
0.8081632653061225,0.9795918367346939,0.00058745767,-0.000167690182
0.8081632653061225,0.9714285714285714,0.000587565577,-0.000166860842
0.8081632653061225,0.963265306122449,0.000587887958,-0.000167539317
0.8081632653061225,0.9551020408163265,0.000588679341,-0.000167312377
0.8081632653061225,0.9469387755102041,0.000587700508,-0.00016633776
0.8081632653061225,0.9387755102040816,0.000587837453,-0.000166483038
0.8081632653061225,0.9306122448979592,0.000588205547,-0.000167545771
0.8081632653061225,0.9224489795918367,0.000588805363,-0.000166727383
0.8081632653061225,0.9142857142857143,0.000587992605,-0.000167526633
0.8081632653061225,0.9061224489795918,0.000588798078,-0.000167929806
0.8081632653061225,0.8979591836734694,0.000590296806,-0.000167468605
0.8081632653061225,0.889795918367347,0.000589178055,-0.000167592399
0.8081632653061225,0.8816326530612244,0.0005892943,-0.000167469472
0.8081632653061225,0.8734693877551021,0.000589859713,-0.000166930912
0.8081632653061225,0.8653061224489795,0.000589926413,-0.000166158091
0.8081632653061225,0.8571428571428572,0.000590478983,-0.000167157209
0.8081632653061225,0.8489795918367347,0.000588283363,-0.00016724295
0.8081632653061225,0.8408163265306122,0.000588576227,-0.000167501488
0.8081632653061225,0.8326530612244898,0.000589004215,-0.000167035567
0.8081632653061225,0.8244897959183674,0.000588649731,-0.000167313019
0.8081632653061225,0.8163265306122449,0.000588977957,-0.000166941862
0.8081632653061225,0.8081632653061225,0.000588757351,-0.000167616901
0.8081632653061225,0.8,0.000588839479,-0.000167660735
0.8,1.2,0.000588156575,-0.000168124087
0.8,1.1918367346938774,0.000589365985,-0.000168671671
0.8,1.183673469387755,0.0005889471,-0.000168292582
0.8,1.1755102040816325,0.000588661327,-0.000167889408
0.8,1.1673469387755102,0.000589322285,-0.000167496543
0.8,1.1591836734693877,0.000590374622,-0.000167476344
0.8,1.1510204081632653,0.000589428659,-0.000168098076
0.8,1.1428571428571428,0.000588549681,-0.000167743906
0.8,1.1346938775510205,0.00058883622,-0.000168459985
0.8,1.126530612244898,0.000587898788,-0.000168659211
0.8,1.1183673469387754,0.000587479136,-0.000168365638
0.8,1.110204081632653,0.000588512786,-0.00016929899
0.8,1.1020408163265305,0.000589006228,-0.000168748613
0.8,1.0938775510204082,0.000588134822,-0.000168618813
0.8,1.0857142857142856,0.000587535006,-0.000168556483
0.8,1.0775510204081633,0.000588326583,-0.000168680052
0.8,1.0693877551020408,0.000588095147,-0.000168087543
0.8,1.0612244897959184,0.000588641393,-0.000168815664
0.8,1.0530612244897959,0.000589566176,-0.000168657926
0.8,1.0448979591836736,0.000589735418,-0.000168518879
0.8,1.036734693877551,0.000589462775,-0.000169135023
0.8,1.0285714285714285,0.000589076187,-0.00016843012
0.8,1.0204081632653061,0.000589595694,-0.000168219718
0.8,1.0122448979591836,0.000589200768,-0.000167923576
0.8,1.0040816326530613,0.000590036332,-0.000168425817
0.8,0.9959183673469387,0.000589043123,-0.000168364353
0.8,0.9877551020408163,0.00058990188,-0.000167618186
0.8,0.9795918367346939,0.00058844436,-0.000168712936
0.8,0.9714285714285714,0.000589830675,-0.000169855405
0.8,0.963265306122449,0.000589660861,-0.000168359408
0.8,0.9551020408163265,0.000590186886,-0.000170119306
0.8,0.9469387755102041,0.000589509254,-0.000168796749
0.8,0.9387755102040816,0.000589333974,-0.000169473715
0.8,0.9306122448979592,0.000588931191,-0.000168974686
0.8,0.9224489795918367,0.000589271014,-0.000168775266
0.8,0.9142857142857143,0.000589518838,-0.000169067105
0.8,0.9061224489795918,0.000590413816,-0.000169511543
0.8,0.8979591836734694,0.000589220223,-0.00016905593
0.8,0.889795918367347,0.000588658835,-0.000169545069
0.8,0.8816326530612244,0.000589373076,-0.000169165755
0.8,0.8734693877551021,0.000589644952,-0.000168422799
0.8,0.8653061224489795,0.000588162613,-0.000169059366
0.8,0.8571428571428572,0.000589238624,-0.000168167503
0.8,0.8489795918367347,0.00058988118,-0.000167978167
0.8,0.8408163265306122,0.000589654056,-0.000168264644
0.8,0.8326530612244898,0.000588584084,-0.000167899074
0.8,0.8244897959183674,0.000589895362,-0.000168225306
0.8,0.8163265306122449,0.000588868517,-0.000168690585
0.8,0.8081632653061225,0.000590382479,-0.000166952395
0.8,0.8,0.000589266702,-0.000166890289
