spi_rack.module1.dac8.voltage,spi_rack.module1.dac7.voltage,agilent_left.volt,agilent_right.volt
1.2,1.2,0.000589758897,-0.000170717821
1.2,1.1918367346938774,0.000590485788,-0.000171742726
1.2,1.183673469387755,0.000589409011,-0.000170895339
1.2,1.1755102040816325,0.000590255885,-0.000170545248
1.2,1.1673469387755102,0.000589598473,-0.000170587155
1.2,1.1591836734693877,0.000589866518,-0.000171832352
1.2,1.1510204081632653,0.000590276105,-0.00017115452
1.2,1.1428571428571428,0.000590041604,-0.000170944118
1.2,1.1346938775510205,0.000590163693,-0.000171621726
1.2,1.126530612244898,0.000589562344,-0.000171550596
1.2,1.1183673469387754,0.000591081098,-0.000171205675
1.2,1.110204081632653,0.000590095941,-0.000169871525
1.2,1.1020408163265305,0.000588784183,-0.000171051149
1.2,1.0938775510204082,0.000588604784,-0.000171705764
1.2,1.0857142857142856,0.000588966074,-0.000172056916
1.2,1.0775510204081633,0.00058961007,-0.000171635919
1.2,1.0693877551020408,0.000588573161,-0.000170950155
1.2,1.0612244897959184,0.000588613122,-0.00017069075
1.2,1.0530612244897959,0.000590208639,-0.00017108962
1.2,1.0448979591836736,0.000589095161,-0.000171082523
1.2,1.036734693877551,0.000590271793,-0.000171099928
1.2,1.0285714285714285,0.000591001269,-0.000170838821
1.2,1.0204081632653061,0.00059137013,-0.000170787023
1.2,1.0122448979591836,0.000591734965,-0.000170495184
1.2,1.0040816326530613,0.00059108637,-0.000169939636
1.2,0.9959183673469387,0.000591290494,-0.000170606293
1.2,0.9877551020408163,0.000591542151,-0.000171058246
1.2,0.9795918367346939,0.000590928725,-0.0001710086
1.2,0.9714285714285714,0.000591093461,-0.00017063574
1.2,0.963265306122449,0.000592592475,-0.000170534939
1.2,0.9551020408163265,0.00059274025,-0.000170925428
1.2,0.9469387755102041,0.00059140166,-0.000171145496
1.2,0.9387755102040816,0.000591593708,-0.000171585213
1.2,0.9306122448979592,0.000590957763,-0.000171684056
1.2,0.9224489795918367,0.000590845351,-0.000170222677
1.2,0.9142857142857143,0.000590336194,-0.000171134739
1.2,0.9061224489795918,0.000590937543,-0.000172158359
1.2,0.8979591836734694,0.0005915985,-0.000170774563
1.2,0.889795918367347,0.00059172912,-0.000171565208
1.2,0.8816326530612244,0.000591227627,-0.00017139135
1.2,0.8734693877551021,0.000591412011,-0.000170223319
1.2,0.8653061224489795,0.000592076513,-0.000171088335
1.2,0.8571428571428572,0.000590921154,-0.000170382565
1.2,0.8489795918367347,0.000590148551,-0.000170641521
1.2,0.8408163265306122,0.000591702575,-0.0001715347
1.2,0.8326530612244898,0.000591493659,-0.00017100237
1.2,0.8244897959183674,0.00059118594,-0.000170246312
1.2,0.8163265306122449,0.00059041305,-0.000171165277
1.2,0.8081632653061225,0.000591944647,-0.00017074425
1.2,0.8,0.00059192366,-0.000170565671
1.1918367346938774,1.2,0.000594133176,-0.000169628883
1.1918367346938774,1.1918367346938774,0.000594634956,-0.000169934049
1.1918367346938774,1.183673469387755,0.000593962882,-0.000169487684
1.1918367346938774,1.1755102040816325,0.000592931051,-0.000169273846
1.1918367346938774,1.1673469387755102,0.000593973998,-0.00016822293
1.1918367346938774,1.1591836734693877,0.000593684967,-0.000169579461
1.1918367346938774,1.1510204081632653,0.000594511907,-0.000168228742
1.1918367346938774,1.1428571428571428,0.000595012153,-0.000169937709
1.1918367346938774,1.1346938775510205,0.000594006102,-0.000169279434
1.1918367346938774,1.126530612244898,0.000594169305,-0.000169851102
1.1918367346938774,1.1183673469387754,0.00059313067,-0.000169910638
1.1918367346938774,1.110204081632653,0.000593454777,-0.000169736107
1.1918367346938774,1.1020408163265305,0.000594400741,-0.000169471563
1.1918367346938774,1.0938775510204082,0.000594232459,-0.000170109416
1.1918367346938774,1.0857142857142856,0.00059353288,-0.000168545532
1.1918367346938774,1.0775510204081633,0.00059254245,-0.000168671895
1.1918367346938774,1.0693877551020408,0.000592273353,-0.000170043007
1.1918367346938774,1.0612244897959184,0.000593960582,-0.000170530861
1.1918367346938774,1.0530612244897959,0.000593028035,-0.000169635113
1.1918367346938774,1.0448979591836736,0.000594372949,-0.000171107667
1.1918367346938774,1.036734693877551,0.000595160215,-0.000170150038
1.1918367346938774,1.0285714285714285,0.00059416298,-0.000171123788
1.1918367346938774,1.0204081632653061,0.000593829003,-0.000170595761
1.1918367346938774,1.0122448979591836,0.000592627551,-0.000169691631
1.1918367346938774,1.0040816326530613,0.000592149824,-0.000169780614
1.1918367346938774,0.9959183673469387,0.000593045476,-0.00016961212
1.1918367346938774,0.9877551020408163,0.000592653616,-0.000169773936
1.1918367346938774,0.9795918367346939,0.00059286004,-0.000171403392
1.1918367346938774,0.9714285714285714,0.000592744848,-0.000170981304
1.1918367346938774,0.963265306122449,0.000592383273,-0.000169827242
1.1918367346938774,0.9551020408163265,0.000593416636,-0.000170524407
1.1918367346938774,0.9469387755102041,0.000593298665,-0.000171202657
1.1918367346938774,0.9387755102040816,0.00059334917,-0.000169822521
1.1918367346938774,0.9306122448979592,0.000593493686,-0.000170430702
1.1918367346938774,0.9224489795918367,0.00059402201,-0.00017081647
1.1918367346938774,0.9142857142857143,0.000594132123,-0.000170931434
1.1918367346938774,0.9061224489795918,0.000592820365,-0.00017030177
1.1918367346938774,0.8979591836734694,0.000592680641,-0.000170967111
1.1918367346938774,0.889795918367347,0.000592902207,-0.000169050118
1.1918367346938774,0.8816326530612244,0.000591911297,-0.000169987998
1.1918367346938774,0.8734693877551021,0.000590902467,-0.00017055106
1.1918367346938774,0.8653061224489795,0.000591577033,-0.000169392695
1.1918367346938774,0.8571428571428572,0.000591670758,-0.000168905708
1.1918367346938774,0.8489795918367347,0.000592062138,-0.000168703045
1.1918367346938774,0.8408163265306122,0.000592336027,-0.000170292297
1.1918367346938774,0.8326530612244898,0.00059249875,-0.000169857974
1.1918367346938774,0.8244897959183674,0.000591725574,-0.00016980897
1.1918367346938774,0.8163265306122449,0.00059134809,-0.000170179903
1.1918367346938774,0.8081632653061225,0.00059124986,-0.000170782945
1.1918367346938774,0.8,0.000592015659,-0.000169837775
1.183673469387755,1.2,0.000593043943,-0.000169824224
1.183673469387755,1.1918367346938774,0.00059346714,-0.000169366908
1.183673469387755,1.183673469387755,0.000592766795,-0.000169296197
1.183673469387755,1.1755102040816325,0.000593142746,-0.00017053966
1.183673469387755,1.1673469387755102,0.000592239237,-0.000170110925
1.183673469387755,1.1591836734693877,0.000593253432,-0.000170785739
1.183673469387755,1.1510204081632653,0.000593656409,-0.000169664978
1.183673469387755,1.1428571428571428,0.000593206667,-0.000169963271
1.183673469387755,1.1346938775510205,0.000593097034,-0.000169696801
1.183673469387755,1.126530612244898,0.000593497231,-0.000169515622
1.183673469387755,1.1183673469387754,0.00059260963,-0.000170015293
1.183673469387755,1.110204081632653,0.000593709213,-0.000170605427
1.183673469387755,1.1020408163265305,0.000593963362,-0.000169875379
1.183673469387755,1.0938775510204082,0.000594250187,-0.000169489835
1.183673469387755,1.0857142857142856,0.000593983868,-0.000170288443
1.183673469387755,1.0775510204081633,0.000592723575,-0.00016988376
1.183673469387755,1.0693877551020408,0.000594026036,-0.000171188688
1.183673469387755,1.0612244897959184,0.000593806483,-0.000170829348
1.183673469387755,1.0530612244897959,0.000593224108,-0.000170455846
1.183673469387755,1.0448979591836736,0.000593876248,-0.000170210217
1.183673469387755,1.036734693877551,0.000593390857,-0.000169881191
1.183673469387755,1.0285714285714285,0.000594198629,-0.000169640058
1.183673469387755,1.0204081632653061,0.000593060138,-0.000170741905
1.183673469387755,1.0122448979591836,0.000591718003,-0.000169778881
1.183673469387755,1.0040816326530613,0.000592466647,-0.000171139266
1.183673469387755,0.9959183673469387,0.000593483335,-0.000170808089
1.183673469387755,0.9877551020408163,0.000592219589,-0.000170890618
1.183673469387755,0.9795918367346939,0.00059247901,-0.000170239857
1.183673469387755,0.9714285714285714,0.000592979543,-0.000170914253
1.183673469387755,0.963265306122449,0.000592374455,-0.000169556886
1.183673469387755,0.9551020408163265,0.000592313507,-0.000169897729
1.183673469387755,0.9469387755102041,0.000593414623,-0.000169964781
1.183673469387755,0.9387755102040816,0.000593256692,-0.000170689883
1.183673469387755,0.9306122448979592,0.000594057373,-0.000170354627
1.183673469387755,0.9224489795918367,0.000593999777,-0.000171194918
1.183673469387755,0.9142857142857143,0.000594468207,-0.00017035893
1.183673469387755,0.9061224489795918,0.00059442326,-0.000170077399
1.183673469387755,0.8979591836734694,0.000593711225,-0.000170530219
1.183673469387755,0.889795918367347,0.000594158668,-0.00017135031
1.183673469387755,0.8816326530612244,0.000594796146,-0.00017053343
1.183673469387755,0.8734693877551021,0.000595112969,-0.000171022345
1.183673469387755,0.8653061224489795,0.000594720629,-0.000170980662
1.183673469387755,0.8571428571428572,0.000595133476,-0.00017133268
1.183673469387755,0.8489795918367347,0.000595181201,-0.000171732193
1.183673469387755,0.8408163265306122,0.00059439039,-0.000170476912
1.183673469387755,0.8326530612244898,0.000594962129,-0.00017129164
1.183673469387755,0.8244897959183674,0.000595536739,-0.000170877934
1.183673469387755,0.8163265306122449,0.00059445709,-0.000169476509
1.183673469387755,0.8081632653061225,0.000594226901,-0.000168977928
1.183673469387755,0.8,0.000594833041,-0.000170395025
1.1755102040816325,1.2,0.000593026789,-0.000168053375
1.1755102040816325,1.1918367346938774,0.000593294353,-0.000169099122
1.1755102040816325,1.183673469387755,0.000593607631,-0.000168016189
1.1755102040816325,1.1755102040816325,0.000593265795,-0.00016786404
1.1755102040816325,1.1673469387755102,0.000594638215,-0.000168647812
1.1755102040816325,1.1591836734693877,0.00059388104,-0.000168662005
1.1755102040816325,1.1510204081632653,0.000593155396,-0.000168522733
1.1755102040816325,1.1428571428571428,0.000594150617,-0.000170006687
1.1755102040816325,1.1346938775510205,0.000593369197,-0.000170472385
1.1755102040816325,1.126530612244898,0.000594368637,-0.000169881833
1.1755102040816325,1.1183673469387754,0.000593033593,-0.000169882476
1.1755102040816325,1.110204081632653,0.000593215771,-0.000168782138
1.1755102040816325,1.1020408163265305,0.000591501516,-0.000170128105
1.1755102040816325,1.0938775510204082,0.000592699616,-0.000169046264
1.1755102040816325,1.0857142857142856,0.000593622293,-0.000169800813
1.1755102040816325,1.0775510204081633,0.00059269655,-0.000169657463
1.1755102040816325,1.0693877551020408,0.000593752146,-0.000169938352
1.1755102040816325,1.0612244897959184,0.000592602059,-0.000169713339
1.1755102040816325,1.0530612244897959,0.00059372838,-0.000169941563
1.1755102040816325,1.0448979591836736,0.000592417389,-0.000169904826
1.1755102040816325,1.036734693877551,0.000592683134,-0.00017039997
1.1755102040816325,1.0285714285714285,0.00059415263,-0.000168512425
1.1755102040816325,1.0204081632653061,0.000594321678,-0.000168889811
1.1755102040816325,1.0122448979591836,0.000594071268,-0.000168558634
1.1755102040816325,1.0040816326530613,0.000593719563,-0.000168952335
1.1755102040816325,0.9959183673469387,0.000593787029,-0.000169533251
1.1755102040816325,0.9877551020408163,0.000594415403,-0.000170213653
1.1755102040816325,0.9795918367346939,0.000593799678,-0.000168318368
1.1755102040816325,0.9714285714285714,0.000592610683,-0.000168692512
1.1755102040816325,0.963265306122449,0.000592510347,-0.000168050582
1.1755102040816325,0.9551020408163265,0.000593387791,-0.000168750122
1.1755102040816325,0.9469387755102041,0.000593222862,-0.000168537569
1.1755102040816325,0.9387755102040816,0.000592182887,-0.000168023286
1.1755102040816325,0.9306122448979592,0.000593340352,-0.000168792029
1.1755102040816325,0.9224489795918367,0.000592953478,-0.000168272801
1.1755102040816325,0.9142857142857143,0.000592981269,-0.000168076368
1.1755102040816325,0.9061224489795918,0.000593351183,-0.000168089052
1.1755102040816325,0.8979591836734694,0.000593571022,-0.000168742607
1.1755102040816325,0.889795918367347,0.000592767848,-0.000169063445
1.1755102040816325,0.8816326530612244,0.000593117734,-0.00016917176
1.1755102040816325,0.8734693877551021,0.000592423427,-0.000168798034
1.1755102040816325,0.8653061224489795,0.000591559112,-0.000168228742
1.1755102040816325,0.8571428571428572,0.000591898934,-0.00016861708
1.1755102040816325,0.8489795918367347,0.000592307949,-0.000170314229
1.1755102040816325,0.8408163265306122,0.000592009814,-0.000169638967
1.1755102040816325,0.8326530612244898,0.000592879494,-0.000168618589
1.1755102040816325,0.8244897959183674,0.00059323829,-0.000169813691
1.1755102040816325,0.8163265306122449,0.000592273833,-0.000169419124
1.1755102040816325,0.8081632653061225,0.000592025049,-0.000169389483
1.1755102040816325,0.8,0.000593196317,-0.000170196023
1.1673469387755102,1.2,0.000593867144,-0.000170810658
1.1673469387755102,1.1918367346938774,0.000593847404,-0.000171318936
1.1673469387755102,1.183673469387755,0.000592600046,-0.000171486981
1.1673469387755102,1.1755102040816325,0.000593702888,-0.000171753901
1.1673469387755102,1.1673469387755102,0.000592231666,-0.000171393501
1.1673469387755102,1.1591836734693877,0.000593343132,-0.000171769797
1.1673469387755102,1.1510204081632653,0.000592034826,-0.000170727936
1.1673469387755102,1.1428571428571428,0.000592015659,-0.00017117064
1.1673469387755102,1.1346938775510205,0.000593007815,-0.000171366206
1.1673469387755102,1.126530612244898,0.000591847857,-0.000170015711
1.1673469387755102,1.1183673469387754,0.000592410584,-0.000168508122
1.1673469387755102,1.110204081632653,0.000592029268,-0.000170275759
1.1673469387755102,1.1020408163265305,0.000591924427,-0.00017027425
1.1673469387755102,1.0938775510204082,0.0005909891,-0.000169663917
1.1673469387755102,1.0857142857142856,0.000590630304,-0.000170435647
1.1673469387755102,1.0775510204081633,0.000591654083,-0.000170379771
1.1673469387755102,1.0693877551020408,0.000592229653,-0.000170324313
1.1673469387755102,1.0612244897959184,0.000591647278,-0.000171448511
1.1673469387755102,1.0530612244897959,0.00059131474,-0.000170924144
1.1673469387755102,1.0448979591836736,0.000591205107,-0.000170884164
1.1673469387755102,1.036734693877551,0.000591508321,-0.000170033341
1.1673469387755102,1.0285714285714285,0.000590849376,-0.000169828109
1.1673469387755102,1.0204081632653061,0.000591309948,-0.000168664799
1.1673469387755102,1.0122448979591836,0.000591552021,-0.000170048594
1.1673469387755102,1.0040816326530613,0.000591759404,-0.000169663693
1.1673469387755102,0.9959183673469387,0.000592066163,-0.000168010184
1.1673469387755102,0.9877551020408163,0.000592521177,-0.000168029098
1.1673469387755102,0.9795918367346939,0.000591627824,-0.000168137189
1.1673469387755102,0.9714285714285714,0.000591902193,-0.000169442341
1.1673469387755102,0.963265306122449,0.000591928452,-0.000168413775
1.1673469387755102,0.9551020408163265,0.000592277665,-0.000168479766
1.1673469387755102,0.9469387755102041,0.00059187948,-0.000168400673
1.1673469387755102,0.9387755102040816,0.000591346077,-0.000168433556
1.1673469387755102,0.9306122448979592,0.000591353169,-0.000168812003
1.1673469387755102,0.9224489795918367,0.000590724028,-0.000169849593
1.1673469387755102,0.9142857142857143,0.000591265769,-0.000169693782
1.1673469387755102,0.9061224489795918,0.000590889337,-0.000169308881
1.1673469387755102,0.8979591836734694,0.000590920388,-0.000169714624
1.1673469387755102,0.889795918367347,0.000592094241,-0.000169403228
1.1673469387755102,0.8816326530612244,0.000591232419,-0.000170177109
1.1673469387755102,0.8734693877551021,0.00059088196,-0.00016967079
1.1673469387755102,0.8653061224489795,0.000591055033,-0.000170487863
1.1673469387755102,0.8571428571428572,0.000591951258,-0.000170226113
1.1673469387755102,0.8489795918367347,0.000590367817,-0.000170901569
1.1673469387755102,0.8408163265306122,0.000591144252,-0.000169938994
1.1673469387755102,0.8326530612244898,0.000592614422,-0.000170049461
1.1673469387755102,0.8244897959183674,0.000592661954,-0.000168766018
1.1673469387755102,0.8163265306122449,0.000593317833,-0.000168956863
1.1673469387755102,0.8081632653061225,0.000593849416,-0.000169536463
1.1673469387755102,0.8,0.000593482569,-0.000169221631
1.1591836734693877,1.2,0.000590971659,-0.000168029516
1.1591836734693877,1.1918367346938774,0.000590558526,-0.000166813123
1.1591836734693877,1.183673469387755,0.000590722015,-0.000167010423
1.1591836734693877,1.1755102040816325,0.000590801364,-0.000166327003
1.1591836734693877,1.1673469387755102,0.000590905246,-0.000167334085
1.1591836734693877,1.1591836734693877,0.000591433284,-0.00016697603
1.1591836734693877,1.1510204081632653,0.000590756132,-0.000167931315
1.1591836734693877,1.1428571428571428,0.000590816793,-0.000168290848
1.1591836734693877,1.1346938775510205,0.000590143953,-0.000167219957
1.1591836734693877,1.126530612244898,0.000589980749,-0.000167060935
1.1591836734693877,1.1183673469387754,0.000590290961,-0.000167006987
1.1591836734693877,1.110204081632653,0.000590029528,-0.000167996857
1.1591836734693877,1.1020408163265305,0.000589733885,-0.000167744773
1.1591836734693877,1.0938775510204082,0.000590937063,-0.000167262731
1.1591836734693877,1.0857142857142856,0.000590034319,-0.000168756994
1.1591836734693877,1.0775510204081633,0.0005904464,-0.000169009302
1.1591836734693877,1.0693877551020408,0.000588602199,-0.000168045218
1.1591836734693877,1.0612244897959184,0.000589413517,-0.000168682846
1.1591836734693877,1.0530612244897959,0.000589625212,-0.000168645018
1.1591836734693877,1.0448979591836736,0.000589578733,-0.000169020029
1.1591836734693877,1.036734693877551,0.000589759664,-0.000168326525
1.1591836734693877,1.0285714285714285,0.000589536852,-0.000168703045
1.1591836734693877,1.0204081632653061,0.000589518358,-0.000169123624
1.1591836734693877,1.0122448979591836,0.000590335427,-0.000169339388
1.1591836734693877,1.0040816326530613,0.000590138874,-0.000169344558
1.1591836734693877,0.9959183673469387,0.000589587357,-0.000168132468
1.1591836734693877,0.9877551020408163,0.000589889037,-0.000169333383
1.1591836734693877,0.9795918367346939,0.000589531487,-0.000169236885
1.1591836734693877,0.9714285714285714,0.000590341272,-0.000168921186
1.1591836734693877,0.963265306122449,0.000589985541,-0.000168155879
1.1591836734693877,0.9551020408163265,0.00058946632,-0.000168545308
1.1591836734693877,0.9469387755102041,0.000589703314,-0.000168784065
1.1591836734693877,0.9387755102040816,0.000589927659,-0.000169475642
1.1591836734693877,0.9306122448979592,0.000590302844,-0.000169639416
1.1591836734693877,0.9224489795918367,0.000590033267,-0.000169197129
1.1591836734693877,0.9142857142857143,0.000589175276,-0.000169836908
1.1591836734693877,0.9061224489795918,0.00059024908,-0.000169389901
1.1591836734693877,0.8979591836734694,0.000590477737,-0.000170301545
1.1591836734693877,0.889795918367347,0.000590022436,-0.000169900523
1.1591836734693877,0.8816326530612244,0.000590297572,-0.000168849189
1.1591836734693877,0.8734693877551021,0.000590357181,-0.000169600078
1.1591836734693877,0.8653061224489795,0.000589995411,-0.000168859304
1.1591836734693877,0.8571428571428572,0.000588947866,-0.00016900972
1.1591836734693877,0.8489795918367347,0.000591002709,-0.000168675332
1.1591836734693877,0.8408163265306122,0.000590931024,-0.000168198235
1.1591836734693877,0.8326530612244898,0.000590705627,-0.000168666726
1.1591836734693877,0.8244897959183674,0.000591520684,-0.000168701536
1.1591836734693877,0.8163265306122449,0.000591567929,-0.000168641582
1.1591836734693877,0.8081632653061225,0.000592797366,-0.000170003251
1.1591836734693877,0.8,0.000591478517,-0.000169226352
1.1510204081632653,1.2,0.000592839339,-0.00017096862
1.1510204081632653,1.1918367346938774,0.000593049022,-0.000170384074
1.1510204081632653,1.183673469387755,0.000592817106,-0.000170728578
1.1510204081632653,1.1755102040816325,0.000593331729,-0.000171473879
1.1510204081632653,1.1673469387755102,0.000593873662,-0.000171220286
1.1510204081632653,1.1591836734693877,0.000594558672,-0.000170619396
1.1510204081632653,1.1510204081632653,0.000593608877,-0.000169868507
1.1510204081632653,1.1428571428571428,0.000593495985,-0.000170082344
1.1510204081632653,1.1346938775510205,0.000593398235,-0.000170720615
1.1510204081632653,1.126530612244898,0.000592850456,-0.000170347113
1.1510204081632653,1.1183673469387754,0.00059356719,-0.000170356136
1.1510204081632653,1.110204081632653,0.000592978297,-0.00016997724
1.1510204081632653,1.1020408163265305,0.000591962855,-0.000169609326
1.1510204081632653,1.0938775510204082,0.000591122499,-0.000169607175
1.1510204081632653,1.0857142857142856,0.000591811248,-0.000169499501
1.1510204081632653,1.0775510204081633,0.000592235211,-0.000169903317
1.1510204081632653,1.0693877551020408,0.000590482529,-0.000170918332
1.1510204081632653,1.0612244897959184,0.000592150304,-0.000171189972
1.1510204081632653,1.0530612244897959,0.000591901714,-0.000170100392
1.1510204081632653,1.0448979591836736,0.000593013659,-0.000170195381
1.1510204081632653,1.036734693877551,0.000591662707,-0.000171017399
1.1510204081632653,1.0285714285714285,0.000591311768,-0.000170531279
1.1510204081632653,1.0204081632653061,0.000592219783,-0.000170090501
1.1510204081632653,1.0122448979591836,0.00059211063,-0.000169352297
1.1510204081632653,1.0040816326530613,0.000592214511,-0.000169519925
1.1510204081632653,0.9959183673469387,0.000592230899,-0.000169622428
1.1510204081632653,0.9877551020408163,0.000592810015,-0.000169669281
1.1510204081632653,0.9795918367346939,0.000592199082,-0.000169821655
1.1510204081632653,0.9714285714285714,0.000591899414,-0.000169596
1.1510204081632653,0.963265306122449,0.000593852482,-0.00016918833
1.1510204081632653,0.9551020408163265,0.000594386079,-0.000169534312
1.1510204081632653,0.9469387755102041,0.000594111423,-0.000170205914
1.1510204081632653,0.9387755102040816,0.000594360013,-0.000169010587
1.1510204081632653,0.9306122448979592,0.000594389338,-0.000169464049
1.1510204081632653,0.9224489795918367,0.000594398248,-0.00016958826
1.1510204081632653,0.9142857142857143,0.000594253159,-0.000170183563
1.1510204081632653,0.9061224489795918,0.000594077113,-0.000169065178
1.1510204081632653,0.8979591836734694,0.000593829962,-0.00016972795
1.1510204081632653,0.889795918367347,0.0005943603,-0.000168977704
1.1510204081632653,0.8816326530612244,0.000593982816,-0.000170748777
1.1510204081632653,0.8734693877551021,0.000594529061,-0.000169867864
1.1510204081632653,0.8653061224489795,0.000596074841,-0.000170991195
1.1510204081632653,0.8571428571428572,0.00059416346,-0.000169906111
1.1510204081632653,0.8489795918367347,0.000596282797,-0.000170005403
1.1510204081632653,0.8408163265306122,0.000596031427,-0.000171059755
1.1510204081632653,0.8326530612244898,0.00059567589,-0.000171127224
1.1510204081632653,0.8244897959183674,0.00059513041,-0.000170265868
1.1510204081632653,0.8163265306122449,0.000595138268,-0.000171112613
1.1510204081632653,0.8081632653061225,0.000593641747,-0.000169729459
1.1510204081632653,0.8,0.000593501543,-0.000170403855
1.1428571428571428,1.2,0.000591955284,-0.000169804892
1.1428571428571428,1.1918367346938774,0.000592026775,-0.0001709972
1.1428571428571428,1.183673469387755,0.000591342818,-0.000171113255
1.1428571428571428,1.1755102040816325,0.000591253406,-0.000170179903
1.1428571428571428,1.1673469387755102,0.000591388817,-0.000170376335
1.1428571428571428,1.1591836734693877,0.000590421867,-0.000169828527
1.1428571428571428,1.1510204081632653,0.000590854168,-0.000171434124
1.1428571428571428,1.1428571428571428,0.000590918089,-0.000169993585
1.1428571428571428,1.1346938775510205,0.000590952971,-0.00017111197
1.1428571428571428,1.126530612244898,0.000590275053,-0.000171433257
1.1428571428571428,1.1183673469387754,0.000591018904,-0.0001716645
1.1428571428571428,1.110204081632653,0.000590574721,-0.000170358063
1.1428571428571428,1.1020408163265305,0.000591338026,-0.000170170879
1.1428571428571428,1.0938775510204082,0.00059032709,-0.000170133917
1.1428571428571428,1.0857142857142856,0.000591611916,-0.000170133917
1.1428571428571428,1.0775510204081633,0.00059070716,-0.000170218374
1.1428571428571428,1.0693877551020408,0.000590753352,-0.000170208065
1.1428571428571428,1.0612244897959184,0.000590889051,-0.000170681726
1.1428571428571428,1.0530612244897959,0.00059033696,-0.000170281122
1.1428571428571428,1.0448979591836736,0.000589618694,-0.000170119306
1.1428571428571428,1.036734693877551,0.000590740989,-0.000169366266
1.1428571428571428,1.0285714285714285,0.000591939855,-0.000169794359
1.1428571428571428,1.0204081632653061,0.000591454271,-0.000169655536
1.1428571428571428,1.0122448979591836,0.000592487347,-0.00016994866
1.1428571428571428,1.0040816326530613,0.000592775132,-0.000169984337
1.1428571428571428,0.9959183673469387,0.000590943387,-0.000170141014
1.1428571428571428,0.9877551020408163,0.000591346364,-0.00017012576
1.1428571428571428,0.9795918367346939,0.00059131656,-0.000169853895
1.1428571428571428,0.9714285714285714,0.000591858014,-0.000170194739
1.1428571428571428,0.963265306122449,0.000592750887,-0.000170860529
1.1428571428571428,0.9551020408163265,0.000591793807,-0.000170410728
1.1428571428571428,0.9469387755102041,0.000592515139,-0.000169732253
1.1428571428571428,0.9387755102040816,0.000592048722,-0.000170786381
1.1428571428571428,0.9306122448979592,0.000593411844,-0.00017176787
1.1428571428571428,0.9224489795918367,0.000592658888,-0.000170435647
1.1428571428571428,0.9142857142857143,0.000592572735,-0.000170089859
1.1428571428571428,0.9061224489795918,0.000592376948,-0.000171325808
1.1428571428571428,0.8979591836734694,0.000593779458,-0.00017111197
1.1428571428571428,0.889795918367347,0.000592478816,-0.000171248
1.1428571428571428,0.8816326530612244,0.00059163233,-0.000170929089
1.1428571428571428,0.8734693877551021,0.000592310248,-0.000171689001
1.1428571428571428,0.8653061224489795,0.000594151864,-0.000170747492
1.1428571428571428,0.8571428571428572,0.000593215291,-0.000171269065
1.1428571428571428,0.8489795918367347,0.000593421428,-0.000170675914
1.1428571428571428,0.8408163265306122,0.000593752146,-0.000170777357
1.1428571428571428,0.8326530612244898,0.000592984621,-0.000170045158
1.1428571428571428,0.8244897959183674,0.000593398428,-0.000169912341
1.1428571428571428,0.8163265306122449,0.000593226887,-0.000170229549
1.1428571428571428,0.8081632653061225,0.000593682474,-0.000169702164
1.1428571428571428,0.8,0.000593554827,-0.000170397401
1.1346938775510205,1.2,0.000590404713,-0.000170796271
1.1346938775510205,1.1918367346938774,0.000591030787,-0.000169459746
1.1346938775510205,1.183673469387755,0.00058951232,-0.000169455667
1.1346938775510205,1.1755102040816325,0.000589933984,-0.000170623474
1.1346938775510205,1.1673469387755102,0.00058929478,-0.000170340016
1.1346938775510205,1.1591836734693877,0.000589463061,-0.000170360857
1.1346938775510205,1.1510204081632653,0.00059073821,-0.000171048131
1.1346938775510205,1.1428571428571428,0.000590719523,-0.000170709439
1.1346938775510205,1.1346938775510205,0.000590871129,-0.000169978107
1.1346938775510205,1.126530612244898,0.000590321818,-0.000171212547
1.1346938775510205,1.1183673469387754,0.000591151823,-0.00017092135
1.1346938775510205,1.110204081632653,0.000591245068,-0.000169688837
1.1346938775510205,1.1020408163265305,0.000592055047,-0.000172273129
1.1346938775510205,1.0938775510204082,0.000591938802,-0.000170960239
1.1346938775510205,1.0857142857142856,0.000591369077,-0.000169938994
1.1346938775510205,1.0775510204081633,0.000591138694,-0.000171211262
1.1346938775510205,1.0693877551020408,0.000591217757,-0.00017077283
1.1346938775510205,1.0612244897959184,0.0005915755,-0.000171290131
1.1346938775510205,1.0530612244897959,0.0005916859,-0.00017092135
1.1346938775510205,1.0448979591836736,0.00059122964,-0.000171125297
1.1346938775510205,1.036734693877551,0.000591405779,-0.000171284319
1.1346938775510205,1.0285714285714285,0.000590045436,-0.000171053301
1.1346938775510205,1.0204081632653061,0.000591664913,-0.00017181408
1.1346938775510205,1.0122448979591836,0.000589969346,-0.000170252766
1.1346938775510205,1.0040816326530613,0.000589742989,-0.000171892306
1.1346938775510205,0.9959183673469387,0.000590087123,-0.000170536224
1.1346938775510205,0.9877551020408163,0.000590159861,-0.000171030084
1.1346938775510205,0.9795918367346939,0.000590801364,-0.000170567598
1.1346938775510205,0.9714285714285714,0.000589927179,-0.000171340419
1.1346938775510205,0.963265306122449,0.000589492865,-0.000171642149
1.1346938775510205,0.9551020408163265,0.000589300818,-0.000171279598
1.1346938775510205,0.9469387755102041,0.00058915103,-0.000171300664
1.1346938775510205,0.9387755102040816,0.000589986308,-0.000171038465
1.1346938775510205,0.9306122448979592,0.00059021851,-0.000170546757
1.1346938775510205,0.9224489795918367,0.000589689419,-0.00017069698
1.1346938775510205,0.9142857142857143,0.000589681561,-0.00017064197
1.1346938775510205,0.9061224489795918,0.000589493345,-0.000170902436
1.1346938775510205,0.8979591836734694,0.000590991879,-0.000170532563
1.1346938775510205,0.889795918367347,0.000591342052,-0.000170810883
1.1346938775510205,0.8816326530612244,0.000592603305,-0.000170470682
1.1346938775510205,0.8734693877551021,0.000593399481,-0.000171306251
1.1346938775510205,0.8653061224489795,0.000591700082,-0.000171614854
1.1346938775510205,0.8571428571428572,0.000591225808,-0.000170961748
1.1346938775510205,0.8489795918367347,0.000592013646,-0.000170165292
1.1346938775510205,0.8408163265306122,0.00059294744,-0.000170689658
1.1346938775510205,0.8326530612244898,0.000592055333,-0.000169799304
1.1346938775510205,0.8244897959183674,0.000591492892,-0.000170296824
1.1346938775510205,0.8163265306122449,0.000591971192,-0.00017021924
1.1346938775510205,0.8081632653061225,0.000591840572,-0.000170228264
1.1346938775510205,0.8,0.000593707966,-0.000170920708
1.126530612244898,1.2,0.000592027255,-0.000170963257
1.126530612244898,1.1918367346938774,0.000592115708,-0.000169980259
1.126530612244898,1.183673469387755,0.000592065683,-0.000170176467
1.126530612244898,1.1755102040816325,0.000592223808,-0.00017014445
1.126530612244898,1.1673469387755102,0.000591883506,-0.000171622817
1.126530612244898,1.1591836734693877,0.000592404259,-0.000170815186
1.126530612244898,1.1510204081632653,0.00059291409,-0.000171225007
1.126530612244898,1.1428571428571428,0.000591638174,-0.000170802919
1.126530612244898,1.1346938775510205,0.000592021217,-0.000171390708
1.126530612244898,1.126530612244898,0.000592907765,-0.000172090023
1.126530612244898,1.1183673469387754,0.000592945427,-0.000170480573
1.126530612244898,1.110204081632653,0.000592876428,-0.000171972042
1.126530612244898,1.1020408163265305,0.000593251133,-0.000170932943
1.126530612244898,1.0938775510204082,0.000592366598,-0.000171386405
1.126530612244898,1.0857142857142856,0.000591923947,-0.000171688777
1.126530612244898,1.0775510204081633,0.000591824377,-0.000170511304
1.126530612244898,1.0693877551020408,0.000592256678,-0.000170417375
1.126530612244898,1.0612244897959184,0.000591979243,-0.000170352251
1.126530612244898,1.0530612244897959,0.000591797352,-0.000171670312
1.126530612244898,1.0448979591836736,0.000593416636,-0.000173445239
1.126530612244898,1.036734693877551,0.000592014892,-0.000172019312
1.126530612244898,1.0285714285714285,0.000593071541,-0.00017055729
1.126530612244898,1.0204081632653061,0.000592493672,-0.000171340195
1.126530612244898,1.0122448979591836,0.000593129617,-0.00017061445
1.126530612244898,1.0040816326530613,0.000592806756,-0.000171015472
1.126530612244898,0.9959183673469387,0.000592786535,-0.000170647334
1.126530612244898,0.9877551020408163,0.000590977217,-0.000169986489
1.126530612244898,0.9795918367346939,0.00059234839,-0.000170340658
1.126530612244898,0.9714285714285714,0.000592109863,-0.000170736093
1.126530612244898,0.963265306122449,0.000592954817,-0.000170566313
1.126530612244898,0.9551020408163265,0.000592656395,-0.00017026179
1.126530612244898,0.9469387755102041,0.000592685433,-0.000169646512
1.126530612244898,0.9387755102040816,0.000592704407,-0.000170508286
1.126530612244898,0.9306122448979592,0.000592076033,-0.000170969262
1.126530612244898,0.9224489795918367,0.000593227654,-0.000170354627
1.126530612244898,0.9142857142857143,0.000593209732,-0.00017123554
1.126530612244898,0.9061224489795918,0.000591872103,-0.000171109819
1.126530612244898,0.8979591836734694,0.000592660421,-0.000170672702
1.126530612244898,0.889795918367347,0.000592738044,-0.000170173448
1.126530612244898,0.8816326530612244,0.000591642966,-0.000171966872
1.126530612244898,0.8734693877551021,0.000593076047,-0.000171442281
1.126530612244898,0.8653061224489795,0.00059194618,-0.00016982766
1.126530612244898,0.8571428571428572,0.000592265782,-0.000170452828
1.126530612244898,0.8489795918367347,0.000592479776,-0.000171427027
1.126530612244898,0.8408163265306122,0.000591827156,-0.000171573171
1.126530612244898,0.8326530612244898,0.000591853702,-0.000171378666
1.126530612244898,0.8244897959183674,0.000591891077,-0.000170606069
1.126530612244898,0.8163265306122449,0.000591419102,-0.000171560262
1.126530612244898,0.8081632653061225,0.000591613642,-0.000172240888
1.126530612244898,0.8,0.000590949426,-0.000171365339
1.1183673469387754,1.2,0.000591493179,-0.000171291416
1.1183673469387754,1.1918367346938774,0.000591428972,-0.000169758264
1.1183673469387754,1.183673469387755,0.000592603592,-0.000170494959
1.1183673469387754,1.1755102040816325,0.000591671044,-0.000171088978
1.1183673469387754,1.1673469387755102,0.000592503542,-0.000170437156
1.1183673469387754,1.1591836734693877,0.000592653616,-0.000171220062
1.1183673469387754,1.1510204081632653,0.00059382795,-0.000171534058
1.1183673469387754,1.1428571428571428,0.000591695004,-0.000172092817
1.1183673469387754,1.1346938775510205,0.00059197953,-0.00017152224
1.1183673469387754,1.126530612244898,0.000592305936,-0.000171208244
1.1183673469387754,1.1183673469387754,0.000592423907,-0.000172465034
1.1183673469387754,1.110204081632653,0.000592006555,-0.000171933346
1.1183673469387754,1.1020408163265305,0.000591525476,-0.00017144273
1.1183673469387754,1.0938775510204082,0.000592462622,-0.000172372421
1.1183673469387754,1.0857142857142856,0.000592373402,-0.000171271441
1.1183673469387754,1.0775510204081633,0.000592074501,-0.000171982992
1.1183673469387754,1.0693877551020408,0.000591867597,-0.000171481394
1.1183673469387754,1.0612244897959184,0.000593135942,-0.000171110461
1.1183673469387754,1.0530612244897959,0.000591701328,-0.000171406828
1.1183673469387754,1.0448979591836736,0.000591999464,-0.000171147005
1.1183673469387754,1.036734693877551,0.000591605591,-0.000171637204
1.1183673469387754,1.0285714285714285,0.000591649771,-0.000171806341
1.1183673469387754,1.0204081632653061,0.000591881493,-0.000170653563
1.1183673469387754,1.0122448979591836,0.000592922714,-0.000170044292
1.1183673469387754,1.0040816326530613,0.000593206473,-0.000170601766
1.1183673469387754,0.9959183673469387,0.000592976764,-0.000170563744
1.1183673469387754,0.9877551020408163,0.00059297753,-0.000170859886
1.1183673469387754,0.9795918367346939,0.000593294353,-0.000170921126
1.1183673469387754,0.9714285714285714,0.000592740536,-0.000169602454
1.1183673469387754,0.963265306122449,0.000591034619,-0.000170391813
1.1183673469387754,0.9551020408163265,0.000591581825,-0.000171581328
1.1183673469387754,0.9469387755102041,0.000591495191,-0.000171007733
1.1183673469387754,0.9387755102040816,0.000593239537,-0.000170448974
1.1183673469387754,0.9306122448979592,0.000593072788,-0.00017099248
1.1183673469387754,0.9224489795918367,0.000592523763,-0.000170063206
1.1183673469387754,0.9142857142857143,0.00059206693,-0.000170601766
1.1183673469387754,0.9061224489795918,0.000592026295,-0.00016968691
1.1183673469387754,0.8979591836734694,0.000592090696,-0.000170464228
1.1183673469387754,0.889795918367347,0.00059241231,-0.000169859483
1.1183673469387754,0.8816326530612244,0.000592159408,-0.000170961523
1.1183673469387754,0.8734693877551021,0.000592554333,-0.000170612941
1.1183673469387754,0.8653061224489795,0.000591668459,-0.000170235779
1.1183673469387754,0.8571428571428572,0.000592059839,-0.000171128091
1.1183673469387754,0.8489795918367347,0.000592845378,-0.000171337626
1.1183673469387754,0.8408163265306122,0.000591837027,-0.00017047627
1.1183673469387754,0.8326530612244898,0.000592305936,-0.000170979153
1.1183673469387754,0.8244897959183674,0.000591974738,-0.000170530636
1.1183673469387754,0.8163265306122449,0.000594224888,-0.000171428312
1.1183673469387754,0.8081632653061225,0.000593189512,-0.000170904363
1.1183673469387754,0.8,0.000593306716,-0.00017111197
1.110204081632653,1.2,0.000589628277,-0.000169622428
1.110204081632653,1.1918367346938774,0.000590639407,-0.000170085781
1.110204081632653,1.183673469387755,0.0005876639,-0.000170073739
1.110204081632653,1.1755102040816325,0.000589679835,-0.00017034904
1.110204081632653,1.1673469387755102,0.000589178055,-0.000169412251
1.110204081632653,1.1591836734693877,0.000588932724,-0.000169119321
1.110204081632653,1.1510204081632653,0.000587891983,-0.000168719808
1.110204081632653,1.1428571428571428,0.000591089916,-0.000170159062
1.110204081632653,1.1346938775510205,0.000590464321,-0.000170481439
1.110204081632653,1.126530612244898,0.000589356401,-0.000170664096
1.110204081632653,1.1183673469387754,0.000590789768,-0.000170938755
1.110204081632653,1.110204081632653,0.000589976724,-0.000170250615
1.110204081632653,1.1020408163265305,0.000591608084,-0.000170636158
1.110204081632653,1.0938775510204082,0.000590209886,-0.00017069441
1.110204081632653,1.0857142857142856,0.000592473738,-0.000170251032
1.110204081632653,1.0775510204081633,0.000591711199,-0.000169919437
1.110204081632653,1.0693877551020408,0.000591356428,-0.000170323253
1.110204081632653,1.0612244897959184,0.000591451971,-0.000170856001
1.110204081632653,1.0530612244897959,0.000593345911,-0.000170946494
1.110204081632653,1.0448979591836736,0.000591189965,-0.000171483321
1.110204081632653,1.036734693877551,0.000592176849,-0.00017066689
1.110204081632653,1.0285714285714285,0.000590677069,-0.000169916644
1.110204081632653,1.0204081632653061,0.000589819272,-0.000170952724
1.110204081632653,1.0122448979591836,0.000590902946,-0.000170848711
1.110204081632653,1.0040816326530613,0.000592571202,-0.000171102947
1.110204081632653,0.9959183673469387,0.000591453984,-0.00017170448
1.110204081632653,0.9877551020408163,0.000592938622,-0.000170273607
1.110204081632653,0.9795918367346939,0.000591904973,-0.000171094341
1.110204081632653,0.9714285714285714,0.000591551254,-0.000170124894
1.110204081632653,0.963265306122449,0.000590970892,-0.000169689062
1.110204081632653,0.9551020408163265,0.000591723082,-0.000169934049
1.110204081632653,0.9469387755102041,0.000592098747,-0.000170017638
1.110204081632653,0.9387755102040816,0.00059137109,-0.000170656357
1.110204081632653,0.9306122448979592,0.000591373103,-0.000170330768
1.110204081632653,0.9224489795918367,0.000592172824,-0.000169344558
1.110204081632653,0.9142857142857143,0.000591700848,-0.000169866998
1.110204081632653,0.9061224489795918,0.000591880247,-0.000170811525
1.110204081632653,0.8979591836734694,0.000590897388,-0.000168802979
1.110204081632653,0.889795918367347,0.00059111972,-0.0001682281
1.110204081632653,0.8816326530612244,0.000591791028,-0.000167906813
1.110204081632653,0.8734693877551021,0.000592681408,-0.000169489193
1.110204081632653,0.8653061224489795,0.000591413543,-0.000170373766
1.110204081632653,0.8571428571428572,0.000591772053,-0.000168805773
1.110204081632653,0.8489795918367347,0.000592225628,-0.000168883357
1.110204081632653,0.8408163265306122,0.000591122979,-0.000169945448
1.110204081632653,0.8326530612244898,0.000591469413,-0.000169832605
1.110204081632653,0.8244897959183674,0.000592166499,-0.000169509167
1.110204081632653,0.8163265306122449,0.000590697576,-0.000170582434
1.110204081632653,0.8081632653061225,0.00059170794,-0.000169731611
1.110204081632653,0.8,0.000591454271,-0.000169945224
1.1020408163265305,1.2,0.000593781471,-0.000169747507
1.1020408163265305,1.1918367346938774,0.000592728653,-0.00017001722
1.1020408163265305,1.183673469387755,0.00059494622,-0.000169511961
1.1020408163265305,1.1755102040816325,0.000593326457,-0.000167569406
1.1020408163265305,1.1673469387755102,0.000593035892,-0.000168721959
1.1020408163265305,1.1591836734693877,0.000592303924,-0.000168026304
1.1020408163265305,1.1510204081632653,0.000592564684,-0.000168374244
1.1020408163265305,1.1428571428571428,0.000592013646,-0.000168596881
1.1020408163265305,1.1346938775510205,0.000593876728,-0.000168467499
1.1020408163265305,1.126530612244898,0.000594603905,-0.000167904662
1.1020408163265305,1.1183673469387754,0.000594801418,-0.00016730528
1.1020408163265305,1.110204081632653,0.000594603618,-0.00016749741
1.1020408163265305,1.1020408163265305,0.000594071555,-0.000169649724
1.1020408163265305,1.0938775510204082,0.000593920714,-0.000167955175
1.1020408163265305,1.0857142857142856,0.000594012906,-0.000168503819
1.1020408163265305,1.0775510204081633,0.000593462348,-0.0001683377
1.1020408163265305,1.0693877551020408,0.000592519164,-0.000167947436
1.1020408163265305,1.0612244897959184,0.000592843845,-0.000168255395
1.1020408163265305,1.0530612244897959,0.000592079579,-0.000168427968
1.1020408163265305,1.0448979591836736,0.000592966894,-0.000168530697
1.1020408163265305,1.036734693877551,0.000592235498,-0.000168207676
1.1020408163265305,1.0285714285714285,0.000592355961,-0.000167547698
1.1020408163265305,1.0204081632653061,0.000592142253,-0.000168511782
1.1020408163265305,1.0122448979591836,0.000592644513,-0.000167779359
1.1020408163265305,1.0040816326530613,0.000592494918,-0.000168708215
1.1020408163265305,0.9959183673469387,0.000592378481,-0.000168501249
1.1020408163265305,0.9877551020408163,0.000592401194,-0.000168277746
1.1020408163265305,0.9795918367346939,0.000592212978,-0.000168898611
1.1020408163265305,0.9714285714285714,0.000591747041,-0.000168945045
1.1020408163265305,0.963265306122449,0.000590747028,-0.000169116976
1.1020408163265305,0.9551020408163265,0.000591343585,-0.000168245087
1.1020408163265305,0.9469387755102041,0.000590900934,-0.000168851983
1.1020408163265305,0.9387755102040816,0.000590819572,-0.000169672941
1.1020408163265305,0.9306122448979592,0.000591090396,-0.000169100855
1.1020408163265305,0.9224489795918367,0.000592339573,-0.000168303532
1.1020408163265305,0.9142857142857143,0.000591894622,-0.000169151562
1.1020408163265305,0.9061224489795918,0.000592752419,-0.000166519999
1.1020408163265305,0.8979591836734694,0.000591958829,-0.000166437052
1.1020408163265305,0.889795918367347,0.000591289248,-0.000168749479
1.1020408163265305,0.8816326530612244,0.000591091162,-0.000168590651
1.1020408163265305,0.8734693877551021,0.000591672291,-0.000167498052
1.1020408163265305,0.8653061224489795,0.000592143019,-0.000168603335
1.1020408163265305,0.8571428571428572,0.000592948972,-0.000168346082
1.1020408163265305,0.8489795918367347,0.000592937856,-0.000167838895
1.1020408163265305,0.8408163265306122,0.000592693771,-0.000169034222
1.1020408163265305,0.8326530612244898,0.000591508801,-0.000166958625
1.1020408163265305,0.8244897959183674,0.000592910064,-0.000167970428
1.1020408163265305,0.8163265306122449,0.000591622266,-0.000169238812
1.1020408163265305,0.8081632653061225,0.000593119267,-0.000169011872
1.1020408163265305,0.8,0.000593689759,-0.000167868118
1.0938775510204082,1.2,0.000592453518,-0.00016863837
1.0938775510204082,1.1918367346938774,0.000592037892,-0.000167814394
1.0938775510204082,1.183673469387755,0.000591877948,-0.000168136129
1.0938775510204082,1.1755102040816325,0.000592726641,-0.000169650366
1.0938775510204082,1.1673469387755102,0.00059236861,-0.000169482963
1.0938775510204082,1.1591836734693877,0.000593468193,-0.000167878233
1.0938775510204082,1.1510204081632653,0.000593459569,-0.000169521852
1.0938775510204082,1.1428571428571428,0.000593902507,-0.000168421514
1.0938775510204082,1.1346938775510205,0.000593739783,-0.000167899717
1.0938775510204082,1.126530612244898,0.000593046723,-0.000167831799
1.0938775510204082,1.1183673469387754,0.000591932764,-0.000167749494
1.0938775510204082,1.110204081632653,0.000593798912,-0.000168494795
1.0938775510204082,1.1020408163265305,0.000593363832,-0.000167574127
1.0938775510204082,1.0938775510204082,0.000592954531,-0.000167591757
1.0938775510204082,1.0857142857142856,0.000594734525,-0.000168221228
1.0938775510204082,1.0775510204081633,0.000593956077,-0.000167444103
1.0938775510204082,1.0693877551020408,0.000592884766,-0.000166890289
1.0938775510204082,1.0612244897959184,0.000593158941,-0.000166945941
1.0938775510204082,1.0530612244897959,0.000593183187,-0.000167128629
1.0938775510204082,1.0448979591836736,0.000593071735,-0.000167648275
1.0938775510204082,1.036734693877551,0.000593097514,-0.000167899074
1.0938775510204082,1.0285714285714285,0.000593112176,-0.000167796988
1.0938775510204082,1.0204081632653061,0.000593266082,-0.000168829633
1.0938775510204082,1.0122448979591836,0.000593147058,-0.00016743508
1.0938775510204082,1.0040816326530613,0.000593047775,-0.000167719405
1.0938775510204082,0.9959183673469387,0.00059328247,-0.00016792637
1.0938775510204082,0.9877551020408163,0.000593510647,-0.000168566149
1.0938775510204082,0.9795918367346939,0.000594166046,-0.000168711651
1.0938775510204082,0.9714285714285714,0.000593913337,-0.000168113972
1.0938775510204082,0.963265306122449,0.000593915636,-0.000168246372
1.0938775510204082,0.9551020408163265,0.000594997971,-0.000168935572
1.0938775510204082,0.9469387755102041,0.000593390091,-0.000168767945
1.0938775510204082,0.9387755102040816,0.000594108164,-0.000166858691
1.0938775510204082,0.9306122448979592,0.000594428532,-0.000167601423
1.0938775510204082,0.9224489795918367,0.000593846157,-0.000166899313
1.0938775510204082,0.9142857142857143,0.000594347937,-0.000168158255
1.0938775510204082,0.9061224489795918,0.000592453804,-0.000167028695
1.0938775510204082,0.8979591836734694,0.000593227654,-0.000166929403
1.0938775510204082,0.889795918367347,0.000593980323,-0.000168006105
1.0938775510204082,0.8816326530612244,0.000594259004,-0.000168304399
1.0938775510204082,0.8734693877551021,0.000593142266,-0.000168391649
1.0938775510204082,0.8653061224489795,0.000592866844,-0.000168950633
1.0938775510204082,0.8571428571428572,0.000593328949,-0.000168919034
1.0938775510204082,0.8489795918367347,0.000594082099,-0.000168509631
1.0938775510204082,0.8408163265306122,0.000593769108,-0.00016880147
1.0938775510204082,0.8326530612244898,0.000593019218,-0.000168328676
1.0938775510204082,0.8244897959183674,0.000593701928,-0.000168335131
1.0938775510204082,0.8163265306122449,0.000594122059,-0.000167780868
1.0938775510204082,0.8081632653061225,0.000593691005,-0.000167895638
1.0938775510204082,0.8,0.00059300101,-0.00016767085
1.0857142857142856,1.2,0.000593064164,-0.000169017459
1.0857142857142856,1.1918367346938774,0.000593074034,-0.000168332337
1.0857142857142856,1.183673469387755,0.000593768821,-0.000168944178
1.0857142857142856,1.1755102040816325,0.00059350001,-0.000169576443
1.0857142857142856,1.1673469387755102,0.000592520984,-0.000168897326
1.0857142857142856,1.1591836734693877,0.000593568243,-0.000169187239
1.0857142857142856,1.1510204081632653,0.000594213771,-0.000168205107
1.0857142857142856,1.1428571428571428,0.000592717537,-0.000168143001
1.0857142857142856,1.1346938775510205,0.000593703654,-0.000168669744
1.0857142857142856,1.126530612244898,0.000594033607,-0.000168219076
1.0857142857142856,1.1183673469387754,0.000593751666,-0.000168472669
1.0857142857142856,1.110204081632653,0.000592388831,-0.000168809434
1.0857142857142856,1.1020408163265305,0.000593896182,-0.000168535642
1.0857142857142856,1.0938775510204082,0.000593813288,-0.000169528306
1.0857142857142856,1.0857142857142856,0.00059304375,-0.000168185326
1.0857142857142856,1.0775510204081633,0.000592664733,-0.000168510498
1.0857142857142856,1.0693877551020408,0.000593444907,-0.000168591936
1.0857142857142856,1.0612244897959184,0.000593068762,-0.000167545547
1.0857142857142856,1.0530612244897959,0.000591606071,-0.00016744603
1.0857142857142856,1.0448979591836736,0.000592909298,-0.000167284215
1.0857142857142856,1.036734693877551,0.00059355636,-0.000167913043
1.0857142857142856,1.0285714285714285,0.000592721082,-0.000167291311
1.0857142857142856,1.0204081632653061,0.000592425726,-0.000167620979
1.0857142857142856,1.0122448979591836,0.000592335261,-0.00016916081
1.0857142857142856,1.0040816326530613,0.000592656875,-0.000168759788
1.0857142857142856,0.9959183673469387,0.000592008568,-0.000168556901
1.0857142857142856,0.9877551020408163,0.000591592462,-0.000167650426
1.0857142857142856,0.9795918367346939,0.000592841832,-0.000168271934
1.0857142857142856,0.9714285714285714,0.000593583385,-0.000167314304
1.0857142857142856,0.963265306122449,0.000591632616,-0.000166720735
1.0857142857142856,0.9551020408163265,0.000592609916,-0.000168022001
1.0857142857142856,0.9469387755102041,0.000590967347,-0.000167082195
1.0857142857142856,0.9387755102040816,0.000591653603,-0.000167846634
1.0857142857142856,0.9306122448979592,0.0005915341,-0.000167048251
1.0857142857142856,0.9224489795918367,0.000591280144,-0.00016697131
1.0857142857142856,0.9142857142857143,0.000592145226,-0.000167337072
1.0857142857142856,0.9061224489795918,0.000592106604,-0.000168478032
1.0857142857142856,0.8979591836734694,0.000592095488,-0.000168500607
1.0857142857142856,0.889795918367347,0.000593171784,-0.000167755082
1.0857142857142856,0.8816326530612244,0.000593753393,-0.000168857571
1.0857142857142856,0.8734693877551021,0.000594122826,-0.00016835639
1.0857142857142856,0.8653061224489795,0.000593071735,-0.000168617947
1.0857142857142856,0.8571428571428572,0.000593264069,-0.00016749118
1.0857142857142856,0.8489795918367347,0.000594105385,-0.000168605487
1.0857142857142856,0.8408163265306122,0.00059404549,-0.00016705599
1.0857142857142856,0.8326530612244898,0.00059357658,-0.000169073978
1.0857142857142856,0.8244897959183674,0.000594367104,-0.000168098076
1.0857142857142856,0.8163265306122449,0.000593638488,-0.000167683952
1.0857142857142856,0.8081632653061225,0.000593004269,-0.00016869187
1.0857142857142856,0.8,0.000592986348,-0.000166977122
1.0775510204081633,1.2,0.000591866065,-0.000168097434
1.0775510204081633,1.1918367346938774,0.000590909751,-0.000169060233
1.0775510204081633,1.183673469387755,0.000591396102,-0.000168086901
1.0775510204081633,1.1755102040816325,0.000590641227,-0.000168192423
1.0775510204081633,1.1673469387755102,0.000591456477,-0.000168160182
1.0775510204081633,1.1591836734693877,0.000591164953,-0.000168295151
1.0775510204081633,1.1510204081632653,0.000591231172,-0.000168609565
1.0775510204081633,1.1428571428571428,0.000592136408,-0.000167764105
1.0775510204081633,1.1346938775510205,0.000593324444,-0.000168129899
1.0775510204081633,1.126530612244898,0.000592564684,-0.000167602065
1.0775510204081633,1.1183673469387754,0.000592327403,-0.00016808841
1.0775510204081633,1.110204081632653,0.000593189798,-0.000167503415
1.0775510204081633,1.1020408163265305,0.000592981076,-0.000167976658
1.0775510204081633,1.0938775510204082,0.00059140444,-0.000167476987
1.0775510204081633,1.0857142857142856,0.000591110136,-0.0001668716
1.0775510204081633,1.0775510204081633,0.000592573501,-0.000167335788
1.0775510204081633,1.0693877551020408,0.000592764782,-0.000167072529
1.0775510204081633,1.0612244897959184,0.00059277312,-0.000167645481
1.0775510204081633,1.0530612244897959,0.000592540438,-0.000167453994
1.0775510204081633,1.0448979591836736,0.000592540631,-0.000167508585
1.0775510204081633,1.036734693877551,0.000591883506,-0.000168039406
1.0775510204081633,1.0285714285714285,0.000592716004,-0.000167630645
1.0775510204081633,1.0204081632653061,0.000592831768,-0.000167036209
1.0775510204081633,1.0122448979591836,0.000593140734,-0.000167863397
1.0775510204081633,1.0040816326530613,0.000593524256,-0.000167966543
1.0775510204081633,0.9959183673469387,0.000592153083,-0.000167533087
1.0775510204081633,0.9877551020408163,0.000591914843,-0.000167617768
1.0775510204081633,0.9795918367346939,0.000590887518,-0.000168161467
1.0775510204081633,0.9714285714285714,0.000590985555,-0.000169259877
1.0775510204081633,0.963265306122449,0.000591002229,-0.000168573888
1.0775510204081633,0.9551020408163265,0.000591864052,-0.000167842332
1.0775510204081633,0.9469387755102041,0.000591972725,-0.000169606532
1.0775510204081633,0.9387755102040816,0.000592299898,-0.000168334906
1.0775510204081633,0.9306122448979592,0.000591469413,-0.000168158897
1.0775510204081633,0.9224489795918367,0.000591693277,-0.000168754618
1.0775510204081633,0.9142857142857143,0.0005914007,-0.000168677901
1.0775510204081633,0.9061224489795918,0.000592037125,-0.000168753558
1.0775510204081633,0.8979591836734694,0.000590893363,-0.000169154355
1.0775510204081633,0.889795918367347,0.000591509087,-0.000168401315
1.0775510204081633,0.8816326530612244,0.000591553747,-0.000168038764
1.0775510204081633,0.8734693877551021,0.0005915341,-0.000168946972
1.0775510204081633,0.8653061224489795,0.000591596201,-0.000169074844
1.0775510204081633,0.8571428571428572,0.000591357,-0.000168263134
1.0775510204081633,0.8489795918367347,0.000591070462,-0.000167989118
1.0775510204081633,0.8408163265306122,0.000591918102,-0.000168713578
1.0775510204081633,0.8326530612244898,0.000592899714,-0.000168073156
1.0775510204081633,0.8244897959183674,0.000591932284,-0.00016772178
1.0775510204081633,0.8163265306122449,0.000592165446,-0.000168575173
1.0775510204081633,0.8081632653061225,0.00059320542,-0.00016712089
1.0775510204081633,0.8,0.00059240244,-0.000168370583
1.0693877551020408,1.2,0.000590742236,-0.000167523839
1.0693877551020408,1.1918367346938774,0.000590519138,-0.000166250061
1.0693877551020408,1.183673469387755,0.000590644006,-0.000167778941
1.0693877551020408,1.1755102040816325,0.00059230421,-0.000167401779
1.0693877551020408,1.1673469387755102,0.000591833481,-0.000167760027
1.0693877551020408,1.1591836734693877,0.000593072021,-0.000168726905
1.0693877551020408,1.1510204081632653,0.000591870377,-0.000167843841
1.0693877551020408,1.1428571428571428,0.000592324144,-0.000167444328
1.0693877551020408,1.1346938775510205,0.000593942181,-0.000167559098
1.0693877551020408,1.126530612244898,0.000591981829,-0.000168343288
1.0693877551020408,1.1183673469387754,0.000591175303,-0.000168260116
1.0693877551020408,1.110204081632653,0.000592467893,-0.000168418078
1.0693877551020408,1.1020408163265305,0.000593009347,-0.00016825668
1.0693877551020408,1.0938775510204082,0.000592276899,-0.000167492465
1.0693877551020408,1.0857142857142856,0.000592269041,-0.000167470114
1.0693877551020408,1.0775510204081633,0.000592654863,-0.00016781526
1.0693877551020408,1.0693877551020408,0.00059250249,-0.00016777056
1.0693877551020408,1.0612244897959184,0.000592262716,-0.000168031892
1.0693877551020408,1.0530612244897959,0.000593206667,-0.00016778045
1.0693877551020408,1.0448979591836736,0.000593517451,-0.000167891978
1.0693877551020408,1.036734693877551,0.000592648058,-0.000168281824
1.0693877551020408,1.0285714285714285,0.000592634929,-0.00016718579
1.0693877551020408,1.0204081632653061,0.000593130863,-0.00016860828
1.0693877551020408,1.0122448979591836,0.000593012126,-0.000168467948
1.0693877551020408,1.0040816326530613,0.000592703641,-0.000168004596
1.0693877551020408,0.9959183673469387,0.000592171771,-0.000168143001
1.0693877551020408,0.9877551020408163,0.000592534307,-0.000168780629
1.0693877551020408,0.9795918367346939,0.000593022477,-0.000169314244
1.0693877551020408,0.9714285714285714,0.000592096734,-0.000168789653
1.0693877551020408,0.963265306122449,0.000593358274,-0.000168764509
1.0693877551020408,0.9551020408163265,0.000592695017,-0.000168198877
1.0693877551020408,0.9469387755102041,0.000592465114,-0.000169186596
1.0693877551020408,0.9387755102040816,0.000592892623,-0.0001675073
1.0693877551020408,0.9306122448979592,0.000592069709,-0.000167486235
1.0693877551020408,0.9224489795918367,0.000592248821,-0.00016835899
1.0693877551020408,0.9142857142857143,0.000592373402,-0.000168603978
1.0693877551020408,0.9061224489795918,0.00059191283,-0.000167297541
1.0693877551020408,0.8979591836734694,0.000592138421,-0.000168326525
1.0693877551020408,0.889795918367347,0.000592360273,-0.000167292596
1.0693877551020408,0.8816326530612244,0.00059273929,-0.000167120023
1.0693877551020408,0.8734693877551021,0.000593374949,-0.000167662886
1.0693877551020408,0.8653061224489795,0.000592868377,-0.000168632558
1.0693877551020408,0.8571428571428572,0.000592753666,-0.000167844483
1.0693877551020408,0.8489795918367347,0.000592363819,-0.000168590651
1.0693877551020408,0.8408163265306122,0.0005931852,-0.000167706945
1.0693877551020408,0.8326530612244898,0.00059277264,-0.000169264405
1.0693877551020408,0.8244897959183674,0.000593014906,-0.000168542514
1.0693877551020408,0.8163265306122449,0.000592515139,-0.000168770739
1.0693877551020408,0.8081632653061225,0.000593099046,-0.000168295151
1.0693877551020408,0.8,0.000592712745,-0.000168599032
1.0612244897959184,1.2,0.000593932311,-0.000168437217
1.0612244897959184,1.1918367346938774,0.00059362028,-0.000168531339
1.0612244897959184,1.183673469387755,0.000594810328,-0.000167471623
1.0612244897959184,1.1755102040816325,0.000593611176,-0.000168069496
1.0612244897959184,1.1673469387755102,0.000594128671,-0.000168277746
1.0612244897959184,1.1591836734693877,0.000593544477,-0.000168092713
1.0612244897959184,1.1510204081632653,0.000593517451,-0.000168495886
1.0612244897959184,1.1428571428571428,0.000593273366,-0.000168900987
1.0612244897959184,1.1346938775510205,0.00059456471,-0.000169445135
1.0612244897959184,1.126530612244898,0.000595296393,-0.000168597523
1.0612244897959184,1.1183673469387754,0.000593905766,-0.000170054406
1.0612244897959184,1.110204081632653,0.000594224888,-0.000169456085
1.0612244897959184,1.1020408163265305,0.000594931844,-0.000168752691
1.0612244897959184,1.0938775510204082,0.000595339133,-0.000169231521
1.0612244897959184,1.0857142857142856,0.00059394774,-0.000168938815
1.0612244897959184,1.0775510204081633,0.000594357041,-0.000169233224
1.0612244897959184,1.0693877551020408,0.000594497724,-0.000168664381
1.0612244897959184,1.0612244897959184,0.000594776692,-0.000169078923
1.0612244897959184,1.0530612244897959,0.00059359958,-0.000170962166
1.0612244897959184,1.0448979591836736,0.000594766822,-0.000168650605
1.0612244897959184,1.036734693877551,0.000594469453,-0.0001679326
1.0612244897959184,1.0285714285714285,0.000594485648,-0.00016802608
1.0612244897959184,1.0204081632653061,0.000593818652,-0.000169311675
1.0612244897959184,1.0122448979591836,0.00059497957,-0.000168619231
1.0612244897959184,1.0040816326530613,0.000593057839,-0.000168463003
1.0612244897959184,0.9959183673469387,0.000594180135,-0.000169097837
1.0612244897959184,0.9877551020408163,0.000594266575,-0.000168291715
1.0612244897959184,0.9795918367346939,0.000593518984,-0.00016874431
1.0612244897959184,0.9714285714285714,0.000594400261,-0.000167627209
1.0612244897959184,0.963265306122449,0.000593375428,-0.000167786456
1.0612244897959184,0.9551020408163265,0.000594328769,-0.000168189629
1.0612244897959184,0.9469387755102041,0.00059414228,-0.000168147722
1.0612244897959184,0.9387755102040816,0.000595798172,-0.000168388855
1.0612244897959184,0.9306122448979592,0.00059433634,-0.000168730565
1.0612244897959184,0.9224489795918367,0.000593931831,-0.000168316441
1.0612244897959184,0.9142857142857143,0.000593921674,-0.000170543963
1.0612244897959184,0.9061224489795918,0.00059288026,-0.000168360275
1.0612244897959184,0.8979591836734694,0.000593725408,-0.000168438726
1.0612244897959184,0.889795918367347,0.000594044243,-0.000167435304
1.0612244897959184,0.8816326530612244,0.000594726667,-0.000167599914
1.0612244897959184,0.8734693877551021,0.000593780991,-0.000168342003
1.0612244897959184,0.8653061224489795,0.000593911611,-0.00016874797
1.0612244897959184,0.8571428571428572,0.000595992713,-0.000168124729
1.0612244897959184,0.8489795918367347,0.000596503116,-0.000168258832
1.0612244897959184,0.8408163265306122,0.000596406612,-0.000168759788
1.0612244897959184,0.8326530612244898,0.000595891417,-0.000168484711
1.0612244897959184,0.8244897959183674,0.000595748914,-0.000169998306
1.0612244897959184,0.8163265306122449,0.000596139528,-0.000168891321
1.0612244897959184,0.8081632653061225,0.000596434884,-0.000167959029
1.0612244897959184,0.8,0.000596808056,-0.0001671557
1.0530612244897959,1.2,0.000596217344,-0.00016924183
1.0530612244897959,1.1918367346938774,0.000596303017,-0.000169905244
1.0530612244897959,1.183673469387755,0.000596324964,-0.000169617932
1.0530612244897959,1.1755102040816325,0.000596550362,-0.000169148768
1.0530612244897959,1.1673469387755102,0.000597095075,-0.000168312556
1.0530612244897959,1.1591836734693877,0.000596417442,-0.000168300963
1.0530612244897959,1.1510204081632653,0.000595682981,-0.000169372914
1.0530612244897959,1.1428571428571428,0.000595856054,-0.000168932361
1.0530612244897959,1.1346938775510205,0.000596405366,-0.000169473715
1.0530612244897959,1.126530612244898,0.000596516245,-0.000168929567
1.0530612244897959,1.1183673469387754,0.00059607714,-0.000166720928
1.0530612244897959,1.110204081632653,0.000595393183,-0.000167844065
1.0530612244897959,1.1020408163265305,0.000596334068,-0.000168772248
1.0530612244897959,1.0938775510204082,0.000595668799,-0.000167819339
1.0530612244897959,1.0857142857142856,0.000595546516,-0.000169066463
1.0530612244897959,1.0775510204081633,0.000594969986,-0.000167876724
1.0530612244897959,1.0693877551020408,0.000596214085,-0.00016828677
1.0530612244897959,1.0612244897959184,0.000595822418,-0.000168374886
1.0530612244897959,1.0530612244897959,0.000596617827,-0.000167757233
1.0530612244897959,1.0448979591836736,0.000595336067,-0.000167600138
1.0530612244897959,1.036734693877551,0.000594452298,-0.000167091667
1.0530612244897959,1.0285714285714285,0.000595933871,-0.000169296421
1.0530612244897959,1.0204081632653061,0.000595346704,-0.000168134395
1.0530612244897959,1.0122448979591836,0.000595771147,-0.000168309762
1.0530612244897959,1.0040816326530613,0.000595589256,-0.000167540184
1.0530612244897959,0.9959183673469387,0.000595141047,-0.000167807521
1.0530612244897959,0.9877551020408163,0.000594070022,-0.000168697233
1.0530612244897959,0.9795918367346939,0.000595493232,-0.000167365459
1.0530612244897959,0.9714285714285714,0.000593969973,-0.000167056633
1.0530612244897959,0.963265306122449,0.000593948219,-0.000167534596
1.0530612244897959,0.9551020408163265,0.00059482825,-0.000167438098
1.0530612244897959,0.9469387755102041,0.000594893703,-0.00016908085
1.0530612244897959,0.9387755102040816,0.000594341132,-0.000168217791
1.0530612244897959,0.9306122448979592,0.000595225668,-0.000167674928
1.0530612244897959,0.9224489795918367,0.000594660254,-0.000167717895
1.0530612244897959,0.9142857142857143,0.000594465141,-0.000167495676
1.0530612244897959,0.9061224489795918,0.00059524033,-0.000168334264
1.0530612244897959,0.8979591836734694,0.000594942195,-0.000167923576
1.0530612244897959,0.889795918367347,0.000595767408,-0.000166898671
1.0530612244897959,0.8816326530612244,0.00059508719,-0.000166717074
1.0530612244897959,0.8734693877551021,0.000595386858,-0.000167753797
1.0530612244897959,0.8653061224489795,0.000595031894,-0.000166885569
1.0530612244897959,0.8571428571428572,0.000594341132,-0.00016811593
1.0530612244897959,0.8489795918367347,0.000593952245,-0.00016750364
1.0530612244897959,0.8408163265306122,0.000595778525,-0.000168482335
1.0530612244897959,0.8326530612244898,0.000595367404,-0.00016785158
1.0530612244897959,0.8244897959183674,0.000595287575,-0.000168416151
1.0530612244897959,0.8163265306122449,0.000595208993,-0.000168137189
1.0530612244897959,0.8081632653061225,0.000595956584,-0.000168263552
1.0530612244897959,0.8,0.000596521804,-0.000168052957
1.0448979591836736,1.2,0.000595682501,-0.000167591757
1.0448979591836736,1.1918367346938774,0.000594047502,-0.000166601019
1.0448979591836736,1.183673469387755,0.000595168072,-0.000166180441
1.0448979591836736,1.1755102040816325,0.000593923207,-0.000167204704
1.0448979591836736,1.1673469387755102,0.000594984362,-0.000169038301
1.0448979591836736,1.1591836734693877,0.000595504829,-0.000168410981
1.0448979591836736,1.1510204081632653,0.000595640047,-0.000168595596
1.0448979591836736,1.1428571428571428,0.000595563957,-0.000168339434
1.0448979591836736,1.1346938775510205,0.000594528102,-0.000168866594
1.0448979591836736,1.126530612244898,0.000593434843,-0.000168021359
1.0448979591836736,1.1183673469387754,0.00059478503,-0.000167313019
1.0448979591836736,1.110204081632653,0.000595131177,-0.000168120651
1.0448979591836736,1.1020408163265305,0.000594867158,-0.000168830275
1.0448979591836736,1.0938775510204082,0.000595442728,-0.000168528321
1.0448979591836736,1.0857142857142856,0.000594885652,-0.000168120009
1.0448979591836736,1.0775510204081633,0.000593801691,-0.000167548341
1.0448979591836736,1.0693877551020408,0.00059286052,-0.000168273667
1.0448979591836736,1.0612244897959184,0.000592367844,-0.000166974746
1.0448979591836736,1.0530612244897959,0.000594871663,-0.00016824422
1.0448979591836736,1.0448979591836736,0.000593781471,-0.000167507718
1.0448979591836736,1.036734693877551,0.000594035906,-0.000168652981
1.0448979591836736,1.0285714285714285,0.000594390677,-0.000167823866
1.0448979591836736,1.0204081632653061,0.000594208979,-0.000167149246
1.0448979591836736,1.0122448979591836,0.000593557126,-0.000167820206
1.0448979591836736,1.0040816326530613,0.00059408871,-0.000167579297
1.0448979591836736,0.9959183673469387,0.000595220109,-0.000167176766
1.0448979591836736,0.9877551020408163,0.000594767875,-0.000167212218
1.0448979591836736,0.9795918367346939,0.000592229653,-0.000167877366
1.0448979591836736,0.9714285714285714,0.000594247121,-0.000168176302
1.0448979591836736,0.963265306122449,0.000593966141,-0.000166594789
1.0448979591836736,0.9551020408163265,0.000593293873,-0.000167118096
1.0448979591836736,0.9469387755102041,0.000593084384,-0.000166583614
1.0448979591836736,0.9387755102040816,0.000592917155,-0.000165500906
1.0448979591836736,0.9306122448979592,0.000593673084,-0.000167440249
1.0448979591836736,0.9224489795918367,0.000592943608,-0.00016592126
1.0448979591836736,0.9142857142857143,0.000593051801,-0.000166698384
1.0448979591836736,0.9061224489795918,0.000592946673,-0.000166812063
1.0448979591836736,0.8979591836734694,0.000592444414,-0.000167065656
1.0448979591836736,0.889795918367347,0.000593418649,-0.00016653978
1.0448979591836736,0.8816326530612244,0.000592964115,-0.000166935408
1.0448979591836736,0.8734693877551021,0.000592571488,-0.000166536762
1.0448979591836736,0.8653061224489795,0.000593660434,-0.000166015607
1.0448979591836736,0.8571428571428572,0.000593833794,-0.000166186253
1.0448979591836736,0.8489795918367347,0.000593969206,-0.000167129496
1.0448979591836736,0.8408163265306122,0.000593756745,-0.000167177633
1.0448979591836736,0.8326530612244898,0.000594532893,-0.00016671428
1.0448979591836736,0.8244897959183674,0.000595723135,-0.000166918452
1.0448979591836736,0.8163265306122449,0.000594557906,-0.000166221063
1.0448979591836736,0.8081632653061225,0.00059479538,-0.000166296914
1.0448979591836736,0.8,0.000594994998,-0.000165928999
1.036734693877551,1.2,0.000594647605,-0.000167501071
1.036734693877551,1.1918367346938774,0.000595020777,-0.000168088186
1.036734693877551,1.183673469387755,0.00059471785,-0.000167709096
1.036734693877551,1.1755102040816325,0.000593873469,-0.000167191153
1.036734693877551,1.1673469387755102,0.000593136708,-0.000166910488
1.036734693877551,1.1591836734693877,0.000594406585,-0.000167640536
1.036734693877551,1.1510204081632653,0.000593222095,-0.000168601826
1.036734693877551,1.1428571428571428,0.000593615202,-0.000167480005
1.036734693877551,1.1346938775510205,0.000594068009,-0.000167362023
1.036734693877551,1.126530612244898,0.000594124359,-0.000167919915
1.036734693877551,1.1183673469387754,0.000592827936,-0.000167550492
1.036734693877551,1.110204081632653,0.000594826717,-0.000166950886
1.036734693877551,1.1020408163265305,0.000593357987,-0.000168380474
1.036734693877551,1.0938775510204082,0.000594048555,-0.000167692976
1.036734693877551,1.0857142857142856,0.000593638968,-0.000166485831
1.036734693877551,1.0775510204081633,0.000596033154,-0.000167196965
1.036734693877551,1.0693877551020408,0.000593950999,-0.000167130556
1.036734693877551,1.0612244897959184,0.000594524556,-0.000168349324
1.036734693877551,1.0530612244897959,0.0005949467,-0.000166770799
1.036734693877551,1.0448979591836736,0.000596197696,-0.000166399866
1.036734693877551,1.036734693877551,0.000595318432,-0.000166223857
1.036734693877551,1.0285714285714285,0.000597090283,-0.000166863636
1.036734693877551,1.0204081632653061,0.000596712798,-0.000165421813
1.036734693877551,1.0122448979591836,0.000595792134,-0.000167234793
1.036734693877551,1.0040816326530613,0.000596007661,-0.000166509691
1.036734693877551,0.9959183673469387,0.000595728214,-0.000167127762
1.036734693877551,0.9877551020408163,0.000595299745,-0.000166791222
1.036734693877551,0.9795918367346939,0.000595087477,-0.00016685503
1.036734693877551,0.9714285714285714,0.000595594335,-0.000166816366
1.036734693877551,0.963265306122449,0.000594630644,-0.000167324195
1.036734693877551,0.9551020408163265,0.000595392897,-0.000166330664
1.036734693877551,0.9469387755102041,0.000595732526,-0.000165666382
1.036734693877551,0.9387755102040816,0.000595005062,-0.000165231193
1.036734693877551,0.9306122448979592,0.000595755719,-0.000165486937
1.036734693877551,0.9224489795918367,0.000594076347,-0.000165254185
1.036734693877551,0.9142857142857143,0.000595764343,-0.000166056454
1.036734693877551,0.9061224489795918,0.00059662971,-0.000166148424
1.036734693877551,0.8979591836734694,0.000594878274,-0.000166771441
1.036734693877551,0.889795918367347,0.000595787056,-0.000166793149
1.036734693877551,0.8816326530612244,0.000594057659,-0.000166857406
1.036734693877551,0.8734693877551021,0.000595050868,-0.00016613574
1.036734693877551,0.8653061224489795,0.000593929532,-0.00016757843
1.036734693877551,0.8571428571428572,0.000593601592,-0.000167859319
1.036734693877551,0.8489795918367347,0.0005946845,-0.000167922934
1.036734693877551,0.8408163265306122,0.000592935077,-0.000167406499
1.036734693877551,0.8326530612244898,0.000594746601,-0.000165973282
1.036734693877551,0.8244897959183674,0.000594143046,-0.000166510976
1.036734693877551,0.8163265306122449,0.000595138268,-0.000167439158
1.036734693877551,0.8081632653061225,0.000594456324,-0.000167437873
1.036734693877551,0.8,0.000595330989,-0.000167256501
1.0285714285714285,1.2,0.000590921154,-0.000167982888
1.0285714285714285,1.1918367346938774,0.000590857234,-0.000167836968
1.0285714285714285,1.183673469387755,0.000590128524,-0.000167755724
1.0285714285714285,1.1755102040816325,0.000590068149,-0.000168332113
1.0285714285714285,1.1673469387755102,0.000590879947,-0.000169131587
1.0285714285714285,1.1591836734693877,0.000590750573,-0.000168858437
1.0285714285714285,1.1510204081632653,0.000592025722,-0.000167328049
1.0285714285714285,1.1428571428571428,0.000592107371,-0.000168251092
1.0285714285714285,1.1346938775510205,0.000591492892,-0.000167856525
1.0285714285714285,1.126530612244898,0.000590498437,-0.000167221467
1.0285714285714285,1.1183673469387754,0.000591532087,-0.000167682025
1.0285714285714285,1.110204081632653,0.000592291847,-0.00016735772
1.0285714285714285,1.1020408163265305,0.000592650071,-0.000168060472
1.0285714285714285,1.0938775510204082,0.000591844118,-0.000167129914
1.0285714285714285,1.0857142857142856,0.000591682927,-0.000167458072
1.0285714285714285,1.0775510204081633,0.000591232419,-0.000167514173
1.0285714285714285,1.0693877551020408,0.000589935516,-0.000166700087
1.0285714285714285,1.0612244897959184,0.000591693471,-0.000166543634
1.0285714285714285,1.0530612244897959,0.000591308702,-0.000167300977
1.0285714285714285,1.0448979591836736,0.00059138096,-0.000167885105
1.0285714285714285,1.036734693877551,0.000589822338,-0.00016723672
1.0285714285714285,1.0285714285714285,0.000591172524,-0.000167227054
1.0285714285714285,1.0204081632653061,0.000591138694,-0.000166909204
1.0285714285714285,1.0122448979591836,0.000591430985,-0.000167071244
1.0285714285714285,1.0040816326530613,0.000589928425,-0.000166297138
1.0285714285714285,0.9959183673469387,0.000590374622,-0.000166959492
1.0285714285714285,0.9877551020408163,0.00059015229,-0.000166684191
1.0285714285714285,0.9795918367346939,0.000589657795,-0.000166732328
1.0285714285714285,0.9714285714285714,0.000591056566,-0.000166978406
1.0285714285714285,0.963265306122449,0.000589469386,-0.000167547474
1.0285714285714285,0.9551020408163265,0.000590056746,-0.000167337297
1.0285714285714285,0.9469387755102041,0.000590228573,-0.000166543634
1.0285714285714285,0.9387755102040816,0.000589820039,-0.000166658404
1.0285714285714285,0.9306122448979592,0.000590497957,-0.000167103485
1.0285714285714285,0.9224489795918367,0.000590038345,-0.000167563594
1.0285714285714285,0.9142857142857143,0.000589235171,-0.000166111238
1.0285714285714285,0.9061224489795918,0.000589830675,-0.00016646605
1.0285714285714285,0.8979591836734694,0.000589393583,-0.000167187074
1.0285714285714285,0.889795918367347,0.000590465854,-0.000166185162
1.0285714285714285,0.8816326530612244,0.000591770521,-0.000166624237
1.0285714285714285,0.8734693877551021,0.000591416323,-0.000165618888
1.0285714285714285,0.8653061224489795,0.000591160161,-0.000165634142
1.0285714285714285,0.8571428571428572,0.000591378467,-0.000165998202
1.0285714285714285,0.8489795918367347,0.000590325364,-0.000165922545
1.0285714285714285,0.8408163265306122,0.000591779911,-0.000165594386
1.0285714285714285,0.8326530612244898,0.000590670264,-0.000167984815
1.0285714285714285,0.8244897959183674,0.000590525749,-0.000167361799
1.0285714285714285,0.8163265306122449,0.000590904959,-0.000165456399
1.0285714285714285,0.8081632653061225,0.000589785922,-0.000166239335
1.0285714285714285,0.8,0.000590139641,-0.000167032131
1.0204081632653061,1.2,0.000588321025,-0.000165925981
1.0204081632653061,1.1918367346938774,0.000588690938,-0.000165718822
1.0204081632653061,1.183673469387755,0.000588997411,-0.000166126716
1.0204081632653061,1.1755102040816325,0.000588812454,-0.000165695187
1.0204081632653061,1.1673469387755102,0.000588659315,-0.00016619441
1.0204081632653061,1.1591836734693877,0.000589159081,-0.000165904722
1.0204081632653061,1.1510204081632653,0.000588552461,-0.000166787143
1.0204081632653061,1.1428571428571428,0.000588954957,-0.000165870972
1.0204081632653061,1.1346938775510205,0.000587914789,-0.000166250286
1.0204081632653061,1.126530612244898,0.000588986008,-0.000166017116
1.0204081632653061,1.1183673469387754,0.000589900154,-0.00016564339
1.0204081632653061,1.110204081632653,0.000590002216,-0.000166270067
1.0204081632653061,1.1020408163265305,0.000588118147,-0.000167262089
1.0204081632653061,1.0938775510204082,0.000589308389,-0.000167280136
1.0204081632653061,1.0857142857142856,0.00058804311,-0.000167851355
1.0204081632653061,1.0775510204081633,0.000589562058,-0.000167692751
1.0204081632653061,1.0693877551020408,0.00058892314,-0.000168030383
1.0204081632653061,1.0612244897959184,0.0005879468,-0.000168608056
1.0204081632653061,1.0530612244897959,0.000587156755,-0.000168965244
1.0204081632653061,1.0448979591836736,0.000588012539,-0.000168793731
1.0204081632653061,1.036734693877551,0.000588169704,-0.000169179724
1.0204081632653061,1.0285714285714285,0.000588556006,-0.000168462554
1.0204081632653061,1.0204081632653061,0.000587778325,-0.000168811361
1.0204081632653061,1.0122448979591836,0.000589472645,-0.000167913268
1.0204081632653061,1.0040816326530613,0.000588884998,-0.000168828124
1.0204081632653061,0.9959183673469387,0.000587843491,-0.00016856981
1.0204081632653061,0.9877551020408163,0.000588688639,-0.000168782138
1.0204081632653061,0.9795918367346939,0.000588804597,-0.000168635994
1.0204081632653061,0.9714285714285714,0.000588728793,-0.000169100631
1.0204081632653061,0.963265306122449,0.000589373076,-0.000168354687
1.0204081632653061,0.9551020408163265,0.000589113369,-0.000168207901
1.0204081632653061,0.9469387755102041,0.000588863725,-0.000169075262
1.0204081632653061,0.9387755102040816,0.00058954337,-0.000168344797
1.0204081632653061,0.9306122448979592,0.000589618214,-0.000167880802
1.0204081632653061,0.9224489795918367,0.000589969633,-0.00016907979
1.0204081632653061,0.9142857142857143,0.000589890764,-0.000168539496
1.0204081632653061,0.9061224489795918,0.000589487021,-0.000168492868
1.0204081632653061,0.8979591836734694,0.000590357181,-0.000168385195
1.0204081632653061,0.889795918367347,0.000590595707,-0.000169211516
1.0204081632653061,0.8816326530612244,0.000589429425,-0.000168387346
1.0204081632653061,0.8734693877551021,0.000589143459,-0.000168471384
1.0204081632653061,0.8653061224489795,0.000588530227,-0.000169132872
1.0204081632653061,0.8571428571428572,0.000588095147,-0.000167377919
1.0204081632653061,0.8489795918367347,0.000587302804,-0.000169005866
1.0204081632653061,0.8408163265306122,0.000589136368,-0.000167458939
1.0204081632653061,0.8326530612244898,0.000589201535,-0.000168851341
1.0204081632653061,0.8244897959183674,0.000588979489,-0.000167955592
1.0204081632653061,0.8163265306122449,0.000588929658,-0.000169150919
1.0204081632653061,0.8081632653061225,0.000588856921,-0.000168704136
1.0204081632653061,0.8,0.000588465061,-0.000169063669
1.0122448979591836,1.2,0.000589502449,-0.000168315992
1.0122448979591836,1.1918367346938774,0.000588693911,-0.000168931076
1.0122448979591836,1.183673469387755,0.000589437283,-0.000168407769
1.0122448979591836,1.1755102040816325,0.000588433724,-0.000168617947
1.0122448979591836,1.1673469387755102,0.000587818479,-0.00016831429
1.0122448979591836,1.1591836734693877,0.000587743728,-0.000169753094
1.0122448979591836,1.1510204081632653,0.000589288455,-0.000169081717
1.0122448979591836,1.1428571428571428,0.000589641407,-0.000168197144
1.0122448979591836,1.1346938775510205,0.000590000203,-0.00016817566
1.0122448979591836,1.126530612244898,0.000589317493,-0.000168057036
1.0122448979591836,1.1183673469387754,0.000589069382,-0.000168889811
1.0122448979591836,1.110204081632653,0.000589426166,-0.000168016414
1.0122448979591836,1.1020408163265305,0.000589457983,-0.000168336415
1.0122448979591836,1.0938775510204082,0.000590291247,-0.00016830289
1.0122448979591836,1.0857142857142856,0.000589038812,-0.000167663529
1.0122448979591836,1.0775510204081633,0.000589070628,-0.000167958611
1.0122448979591836,1.0693877551020408,0.000588029981,-0.000168531339
1.0122448979591836,1.0612244897959184,0.000587840712,-0.000169199923
1.0122448979591836,1.0530612244897959,0.000587407165,-0.000169163603
1.0122448979591836,1.0448979591836736,0.000588076173,-0.000169025841
1.0122448979591836,1.036734693877551,0.000587523409,-0.000169449631
1.0122448979591836,1.0285714285714285,0.000586795466,-0.000168246372
1.0122448979591836,1.0204081632653061,0.000588339233,-0.00016843012
1.0122448979591836,1.0122448979591836,0.00058848854,-0.000169230655
1.0122448979591836,1.0040816326530613,0.00058827052,-0.000168072514
1.0122448979591836,0.9959183673469387,0.000588528981,-0.000166879114
1.0122448979591836,0.9877551020408163,0.000587502422,-0.000168061114
1.0122448979591836,0.9795918367346939,0.000588118433,-0.000168733134
1.0122448979591836,0.9714285714285714,0.000589095447,-0.000167890693
1.0122448979591836,0.963265306122449,0.000588046369,-0.000168715954
1.0122448979591836,0.9551020408163265,0.000587943541,-0.000167634948
1.0122448979591836,0.9469387755102041,0.00058836827,-0.000167460224
1.0122448979591836,0.9387755102040816,0.000587595861,-0.000167655372
1.0122448979591836,0.9306122448979592,0.000586467527,-0.000167025034
1.0122448979591836,0.9224489795918367,0.000586525122,-0.000167294748
1.0122448979591836,0.9142857142857143,0.000587998644,-0.000166775744
1.0122448979591836,0.9061224489795918,0.000588664393,-0.000166654102
1.0122448979591836,0.8979591836734694,0.000589299571,-0.000167686103
1.0122448979591836,0.889795918367347,0.000587790208,-0.000167974507
1.0122448979591836,0.8816326530612244,0.000588398075,-0.000168239917
1.0122448979591836,0.8734693877551021,0.00058991175,-0.000167428207
1.0122448979591836,0.8653061224489795,0.000588918062,-0.00016728293
1.0122448979591836,0.8571428571428572,0.000588577473,-0.000167001399
1.0122448979591836,0.8489795918367347,0.000588600952,-0.000167067808
1.0122448979591836,0.8408163265306122,0.000588753326,-0.000167719405
1.0122448979591836,0.8326530612244898,0.000589230093,-0.000167985682
1.0122448979591836,0.8244897959183674,0.000589118927,-0.000167723065
1.0122448979591836,0.8163265306122449,0.000588469086,-0.000167838253
1.0122448979591836,0.8081632653061225,0.000589339726,-0.000167354702
1.0122448979591836,0.8,0.000588332908,-0.000168092488
1.0040816326530613,1.2,0.000591026475,-0.000168643091
1.0040816326530613,1.1918367346938774,0.000590214484,-0.000169300499
1.0040816326530613,1.183673469387755,0.000590763989,-0.00016896868
1.0040816326530613,1.1755102040816325,0.00059019503,-0.000169391186
1.0040816326530613,1.1673469387755102,0.000590354401,-0.00017110208
1.0040816326530613,1.1591836734693877,0.00058939157,-0.000169270186
1.0040816326530613,1.1510204081632653,0.00059014146,-0.000169246551
1.0040816326530613,1.1428571428571428,0.000589845531,-0.000169044531
1.0040816326530613,1.1346938775510205,0.000590106291,-0.000168522091
1.0040816326530613,1.126530612244898,0.000590565137,-0.000168121293
1.0040816326530613,1.1183673469387754,0.000590528241,-0.00016861708
1.0040816326530613,1.110204081632653,0.000591435297,-0.000168126014
1.0040816326530613,1.1020408163265305,0.000590358233,-0.000169069899
1.0040816326530613,1.0938775510204082,0.00058982713,-0.000169416554
1.0040816326530613,1.0857142857142856,0.000590122486,-0.000168866594
1.0040816326530613,1.0775510204081633,0.000590547982,-0.000167697279
1.0040816326530613,1.0693877551020408,0.000590734185,-0.000168136771
1.0040816326530613,1.0612244897959184,0.000590438829,-0.000169567195
1.0040816326530613,1.0530612244897959,0.000590991879,-0.000167902092
1.0040816326530613,1.0448979591836736,0.00059083778,-0.000168381759
1.0040816326530613,1.036734693877551,0.000590444101,-0.000168525751
1.0040816326530613,1.0285714285714285,0.000590461062,-0.000168361335
1.0040816326530613,1.0204081632653061,0.000590449659,-0.000168119366
1.0040816326530613,1.0122448979591836,0.000590669498,-0.000167738961
1.0040816326530613,1.0040816326530613,0.000589427892,-0.000168348457
1.0040816326530613,0.9959183673469387,0.00059011846,-0.000167706945
1.0040816326530613,0.9877551020408163,0.000590303897,-0.000167443461
1.0040816326530613,0.9795918367346939,0.000590600786,-0.000168142134
1.0040816326530613,0.9714285714285714,0.000589688172,-0.000168251959
1.0040816326530613,0.963265306122449,0.000589297559,-0.000168024571
1.0040816326530613,0.9551020408163265,0.000591222549,-0.000167042439
1.0040816326530613,0.9469387755102041,0.00059069451,-0.000168901629
1.0040816326530613,0.9387755102040816,0.000590654836,-0.000168983291
1.0040816326530613,0.9306122448979592,0.000589968866,-0.000169588485
1.0040816326530613,0.9224489795918367,0.000589912803,-0.000168509631
1.0040816326530613,0.9142857142857143,0.000590217743,-0.000168996618
1.0040816326530613,0.9061224489795918,0.000590039398,-0.000169264822
1.0040816326530613,0.8979591836734694,0.000590482529,-0.000168465572
1.0040816326530613,0.889795918367347,0.000590237964,-0.000169200565
1.0040816326530613,0.8816326530612244,0.000590489333,-0.000168456549
1.0040816326530613,0.8734693877551021,0.000590609603,-0.000168418945
1.0040816326530613,0.8653061224489795,0.000590205094,-0.000169749016
1.0040816326530613,0.8571428571428572,0.000590189185,-0.000168698324
1.0040816326530613,0.8489795918367347,0.000591712445,-0.000169262671
1.0040816326530613,0.8408163265306122,0.00059260867,-0.000169388616
1.0040816326530613,0.8326530612244898,0.000591318766,-0.000168425399
1.0040816326530613,0.8244897959183674,0.000591282443,-0.000169320698
1.0040816326530613,0.8163265306122449,0.000590537345,-0.000168683489
1.0040816326530613,0.8081632653061225,0.000590396855,-0.000168437859
1.0040816326530613,0.8,0.000589373076,-0.000168194574
0.9959183673469387,1.2,0.000592986348,-0.000166777253
0.9959183673469387,1.1918367346938774,0.000592671538,-0.00016642501
0.9959183673469387,1.183673469387755,0.000591774353,-0.000166767362
0.9959183673469387,1.1755102040816325,0.000591316273,-0.000166316919
0.9959183673469387,1.1673469387755102,0.000592575034,-0.000167280136
0.9959183673469387,1.1591836734693877,0.000592858793,-0.000167439158
0.9959183673469387,1.1510204081632653,0.000593482855,-0.000167516324
0.9959183673469387,1.1428571428571428,0.000593462635,-0.000167966768
0.9959183673469387,1.1346938775510205,0.000593447973,-0.000167577563
0.9959183673469387,1.126530612244898,0.000592018918,-0.000167455279
0.9959183673469387,1.1183673469387754,0.00059313163,-0.000167819981
0.9959183673469387,1.110204081632653,0.000591904973,-0.000168083465
0.9959183673469387,1.1020408163265305,0.000593290521,-0.000168132468
0.9959183673469387,1.0938775510204082,0.000592538138,-0.000167146676
0.9959183673469387,1.0857142857142856,0.000592620553,-0.000168381116
0.9959183673469387,1.0775510204081633,0.0005932956,-0.00016861451
0.9959183673469387,1.0693877551020408,0.000592378767,-0.000167944642
0.9959183673469387,1.0612244897959184,0.000593063398,-0.000167888766
0.9959183673469387,1.0530612244897959,0.000592144552,-0.00016749741
0.9959183673469387,1.0448979591836736,0.000592741783,-0.000167104769
0.9959183673469387,1.036734693877551,0.000592557593,-0.000167574352
0.9959183673469387,1.0285714285714285,0.0005927736,-0.000168716596
0.9959183673469387,1.0204081632653061,0.00059219429,-0.000167760894
0.9959183673469387,1.0122448979591836,0.000592691278,-0.000168203598
0.9959183673469387,1.0040816326530613,0.000592622566,-0.000167481932
0.9959183673469387,0.9959183673469387,0.000592472685,-0.00016739404
0.9959183673469387,0.9877551020408163,0.000591804923,-0.000167716611
0.9959183673469387,0.9795918367346939,0.000592521944,-0.000168031249
0.9959183673469387,0.9714285714285714,0.000592210679,-0.000167202777
0.9959183673469387,0.963265306122449,0.00059154397,-0.000168719808
0.9959183673469387,0.9551020408163265,0.000592389597,-0.00016768954
0.9959183673469387,0.9469387755102041,0.000591891843,-0.000167918631
0.9959183673469387,0.9387755102040816,0.000591803197,-0.000167910892
0.9959183673469387,0.9306122448979592,0.000591308702,-0.000167372974
0.9959183673469387,0.9224489795918367,0.000591430985,-0.000168135262
0.9959183673469387,0.9142857142857143,0.000591868077,-0.000167405857
0.9959183673469387,0.9061224489795918,0.000592562671,-0.00016773058
0.9959183673469387,0.8979591836734694,0.00059132691,-0.000167789698
0.9959183673469387,0.889795918367347,0.000592058112,-0.000167407366
0.9959183673469387,0.8816326530612244,0.000591516658,-0.000166862994
0.9959183673469387,0.8734693877551021,0.0005915548,-0.000167220824
0.9959183673469387,0.8653061224489795,0.000592388064,-0.000166000996
0.9959183673469387,0.8571428571428572,0.000591928452,-0.000166806476
0.9959183673469387,0.8489795918367347,0.000591602812,-0.000168427102
0.9959183673469387,0.8408163265306122,0.000591536592,-0.000166960134
0.9959183673469387,0.8326530612244898,0.000592400427,-0.00016671428
0.9959183673469387,0.8244897959183674,0.000592420648,-0.000167220824
0.9959183673469387,0.8163265306122449,0.000593081125,-0.000167083928
0.9959183673469387,0.8081632653061225,0.000591743016,-0.000167248538
0.9959183673469387,0.8,0.000591735445,-0.000167635815
0.9877551020408163,1.2,0.000593070489,-0.000167988476
0.9877551020408163,1.1918367346938774,0.000594623073,-0.000168345439
0.9877551020408163,1.183673469387755,0.000594967973,-0.000167795479
0.9877551020408163,1.1755102040816325,0.000594536153,-0.000168044352
0.9877551020408163,1.1673469387755102,0.000593982336,-0.000168130317
0.9877551020408163,1.1591836734693877,0.000593941128,-0.000167389094
0.9877551020408163,1.1510204081632653,0.000594560398,-0.000167759802
0.9877551020408163,1.1428571428571428,0.000593115241,-0.000167129271
0.9877551020408163,1.1346938775510205,0.000592563437,-0.000166749091
0.9877551020408163,1.126530612244898,0.000593615202,-0.000166229862
0.9877551020408163,1.1183673469387754,0.000592407232,-0.000167980094
0.9877551020408163,1.110204081632653,0.00059240196,-0.000167667189
0.9877551020408163,1.1020408163265305,0.000594157708,-0.000168113554
0.9877551020408163,1.0938775510204082,0.00059273929,-0.000167904886
0.9877551020408163,1.0857142857142856,0.000592888311,-0.000167084346
0.9877551020408163,1.0775510204081633,0.000593856794,-0.000167946569
0.9877551020408163,1.0693877551020408,0.000593644046,-0.000166649156
0.9877551020408163,1.0612244897959184,0.000592833781,-0.000167052554
0.9877551020408163,1.0530612244897959,0.000592378194,-0.000167437231
0.9877551020408163,1.0448979591836736,0.000591474491,-0.000166778538
0.9877551020408163,1.036734693877551,0.000591300845,-0.000167786456
0.9877551020408163,1.0285714285714285,0.000590959776,-0.000168586572
0.9877551020408163,1.0204081632653061,0.000591770041,-0.000167243817
0.9877551020408163,1.0122448979591836,0.000591305157,-0.00016807595
0.9877551020408163,1.0040816326530613,0.000592364585,-0.00016933531
0.9877551020408163,0.9959183673469387,0.000593279691,-0.000169255574
0.9877551020408163,0.9877551020408163,0.000592936323,-0.000168817591
0.9877551020408163,0.9795918367346939,0.000594421441,-0.00016833147
0.9877551020408163,0.9714285714285714,0.000593946493,-0.000168964377
0.9877551020408163,0.963265306122449,0.000594209746,-0.00016819329
0.9877551020408163,0.9551020408163265,0.000595128398,-0.000167559291
0.9877551020408163,0.9469387755102041,0.000593774379,-0.000166313901
0.9877551020408163,0.9387755102040816,0.000593281224,-0.000167816127
0.9877551020408163,0.9306122448979592,0.000592984621,-0.000167755724
0.9877551020408163,0.9224489795918367,0.000592485335,-0.000166901465
0.9877551020408163,0.9142857142857143,0.000592921181,-0.000167171821
0.9877551020408163,0.9061224489795918,0.00059351218,-0.000166814215
0.9877551020408163,0.8979591836734694,0.000593656122,-0.000167130138
0.9877551020408163,0.889795918367347,0.000593421428,-0.000167716611
0.9877551020408163,0.8816326530612244,0.000593649604,-0.000166583614
0.9877551020408163,0.8734693877551021,0.00059226099,-0.000167991912
0.9877551020408163,0.8653061224489795,0.000593286782,-0.000167418766
0.9877551020408163,0.8571428571428572,0.000592469426,-0.000168145795
0.9877551020408163,0.8489795918367347,0.000592361039,-0.00016785781
0.9877551020408163,0.8408163265306122,0.000591519917,-0.000167600138
0.9877551020408163,0.8326530612244898,0.000591110903,-0.000166763926
0.9877551020408163,0.8244897959183674,0.000590954024,-0.000168286127
0.9877551020408163,0.8163265306122449,0.000591324131,-0.000167490538
0.9877551020408163,0.8081632653061225,0.000591169745,-0.000166329379
0.9877551020408163,0.8,0.000590179029,-0.000167816545
0.9795918367346939,1.2,0.000591907272,-0.000170402989
0.9795918367346939,1.1918367346938774,0.000591978477,-0.000169761476
0.9795918367346939,1.183673469387755,0.000593267808,-0.000169299633
0.9795918367346939,1.1755102040816325,0.000591369843,-0.00016898737
0.9795918367346939,1.1673469387755102,0.00059213037,-0.000169290609
0.9795918367346939,1.1591836734693877,0.000593118501,-0.000170113076
0.9795918367346939,1.1510204081632653,0.000591992373,-0.00017063831
0.9795918367346939,1.1428571428571428,0.00059225112,-0.000169816709
0.9795918367346939,1.1346938775510205,0.000590757664,-0.000169844005
0.9795918367346939,1.126530612244898,0.000589276858,-0.000169990791
0.9795918367346939,1.1183673469387754,0.0005915341,-0.000170525273
0.9795918367346939,1.110204081632653,0.000593001776,-0.000168657926
0.9795918367346939,1.1020408163265305,0.000592330469,-0.000169983052
0.9795918367346939,1.0938775510204082,0.00059307758,-0.000170529352
0.9795918367346939,1.0857142857142856,0.000592636461,-0.000169634888
0.9795918367346939,1.0775510204081633,0.00059187948,-0.00016983906
0.9795918367346939,1.0693877551020408,0.000591413543,-0.000169029277
0.9795918367346939,1.0612244897959184,0.000591047462,-0.000170695052
0.9795918367346939,1.0530612244897959,0.000591663187,-0.000170490881
0.9795918367346939,1.0448979591836736,0.000591160161,-0.000170848487
0.9795918367346939,1.036734693877551,0.000591837027,-0.000170730505
0.9795918367346939,1.0285714285714285,0.00059124938,-0.000170439726
0.9795918367346939,1.0204081632653061,0.000592392376,-0.000169998082
0.9795918367346939,1.0122448979591836,0.000593258224,-0.000169639191
0.9795918367346939,1.0040816326530613,0.00059320868,-0.000170409219
0.9795918367346939,0.9959183673469387,0.000593831015,-0.000171297228
0.9795918367346939,0.9877551020408163,0.000593923494,-0.000170200102
0.9795918367346939,0.9795918367346939,0.000593933364,-0.000170260923
0.9795918367346939,0.9714285714285714,0.00059315185,-0.000169831321
0.9795918367346939,0.963265306122449,0.00059254245,-0.000170240724
0.9795918367346939,0.9551020408163265,0.000592128071,-0.000170020239
0.9795918367346939,0.9469387755102041,0.000592395636,-0.000170043649
0.9795918367346939,0.9387755102040816,0.000591709952,-0.000170023675
0.9795918367346939,0.9306122448979592,0.000591046216,-0.000170116512
0.9795918367346939,0.9224489795918367,0.00059263263,-0.00016963081
0.9795918367346939,0.9142857142857143,0.000590827909,-0.000169953187
0.9795918367346939,0.9061224489795918,0.000590895855,-0.000168883775
0.9795918367346939,0.8979591836734694,0.000590391297,-0.000168992958
0.9795918367346939,0.889795918367347,0.000590915596,-0.000169361096
0.9795918367346939,0.8816326530612244,0.000590976931,-0.000170244802
0.9795918367346939,0.8734693877551021,0.000590107824,-0.000169851102
0.9795918367346939,0.8653061224489795,0.000590187173,-0.000171426803
0.9795918367346939,0.8571428571428572,0.000591030787,-0.000170691167
0.9795918367346939,0.8489795918367347,0.000590704861,-0.000169860543
0.9795918367346939,0.8408163265306122,0.000590199056,-0.000170409219
0.9795918367346939,0.8326530612244898,0.000590447933,-0.000169844005
0.9795918367346939,0.8244897959183674,0.000590994178,-0.000169881609
0.9795918367346939,0.8163265306122449,0.000591855714,-0.000169290609
0.9795918367346939,0.8081632653061225,0.000590351909,-0.000169899239
0.9795918367346939,0.8,0.000591407985,-0.000169916644
0.9714285714285714,1.2,0.000591202615,-0.000167993421
0.9714285714285714,1.1918367346938774,0.000591074007,-0.000168880563
0.9714285714285714,1.183673469387755,0.000590929972,-0.000168039631
0.9714285714285714,1.1755102040816325,0.000590952205,-0.000166730401
0.9714285714285714,1.1673469387755102,0.000592123759,-0.000168258832
0.9714285714285714,1.1591836734693877,0.000591753366,-0.00016848985
0.9714285714285714,1.1510204081632653,0.00059330595,-0.000167455727
0.9714285714285714,1.1428571428571428,0.000593164213,-0.000168937082
0.9714285714285714,1.1346938775510205,0.000591993425,-0.00016723672
0.9714285714285714,1.126530612244898,0.000591344831,-0.000168314065
0.9714285714285714,1.1183673469387754,0.000592399181,-0.000166943372
0.9714285714285714,1.110204081632653,0.000592974465,-0.000168333622
0.9714285714285714,1.1020408163265305,0.000591327196,-0.000167518251
0.9714285714285714,1.0938775510204082,0.000592351456,-0.000166823238
0.9714285714285714,1.0857142857142856,0.000592189212,-0.000167013859
0.9714285714285714,1.0775510204081633,0.000592182408,-0.000166081791
0.9714285714285714,1.0693877551020408,0.000591771574,-0.000167544038
0.9714285714285714,1.0612244897959184,0.000591677849,-0.000167712532
0.9714285714285714,1.0530612244897959,0.000591241236,-0.000167454636
0.9714285714285714,1.0448979591836736,0.000591617474,-0.000167321176
0.9714285714285714,1.036734693877551,0.000591415076,-0.000168364996
0.9714285714285714,1.0285714285714285,0.00059180617,-0.000168285485
0.9714285714285714,1.0204081632653061,0.000592529035,-0.000168080671
0.9714285714285714,1.0122448979591836,0.000591731419,-0.000167864682
0.9714285714285714,1.0040816326530613,0.000592182408,-0.000168251092
0.9714285714285714,0.9959183673469387,0.000592182408,-0.000167366968
0.9714285714285714,0.9877551020408163,0.000591985088,-0.000167198892
0.9714285714285714,0.9795918367346939,0.000591720302,-0.00016849351
0.9714285714285714,0.9714285714285714,0.000590991593,-0.000168075726
0.9714285714285714,0.963265306122449,0.000591490113,-0.000168144286
0.9714285714285714,0.9551020408163265,0.00059132691,-0.000167903377
0.9714285714285714,0.9469387755102041,0.000592085904,-0.000167628076
0.9714285714285714,0.9387755102040816,0.00059144488,-0.000167251556
0.9714285714285714,0.9306122448979592,0.000591227627,-0.000167930448
0.9714285714285714,0.9224489795918367,0.000591550774,-0.000168214131
0.9714285714285714,0.9142857142857143,0.000591551541,-0.000166932196
0.9714285714285714,0.9061224489795918,0.000592355001,-0.000168132886
0.9714285714285714,0.8979591836734694,0.000592473258,-0.00016828677
0.9714285714285714,0.889795918367347,0.000590875635,-0.000167814394
0.9714285714285714,0.8816326530612244,0.000591368311,-0.000168191138
0.9714285714285714,0.8734693877551021,0.000589569435,-0.000167533505
0.9714285714285714,0.8653061224489795,0.000590902946,-0.0001670347
0.9714285714285714,0.8571428571428572,0.000591904206,-0.000167356211
0.9714285714285714,0.8489795918367347,0.000591735731,-0.000167224903
0.9714285714285714,0.8408163265306122,0.000590977983,-0.000167556498
0.9714285714285714,0.8326530612244898,0.000591573488,-0.000168356196
0.9714285714285714,0.8244897959183674,0.00059118642,-0.000168170715
0.9714285714285714,0.8163265306122449,0.000591663187,-0.00016737018
0.9714285714285714,0.8081632653061225,0.000593016152,-0.000167480647
0.9714285714285714,0.8,0.000591654083,-0.00016864566
0.963265306122449,1.2,0.000591783936,-0.00016882899
0.963265306122449,1.1918367346938774,0.000591761703,-0.000168032534
0.963265306122449,1.183673469387755,0.000591059825,-0.000168826197
0.963265306122449,1.1755102040816325,0.000590931504,-0.000168513934
0.963265306122449,1.1673469387755102,0.000591197056,-0.000168297078
0.963265306122449,1.1591836734693877,0.000591083591,-0.000168670162
0.963265306122449,1.1510204081632653,0.000590328143,-0.000168734001
0.963265306122449,1.1428571428571428,0.00059015229,-0.00016874797
0.963265306122449,1.1346938775510205,0.000590682627,-0.000168723693
0.963265306122449,1.126530612244898,0.000590499204,-0.000168157613
0.963265306122449,1.1183673469387754,0.000591202328,-0.000168242711
0.963265306122449,1.110204081632653,0.000590756612,-0.00016751976
0.963265306122449,1.1020408163265305,0.000591199835,-0.000169329947
0.963265306122449,1.0938775510204082,0.000590852922,-0.000168617947
0.963265306122449,1.0857142857142856,0.000590075527,-0.000168406678
0.963265306122449,1.0775510204081633,0.000589177575,-0.000168842093
0.963265306122449,1.0693877551020408,0.000590830975,-0.000167755948
0.963265306122449,1.0612244897959184,0.000590305143,-0.000168478257
0.963265306122449,1.0530612244897959,0.00059046662,-0.000168780853
0.963265306122449,1.0448979591836736,0.000590889051,-0.000169563759
0.963265306122449,1.036734693877551,0.000591076786,-0.000169662184
0.963265306122449,1.0285714285714285,0.00059055306,-0.000168911295
0.963265306122449,1.0204081632653061,0.000590849663,-0.000169365399
0.963265306122449,1.0122448979591836,0.000590192444,-0.000168663932
0.963265306122449,1.0040816326530613,0.000590617174,-0.000168675974
0.963265306122449,0.9959183673469387,0.000590954218,-0.000168463645
0.963265306122449,0.9877551020408163,0.000591030021,-0.000167771844
0.963265306122449,0.9795918367346939,0.000591298352,-0.000168284618
0.963265306122449,0.9714285714285714,0.000591164953,-0.000168148364
0.963265306122449,0.963265306122449,0.00059058737,-0.000168111403
0.963265306122449,0.9551020408163265,0.000591403193,-0.000167698563
0.963265306122449,0.9469387755102041,0.000591212485,-0.00016774047
0.963265306122449,0.9387755102040816,0.000590690678,-0.000168067569
0.963265306122449,0.9306122448979592,0.000590378934,-0.000167502131
0.963265306122449,0.9224489795918367,0.000589726314,-0.000168311271
0.963265306122449,0.9142857142857143,0.000589631057,-0.000167482574
0.963265306122449,0.9061224489795918,0.000589095641,-0.000167806879
0.963265306122449,0.8979591836734694,0.000588865258,-0.000167962047
0.963265306122449,0.889795918367347,0.000590667199,-0.000168196083
0.963265306122449,0.8816326530612244,0.000590977217,-0.000168621383
0.963265306122449,0.8734693877551021,0.0005904234,-0.00016685397
0.963265306122449,0.8653061224489795,0.000591164953,-0.000167151622
0.963265306122449,0.8571428571428572,0.000590495658,-0.000167439383
0.963265306122449,0.8489795918367347,0.000589603265,-0.000166686985
0.963265306122449,0.8408163265306122,0.000592031854,-0.000167703509
0.963265306122449,0.8326530612244898,0.000590881,-0.000167113375
0.963265306122449,0.8244897959183674,0.000590653783,-0.000167950647
0.963265306122449,0.8163265306122449,0.000590464607,-0.000169510034
0.963265306122449,0.8081632653061225,0.000589895076,-0.000168988012
0.963265306122449,0.8,0.000591996205,-0.000169245908
0.9551020408163265,1.2,0.000588393283,-0.00016915458
0.9551020408163265,1.1918367346938774,0.000588073201,-0.000170522897
0.9551020408163265,1.183673469387755,0.000587543343,-0.000170451543
0.9551020408163265,1.1755102040816325,0.000586199962,-0.000170170879
0.9551020408163265,1.1673469387755102,0.000586008681,-0.000170263941
0.9551020408163265,1.1591836734693877,0.000587560785,-0.000169988864
0.9551020408163265,1.1510204081632653,0.000587350816,-0.000170026886
0.9551020408163265,1.1428571428571428,0.000588047422,-0.00016992997
0.9551020408163265,1.1346938775510205,0.000587874828,-0.00017155856
0.9551020408163265,1.126530612244898,0.000588617627,-0.000170467888
0.9551020408163265,1.1183673469387754,0.000586757804,-0.000170491523
0.9551020408163265,1.110204081632653,0.000587391737,-0.000169711187
0.9551020408163265,1.1020408163265305,0.000587475877,-0.000169359812
0.9551020408163265,1.0938775510204082,0.000587154263,-0.000169529591
0.9551020408163265,1.0857142857142856,0.000587329829,-0.000169144914
0.9551020408163265,1.0775510204081633,0.000587979956,-0.000169769215
0.9551020408163265,1.0693877551020408,0.000588459216,-0.000170430702
0.9551020408163265,1.0612244897959184,0.00058772878,-0.000169899656
0.9551020408163265,1.0530612244897959,0.000588540578,-0.000169503162
0.9551020408163265,1.0448979591836736,0.000588506748,-0.00017082164
0.9551020408163265,1.036734693877551,0.000589043603,-0.000170112852
0.9551020408163265,1.0285714285714285,0.000588456437,-0.00016985152
0.9551020408163265,1.0204081632653061,0.000588192418,-0.000170898775
0.9551020408163265,1.0122448979591836,0.000588185613,-0.000170233852
0.9551020408163265,1.0040816326530613,0.00058794632,-0.000169585467
0.9551020408163265,0.9959183673469387,0.000587628251,-0.000169687104
0.9551020408163265,0.9877551020408163,0.000587899554,-0.000168271291
0.9551020408163265,0.9795918367346939,0.000587805636,-0.000169609102
0.9551020408163265,0.9714285714285714,0.000588125718,-0.000170726844
0.9551020408163265,0.963265306122449,0.000587066096,-0.000169387107
0.9551020408163265,0.9551020408163265,0.000587147171,-0.00016964693
0.9551020408163265,0.9469387755102041,0.000586915736,-0.000168012111
0.9551020408163265,0.9387755102040816,0.000588013786,-0.00017092758
0.9551020408163265,0.9306122448979592,0.000586172937,-0.00016911203
0.9551020408163265,0.9224489795918367,0.00058780535,-0.000169916644
0.9551020408163265,0.9142857142857143,0.000587614355,-0.00016965316
0.9551020408163265,0.9061224489795918,0.000588217716,-0.000169208947
0.9551020408163265,0.8979591836734694,0.000588829895,-0.00016953733
0.9551020408163265,0.889795918367347,0.000589233638,-0.000169760833
0.9551020408163265,0.8816326530612244,0.00058901102,-0.000169155222
0.9551020408163265,0.8734693877551021,0.000589020124,-0.000168961808
0.9551020408163265,0.8653061224489795,0.000589633356,-0.000170721257
0.9551020408163265,0.8571428571428572,0.000588698029,-0.000169938994
0.9551020408163265,0.8489795918367347,0.000587660834,-0.000169155222
0.9551020408163265,0.8408163265306122,0.0005883814,-0.000169940921
0.9551020408163265,0.8326530612244898,0.000588996358,-0.000170347531
0.9551020408163265,0.8244897959183674,0.000588426153,-0.000168976419
0.9551020408163265,0.8163265306122449,0.000588470139,-0.000169888706
0.9551020408163265,0.8081632653061225,0.000589027695,-0.000169645645
0.9551020408163265,0.8,0.000587661314,-0.0001704711
0.9469387755102041,1.2,0.000589886258,-0.000167328273
0.9469387755102041,1.1918367346938774,0.000590027995,-0.000167867476
0.9469387755102041,1.183673469387755,0.000589409011,-0.000167694485
0.9469387755102041,1.1755102040816325,0.000589796559,-0.000166770799
0.9469387755102041,1.1673469387755102,0.000589379687,-0.00016738887
0.9469387755102041,1.1591836734693877,0.000587541331,-0.000166902749
0.9469387755102041,1.1510204081632653,0.000588839479,-0.000167810733
0.9469387755102041,1.1428571428571428,0.000589291234,-0.000167021822
0.9469387755102041,1.1346938775510205,0.000588184847,-0.000167400045
0.9469387755102041,1.126530612244898,0.000588205547,-0.000167212861
0.9469387755102041,1.1183673469387754,0.000588357634,-0.000166578669
0.9469387755102041,1.110204081632653,0.000588077706,-0.000167145392
0.9469387755102041,1.1020408163265305,0.000588685093,-0.00016753845
0.9469387755102041,1.0938775510204082,0.000587778518,-0.000167145167
0.9469387755102041,1.0857142857142856,0.000588931671,-0.000167101333
0.9469387755102041,1.0775510204081633,0.00058833722,-0.000166289399
0.9469387755102041,1.0693877551020408,0.000589857414,-0.00016694379
0.9469387755102041,1.0612244897959184,0.00059108685,-0.000167194171
0.9469387755102041,1.0530612244897959,0.000590741469,-0.000167219315
0.9469387755102041,1.0448979591836736,0.000590827909,-0.000167243817
0.9469387755102041,1.036734693877551,0.000590599253,-0.000166886629
0.9469387755102041,1.0285714285714285,0.000590348363,-0.000166420065
0.9469387755102041,1.0204081632653061,0.000590193211,-0.000167466678
0.9469387755102041,1.0122448979591836,0.00059088148,-0.000166626388
0.9469387755102041,1.0040816326530613,0.000590169731,-0.000166369134
0.9469387755102041,0.9959183673469387,0.000589537332,-0.000166645945
0.9469387755102041,0.9877551020408163,0.000590126225,-0.00016818189
0.9469387755102041,0.9795918367346939,0.000589852622,-0.000167195038
0.9469387755102041,0.9714285714285714,0.000590506008,-0.000167010423
0.9469387755102041,0.963265306122449,0.000589394829,-0.000166938426
0.9469387755102041,0.9551020408163265,0.000589149497,-0.000167571976
0.9469387755102041,0.9469387755102041,0.000588813221,-0.000167357496
0.9469387755102041,0.9387755102040816,0.00058860881,-0.000167187717
0.9469387755102041,0.9306122448979592,0.000588640147,-0.000166507315
0.9469387755102041,0.9224489795918367,0.000588994345,-0.000166272218
0.9469387755102041,0.9142857142857143,0.00058978343,-0.000166604456
0.9469387755102041,0.9061224489795918,0.000588371816,-0.000166429313
0.9469387755102041,0.8979591836734694,0.000588463528,-0.000166494855
0.9469387755102041,0.889795918367347,0.000588452891,-0.000165452545
0.9469387755102041,0.8816326530612244,0.000589815727,-0.000166765211
0.9469387755102041,0.8734693877551021,0.000588378907,-0.000166948959
0.9469387755102041,0.8653061224489795,0.000589390517,-0.000167232642
0.9469387755102041,0.8571428571428572,0.000589723821,-0.000166561906
0.9469387755102041,0.8489795918367347,0.000589225301,-0.000166858915
0.9469387755102041,0.8408163265306122,0.000588827116,-0.000166907695
0.9469387755102041,0.8326530612244898,0.000587779571,-0.000167448631
0.9469387755102041,0.8244897959183674,0.000587719962,-0.00016755974
0.9469387755102041,0.8163265306122449,0.000587400074,-0.000167210709
0.9469387755102041,0.8081632653061225,0.00058753146,-0.000167325704
0.9469387755102041,0.8,0.000587633042,-0.000167004193
0.9387755102040816,1.2,0.000587340179,-0.000166728025
0.9387755102040816,1.1918367346938774,0.000587103471,-0.0001668602
0.9387755102040816,1.183673469387755,0.000587885465,-0.000166738782
0.9387755102040816,1.1755102040816325,0.000586269441,-0.000166526454
0.9387755102040816,1.1673469387755102,0.000586797765,-0.000167314946
0.9387755102040816,1.1591836734693877,0.000586055926,-0.00016616432
0.9387755102040816,1.1510204081632653,0.000586331348,-0.000165810151
0.9387755102040816,1.1428571428571428,0.000586041264,-0.000166189689
0.9387755102040816,1.1346938775510205,0.000586762883,-0.000165956937
0.9387755102040816,1.126530612244898,0.000586484968,-0.000165470592
0.9387755102040816,1.1183673469387754,0.000586235611,-0.000167302262
0.9387755102040816,1.110204081632653,0.000588001903,-0.00016637257
0.9387755102040816,1.1020408163265305,0.000586726754,-0.000166936499
0.9387755102040816,1.0938775510204082,0.00058812016,-0.000165073873
0.9387755102040816,1.0857142857142856,0.000586881906,-0.000166638848
0.9387755102040816,1.0775510204081633,0.000587826816,-0.000165445673
0.9387755102040816,1.0693877551020408,0.000586475384,-0.000167183862
0.9387755102040816,1.0612244897959184,0.000586889477,-0.000167447346
0.9387755102040816,1.0530612244897959,0.000587339219,-0.000167069735
0.9387755102040816,1.0448979591836736,0.000587216937,-0.000166760266
0.9387755102040816,1.036734693877551,0.000586017018,-0.000165841749
0.9387755102040816,1.0285714285714285,0.000587676742,-0.000165061413
0.9387755102040816,1.0204081632653061,0.000587496578,-0.000165974342
0.9387755102040816,1.0122448979591836,0.000587033993,-0.000166327227
0.9387755102040816,1.0040816326530613,0.00058737075,-0.000165144585
0.9387755102040816,0.9959183673469387,0.000587385218,-0.000164460523
0.9387755102040816,0.9877551020408163,0.000587311141,-0.000165322521
0.9387755102040816,0.9795918367346939,0.000586907112,-0.000164586244
0.9387755102040816,0.9714285714285714,0.00058717295,-0.000164687687
0.9387755102040816,0.963265306122449,0.000587175729,-0.00016510332
0.9387755102040816,0.9551020408163265,0.000587647418,-0.000165622549
0.9387755102040816,0.9469387755102041,0.000587218183,-0.000166337342
0.9387755102040816,0.9387755102040816,0.000586914489,-0.000164605382
0.9387755102040816,0.9306122448979592,0.000588484515,-0.000165559351
0.9387755102040816,0.9224489795918367,0.000587573148,-0.000165831216
0.9387755102040816,0.9142857142857143,0.000589519891,-0.000165683145
0.9387755102040816,0.9061224489795918,0.000590297286,-0.000165488864
0.9387755102040816,0.8979591836734694,0.000589629524,-0.000165193782
0.9387755102040816,0.889795918367347,0.000589684913,-0.000165460059
0.9387755102040816,0.8816326530612244,0.000589442841,-0.000166464123
0.9387755102040816,0.8734693877551021,0.000590713198,-0.000165532056
0.9387755102040816,0.8653061224489795,0.000590626278,-0.000166352596
0.9387755102040816,0.8571428571428572,0.000590537825,-0.000165919109
0.9387755102040816,0.8489795918367347,0.00059043375,-0.000166362904
0.9387755102040816,0.8408163265306122,0.000591062891,-0.000166784125
0.9387755102040816,0.8326530612244898,0.000591070462,-0.000165279972
0.9387755102040816,0.8244897959183674,0.000591115695,-0.000166171193
0.9387755102040816,0.8163265306122449,0.000592141487,-0.000165679709
0.9387755102040816,0.8081632653061225,0.000592120213,-0.000166287696
0.9387755102040816,0.8,0.000591543397,-0.000166393412
0.9306122448979592,1.2,0.000590046969,-0.000164345753
0.9306122448979592,1.1918367346938774,0.000589138381,-0.000164481589
0.9306122448979592,1.183673469387755,0.000588540578,-0.000164688105
0.9306122448979592,1.1755102040816325,0.000588982749,-0.000163651607
0.9306122448979592,1.1673469387755102,0.000589597707,-0.000164560457
0.9306122448979592,1.1591836734693877,0.000590069202,-0.000163769171
0.9306122448979592,1.1510204081632653,0.000589373842,-0.000165104605
0.9306122448979592,1.1428571428571428,0.000589415049,-0.000165124804
0.9306122448979592,1.1346938775510205,0.000590034799,-0.000164376291
0.9306122448979592,1.126530612244898,0.000590170978,-0.000164607309
0.9306122448979592,1.1183673469387754,0.000589428945,-0.000165099242
0.9306122448979592,1.110204081632653,0.000588928412,-0.000164874871
0.9306122448979592,1.1020408163265305,0.000589149211,-0.000164429149
0.9306122448979592,1.0938775510204082,0.000588456437,-0.000165169087
0.9306122448979592,1.0857142857142856,0.000589500917,-0.000165223872
0.9306122448979592,1.0775510204081633,0.000588031227,-0.00016424691
0.9306122448979592,1.0693877551020408,0.000588433244,-0.000163940235
0.9306122448979592,1.0612244897959184,0.000589501969,-0.000164160302
0.9306122448979592,1.0530612244897959,0.000589109343,-0.000164313736
0.9306122448979592,1.0448979591836736,0.000589374129,-0.000163521583
0.9306122448979592,1.036734693877551,0.00058930513,-0.000163091339
0.9306122448979592,1.0285714285714285,0.000588738184,-0.000162715461
0.9306122448979592,1.0204081632653061,0.000588103005,-0.000162647767
0.9306122448979592,1.0122448979591836,0.000588582551,-0.000162915329
0.9306122448979592,1.0040816326530613,0.000588905892,-0.000163317636
0.9306122448979592,0.9959183673469387,0.000588634782,-0.000163843094
0.9306122448979592,0.9877551020408163,0.00058870656,-0.000163443999
0.9306122448979592,0.9795918367346939,0.000588890557,-0.000163621099
0.9306122448979592,0.9714285714285714,0.000588054707,-0.000163598749
0.9306122448979592,0.963265306122449,0.000588622226,-0.000165258264
0.9306122448979592,0.9551020408163265,0.000588570668,-0.000164133006
0.9306122448979592,0.9469387755102041,0.000587847803,-0.00016322801
0.9306122448979592,0.9387755102040816,0.00058832457,-0.00016507474
0.9306122448979592,0.9306122448979592,0.000587864958,-0.000164464826
0.9306122448979592,0.9224489795918367,0.000587495811,-0.000164271829
0.9306122448979592,0.9142857142857143,0.000587365958,-0.000163565641
0.9306122448979592,0.9061224489795918,0.000587506448,-0.000164499218
0.9306122448979592,0.8979591836734694,0.000588172197,-0.000163788503
0.9306122448979592,0.889795918367347,0.000587762896,-0.000163208036
0.9306122448979592,0.8816326530612244,0.000586839932,-0.00016332043
0.9306122448979592,0.8734693877551021,0.000587496098,-0.000164438397
0.9306122448979592,0.8653061224489795,0.000587011473,-0.000163065552
0.9306122448979592,0.8571428571428572,0.000587604485,-0.000163469786
0.9306122448979592,0.8489795918367347,0.000586839932,-0.000162952291
0.9306122448979592,0.8408163265306122,0.00058829352,-0.000164020388
0.9306122448979592,0.8326530612244898,0.000586564317,-0.000164008346
0.9306122448979592,0.8244897959183674,0.00058704233,-0.000164163096
0.9306122448979592,0.8163265306122449,0.000587647418,-0.000163739499
0.9306122448979592,0.8081632653061225,0.000587894762,-0.000164215311
0.9306122448979592,0.8,0.000588656822,-0.000163548236
0.9224489795918367,1.2,0.000587280284,-0.000164790415
0.9224489795918367,1.1918367346938774,0.000587408698,-0.000163151935
0.9224489795918367,1.183673469387755,0.00058613221,-0.000164413028
0.9224489795918367,1.1755102040816325,0.000586092821,-0.000164092384
0.9224489795918367,1.1673469387755102,0.000585733831,-0.000164393054
0.9224489795918367,1.1591836734693877,0.000585711312,-0.000164207572
0.9224489795918367,1.1510204081632653,0.000587259104,-0.000164534446
0.9224489795918367,1.1428571428571428,0.000587761363,-0.000165842392
0.9224489795918367,1.1346938775510205,0.000588287675,-0.000165075158
0.9224489795918367,1.126530612244898,0.000587360399,-0.00016577168
0.9224489795918367,1.1183673469387754,0.000588176509,-0.000164687463
0.9224489795918367,1.110204081632653,0.000585733065,-0.000164801366
0.9224489795918367,1.1020408163265305,0.000586391243,-0.000165038839
0.9224489795918367,1.0938775510204082,0.000585953864,-0.000165661437
0.9224489795918367,1.0857142857142856,0.000585520797,-0.000164575069
0.9224489795918367,1.0775510204081633,0.00058636949,-0.000163262402
0.9224489795918367,1.0693877551020408,0.000585611262,-0.000163078879
0.9224489795918367,1.0612244897959184,0.000585628704,-0.000163840943
0.9224489795918367,1.0530612244897959,0.000583964381,-0.000163388766
0.9224489795918367,1.0448979591836736,0.000583210752,-0.00016374316
0.9224489795918367,1.036734693877551,0.000584844218,-0.000163231895
0.9224489795918367,1.0285714285714285,0.000584267115,-0.000164750435
0.9224489795918367,1.0204081632653061,0.000584031847,-0.000163370494
0.9224489795918367,1.0122448979591836,0.000584884372,-0.000164707244
0.9224489795918367,1.0040816326530613,0.000585526355,-0.00016357961
0.9224489795918367,0.9959183673469387,0.000586527135,-0.000163670297
0.9224489795918367,0.9877551020408163,0.000585433111,-0.00016386522
0.9224489795918367,0.9795918367346939,0.000586482955,-0.000163993317
0.9224489795918367,0.9714285714285714,0.000585508434,-0.000163689435
0.9224489795918367,0.963265306122449,0.000585584237,-0.000163956131
0.9224489795918367,0.9551020408163265,0.000586592108,-0.000163854687
0.9224489795918367,0.9469387755102041,0.000586426606,-0.000163518789
0.9224489795918367,0.9387755102040816,0.000585218636,-0.000164069391
0.9224489795918367,0.9306122448979592,0.000585694637,-0.000164307506
0.9224489795918367,0.9224489795918367,0.000584522796,-0.00016344766
0.9224489795918367,0.9142857142857143,0.000585905372,-0.000164033714
0.9224489795918367,0.9061224489795918,0.00058544576,-0.000164284289
0.9224489795918367,0.8979591836734694,0.000586287648,-0.000164169968
0.9224489795918367,0.889795918367347,0.000585971305,-0.000163490851
0.9224489795918367,0.8816326530612244,0.000585511979,-0.000164432585
0.9224489795918367,0.8734693877551021,0.000586340932,-0.000162935528
0.9224489795918367,0.8653061224489795,0.000586597953,-0.000163116483
0.9224489795918367,0.8571428571428572,0.000586860919,-0.00016395247
0.9224489795918367,0.8489795918367347,0.000586692638,-0.000165051299
0.9224489795918367,0.8408163265306122,0.000585433683,-0.000165237198
0.9224489795918367,0.8326530612244898,0.000586055926,-0.000165037554
0.9224489795918367,0.8244897959183674,0.000584831088,-0.000164461808
0.9224489795918367,0.8163265306122449,0.000585877581,-0.000164392829
0.9224489795918367,0.8081632653061225,0.000586361919,-0.000165385494
0.9224489795918367,0.8,0.000587047889,-0.000164761611
0.9142857142857143,1.2,0.00058904389,-0.000165551612
0.9142857142857143,1.1918367346938774,0.000587729546,-0.000164948795
0.9142857142857143,1.183673469387755,0.000587657575,-0.00016575556
0.9142857142857143,1.1755102040816325,0.000588895062,-0.000164223693
0.9142857142857143,1.1673469387755102,0.000587723508,-0.000164692632
0.9142857142857143,1.1591836734693877,0.000588082498,-0.000166389333
0.9142857142857143,1.1510204081632653,0.00058910829,-0.000164584092
0.9142857142857143,1.1428571428571428,0.000588813987,-0.000165315873
0.9142857142857143,1.1346938775510205,0.000588140094,-0.000165414074
0.9142857142857143,1.126530612244898,0.000588034773,-0.000165188001
0.9142857142857143,1.1183673469387754,0.000588282883,-0.000165386778
0.9142857142857143,1.110204081632653,0.000589400867,-0.000165354538
0.9142857142857143,1.1020408163265305,0.000588691132,-0.000166015607
0.9142857142857143,1.0938775510204082,0.000588254325,-0.000164688329
0.9142857142857143,1.0857142857142856,0.000588318246,-0.000166925742
0.9142857142857143,1.0775510204081633,0.000589252326,-0.000165841749
0.9142857142857143,1.0693877551020408,0.000588430944,-0.00016607707
0.9142857142857143,1.0612244897959184,0.000587711625,-0.000165918466
0.9142857142857143,1.0530612244897959,0.00058815351,-0.000165284917
0.9142857142857143,1.0448979591836736,0.000586734038,-0.000166257383
0.9142857142857143,1.036734693877551,0.00058634879,-0.000166010886
0.9142857142857143,1.0285714285714285,0.000587285362,-0.00016696508
0.9142857142857143,1.0204081632653061,0.000587001409,-0.000166024855
0.9142857142857143,1.0122448979591836,0.0005872937,-0.000165659286
0.9142857142857143,1.0040816326530613,0.000586498097,-0.000166079222
0.9142857142857143,0.9959183673469387,0.000586749753,-0.000165620815
0.9142857142857143,0.9877551020408163,0.000587732612,-0.000166323791
0.9142857142857143,0.9795918367346939,0.000587061784,-0.000165625118
0.9142857142857143,0.9714285714285714,0.000588355907,-0.000166719226
0.9142857142857143,0.963265306122449,0.000586913437,-0.000165657359
0.9142857142857143,0.9551020408163265,0.000587261883,-0.000165583853
0.9142857142857143,0.9469387755102041,0.000586633509,-0.000165838089
0.9142857142857143,0.9387755102040816,0.000586608017,-0.00016523935
0.9142857142857143,0.9306122448979592,0.000587800078,-0.000165754499
0.9142857142857143,0.9224489795918367,0.000588581498,-0.000166353656
0.9142857142857143,0.9142857142857143,0.000588298792,-0.00016541128
0.9142857142857143,0.9061224489795918,0.000587749767,-0.000166951753
0.9142857142857143,0.8979591836734694,0.00058773913,-0.000166746297
0.9142857142857143,0.889795918367347,0.000587779857,-0.000166336251
0.9142857142857143,0.8816326530612244,0.000587430931,-0.000165784364
0.9142857142857143,0.8734693877551021,0.000587256325,-0.000165508839
0.9142857142857143,0.8653061224489795,0.000586849323,-0.000165773831
0.9142857142857143,0.8571428571428572,0.00058741349,-0.000165246671
0.9142857142857143,0.8489795918367347,0.000587199975,-0.000167057917
0.9142857142857143,0.8408163265306122,0.000588317766,-0.000165218284
0.9142857142857143,0.8326530612244898,0.000587611289,-0.000166070198
0.9142857142857143,0.8244897959183674,0.000587619147,-0.000164998441
0.9142857142857143,0.8163265306122449,0.000588042344,-0.000165723125
0.9142857142857143,0.8081632653061225,0.000589082318,-0.000166598226
0.9142857142857143,0.8,0.000590112136,-0.000165685939
0.9061224489795918,1.2,0.000586775246,-0.000165943386
0.9061224489795918,1.1918367346938774,0.000586449605,-0.000166529247
0.9061224489795918,1.183673469387755,0.000586668105,-0.000166881266
0.9061224489795918,1.1755102040816325,0.000587427865,-0.00016536401
0.9061224489795918,1.1673469387755102,0.000587702521,-0.000166220421
0.9061224489795918,1.1591836734693877,0.000586866191,-0.000165121592
0.9061224489795918,1.1510204081632653,0.000585845477,-0.000165780704
0.9061224489795918,1.1428571428571428,0.000587058239,-0.000164974581
0.9061224489795918,1.1346938775510205,0.00058631544,-0.000165253319
0.9061224489795918,1.126530612244898,0.000586826037,-0.000164985339
0.9061224489795918,1.1183673469387754,0.000588466787,-0.000166104366
0.9061224489795918,1.110204081632653,0.000588940295,-0.000165651547
0.9061224489795918,1.1020408163265305,0.000587622692,-0.000165374961
0.9061224489795918,1.0938775510204082,0.000588099939,-0.000165094297
0.9061224489795918,1.0857142857142856,0.000587941528,-0.000165131034
0.9061224489795918,1.0775510204081633,0.000588197976,-0.0001640797
0.9061224489795918,1.0693877551020408,0.000586883919,-0.000164627284
0.9061224489795918,1.0612244897959184,0.000587637834,-0.000164534028
0.9061224489795918,1.0530612244897959,0.000587872049,-0.000164508242
0.9061224489795918,1.0448979591836736,0.000587289194,-0.000164012006
0.9061224489795918,1.036734693877551,0.000587476644,-0.000164405289
0.9061224489795918,1.0285714285714285,0.000587812921,-0.000163932913
0.9061224489795918,1.0204081632653061,0.000588388491,-0.000164493824
0.9061224489795918,1.0122448979591836,0.000588678575,-0.000164306222
0.9061224489795918,1.0040816326530613,0.000588321505,-0.000164373273
0.9061224489795918,0.9959183673469387,0.000587606497,-0.000164603007
0.9061224489795918,0.9877551020408163,0.000587449905,-0.000163257039
0.9061224489795918,0.9795918367346939,0.000587991553,-0.000164544337
0.9061224489795918,0.9714285714285714,0.000588304064,-0.000164188882
0.9061224489795918,0.963265306122449,0.000588426153,-0.0001642656
0.9061224489795918,0.9551020408163265,0.000588393283,-0.000164414313
0.9061224489795918,0.9469387755102041,0.000588718443,-0.00016504722
0.9061224489795918,0.9387755102040816,0.000588244741,-0.000165201521
0.9061224489795918,0.9306122448979592,0.000587981969,-0.000164557663
0.9061224489795918,0.9224489795918367,0.000587453931,-0.000164478795
0.9061224489795918,0.9142857142857143,0.000589471879,-0.000163508899
0.9061224489795918,0.9061224489795918,0.000588605551,-0.000164883895
0.9061224489795918,0.8979591836734694,0.000590120953,-0.000163877262
0.9061224489795918,0.889795918367347,0.000592123279,-0.00016397376
0.9061224489795918,0.8816326530612244,0.000591376934,-0.00016350999
0.9061224489795918,0.8734693877551021,0.000591531034,-0.000164327063
0.9061224489795918,0.8653061224489795,0.000590792261,-0.000164590322
0.9061224489795918,0.8571428571428572,0.00059113007,-0.000163141627
0.9061224489795918,0.8489795918367347,0.000590842092,-0.000164473207
0.9061224489795918,0.8408163265306122,0.000590911284,-0.000165839598
0.9061224489795918,0.8326530612244898,0.00059022886,-0.00016560341
0.9061224489795918,0.8244897959183674,0.000591352689,-0.00016474183
0.9061224489795918,0.8163265306122449,0.000590002216,-0.00016570055
0.9061224489795918,0.8081632653061225,0.000591082345,-0.000165885808
0.9061224489795918,0.8,0.000591806936,-0.00016432899
0.8979591836734694,1.2,0.000588250013,-0.000163552315
0.8979591836734694,1.1918367346938774,0.000588797792,-0.00016119949
0.8979591836734694,1.183673469387755,0.000588060551,-0.000162791536
0.8979591836734694,1.1755102040816325,0.000587560785,-0.000162568674
0.8979591836734694,1.1673469387755102,0.000588895829,-0.000163257457
0.8979591836734694,1.1591836734693877,0.000588478956,-0.00016238772
0.8979591836734694,1.1510204081632653,0.000588403633,-0.000162340001
0.8979591836734694,1.1428571428571428,0.000587947853,-0.000163097793
0.8979591836734694,1.1346938775510205,0.000587799791,-0.000163087678
0.8979591836734694,1.126530612244898,0.000587898308,-0.000163916151
0.8979591836734694,1.1183673469387754,0.000588908478,-0.000163124864
0.8979591836734694,1.110204081632653,0.000588271,-0.000163082315
0.8979591836734694,1.1020408163265305,0.000588122939,-0.000162753707
0.8979591836734694,1.0938775510204082,0.000588089109,-0.000162137787
0.8979591836734694,1.0857142857142856,0.000589554293,-0.000163555751
0.8979591836734694,1.0775510204081633,0.000588698989,-0.000164234225
0.8979591836734694,1.0693877551020408,0.000589407478,-0.000161210665
0.8979591836734694,1.0612244897959184,0.000588543643,-0.000162257054
0.8979591836734694,1.0530612244897959,0.000589269001,-0.000161548939
0.8979591836734694,1.0448979591836736,0.000588812934,-0.000161631886
0.8979591836734694,1.036734693877551,0.000590788235,-0.000162919408
0.8979591836734694,1.0285714285714285,0.000588015319,-0.000163148724
0.8979591836734694,1.0204081632653061,0.00058970638,-0.000163286486
0.8979591836734694,1.0122448979591836,0.000587746988,-0.000162317008
0.8979591836734694,1.0040816326530613,0.000588342492,-0.000161677453
0.8979591836734694,0.9959183673469387,0.000589134069,-0.000162949497
0.8979591836734694,0.9877551020408163,0.000589334168,-0.000163629032
0.8979591836734694,0.9795918367346939,0.000588660561,-0.000163343422
0.8979591836734694,0.9714285714285714,0.000588679821,-0.00016310078
0.8979591836734694,0.963265306122449,0.000587647705,-0.000163071558
0.8979591836734694,0.9551020408163265,0.000587342192,-0.00016308466
0.8979591836734694,0.9469387755102041,0.000588134822,-0.000162785948
0.8979591836734694,0.9387755102040816,0.000588092368,-0.00016282291
0.8979591836734694,0.9306122448979592,0.000589011786,-0.000163205017
0.8979591836734694,0.9224489795918367,0.000588509527,-0.000162405574
0.8979591836734694,0.9142857142857143,0.000586705767,-0.000162720406
0.8979591836734694,0.9061224489795918,0.000586427086,-0.000162044725
0.8979591836734694,0.8979591836734694,0.000586708832,-0.000162318517
0.8979591836734694,0.889795918367347,0.000587083731,-0.000161874946
0.8979591836734694,0.8816326530612244,0.00058771747,-0.00016277564
0.8979591836734694,0.8734693877551021,0.000587830362,-0.000162883731
0.8979591836734694,0.8653061224489795,0.00058757468,-0.00016347624
0.8979591836734694,0.8571428571428572,0.000586795466,-0.000162507853
0.8979591836734694,0.8489795918367347,0.000586081225,-0.000161387317
0.8979591836734694,0.8408163265306122,0.000586887944,-0.000161499935
0.8979591836734694,0.8326530612244898,0.000586713338,-0.00016175311
0.8979591836734694,0.8244897959183674,0.000587291207,-0.000159986116
0.8979591836734694,0.8163265306122449,0.000587917282,-0.000161016384
0.8979591836734694,0.8081632653061225,0.000587977657,-0.000161450289
0.8979591836734694,0.8,0.000586602458,-0.000161167473
0.889795918367347,1.2,0.000588865738,-0.000163406395
0.889795918367347,1.1918367346938774,0.000590135615,-0.000163177722
0.889795918367347,1.183673469387755,0.000590322104,-0.00016253107
0.889795918367347,1.1755102040816325,0.000589573941,-0.00016337287
0.889795918367347,1.1673469387755102,0.000589738677,-0.00016262972
0.889795918367347,1.1591836734693877,0.000589598473,-0.00016309972
0.889795918367347,1.1510204081632653,0.000589017345,-0.000162430911
0.889795918367347,1.1428571428571428,0.000589476957,-0.000162245012
0.889795918367347,1.1346938775510205,0.000590269014,-0.00016374939
0.889795918367347,1.126530612244898,0.000589364258,-0.00016220182
0.889795918367347,1.1183673469387754,0.000588359933,-0.000164137952
0.889795918367347,1.110204081632653,0.000590609603,-0.000161684968
0.889795918367347,1.1020408163265305,0.000591423414,-0.000162692468
0.889795918367347,1.0938775510204082,0.00058920834,-0.000163742935
0.889795918367347,1.0857142857142856,0.000590437776,-0.000162616393
0.889795918367347,1.0775510204081633,0.000588447333,-0.000163016324
0.889795918367347,1.0693877551020408,0.000588756871,-0.000163057171
0.889795918367347,1.0612244897959184,0.000589953724,-0.000162572753
0.889795918367347,1.0530612244897959,0.000590025502,-0.000163096059
0.889795918367347,1.0448979591836736,0.000588491319,-0.000162028605
0.889795918367347,1.036734693877551,0.000588491606,-0.000163698459
0.889795918367347,1.0285714285714285,0.000589130523,-0.000163332472
0.889795918367347,1.0204081632653061,0.000589019164,-0.000163341271
0.889795918367347,1.0122448979591836,0.000589080499,-0.000163764643
0.889795918367347,1.0040816326530613,0.000588680588,-0.000163694798
0.889795918367347,0.9959183673469387,0.000588119393,-0.00016383041
0.889795918367347,0.9877551020408163,0.000588562044,-0.000163950767
0.889795918367347,0.9795918367346939,0.000588113355,-0.000163428745
0.889795918367347,0.9714285714285714,0.00058845567,-0.000163888662
0.889795918367347,0.963265306122449,0.000588244455,-0.000164183937
0.889795918367347,0.9551020408163265,0.000589171731,-0.000163586065
0.889795918367347,0.9469387755102041,0.000589110303,-0.000163767662
0.889795918367347,0.9387755102040816,0.000588745755,-0.00016417212
0.889795918367347,0.9306122448979592,0.000588390217,-0.000165389154
0.889795918367347,0.9224489795918367,0.000588997411,-0.000164380788
0.889795918367347,0.9142857142857143,0.00058945549,-0.000164682517
0.889795918367347,0.9061224489795918,0.000588919308,-0.000163627105
0.889795918367347,0.8979591836734694,0.000589533786,-0.000163747238
0.889795918367347,0.889795918367347,0.000589018111,-0.000163631183
0.889795918367347,0.8816326530612244,0.000589016865,-0.000163874244
0.889795918367347,0.8734693877551021,0.000589152277,-0.000164156642
0.889795918367347,0.8653061224489795,0.000589823584,-0.000163701895
0.889795918367347,0.8571428571428572,0.000589897855,-0.000163639565
0.889795918367347,0.8489795918367347,0.000589669965,-0.00016453101
0.889795918367347,0.8408163265306122,0.000589178822,-0.000163275953
0.889795918367347,0.8326530612244898,0.000589377388,-0.000163344289
0.889795918367347,0.8244897959183674,0.000589119407,-0.000163322357
0.889795918367347,0.8163265306122449,0.000588490553,-0.000164464601
0.889795918367347,0.8081632653061225,0.000588405932,-0.000164324687
0.889795918367347,0.8,0.000588823571,-0.000163697592
0.8816326530612244,1.2,0.000592128837,-0.000165364653
0.8816326530612244,1.1918367346938774,0.000591107071,-0.000164843722
0.8816326530612244,1.183673469387755,0.000591527775,-0.000166068689
0.8816326530612244,1.1755102040816325,0.000591007308,-0.000164797063
0.8816326530612244,1.1673469387755102,0.000590313961,-0.000164763538
0.8816326530612244,1.1591836734693877,0.000591291547,-0.000165226247
0.8816326530612244,1.1510204081632653,0.000590282144,-0.000165274384
0.8816326530612244,1.1428571428571428,0.000591515892,-0.000164411744
0.8816326530612244,1.1346938775510205,0.000590489333,-0.0001639701
0.8816326530612244,1.126530612244898,0.000591113395,-0.000164002983
0.8816326530612244,1.1183673469387754,0.000590452724,-0.000164597419
0.8816326530612244,1.110204081632653,0.000591189199,-0.000165353253
0.8816326530612244,1.1020408163265305,0.000592944181,-0.000165072589
0.8816326530612244,1.0938775510204082,0.000592401194,-0.000165243877
0.8816326530612244,1.0857142857142856,0.000593155396,-0.000166012813
0.8816326530612244,1.0775510204081633,0.000592564684,-0.000164690257
0.8816326530612244,1.0693877551020408,0.000593182901,-0.000164280211
0.8816326530612244,1.0612244897959184,0.000591358727,-0.000164922366
0.8816326530612244,1.0530612244897959,0.000591968413,-0.000165786934
0.8816326530612244,1.0448979591836736,0.000592571775,-0.000165416868
0.8816326530612244,1.036734693877551,0.00059303388,-0.000165625342
0.8816326530612244,1.0285714285714285,0.000592053034,-0.000164684251
0.8816326530612244,1.0204081632653061,0.000592479296,-0.00016506334
0.8816326530612244,1.0122448979591836,0.000592515139,-0.000166068047
0.8816326530612244,1.0040816326530613,0.00059229482,-0.000165103096
0.8816326530612244,0.9959183673469387,0.000591375688,-0.000164460523
0.8816326530612244,0.9877551020408163,0.000593951285,-0.000165926848
0.8816326530612244,0.9795918367346939,0.000593644812,-0.000165022525
0.8816326530612244,0.9714285714285714,0.000593834274,-0.000166427162
0.8816326530612244,0.963265306122449,0.000593692538,-0.000165326824
0.8816326530612244,0.9551020408163265,0.000593195837,-0.000164942789
0.8816326530612244,0.9469387755102041,0.000593780704,-0.000164826092
0.8816326530612244,0.9387755102040816,0.000592965167,-0.000164786755
0.8816326530612244,0.9306122448979592,0.00059273977,-0.000164871853
0.8816326530612244,0.9224489795918367,0.000593129617,-0.000164560233
0.8816326530612244,0.9142857142857143,0.00059256593,-0.000165326824
0.8816326530612244,0.9061224489795918,0.000592689745,-0.000165095999
0.8816326530612244,0.8979591836734694,0.000592186239,-0.000165622966
0.8816326530612244,0.889795918367347,0.000592627358,-0.000164489328
0.8816326530612244,0.8816326530612244,0.000591804923,-0.000165939532
0.8816326530612244,0.8734693877551021,0.000592690225,-0.000164660167
0.8816326530612244,0.8653061224489795,0.000591687433,-0.000165032833
0.8816326530612244,0.8571428571428572,0.000591819105,-0.000164288592
0.8816326530612244,0.8489795918367347,0.000592435024,-0.000164958461
0.8816326530612244,0.8408163265306122,0.000592208666,-0.000165329842
0.8816326530612244,0.8326530612244898,0.000591030021,-0.000164116019
0.8816326530612244,0.8244897959183674,0.000591848143,-0.000165198952
0.8816326530612244,0.8163265306122449,0.000592039138,-0.00016520303
0.8816326530612244,0.8081632653061225,0.000591877948,-0.00016505862
0.8816326530612244,0.8,0.000592256198,-0.00016600228
0.8734693877551021,1.2,0.000588635355,-0.000165092563
0.8734693877551021,1.1918367346938774,0.000588680301,-0.000164896997
0.8734693877551021,1.183673469387755,0.000588878387,-0.000165896758
0.8734693877551021,1.1755102040816325,0.000589176523,-0.000165664873
0.8734693877551021,1.1673469387755102,0.000588931958,-0.00016643124
0.8734693877551021,1.1591836734693877,0.000587999604,-0.000166172926
0.8734693877551021,1.1510204081632653,0.000589275039,-0.000165486295
0.8734693877551021,1.1428571428571428,0.000587957436,-0.000166099196
0.8734693877551021,1.1346938775510205,0.000587287662,-0.000166269842
0.8734693877551021,1.126530612244898,0.000588050681,-0.000166735764
0.8734693877551021,1.1183673469387754,0.000587417229,-0.000166450154
0.8734693877551021,1.110204081632653,0.000587527915,-0.000165774056
0.8734693877551021,1.1020408163265305,0.000587587043,-0.000166816784
0.8734693877551021,1.0938775510204082,0.000586983682,-0.000166611777
0.8734693877551021,1.0857142857142856,0.000588126484,-0.000166235257
0.8734693877551021,1.0775510204081633,0.00058693471,-0.00016664206
0.8734693877551021,1.0693877551020408,0.000587953411,-0.000166761775
0.8734693877551021,1.0612244897959184,0.00058709638,-0.000165381415
0.8734693877551021,1.0530612244897959,0.000587698976,-0.000165401614
0.8734693877551021,1.0448979591836736,0.000586982435,-0.000165960373
0.8734693877551021,1.036734693877551,0.00058762068,-0.000166503237
0.8734693877551021,1.0285714285714285,0.000588285376,-0.000165956713
0.8734693877551021,1.0204081632653061,0.000588728313,-0.000165407202
0.8734693877551021,1.0122448979591836,0.00058838092,-0.000166512485
0.8734693877551021,1.0040816326530613,0.00058928117,-0.000165669819
0.8734693877551021,0.9959183673469387,0.000589114901,-0.00016613831
0.8734693877551021,0.9877551020408163,0.000590039111,-0.000166848383
0.8734693877551021,0.9795918367346939,0.000589287209,-0.000167118096
0.8734693877551021,0.9714285714285714,0.000589068902,-0.000167599914
0.8734693877551021,0.963265306122449,0.000587882399,-0.000167166457
0.8734693877551021,0.9551020408163265,0.000588299272,-0.000166147558
0.8734693877551021,0.9469387755102041,0.000589300338,-0.000166929403
0.8734693877551021,0.9387755102040816,0.000590257131,-0.000166596941
0.8734693877551021,0.9306122448979592,0.000588952658,-0.000166495497
0.8734693877551021,0.9224489795918367,0.000588249533,-0.000165749972
0.8734693877551021,0.9142857142857143,0.000588282883,-0.00016595758
0.8734693877551021,0.9061224489795918,0.000588154276,-0.000165665098
0.8734693877551021,0.8979591836734694,0.000586654496,-0.000166731043
0.8734693877551021,0.889795918367347,0.000587496098,-0.000166768005
0.8734693877551021,0.8816326530612244,0.000587203234,-0.00016632164
0.8734693877551021,0.8734693877551021,0.000587546122,-0.0001662806
0.8734693877551021,0.8653061224489795,0.000587291207,-0.000166014965
0.8734693877551021,0.8571428571428572,0.000587275299,-0.000165453412
0.8734693877551021,0.8489795918367347,0.000586919281,-0.000166569645
0.8734693877551021,0.8408163265306122,0.000586913243,-0.000165938665
0.8734693877551021,0.8326530612244898,0.000587429878,-0.000166717074
0.8734693877551021,0.8244897959183674,0.000587128484,-0.000166672149
0.8734693877551021,0.8163265306122449,0.000587966254,-0.000166066538
0.8734693877551021,0.8081632653061225,0.000586827569,-0.000166624879
0.8734693877551021,0.8,0.00058705546,-0.000165494452
0.8653061224489795,1.2,0.000590957283,-0.000166000129
0.8653061224489795,1.1918367346938774,0.000591365051,-0.000165789085
0.8653061224489795,1.183673469387755,0.000592128071,-0.000165669594
0.8653061224489795,1.1755102040816325,0.000592703641,-0.00016464212
0.8653061224489795,1.1673469387755102,0.00059245831,-0.000165576339
0.8653061224489795,1.1591836734693877,0.000591660694,-0.000166019685
0.8653061224489795,1.1510204081632653,0.000592113695,-0.00016557955
0.8653061224489795,1.1428571428571428,0.000591659928,-0.000165214205
0.8653061224489795,1.1346938775510205,0.000591858014,-0.000165242368
0.8653061224489795,1.126530612244898,0.000592003009,-0.000164063579
0.8653061224489795,1.1183673469387754,0.000592928752,-0.000164834249
0.8653061224489795,1.110204081632653,0.000593401494,-0.000165317576
0.8653061224489795,1.1020408163265305,0.000593202641,-0.000165553988
0.8653061224489795,1.0938775510204082,0.000592817586,-0.000165564939
0.8653061224489795,1.0857142857142856,0.000592502776,-0.000166056872
0.8653061224489795,1.0775510204081633,0.000591978283,-0.000166140685
0.8653061224489795,1.0693877551020408,0.000593135369,-0.000165966603
0.8653061224489795,1.0612244897959184,0.000592621513,-0.00016579403
0.8653061224489795,1.0530612244897959,0.000592242016,-0.000165442654
0.8653061224489795,1.0448979591836736,0.000592637421,-0.000166501727
0.8653061224489795,1.036734693877551,0.00059321855,-0.000166174853
0.8653061224489795,1.0285714285714285,0.000593067709,-0.000166304235
0.8653061224489795,1.0204081632653061,0.000591891077,-0.000166314543
0.8653061224489795,1.0122448979591836,0.000591717237,-0.000166898895
0.8653061224489795,1.0040816326530613,0.000593231679,-0.000165960373
0.8653061224489795,0.9959183673469387,0.000592730953,-0.00016553485
0.8653061224489795,0.9877551020408163,0.00059235826,-0.000165945762
0.8653061224489795,0.9795918367346939,0.000593299145,-0.000165636293
0.8653061224489795,0.9714285714285714,0.000591881493,-0.000166408023
0.8653061224489795,0.963265306122449,0.00059158815,-0.000166547937
0.8653061224489795,0.9551020408163265,0.000592143499,-0.00016627543
0.8653061224489795,0.9469387755102041,0.000591910051,-0.000166792507
0.8653061224489795,0.9387755102040816,0.000591812781,-0.000165757069
0.8653061224489795,0.9306122448979592,0.000590934284,-0.00016612328
0.8653061224489795,0.9224489795918367,0.000591813261,-0.000166482171
0.8653061224489795,0.9142857142857143,0.000591884752,-0.000167743264
0.8653061224489795,0.9061224489795918,0.000590752872,-0.000166107802
0.8653061224489795,0.8979591836734694,0.000590348843,-0.000165235913
0.8653061224489795,0.889795918367347,0.000590910518,-0.000166133171
0.8653061224489795,0.8816326530612244,0.000589864025,-0.000165291371
0.8653061224489795,0.8734693877551021,0.000591148278,-0.000165864742
0.8653061224489795,0.8653061224489795,0.000589792534,-0.000164949662
0.8653061224489795,0.8571428571428572,0.000589289701,-0.000165739021
0.8653061224489795,0.8489795918367347,0.000589821571,-0.000166212039
0.8653061224489795,0.8408163265306122,0.000591614215,-0.000166494213
0.8653061224489795,0.8326530612244898,0.000591673823,-0.000165510572
0.8653061224489795,0.8244897959183674,0.000590097953,-0.000164718419
0.8653061224489795,0.8163265306122449,0.00059046662,-0.000164609461
0.8653061224489795,0.8081632653061225,0.0005899681,-0.00016489507
0.8653061224489795,0.8,0.000589763976,-0.000165502191
0.8571428571428572,1.2,0.000585339192,-0.000165878069
0.8571428571428572,1.1918367346938774,0.000585660807,-0.000165751481
0.8571428571428572,1.183673469387755,0.000586341985,-0.000166195277
0.8571428571428572,1.1755102040816325,0.00058608573,-0.000165804788
0.8571428571428572,1.1673469387755102,0.000584776752,-0.000166227293
0.8571428571428572,1.1591836734693877,0.000584841438,-0.000164920215
0.8571428571428572,1.1510204081632653,0.000586244428,-0.000164922142
0.8571428571428572,1.1428571428571428,0.000585111976,-0.000167029979
0.8571428571428572,1.1346938775510205,0.000585624678,-0.000165764165
0.8571428571428572,1.126530612244898,0.000584999083,-0.000165565581
0.8571428571428572,1.1183673469387754,0.000585069042,-0.000166045696
0.8571428571428572,1.110204081632653,0.000584729986,-0.000167025676
0.8571428571428572,1.1020408163265305,0.000585524342,-0.000166445852
0.8571428571428572,1.0938775510204082,0.000587080952,-0.000165711083
0.8571428571428572,1.0857142857142856,0.000586366997,-0.000166376873
0.8571428571428572,1.0775510204081633,0.000586333361,-0.000166153788
0.8571428571428572,1.0693877551020408,0.000586966047,-0.000165924921
0.8571428571428572,1.0612244897959184,0.000587385412,-0.000166332173
0.8571428571428572,1.0530612244897959,0.00058603168,-0.000166843019
0.8571428571428572,1.0448979591836736,0.000585633016,-0.000166395788
0.8571428571428572,1.036734693877551,0.000585581458,-0.000167406499
0.8571428571428572,1.0285714285714285,0.000584832814,-0.000166352372
0.8571428571428572,1.0204081632653061,0.0005854655,-0.000166431465
0.8571428571428572,1.0122448979591836,0.000586091575,-0.000166388691
0.8571428571428572,1.0040816326530613,0.000587384645,-0.000166453815
0.8571428571428572,0.9959183673469387,0.000587333374,-0.000167089291
0.8571428571428572,0.9877551020408163,0.000587079706,-0.000167049536
0.8571428571428572,0.9795918367346939,0.000588394049,-0.00016686643
0.8571428571428572,0.9714285714285714,0.000587172184,-0.000165812302
0.8571428571428572,0.963265306122449,0.00058677122,-0.000166172926
0.8571428571428572,0.9551020408163265,0.000587078459,-0.000166735122
0.8571428571428572,0.9469387755102041,0.00058715225,-0.000165338642
0.8571428571428572,0.9387755102040816,0.000587561265,-0.000166239335
0.8571428571428572,0.9306122448979592,0.000587447606,-0.000165399687
0.8571428571428572,0.9224489795918367,0.000586943047,-0.000165993032
0.8571428571428572,0.9142857142857143,0.000586721962,-0.000165898043
0.8571428571428572,0.9061224489795918,0.000585466747,-0.000167170311
0.8571428571428572,0.8979591836734694,0.000587691885,-0.000167285724
0.8571428571428572,0.889795918367347,0.000588298505,-0.000167552001
0.8571428571428572,0.8816326530612244,0.000588602485,-0.000165940399
0.8571428571428572,0.8734693877551021,0.000588419828,-0.000166746297
0.8571428571428572,0.8653061224489795,0.00059045723,-0.000166468426
0.8571428571428572,0.8571428571428572,0.0005892943,-0.000167379204
0.8571428571428572,0.8489795918367347,0.000589859233,-0.000167000532
0.8571428571428572,0.8408163265306122,0.000588970386,-0.000166801755
0.8571428571428572,0.8326530612244898,0.000590216977,-0.000166634769
0.8571428571428572,0.8244897959183674,0.000588806416,-0.000167081134
0.8571428571428572,0.8163265306122449,0.000589447153,-0.000166881908
0.8571428571428572,0.8081632653061225,0.000588804597,-0.000167355344
0.8571428571428572,0.8,0.000588572681,-0.00016819435
0.8489795918367347,1.2,0.000589776625,-0.000167651711
0.8489795918367347,1.1918367346938774,0.000588426632,-0.000167800649
0.8489795918367347,1.183673469387755,0.000588752559,-0.000167874797
0.8489795918367347,1.1755102040816325,0.000588528981,-0.000167280779
0.8489795918367347,1.1673469387755102,0.000589198276,-0.000167465169
0.8489795918367347,1.1591836734693877,0.000589022423,-0.000168319653
0.8489795918367347,1.1510204081632653,0.000588885192,-0.000166542992
0.8489795918367347,1.1428571428571428,0.000589192911,-0.000167939696
0.8489795918367347,1.1346938775510205,0.000588316999,-0.00016774047
0.8489795918367347,1.126530612244898,0.000587926386,-0.000167769917
0.8489795918367347,1.1183673469387754,0.00058878265,-0.000166978406
0.8489795918367347,1.110204081632653,0.000588941061,-0.000166371061
0.8489795918367347,1.1020408163265305,0.000587987241,-0.000167764105
0.8489795918367347,1.0938775510204082,0.000589629524,-0.000168041558
0.8489795918367347,1.0857142857142856,0.000588282403,-0.000167275191
0.8489795918367347,1.0775510204081633,0.000588915569,-0.00016737018
0.8489795918367347,1.0693877551020408,0.000588038032,-0.000167780226
0.8489795918367347,1.0612244897959184,0.000588869283,-0.000167692109
0.8489795918367347,1.0530612244897959,0.000589072448,-0.000166960777
0.8489795918367347,1.0448979591836736,0.000589296506,-0.000167108848
0.8489795918367347,1.036734693877551,0.000589860479,-0.000168080029
0.8489795918367347,1.0285714285714285,0.000589433737,-0.000166371928
0.8489795918367347,1.0204081632653061,0.000590512333,-0.000166136607
0.8489795918367347,1.0122448979591836,0.00059076121,-0.000166807118
0.8489795918367347,1.0040816326530613,0.000591110616,-0.000166777253
0.8489795918367347,0.9959183673469387,0.000591262223,-0.000167384791
0.8489795918367347,0.9877551020408163,0.000591219003,-0.000167762821
0.8489795918367347,0.9795918367346939,0.00059056485,-0.000168819742
0.8489795918367347,0.9714285714285714,0.000591898454,-0.000169652742
0.8489795918367347,0.963265306122449,0.000591841052,-0.000169146198
0.8489795918367347,0.9551020408163265,0.00059142418,-0.000169195395
0.8489795918367347,0.9469387755102041,0.00059131474,-0.000168497813
0.8489795918367347,0.9387755102040816,0.0005920975,-0.000167839762
0.8489795918367347,0.9306122448979592,0.000591021203,-0.000169150277
0.8489795918367347,0.9224489795918367,0.000590861259,-0.00016980897
0.8489795918367347,0.9142857142857143,0.000591677082,-0.000169514979
0.8489795918367347,0.9061224489795918,0.000591236731,-0.000168728414
0.8489795918367347,0.8979591836734694,0.000592026775,-0.00016853972
0.8489795918367347,0.889795918367347,0.000591158342,-0.000168217791
0.8489795918367347,0.8816326530612244,0.000591757678,-0.000169157149
0.8489795918367347,0.8734693877551021,0.000591020437,-0.000168270874
0.8489795918367347,0.8653061224489795,0.000590697769,-0.000168575173
0.8489795918367347,0.8571428571428572,0.000591232419,-0.00016887003
0.8489795918367347,0.8489795918367347,0.000590805676,-0.000168830917
0.8489795918367347,0.8408163265306122,0.000590408258,-0.000169023689
0.8489795918367347,0.8326530612244898,0.000590903713,-0.000169822939
0.8489795918367347,0.8244897959183674,0.000591774833,-0.000169326928
0.8489795918367347,0.8163265306122449,0.000591606357,-0.000168721317
0.8489795918367347,0.8081632653061225,0.000591606837,-0.000169270828
0.8489795918367347,0.8,0.000591276885,-0.000169359812
0.8408163265306122,1.2,0.000588061798,-0.000169491987
0.8408163265306122,1.1918367346938774,0.000589172497,-0.000169208947
0.8408163265306122,1.183673469387755,0.00058928213,-0.000169563534
0.8408163265306122,1.1755102040816325,0.000589886738,-0.000169782541
0.8408163265306122,1.1673469387755102,0.000589958996,-0.000169733538
0.8408163265306122,1.1591836734693877,0.000589029708,-0.000168601602
0.8408163265306122,1.1510204081632653,0.000589355921,-0.000168784932
0.8408163265306122,1.1428571428571428,0.000589427412,-0.000169093759
0.8408163265306122,1.1346938775510205,0.000589831155,-0.000169787487
0.8408163265306122,1.126530612244898,0.000589857414,-0.000169600945
0.8408163265306122,1.1183673469387754,0.000590538878,-0.000168924622
0.8408163265306122,1.110204081632653,0.00058852189,-0.000170507001
0.8408163265306122,1.1020408163265305,0.000588934737,-0.000169280301
0.8408163265306122,1.0938775510204082,0.000588676756,-0.000168495662
0.8408163265306122,1.0857142857142856,0.000588790221,-0.000169560547
0.8408163265306122,1.0775510204081633,0.000590351909,-0.000168351894
0.8408163265306122,1.0693877551020408,0.000588747287,-0.000168054884
0.8408163265306122,1.0612244897959184,0.000588915283,-0.000169344558
0.8408163265306122,1.0530612244897959,0.000589520371,-0.000169169191
0.8408163265306122,1.0448979591836736,0.000588773546,-0.000169175839
0.8408163265306122,1.036734693877551,0.000588854908,-0.000167624415
0.8408163265306122,1.0285714285714285,0.000588382166,-0.000168447943
0.8408163265306122,1.0204081632653061,0.000588761183,-0.000168443447
0.8408163265306122,1.0122448979591836,0.000587491019,-0.000169565043
0.8408163265306122,1.0040816326530613,0.000588405646,-0.000168812228
0.8408163265306122,0.9959183673469387,0.00058914164,-0.000169885045
0.8408163265306122,0.9877551020408163,0.000589659134,-0.00017015691
0.8408163265306122,0.9795918367346939,0.000589809688,-0.000169076129
0.8408163265306122,0.9714285714285714,0.000589319026,-0.000168914731
0.8408163265306122,0.963265306122449,0.000588320258,-0.000168907217
0.8408163265306122,0.9551020408163265,0.000590060292,-0.000168506613
0.8408163265306122,0.9469387755102041,0.000590673044,-0.0001683377
0.8408163265306122,0.9387755102040816,0.000589626745,-0.000168047788
0.8408163265306122,0.9306122448979592,0.000590070448,-0.000166439622
0.8408163265306122,0.9224489795918367,0.000589665653,-0.000167225545
0.8408163265306122,0.9142857142857143,0.000589583045,-0.00016660574
0.8408163265306122,0.9061224489795918,0.000589726794,-0.000167259071
0.8408163265306122,0.8979591836734694,0.000590977217,-0.000167203837
0.8408163265306122,0.889795918367347,0.000589946153,-0.000166950468
0.8408163265306122,0.8816326530612244,0.00059116294,-0.000167799364
0.8408163265306122,0.8734693877551021,0.000592139474,-0.000167376634
0.8408163265306122,0.8653061224489795,0.000592118774,-0.000168625686
0.8408163265306122,0.8571428571428572,0.000591980776,-0.000167940114
0.8408163265306122,0.8489795918367347,0.000591944167,-0.000168505552
0.8408163265306122,0.8408163265306122,0.000590189952,-0.000167682443
0.8408163265306122,0.8326530612244898,0.000591526242,-0.000167814618
0.8408163265306122,0.8244897959183674,0.000591095954,-0.000168586572
0.8408163265306122,0.8163265306122449,0.000591797352,-0.000167773353
0.8408163265306122,0.8081632653061225,0.000591600033,-0.000167550492
0.8408163265306122,0.8,0.000592376661,-0.000168037479
0.8326530612244898,1.2,0.000593231679,-0.00016919928
0.8326530612244898,1.1918367346938774,0.00059224125,-0.000168782363
0.8326530612244898,1.183673469387755,0.000593209732,-0.000168351894
0.8326530612244898,1.1755102040816325,0.000593771407,-0.000169082359
0.8326530612244898,1.1673469387755102,0.000592541204,-0.000168655551
0.8326530612244898,1.1591836734693877,0.000593381273,-0.000169191541
0.8326530612244898,1.1510204081632653,0.000593867144,-0.00016761324
0.8326530612244898,1.1428571428571428,0.000593996998,-0.000168591936
0.8326530612244898,1.1346938775510205,0.000593249407,-0.000167967634
0.8326530612244898,1.126530612244898,0.000594437636,-0.000168819742
0.8326530612244898,1.1183673469387754,0.000594169591,-0.000168497813
0.8326530612244898,1.110204081632653,0.000594186746,-0.000166626388
0.8326530612244898,1.1020408163265305,0.00059339239,-0.000168350384
0.8326530612244898,1.0938775510204082,0.000594733472,-0.000168079386
0.8326530612244898,1.0857142857142856,0.00059390222,-0.000168581403
0.8326530612244898,1.0775510204081633,0.000594644539,-0.000168317501
0.8326530612244898,1.0693877551020408,0.000593584151,-0.000168839299
0.8326530612244898,1.0612244897959184,0.000594042997,-0.000168837372
0.8326530612244898,1.0530612244897959,0.000594600359,-0.000168890229
0.8326530612244898,1.0448979591836736,0.000594020764,-0.00016781526
0.8326530612244898,1.036734693877551,0.000593168525,-0.0001681632
0.8326530612244898,1.0285714285714285,0.00059297801,-0.000168353821
0.8326530612244898,1.0204081632653061,0.000593596034,-0.000168005463
0.8326530612244898,1.0122448979591836,0.000593123099,-0.000168906125
0.8326530612244898,1.0040816326530613,0.000592542737,-0.000168450319
0.8326530612244898,0.9959183673469387,0.000593709213,-0.000168238633
0.8326530612244898,0.9877551020408163,0.000594125605,-0.000168084107
0.8326530612244898,0.9795918367346939,0.00059307806,-0.000168634934
0.8326530612244898,0.9714285714285714,0.000593857274,-0.000169278149
0.8326530612244898,0.963265306122449,0.00059396748,-0.000168371226
0.8326530612244898,0.9551020408163265,0.000593939882,-0.000168554974
0.8326530612244898,0.9469387755102041,0.000592911597,-0.000168861649
0.8326530612244898,0.9387755102040816,0.000593340352,-0.000169441474
0.8326530612244898,0.9306122448979592,0.000592645565,-0.000169400434
0.8326530612244898,0.9224489795918367,0.000594037632,-0.000169000279
0.8326530612244898,0.9142857142857143,0.000593619034,-0.000168842735
0.8326530612244898,0.9061224489795918,0.000593212992,-0.000169094177
0.8326530612244898,0.8979591836734694,0.000593095021,-0.00016754362
0.8326530612244898,0.889795918367347,0.000592487347,-0.000168550895
0.8326530612244898,0.8816326530612244,0.000591767548,-0.000168752916
0.8326530612244898,0.8734693877551021,0.000591344065,-0.000168360051
0.8326530612244898,0.8653061224489795,0.000591882739,-0.000168591293
0.8326530612244898,0.8571428571428572,0.000592478244,-0.000169131587
0.8326530612244898,0.8489795918367347,0.000591124798,-0.000169295554
0.8326530612244898,0.8408163265306122,0.000594187226,-0.000169396773
0.8326530612244898,0.8326530612244898,0.000592494725,-0.000168892381
0.8326530612244898,0.8244897959183674,0.000591886765,-0.000169846574
0.8326530612244898,0.8163265306122449,0.000593787029,-0.000169560965
0.8326530612244898,0.8081632653061225,0.000592147045,-0.000170137996
0.8326530612244898,0.8,0.000593149071,-0.000168641806
0.8244897959183674,1.2,0.000593661967,-0.000168770739
0.8244897959183674,1.1918367346938774,0.000593270587,-0.000170422321
0.8244897959183674,1.183673469387755,0.000592707953,-0.000168062623
0.8244897959183674,1.1755102040816325,0.000592149058,-0.000167731446
0.8244897959183674,1.1673469387755102,0.000592637708,-0.000167957102
0.8244897959183674,1.1591836734693877,0.000593737291,-0.000169248702
0.8244897959183674,1.1510204081632653,0.000592028788,-0.00016807701
0.8244897959183674,1.1428571428571428,0.000592974751,-0.000169180784
0.8244897959183674,1.1346938775510205,0.000592900961,-0.000169348636
0.8244897959183674,1.126530612244898,0.000592710926,-0.000169048416
0.8244897959183674,1.1183673469387754,0.000592273067,-0.000170425115
0.8244897959183674,1.110204081632653,0.000591291261,-0.000170353343
0.8244897959183674,1.1020408163265305,0.000593887365,-0.000169452649
0.8244897959183674,1.0938775510204082,0.000592840299,-0.000169734823
0.8244897959183674,1.0857142857142856,0.000592289261,-0.000168942894
0.8244897959183674,1.0775510204081633,0.000592210199,-0.000169069899
0.8244897959183674,1.0693877551020408,0.0005925114,-0.000169890857
0.8244897959183674,1.0612244897959184,0.000592009814,-0.000169774802
0.8244897959183674,1.0530612244897959,0.000591355181,-0.000169485114
0.8244897959183674,1.0448979591836736,0.000592128837,-0.000169854538
0.8244897959183674,1.036734693877551,0.000590893843,-0.000169019835
0.8244897959183674,1.0285714285714285,0.000591841339,-0.000169457594
0.8244897959183674,1.0204081632653061,0.000591539851,-0.000170326689
0.8244897959183674,1.0122448979591836,0.000592559892,-0.000169517131
0.8244897959183674,1.0040816326530613,0.000591525476,-0.000169688419
0.8244897959183674,0.9959183673469387,0.000591457816,-0.000170304981
0.8244897959183674,0.9877551020408163,0.000592602345,-0.000170062788
0.8244897959183674,0.9795918367346939,0.000591365051,-0.000170178394
0.8244897959183674,0.9714285714285714,0.000591304677,-0.000169744071
0.8244897959183674,0.963265306122449,0.000591971959,-0.000170616184
0.8244897959183674,0.9551020408163265,0.000592602825,-0.000170488087
0.8244897959183674,0.9469387755102041,0.000592303157,-0.000169823164
0.8244897959183674,0.9387755102040816,0.000591807416,-0.000170917047
0.8244897959183674,0.9306122448979592,0.000591359493,-0.000169583315
0.8244897959183674,0.9224489795918367,0.000592212978,-0.000170477554
0.8244897959183674,0.9142857142857143,0.000591080046,-0.000171100571
0.8244897959183674,0.9061224489795918,0.000591496151,-0.000169672941
0.8244897959183674,0.8979591836734694,0.000590411997,-0.000170326047
0.8244897959183674,0.889795918367347,0.000590067096,-0.000170295091
0.8244897959183674,0.8816326530612244,0.00059109672,-0.000170424472
0.8244897959183674,0.8734693877551021,0.000591461555,-0.000169732253
0.8244897959183674,0.8653061224489795,0.000591596487,-0.000169738483
0.8244897959183674,0.8571428571428572,0.000590879947,-0.000170072229
0.8244897959183674,0.8489795918367347,0.000590407205,-0.000170636158
0.8244897959183674,0.8408163265306122,0.000589691718,-0.000169732671
0.8244897959183674,0.8326530612244898,0.000591480049,-0.000168995976
0.8244897959183674,0.8244897959183674,0.000590056266,-0.00017004214
0.8244897959183674,0.8163265306122449,0.000592111396,-0.000168944821
0.8244897959183674,0.8081632653061225,0.000590754119,-0.000169570855
0.8244897959183674,0.8,0.000591679862,-0.000169843363
0.8163265306122449,1.2,0.000589827896,-0.000168673822
0.8163265306122449,1.1918367346938774,0.00059048023,-0.000169242697
0.8163265306122449,1.183673469387755,0.000590589383,-0.000168533908
0.8163265306122449,1.1755102040816325,0.000591629837,-0.000169065821
0.8163265306122449,1.1673469387755102,0.000591809715,-0.000169766645
0.8163265306122449,1.1591836734693877,0.000591451971,-0.000168200162
0.8163265306122449,1.1510204081632653,0.000591833768,-0.000167484083
0.8163265306122449,1.1428571428571428,0.000592049008,-0.000168811585
0.8163265306122449,1.1346938775510205,0.000591081292,-0.000168350802
0.8163265306122449,1.126530612244898,0.00059090218,-0.000168670386
0.8163265306122449,1.1183673469387754,0.000590533033,-0.000168643733
0.8163265306122449,1.110204081632653,0.000591264522,-0.000168689718
0.8163265306122449,1.1020408163265305,0.000590620433,-0.000169841211
0.8163265306122449,1.0938775510204082,0.000590846597,-0.00016841249
0.8163265306122449,1.0857142857142856,0.000590372323,-0.000169529591
0.8163265306122449,1.0775510204081633,0.000591975984,-0.000168705197
0.8163265306122449,1.0693877551020408,0.000591005489,-0.000169485532
0.8163265306122449,1.0612244897959184,0.000591523463,-0.000168896684
0.8163265306122449,1.0530612244897959,0.000591308702,-0.000169632319
0.8163265306122449,1.0448979591836736,0.000591009321,-0.000169299857
0.8163265306122449,1.036734693877551,0.000591542917,-0.000169557304
0.8163265306122449,1.0285714285714285,0.000591059059,-0.000168436768
0.8163265306122449,1.0204081632653061,0.000590775586,-0.000168137189
0.8163265306122449,1.0122448979591836,0.000590286456,-0.000167878875
0.8163265306122449,1.0040816326530613,0.000590671991,-0.000168437217
0.8163265306122449,0.9959183673469387,0.00059155528,-0.000168800186
0.8163265306122449,0.9877551020408163,0.000592879974,-0.000169453291
0.8163265306122449,0.9795918367346939,0.000592150784,-0.000169277282
0.8163265306122449,0.9714285714285714,0.000591758444,-0.000168464063
0.8163265306122449,0.963265306122449,0.000592762483,-0.00016932285
0.8163265306122449,0.9551020408163265,0.000592164966,-0.000169765779
0.8163265306122449,0.9469387755102041,0.000590424167,-0.000169450498
0.8163265306122449,0.9387755102040816,0.000590003749,-0.000168559277
0.8163265306122449,0.9306122448979592,0.000590923933,-0.00016841872
0.8163265306122449,0.9224489795918367,0.000591057046,-0.000169429656
0.8163265306122449,0.9142857142857143,0.000590203081,-0.000168659436
0.8163265306122449,0.9061224489795918,0.00058982483,-0.000168894532
0.8163265306122449,0.8979591836734694,0.000590207107,-0.000168816306
0.8163265306122449,0.889795918367347,0.000589920088,-0.0001680422
0.8163265306122449,0.8816326530612244,0.000590533033,-0.000169304578
0.8163265306122449,0.8734693877551021,0.000590325364,-0.000169527021
0.8163265306122449,0.8653061224489795,0.000591431751,-0.000167935169
0.8163265306122449,0.8571428571428572,0.000590773573,-0.000168763224
0.8163265306122449,0.8489795918367347,0.000590079266,-0.000167536299
0.8163265306122449,0.8408163265306122,0.000591067683,-0.000168266571
0.8163265306122449,0.8326530612244898,0.000590789768,-0.000168571094
0.8163265306122449,0.8244897959183674,0.000591161121,-0.000167909383
0.8163265306122449,0.8163265306122449,0.000590612862,-0.000168186193
0.8163265306122449,0.8081632653061225,0.000591307456,-0.000167904019
0.8163265306122449,0.8,0.000590859726,-0.000167823417
0.8081632653061225,1.2,0.000593657942,-0.000168764509
0.8081632653061225,1.1918367346938774,0.000592434064,-0.000169383029
0.8081632653061225,1.183673469387755,0.000593326937,-0.000169671432
0.8081632653061225,1.1755102040816325,0.000594482582,-0.000169481229
0.8081632653061225,1.1673469387755102,0.00059405536,-0.000170085138
0.8081632653061225,1.1591836734693877,0.000595040998,-0.000169293403
0.8081632653061225,1.1510204081632653,0.000594327716,-0.000169045397
0.8081632653061225,1.1428571428571428,0.000593926753,-0.00016917176
0.8081632653061225,1.1346938775510205,0.00059523046,-0.000168711009
0.8081632653061225,1.126530612244898,0.000595746421,-0.000170198399
0.8081632653061225,1.1183673469387754,0.000594199876,-0.000169879682
0.8081632653061225,1.110204081632653,0.000595113735,-0.000169848083
0.8081632653061225,1.1020408163265305,0.000594547076,-0.000169634246
0.8081632653061225,1.0938775510204082,0.000593753966,-0.000169643494
0.8081632653061225,1.0857142857142856,0.00059443409,-0.000169138235
0.8081632653061225,1.0775510204081633,0.000593899728,-0.000170390947
0.8081632653061225,1.0693877551020408,0.000593519751,-0.000169210231
0.8081632653061225,1.0612244897959184,0.000594983882,-0.000170115003
0.8081632653061225,1.0530612244897959,0.000594793367,-0.000170115646
0.8081632653061225,1.0448979591836736,0.000595383313,-0.00017018549
0.8081632653061225,1.036734693877551,0.000595474545,-0.000169772233
0.8081632653061225,1.0285714285714285,0.000596351029,-0.000169398925
0.8081632653061225,1.0204081632653061,0.000595854042,-0.000169925892
0.8081632653061225,1.0122448979591836,0.000596802498,-0.000169240321
0.8081632653061225,1.0040816326530613,0.000596611503,-0.000170040437
0.8081632653061225,0.9959183673469387,0.000596444754,-0.000171412834
0.8081632653061225,0.9877551020408163,0.00059650283,-0.000170453695
0.8081632653061225,0.9795918367346939,0.00059620728,-0.000169604156
0.8081632653061225,0.9714285714285714,0.000596077906,-0.000170300903
0.8081632653061225,0.963265306122449,0.000595403053,-0.000169465333
0.8081632653061225,0.9551020408163265,0.000595930611,-0.000169330364
0.8081632653061225,0.9469387755102041,0.00059644648,-0.000169310808
0.8081632653061225,0.9387755102040816,0.000595658735,-0.000168720675
0.8081632653061225,0.9306122448979592,0.000596716344,-0.000168985443
0.8081632653061225,0.9224489795918367,0.00059697835,-0.00016973418
0.8081632653061225,0.9142857142857143,0.000595672631,-0.000169483381
0.8081632653061225,0.9061224489795918,0.000597249461,-0.000169026707
0.8081632653061225,0.8979591836734694,0.000596382366,-0.000169711187
0.8081632653061225,0.889795918367347,0.000595915949,-0.000168011693
0.8081632653061225,0.8816326530612244,0.000595429792,-0.000168032534
0.8081632653061225,0.8734693877551021,0.000595315367,-0.000168351251
0.8081632653061225,0.8653061224489795,0.00059518676,-0.000168131184
0.8081632653061225,0.8571428571428572,0.000595989167,-0.000169077638
0.8081632653061225,0.8489795918367347,0.000595596541,-0.000168089695
0.8081632653061225,0.8408163265306122,0.000595805263,-0.000168794598
0.8081632653061225,0.8326530612244898,0.000595684707,-0.000169208304
0.8081632653061225,0.8244897959183674,0.000594542477,-0.000169766197
0.8081632653061225,0.8163265306122449,0.000594921494,-0.000169570855
0.8081632653061225,0.8081632653061225,0.000594379754,-0.000169655312
0.8081632653061225,0.8,0.000594581385,-0.000169860768
0.8,1.2,0.000595029881,-0.000169126417
0.8,1.1918367346938774,0.000596061711,-0.000168457191
0.8,1.183673469387755,0.000594991453,-0.00016848985
0.8,1.1755102040816325,0.000596034686,-0.00016957214
0.8,1.1673469387755102,0.000594519478,-0.000169383029
0.8,1.1591836734693877,0.000594770367,-0.000169254065
0.8,1.1510204081632653,0.000594238304,-0.000168514576
0.8,1.1428571428571428,0.000594368157,-0.000168780211
0.8,1.1346938775510205,0.000593702602,-0.000169762985
0.8,1.126530612244898,0.000594107397,-0.000169594072
0.8,1.1183673469387754,0.000593919182,-0.000168828124
0.8,1.110204081632653,0.000594236771,-0.00017043006
0.8,1.1020408163265305,0.000593913143,-0.000169530233
0.8,1.0938775510204082,0.000593864365,-0.000169024332
0.8,1.0857142857142856,0.000593802937,-0.000170288219
0.8,1.0775510204081633,0.000593759237,-0.000169420408
0.8,1.0693877551020408,0.000593360573,-0.000169793492
0.8,1.0612244897959184,0.000595094281,-0.000169111806
0.8,1.0530612244897959,0.000595253173,-0.000168588499
0.8,1.0448979591836736,0.000595281731,-0.000168247432
0.8,1.036734693877551,0.000594171031,-0.000169089456
0.8,1.0285714285714285,0.000594830742,-0.000168592802
0.8,1.0204081632653061,0.000594800938,-0.000168058963
0.8,1.0122448979591836,0.000595872729,-0.000167314946
0.8,1.0040816326530613,0.000595827977,-0.000167298826
0.8,0.9959183673469387,0.000595503869,-0.000166837207
0.8,0.9877551020408163,0.000595536739,-0.000168319653
0.8,0.9795918367346939,0.000596102152,-0.000167830738
0.8,0.9714285714285714,0.000596358887,-0.000167813976
0.8,0.963265306122449,0.000596487208,-0.000169035731
0.8,0.9551020408163265,0.000594486128,-0.000168986085
0.8,0.9469387755102041,0.000596247148,-0.000168317083
0.8,0.9387755102040816,0.000595735018,-0.000167662244
0.8,0.9306122448979592,0.000595320159,-0.000168697457
0.8,0.9224489795918367,0.000595168552,-0.00016856464
0.8,0.9142857142857143,0.000594687759,-0.000169030144
0.8,0.9061224489795918,0.000595272913,-0.000168998545
0.8,0.8979591836734694,0.000595101372,-0.000168948257
0.8,0.889795918367347,0.000595451545,-0.000168811361
0.8,0.8816326530612244,0.000595374495,-0.000168426459
0.8,0.8734693877551021,0.000595535206,-0.000169259235
0.8,0.8653061224489795,0.000595325717,-0.000169749658
0.8,0.8571428571428572,0.000595294094,-0.000170139505
0.8,0.8489795918367347,0.000595758018,-0.000168868521
0.8,0.8408163265306122,0.000595637268,-0.000168791804
0.8,0.8326530612244898,0.000596565024,-0.000167832665
0.8,0.8244897959183674,0.00059573933,-0.00016797258
0.8,0.8163265306122449,0.000596929092,-0.000167505791
0.8,0.8081632653061225,0.000595985142,-0.000168305041
0.8,0.8,0.000596879067,-0.000167183862
