spi_rack.module2.dac9.voltage,spi_rack.module2.dac5.voltage,agilent_left.volt,agilent_right.volt
1.2,1.2,0.000593958856,-0.000173997126
1.2,1.1918367346938774,0.000593047775,-0.000173536149
1.2,1.183673469387755,0.000594004569,-0.000172661242
1.2,1.1755102040816325,0.0005938176,-0.000172780315
1.2,1.1673469387755102,0.000593515439,-0.000173317815
1.2,1.1591836734693877,0.00059343609,-0.000172606233
1.2,1.1510204081632653,0.000593450272,-0.000172507808
1.2,1.1428571428571428,0.000593420948,-0.000173636726
1.2,1.1346938775510205,0.000591992179,-0.000172543485
1.2,1.126530612244898,0.00059193631,-0.000173448675
1.2,1.1183673469387754,0.000590705627,-0.000173267721
1.2,1.110204081632653,0.000592098267,-0.000173239783
1.2,1.1020408163265305,0.00059308841,-0.000174867505
1.2,1.0938775510204082,0.000592297599,-0.000173696905
1.2,1.0857142857142856,0.000591875168,-0.000172541334
1.2,1.0775510204081633,0.000593319366,-0.000173601691
1.2,1.0693877551020408,0.000591937076,-0.000173120292
1.2,1.0612244897959184,0.000592751173,-0.00017270681
1.2,1.0530612244897959,0.000592916869,-0.00017191122
1.2,1.0448979591836736,0.00059308793,-0.000172274414
1.2,1.036734693877551,0.000592600526,-0.00017312954
1.2,1.0285714285714285,0.000592330469,-0.000172881952
1.2,1.0204081632653061,0.000592747821,-0.000172345543
1.2,1.0122448979591836,0.000593238484,-0.00017325054
1.2,1.0040816326530613,0.000593650851,-0.000172339314
1.2,0.9959183673469387,0.000593380507,-0.000173270514
1.2,0.9877551020408163,0.000593631397,-0.000172405722
1.2,0.9795918367346939,0.000593368624,-0.000171983859
1.2,0.9714285714285714,0.000594105385,-0.000172895921
1.2,0.963265306122449,0.000595225668,-0.000173765465
1.2,0.9551020408163265,0.000594628917,-0.000174368925
1.2,0.9469387755102041,0.000594929832,-0.000174198503
1.2,0.9387755102040816,0.000593702888,-0.000172784394
1.2,0.9306122448979592,0.000593945727,-0.000173300186
1.2,0.9224489795918367,0.000593536906,-0.000173835086
1.2,0.9142857142857143,0.000593480843,-0.000173459208
1.2,0.9061224489795918,0.000594430831,-0.000172503505
1.2,0.8979591836734694,0.000594475011,-0.00017403839
1.2,0.889795918367347,0.000594069256,-0.000173771695
1.2,0.8816326530612244,0.000594962895,-0.000173145018
1.2,0.8734693877551021,0.000594638021,-0.00017298619
1.2,0.8653061224489795,0.000595146319,-0.000172370688
1.2,0.8571428571428572,0.000594382339,-0.000173316724
1.2,0.8489795918367347,0.000593736238,-0.000172758383
1.2,0.8408163265306122,0.000594863612,-0.000172316321
1.2,0.8326530612244898,0.000594209746,-0.000172767631
1.2,0.8244897959183674,0.000594488907,-0.000173730848
1.2,0.8163265306122449,0.000593930778,-0.000174205151
1.2,0.8081632653061225,0.000593453531,-0.000173808014
1.2,0.8,0.000593340546,-0.000173909009
1.1918367346938774,1.2,0.000591420634,-0.000173777701
1.1918367346938774,1.1918367346938774,0.000592121746,-0.000173041648
1.1918367346938774,1.183673469387755,0.000592517438,-0.000172880025
1.1918367346938774,1.1755102040816325,0.000592884286,-0.000172303637
1.1918367346938774,1.1673469387755102,0.000592511113,-0.000173787591
1.1918367346938774,1.1591836734693877,0.000592258691,-0.000173744399
1.1918367346938774,1.1510204081632653,0.00059281682,-0.000172836834
1.1918367346938774,1.1428571428571428,0.000592695304,-0.000173578056
1.1918367346938774,1.1346938775510205,0.00059232539,-0.000172957191
1.1918367346938774,1.126530612244898,0.000593143513,-0.000172681666
1.1918367346938774,1.1183673469387754,0.000592398128,-0.000172970069
1.1918367346938774,1.110204081632653,0.000591620447,-0.000172349204
1.1918367346938774,1.1020408163265305,0.000591596487,-0.000173126971
1.1918367346938774,1.0938775510204082,0.000591527775,-0.000173472534
1.1918367346938774,1.0857142857142856,0.000590735431,-0.000174437903
1.1918367346938774,1.0775510204081633,0.000590906492,-0.000172998231
1.1918367346938774,1.0693877551020408,0.000590867584,-0.000173440294
1.1918367346938774,1.0612244897959184,0.000591327676,-0.000172871002
1.1918367346938774,1.0530612244897959,0.000591288002,-0.000172372197
1.1918367346938774,1.0448979591836736,0.000591991893,-0.00017231783
1.1918367346938774,1.036734693877551,0.000593146578,-0.000173377321
1.1918367346938774,1.0285714285714285,0.000592059839,-0.00017386646
1.1918367346938774,1.0204081632653061,0.000592148771,-0.000173194215
1.1918367346938774,1.0122448979591836,0.000591471426,-0.000175068883
1.1918367346938774,1.0040816326530613,0.000591229353,-0.000172722064
1.1918367346938774,0.9959183673469387,0.000592295106,-0.00017532527
1.1918367346938774,0.9877551020408163,0.000591310521,-0.000173935887
1.1918367346938774,0.9795918367346939,0.000591723848,-0.000173113419
1.1918367346938774,0.9714285714285714,0.000590878414,-0.000173580208
1.1918367346938774,0.963265306122449,0.00059118316,-0.000173334996
1.1918367346938774,0.9551020408163265,0.000591476217,-0.000173167368
1.1918367346938774,0.9469387755102041,0.000591488387,-0.000173617812
1.1918367346938774,0.9387755102040816,0.000591305443,-0.000173673045
1.1918367346938774,0.9306122448979592,0.000591559112,-0.000172824792
1.1918367346938774,0.9224489795918367,0.000591766495,-0.000172405722
1.1918367346938774,0.9142857142857143,0.000590264989,-0.00017493112
1.1918367346938774,0.9061224489795918,0.000591409231,-0.000173376679
1.1918367346938774,0.8979591836734694,0.000591461555,-0.000173700341
1.1918367346938774,0.889795918367347,0.000590101979,-0.000173507345
1.1918367346938774,0.8816326530612244,0.000590951438,-0.000173456414
1.1918367346938774,0.8734693877551021,0.000591297299,-0.000172591398
1.1918367346938774,0.8653061224489795,0.000590590436,-0.00017317058
1.1918367346938774,0.8571428571428572,0.00059086787,-0.000171706407
1.1918367346938774,0.8489795918367347,0.000591773873,-0.000172966409
1.1918367346938774,0.8408163265306122,0.000591961036,-0.000173544949
1.1918367346938774,0.8326530612244898,0.00059187948,-0.000173993465
1.1918367346938774,0.8244897959183674,0.000591208173,-0.000174067195
1.1918367346938774,0.8163265306122449,0.000592029554,-0.000173082045
1.1918367346938774,0.8081632653061225,0.000592137941,-0.00017285639
1.1918367346938774,0.8,0.000593966907,-0.000173426325
1.183673469387755,1.2,0.00059445709,-0.000172001907
1.183673469387755,1.1918367346938774,0.000595074061,-0.000173161556
1.183673469387755,1.183673469387755,0.000594414923,-0.00017366187
1.183673469387755,1.1755102040816325,0.00059563267,-0.00017250479
1.183673469387755,1.1673469387755102,0.000594775926,-0.000171996961
1.183673469387755,1.1591836734693877,0.000594583398,-0.000171150441
1.183673469387755,1.1510204081632653,0.000595031607,-0.000172796211
1.183673469387755,1.1428571428571428,0.000594258718,-0.000172580447
1.183673469387755,1.1346938775510205,0.000594038685,-0.000172068315
1.183673469387755,1.126530612244898,0.000593458323,-0.000174017325
1.183673469387755,1.1183673469387754,0.000593820379,-0.000173132976
1.183673469387755,1.110204081632653,0.000594853262,-0.000171620666
1.183673469387755,1.1020408163265305,0.000593043463,-0.000171855762
1.183673469387755,1.0938775510204082,0.000593527802,-0.000172356719
1.183673469387755,1.0857142857142856,0.000592918115,-0.000170891036
1.183673469387755,1.0775510204081633,0.000592267795,-0.000172725082
1.183673469387755,1.0693877551020408,0.000593389324,-0.000172076697
1.183673469387755,1.0612244897959184,0.000592569476,-0.000172491045
1.183673469387755,1.0530612244897959,0.000593438389,-0.000171767228
1.183673469387755,1.0448979591836736,0.000592754912,-0.000173191003
1.183673469387755,1.036734693877551,0.000593076333,-0.000173084839
1.183673469387755,1.0285714285714285,0.000594017698,-0.000172446345
1.183673469387755,1.0204081632653061,0.000594099826,-0.000173544306
1.183673469387755,1.0122448979591836,0.000593314287,-0.000172750226
1.183673469387755,1.0040816326530613,0.0005937739,-0.000172651801
1.183673469387755,0.9959183673469387,0.000593299912,-0.000172858317
1.183673469387755,0.9877551020408163,0.000592779444,-0.000172391978
1.183673469387755,0.9795918367346939,0.000592927986,-0.0001723002
1.183673469387755,0.9714285714285714,0.000591671044,-0.000172901091
1.183673469387755,0.963265306122449,0.000592249107,-0.000172739051
1.183673469387755,0.9551020408163265,0.000592800625,-0.000174388482
1.183673469387755,0.9469387755102041,0.000592895402,-0.000174302292
1.183673469387755,0.9387755102040816,0.000592930285,-0.00017399735
1.183673469387755,0.9306122448979592,0.000592654096,-0.000173442445
1.183673469387755,0.9224489795918367,0.000592295586,-0.000173225814
1.183673469387755,0.9142857142857143,0.000593418649,-0.000173129315
1.183673469387755,0.9061224489795918,0.000594171604,-0.000174656686
1.183673469387755,0.8979591836734694,0.000593737771,-0.000174479168
1.183673469387755,0.889795918367347,0.000592919168,-0.000174296286
1.183673469387755,0.8816326530612244,0.00059289061,-0.000174918436
1.183673469387755,0.8734693877551021,0.00059340274,-0.00017403839
1.183673469387755,0.8653061224489795,0.000594848184,-0.000172799005
1.183673469387755,0.8571428571428572,0.000593212705,-0.000174630033
1.183673469387755,0.8489795918367347,0.00059325142,-0.000173403332
1.183673469387755,0.8408163265306122,0.000592233199,-0.000174165396
1.183673469387755,0.8326530612244898,0.00059346714,-0.000174530965
1.183673469387755,0.8244897959183674,0.000593752913,-0.000174537195
1.183673469387755,0.8163265306122449,0.000594030348,-0.000174271142
1.183673469387755,0.8081632653061225,0.000594067723,-0.000173892471
1.183673469387755,0.8,0.000594535386,-0.000174769947
1.1755102040816325,1.2,0.000593120513,-0.000172571841
1.1755102040816325,1.1918367346938774,0.00059221825,-0.000172625148
1.1755102040816325,1.183673469387755,0.000593314574,-0.000173120741
1.1755102040816325,1.1755102040816325,0.000593777925,-0.000171746162
1.1755102040816325,1.1673469387755102,0.000594498491,-0.000171342346
1.1755102040816325,1.1591836734693877,0.000593906532,-0.000172632887
1.1755102040816325,1.1510204081632653,0.00059496922,-0.000173497679
1.1755102040816325,1.1428571428571428,0.000593340352,-0.000172485458
1.1755102040816325,1.1346938775510205,0.000593626318,-0.000173104171
1.1755102040816325,1.126530612244898,0.000592893389,-0.000173304264
1.1755102040816325,1.1183673469387754,0.000594356754,-0.000172319115
1.1755102040816325,1.110204081632653,0.000592867611,-0.000172963839
1.1755102040816325,1.1020408163265305,0.000594149851,-0.000171966872
1.1755102040816325,1.0938775510204082,0.00059386082,-0.000173107832
1.1755102040816325,1.0857142857142856,0.000593046243,-0.000173804772
1.1755102040816325,1.0775510204081633,0.000594238784,-0.000172019954
1.1755102040816325,1.0693877551020408,0.000593920428,-0.000172175764
1.1755102040816325,1.0612244897959184,0.00059422968,-0.000172235943
1.1755102040816325,1.0530612244897959,0.000593506335,-0.000173346589
1.1755102040816325,1.0448979591836736,0.000593737004,-0.000172045965
1.1755102040816325,1.036734693877551,0.000594223835,-0.000172994571
1.1755102040816325,1.0285714285714285,0.000592614708,-0.000173962091
1.1755102040816325,1.0204081632653061,0.000593025736,-0.00017373923
1.1755102040816325,1.0122448979591836,0.000593270874,-0.000174228368
1.1755102040816325,1.0040816326530613,0.000594615022,-0.000173715595
1.1755102040816325,0.9959183673469387,0.000594582438,-0.00017278783
1.1755102040816325,0.9877551020408163,0.000594150904,-0.000173153175
1.1755102040816325,0.9795918367346939,0.000593223342,-0.000172745923
1.1755102040816325,0.9714285714285714,0.00059291361,-0.000173226456
1.1755102040816325,0.963265306122449,0.000592643746,-0.000174593938
1.1755102040816325,0.9551020408163265,0.000592009334,-0.000173735794
1.1755102040816325,0.9469387755102041,0.000592443934,-0.000173055616
1.1755102040816325,0.9387755102040816,0.000593425453,-0.000174449721
1.1755102040816325,0.9306122448979592,0.000593404273,-0.000173824553
1.1755102040816325,0.9224489795918367,0.000592618734,-0.000174189898
1.1755102040816325,0.9142857142857143,0.00059343561,-0.000173005104
1.1755102040816325,0.9061224489795918,0.000594216071,-0.000171922396
1.1755102040816325,0.8979591836734694,0.000593503556,-0.000172094102
1.1755102040816325,0.889795918367347,0.000593399001,-0.000170849129
1.1755102040816325,0.8816326530612244,0.000592766315,-0.000173019715
1.1755102040816325,0.8734693877551021,0.000592155096,-0.00017354087
1.1755102040816325,0.8653061224489795,0.000593166799,-0.000173339075
1.1755102040816325,0.8571428571428572,0.000594739603,-0.000174068898
1.1755102040816325,0.8489795918367347,0.000592343118,-0.000173960806
1.1755102040816325,0.8408163265306122,0.00059333556,-0.00017429908
1.1755102040816325,0.8326530612244898,0.000592172057,-0.000174523868
1.1755102040816325,0.8244897959183674,0.000592304976,-0.000173761162
1.1755102040816325,0.8163265306122449,0.000594200642,-0.000173585571
1.1755102040816325,0.8081632653061225,0.000593863119,-0.000173837237
1.1755102040816325,0.8,0.000593627851,-0.000175059635
1.1673469387755102,1.2,0.00059614106,-0.000173464153
1.1673469387755102,1.1918367346938774,0.000594615788,-0.000173821983
1.1673469387755102,1.183673469387755,0.000594618761,-0.000174056438
1.1673469387755102,1.1755102040816325,0.000594555607,-0.00017463562
1.1673469387755102,1.1673469387755102,0.00059422968,-0.000173955861
1.1673469387755102,1.1591836734693877,0.000593080839,-0.00017361094
1.1673469387755102,1.1510204081632653,0.000593767095,-0.000174198279
1.1673469387755102,1.1428571428571428,0.000593286782,-0.00017397606
1.1673469387755102,1.1346938775510205,0.000594000063,-0.000173317367
1.1673469387755102,1.126530612244898,0.000594766628,-0.000173566881
1.1673469387755102,1.1183673469387754,0.000594000737,-0.00017360577
1.1673469387755102,1.110204081632653,0.000594174383,-0.000174628748
1.1673469387755102,1.1020408163265305,0.000594677409,-0.000174483246
1.1673469387755102,1.0938775510204082,0.000594807263,-0.00017360471
1.1673469387755102,1.0857142857142856,0.000593821145,-0.000174084376
1.1673469387755102,1.0775510204081633,0.000594501556,-0.000173754708
1.1673469387755102,1.0693877551020408,0.00059558897,-0.000173446748
1.1673469387755102,1.0612244897959184,0.000594859587,-0.000173884089
1.1673469387755102,1.0530612244897959,0.000595436117,-0.00017284027
1.1673469387755102,1.0448979591836736,0.000595721123,-0.000174189255
1.1673469387755102,1.036734693877551,0.000594725901,-0.000172763328
1.1673469387755102,1.0285714285714285,0.000595732239,-0.000171859423
1.1673469387755102,1.0204081632653061,0.000594377455,-0.000171909069
1.1673469387755102,1.0122448979591836,0.000595219629,-0.000171802487
1.1673469387755102,1.0040816326530613,0.000595628164,-0.000172481797
1.1673469387755102,0.9959183673469387,0.000595134242,-0.00017165827
1.1673469387755102,0.9877551020408163,0.00059431564,-0.000172799872
1.1673469387755102,0.9795918367346939,0.000594539985,-0.00017333779
1.1673469387755102,0.9714285714285714,0.000594790588,-0.000173126746
1.1673469387755102,0.963265306122449,0.000595450299,-0.000172788472
1.1673469387755102,0.9551020408163265,0.000594187993,-0.000172208647
1.1673469387755102,0.9469387755102041,0.000594553114,-0.000172717118
1.1673469387755102,0.9387755102040816,0.000593679408,-0.000173051956
1.1673469387755102,0.9306122448979592,0.000594877508,-0.000172460956
1.1673469387755102,0.9224489795918367,0.000595929079,-0.000173662513
1.1673469387755102,0.9142857142857143,0.00059556549,-0.000173034551
1.1673469387755102,0.9061224489795918,0.000595125138,-0.000173038629
1.1673469387755102,0.8979591836734694,0.000595334821,-0.000173629211
1.1673469387755102,0.889795918367347,0.000594115255,-0.000173109983
1.1673469387755102,0.8816326530612244,0.000594860833,-0.000173711292
1.1673469387755102,0.8734693877551021,0.000594294367,-0.000174822162
1.1673469387755102,0.8653061224489795,0.00059495561,-0.000173477898
1.1673469387755102,0.8571428571428572,0.000594337014,-0.00017362812
1.1673469387755102,0.8489795918367347,0.00059464176,-0.000173982514
1.1673469387755102,0.8408163265306122,0.000594098293,-0.000174397281
1.1673469387755102,0.8326530612244898,0.000596055387,-0.00017238639
1.1673469387755102,0.8244897959183674,0.00059503362,-0.000174048056
1.1673469387755102,0.8163265306122449,0.00059435043,-0.000173423755
1.1673469387755102,0.8081632653061225,0.000595493712,-0.000174296704
1.1673469387755102,0.8,0.000595673877,-0.00017301843
1.1591836734693877,1.2,0.00059421885,-0.000172159868
1.1591836734693877,1.1918367346938774,0.000593147538,-0.000172097762
1.1591836734693877,1.183673469387755,0.000593671837,-0.000171023211
1.1591836734693877,1.1755102040816325,0.000594336534,-0.000172161795
1.1591836734693877,1.1673469387755102,0.000594295613,-0.000171504611
1.1591836734693877,1.1591836734693877,0.000593625838,-0.000171612284
1.1591836734693877,1.1510204081632653,0.000593907299,-0.000171660839
1.1591836734693877,1.1428571428571428,0.000595251446,-0.000171434542
1.1591836734693877,1.1346938775510205,0.000595811302,-0.000171563281
1.1591836734693877,1.126530612244898,0.000596137228,-0.000172136233
1.1591836734693877,1.1183673469387754,0.000594098293,-0.000171146363
1.1591836734693877,1.110204081632653,0.000594702135,-0.000171105098
1.1591836734693877,1.1020408163265305,0.000594796146,-0.000170854941
1.1591836734693877,1.0938775510204082,0.00059469533,-0.000170770261
1.1591836734693877,1.0857142857142856,0.000594166526,-0.000170743189
1.1591836734693877,1.0775510204081633,0.000593856794,-0.000172588186
1.1591836734693877,1.0693877551020408,0.000595495725,-0.000172258936
1.1591836734693877,1.0612244897959184,0.000595372003,-0.00017255723
1.1591836734693877,1.0530612244897959,0.000595985908,-0.000173741606
1.1591836734693877,1.0448979591836736,0.000595934637,-0.000172845439
1.1591836734693877,1.036734693877551,0.000595513453,-0.000173187343
1.1591836734693877,1.0285714285714285,0.000594596527,-0.000173823044
1.1591836734693877,1.0204081632653061,0.000594253926,-0.00017182654
1.1591836734693877,1.0122448979591836,0.000594564997,-0.000172723573
1.1591836734693877,1.0040816326530613,0.000595137501,-0.000171025363
1.1591836734693877,0.9959183673469387,0.000595827017,-0.000171406604
1.1591836734693877,0.9877551020408163,0.000595787342,-0.000171243503
1.1591836734693877,0.9795918367346939,0.000594877794,-0.000170993764
1.1591836734693877,0.9714285714285714,0.000595147372,-0.000171293149
1.1591836734693877,0.963265306122449,0.000594495232,-0.000171069197
1.1591836734693877,0.9551020408163265,0.000595247901,-0.000172518116
1.1591836734693877,0.9469387755102041,0.000595332522,-0.000171819668
1.1591836734693877,0.9387755102040816,0.00059431708,-0.000172688762
1.1591836734693877,0.9306122448979592,0.000594282484,-0.000171864368
1.1591836734693877,0.9224489795918367,0.000594248654,-0.000171999337
1.1591836734693877,0.9142857142857143,0.000595624619,-0.000171918735
1.1591836734693877,0.9061224489795918,0.00059483908,-0.000171988804
1.1591836734693877,0.8979591836734694,0.000594518998,-0.000170778642
1.1591836734693877,0.889795918367347,0.000594595281,-0.000171421439
1.1591836734693877,0.8816326530612244,0.000595138748,-0.000171597449
1.1591836734693877,0.8734693877551021,0.000593769588,-0.000171427669
1.1591836734693877,0.8653061224489795,0.000593888325,-0.000170393516
1.1591836734693877,0.8571428571428572,0.000593930298,-0.000171545233
1.1591836734693877,0.8489795918367347,0.000594222109,-0.000171858781
1.1591836734693877,0.8408163265306122,0.000593920908,-0.000171578534
1.1591836734693877,0.8326530612244898,0.00059400083,-0.000172620845
1.1591836734693877,0.8244897959183674,0.000594511427,-0.000171822461
1.1591836734693877,0.8163265306122449,0.000593296652,-0.000172901315
1.1591836734693877,0.8081632653061225,0.000593281704,-0.000171850399
1.1591836734693877,0.8,0.000594096281,-0.000172150202
1.1510204081632653,1.2,0.000593969973,-0.000171436693
1.1510204081632653,1.1918367346938774,0.000594701175,-0.000172400135
1.1510204081632653,1.183673469387755,0.000595907612,-0.000171289907
1.1510204081632653,1.1755102040816325,0.000595529361,-0.000171705122
1.1510204081632653,1.1673469387755102,0.000594301938,-0.000172001907
1.1510204081632653,1.1591836734693877,0.000594353975,-0.000171700819
1.1510204081632653,1.1510204081632653,0.00059544522,-0.000172513171
1.1510204081632653,1.1428571428571428,0.000595894963,-0.000171354164
1.1510204081632653,1.1346938775510205,0.00059476203,-0.000173596104
1.1510204081632653,1.126530612244898,0.000595209759,-0.000171753901
1.1510204081632653,1.1183673469387754,0.000595602099,-0.000173349607
1.1510204081632653,1.110204081632653,0.000595776226,-0.000172361888
1.1510204081632653,1.1020408163265305,0.000596726694,-0.000172576786
1.1510204081632653,1.0938775510204082,0.000596715578,-0.000173799409
1.1510204081632653,1.0857142857142856,0.000596781031,-0.000172010288
1.1510204081632653,1.0775510204081633,0.000595683747,-0.00017272293
1.1510204081632653,1.0693877551020408,0.0005965127,-0.000172840912
1.1510204081632653,1.0612244897959184,0.000596856068,-0.000172373064
1.1510204081632653,1.0530612244897959,0.000595721889,-0.000171517713
1.1510204081632653,1.0448979591836736,0.000595931091,-0.000172578295
1.1510204081632653,1.036734693877551,0.000596714331,-0.000172305788
1.1510204081632653,1.0285714285714285,0.000595344405,-0.000172177498
1.1510204081632653,1.0204081632653061,0.000595359833,-0.000172517056
1.1510204081632653,1.0122448979591836,0.000596191565,-0.000172152354
1.1510204081632653,1.0040816326530613,0.000595885379,-0.000172213593
1.1510204081632653,0.9959183673469387,0.000595511154,-0.000171604545
1.1510204081632653,0.9877551020408163,0.000596087204,-0.000171614211
1.1510204081632653,0.9795918367346939,0.000595096294,-0.000171845454
1.1510204081632653,0.9714285714285714,0.000595706747,-0.00017043995
1.1510204081632653,0.963265306122449,0.0005947949,-0.000171209111
1.1510204081632653,0.9551020408163265,0.000596139048,-0.000171453038
1.1510204081632653,0.9469387755102041,0.000596199422,-0.000172064012
1.1510204081632653,0.9387755102040816,0.000595710486,-0.000171466558
1.1510204081632653,0.9306122448979592,0.000595384366,-0.000171701686
1.1510204081632653,0.9224489795918367,0.000595540958,-0.000171495363
1.1510204081632653,0.9142857142857143,0.000595844171,-0.000172875722
1.1510204081632653,0.9061224489795918,0.000596387158,-0.000172359095
1.1510204081632653,0.8979591836734694,0.000595997311,-0.000172597627
1.1510204081632653,0.889795918367347,0.000596944521,-0.00017193614
1.1510204081632653,0.8816326530612244,0.000594836301,-0.000172344259
1.1510204081632653,0.8734693877551021,0.000595011673,-0.000171113897
1.1510204081632653,0.8653061224489795,0.000593242796,-0.000172535328
1.1510204081632653,0.8571428571428572,0.000593225641,-0.000171886719
1.1510204081632653,0.8489795918367347,0.000593141214,-0.000171774967
1.1510204081632653,0.8408163265306122,0.000592625058,-0.000172282153
1.1510204081632653,0.8326530612244898,0.000592670771,-0.000171929268
1.1510204081632653,0.8244897959183674,0.000592116188,-0.000173204972
1.1510204081632653,0.8163265306122449,0.000591930751,-0.000174000786
1.1510204081632653,0.8081632653061225,0.000591806936,-0.000172601512
1.1510204081632653,0.8,0.000591980776,-0.000172644929
1.1428571428571428,1.2,0.000595215318,-0.000172190824
1.1428571428571428,1.1918367346938774,0.000594200642,-0.000171980423
1.1428571428571428,1.183673469387755,0.000593083904,-0.000172821998
1.1428571428571428,1.1755102040816325,0.000595132709,-0.000171740574
1.1428571428571428,1.1673469387755102,0.000593862352,-0.000172309866
1.1428571428571428,1.1591836734693877,0.000594133176,-0.000171876828
1.1428571428571428,1.1510204081632653,0.000593182421,-0.000173031115
1.1428571428571428,1.1428571428571428,0.000593483335,-0.000173448899
1.1428571428571428,1.1346938775510205,0.000592416336,-0.000172494481
1.1428571428571428,1.126530612244898,0.000593902507,-0.000172601288
1.1428571428571428,1.1183673469387754,0.000593713811,-0.00017275408
1.1428571428571428,1.110204081632653,0.00059495561,-0.000171363412
1.1428571428571428,1.1020408163265305,0.000593669058,-0.000173349383
1.1428571428571428,1.0938775510204082,0.00059388152,-0.000172661467
1.1428571428571428,1.0857142857142856,0.000592428505,-0.00017393245
1.1428571428571428,1.0775510204081633,0.000592525009,-0.000172893576
1.1428571428571428,1.0693877551020408,0.000592247094,-0.000173073664
1.1428571428571428,1.0612244897959184,0.000591694237,-0.00017378393
1.1428571428571428,1.0530612244897959,0.000591943401,-0.000173399896
1.1428571428571428,1.0448979591836736,0.000592510633,-0.000173473177
1.1428571428571428,1.036734693877551,0.000592075267,-0.000173130825
1.1428571428571428,1.0285714285714285,0.000592342065,-0.000173337148
1.1428571428571428,1.0204081632653061,0.000591565917,-0.000173682711
1.1428571428571428,1.0122448979591836,0.000590045436,-0.00017439879
1.1428571428571428,1.0040816326530613,0.000592529321,-0.000173672179
1.1428571428571428,0.9959183673469387,0.000592089449,-0.000172347695
1.1428571428571428,0.9877551020408163,0.000591837793,-0.000173385702
1.1428571428571428,0.9795918367346939,0.000590988334,-0.000173939323
1.1428571428571428,0.9714285714285714,0.000592028788,-0.000173263642
1.1428571428571428,0.963265306122449,0.000591944167,-0.000172477719
1.1428571428571428,0.9551020408163265,0.000591991413,-0.000172947719
1.1428571428571428,0.9469387755102041,0.000590945114,-0.000173798766
1.1428571428571428,0.9387755102040816,0.000591509567,-0.000172440981
1.1428571428571428,0.9306122448979592,0.000591555566,-0.00017257958
1.1428571428571428,0.9224489795918367,0.000591327676,-0.000173460717
1.1428571428571428,0.9142857142857143,0.000591379234,-0.000174596089
1.1428571428571428,0.9061224489795918,0.00059304423,-0.000174294135
1.1428571428571428,0.8979591836734694,0.000592388831,-0.000174510124
1.1428571428571428,0.889795918367347,0.000591991893,-0.000174137682
1.1428571428571428,0.8816326530612244,0.000592452271,-0.000174094042
1.1428571428571428,0.8734693877551021,0.000591267781,-0.000173972848
1.1428571428571428,0.8653061224489795,0.000593197083,-0.000173125461
1.1428571428571428,0.8571428571428572,0.000591397921,-0.000173768677
1.1428571428571428,0.8489795918367347,0.000591046982,-0.000173448899
1.1428571428571428,0.8408163265306122,0.000592069995,-0.000174050432
1.1428571428571428,0.8326530612244898,0.000591303144,-0.000173177677
1.1428571428571428,0.8244897959183674,0.000592446427,-0.000173078834
1.1428571428571428,0.8163265306122449,0.000592085904,-0.000172615257
1.1428571428571428,0.8081632653061225,0.000591105824,-0.000173780719
1.1428571428571428,0.8,0.00059175164,-0.000173932868
1.1346938775510205,1.2,0.000596550075,-0.000172501578
1.1346938775510205,1.1918367346938774,0.000596341639,-0.000172722064
1.1346938775510205,1.183673469387755,0.000595811588,-0.000172802023
1.1346938775510205,1.1755102040816325,0.000595873496,-0.000172804593
1.1346938775510205,1.1673469387755102,0.000596198942,-0.000172880668
1.1346938775510205,1.1591836734693877,0.00059660997,-0.000172468471
1.1346938775510205,1.1510204081632653,0.00059593617,-0.000173605128
1.1346938775510205,1.1428571428571428,0.000595162227,-0.000173969188
1.1346938775510205,1.1346938775510205,0.000596114802,-0.000173406126
1.1346938775510205,1.126530612244898,0.000596570296,-0.000174644868
1.1346938775510205,1.1183673469387754,0.000595674163,-0.000172489312
1.1346938775510205,1.110204081632653,0.00059632573,-0.000173965109
1.1346938775510205,1.1020408163265305,0.000596565504,-0.000172305146
1.1346938775510205,1.0938775510204082,0.000595694864,-0.00017336271
1.1346938775510205,1.0857142857142856,0.000595320445,-0.000173242801
1.1346938775510205,1.0775510204081633,0.000595571335,-0.000173296525
1.1346938775510205,1.0693877551020408,0.000596096308,-0.000173979721
1.1346938775510205,1.0612244897959184,0.000596108191,-0.000174158106
1.1346938775510205,1.0530612244897959,0.000596358314,-0.00017212204
1.1346938775510205,1.0448979591836736,0.000596614568,-0.000173267078
1.1346938775510205,1.036734693877551,0.000595221356,-0.000173529471
1.1346938775510205,1.0285714285714285,0.000596977104,-0.000173573111
1.1346938775510205,1.0204081632653061,0.000595267355,-0.000172824149
1.1346938775510205,1.0122448979591836,0.00059545835,-0.00017301477
1.1346938775510205,1.0040816326530613,0.000595559452,-0.000173020582
1.1346938775510205,0.9959183673469387,0.00059460793,-0.000173794463
1.1346938775510205,0.9877551020408163,0.000595613502,-0.000174917794
1.1346938775510205,0.9795918367346939,0.000597021284,-0.000174206242
1.1346938775510205,0.9714285714285714,0.00059619559,-0.000174057305
1.1346938775510205,0.963265306122449,0.000596762343,-0.000173478989
1.1346938775510205,0.9551020408163265,0.000595515179,-0.000173327899
1.1346938775510205,0.9469387755102041,0.000596433637,-0.000173645107
1.1346938775510205,0.9387755102040816,0.000594650864,-0.000173842825
1.1346938775510205,0.9306122448979592,0.000595634489,-0.000173365503
1.1346938775510205,0.9224489795918367,0.000595229213,-0.000174556752
1.1346938775510205,0.9142857142857143,0.000593746588,-0.000173605994
1.1346938775510205,0.9061224489795918,0.000594248367,-0.000173127388
1.1346938775510205,0.8979591836734694,0.000595158968,-0.000173889677
1.1346938775510205,0.889795918367347,0.000594830262,-0.000173348098
1.1346938775510205,0.8816326530612244,0.000594755225,-0.000173541737
1.1346938775510205,0.8734693877551021,0.000593204654,-0.000174393202
1.1346938775510205,0.8653061224489795,0.000592378481,-0.000172999098
1.1346938775510205,0.8571428571428572,0.000592619787,-0.000173508211
1.1346938775510205,0.8489795918367347,0.000593560865,-0.000173297392
1.1346938775510205,0.8408163265306122,0.000594416649,-0.000174487549
1.1346938775510205,0.8326530612244898,0.000594599593,-0.000172918721
1.1346938775510205,0.8244897959183674,0.000595160981,-0.000171950109
1.1346938775510205,0.8163265306122449,0.000594643773,-0.00017545873
1.1346938775510205,0.8081632653061225,0.00059495887,-0.000174053002
1.1346938775510205,0.8,0.00059482595,-0.000174213757
1.126530612244898,1.2,0.00059335856,-0.000172747432
1.126530612244898,1.1918367346938774,0.000593263783,-0.000171910354
1.126530612244898,1.183673469387755,0.000594826717,-0.000173141357
1.126530612244898,1.1755102040816325,0.000593306236,-0.000173100093
1.126530612244898,1.1673469387755102,0.000594584931,-0.00017264191
1.126530612244898,1.1591836734693877,0.000594035619,-0.000173332202
1.126530612244898,1.1510204081632653,0.00059328247,-0.000173241292
1.126530612244898,1.1428571428571428,0.000592939869,-0.000173760295
1.126530612244898,1.1346938775510205,0.000593071255,-0.000174674091
1.126530612244898,1.126530612244898,0.000592775899,-0.000172256366
1.126530612244898,1.1183673469387754,0.000594338353,-0.000173117498
1.126530612244898,1.110204081632653,0.000595003336,-0.000172477301
1.126530612244898,1.1020408163265305,0.00059254293,-0.000173142224
1.126530612244898,1.0938775510204082,0.00059353288,-0.000173705929
1.126530612244898,1.0857142857142856,0.000593992686,-0.000172642135
1.126530612244898,1.0775510204081633,0.000594736251,-0.000172987281
1.126530612244898,1.0693877551020408,0.000594493219,-0.000173214863
1.126530612244898,1.0612244897959184,0.000595519777,-0.000172439472
1.126530612244898,1.0530612244897959,0.000593899248,-0.000173107832
1.126530612244898,1.0448979591836736,0.000594397675,-0.000172599137
1.126530612244898,1.036734693877551,0.000592645565,-0.000172890558
1.126530612244898,1.0285714285714285,0.000593976297,-0.00017226539
1.126530612244898,1.0204081632653061,0.000595329743,-0.000172123549
1.126530612244898,1.0122448979591836,0.000592939869,-0.000171831485
1.126530612244898,1.0040816326530613,0.000594661981,-0.000171937007
1.126530612244898,0.9959183673469387,0.00059516376,-0.00017215685
1.126530612244898,0.9877551020408163,0.000594352442,-0.000171665366
1.126530612244898,0.9795918367346939,0.000594896962,-0.00017201716
1.126530612244898,0.9714285714285714,0.000595080386,-0.000172101841
1.126530612244898,0.963265306122449,0.000594924273,-0.000172073903
1.126530612244898,0.9551020408163265,0.000595275692,-0.000172110447
1.126530612244898,0.9469387755102041,0.000595030361,-0.000172266257
1.126530612244898,0.9387755102040816,0.000595590216,-0.000171891022
1.126530612244898,0.9306122448979592,0.000595422987,-0.000172479228
1.126530612244898,0.9224489795918367,0.000595194617,-0.000171503744
1.126530612244898,0.9142857142857143,0.000593372169,-0.000172245834
1.126530612244898,0.9061224489795918,0.00059428325,-0.000172015233
1.126530612244898,0.8979591836734694,0.000594844444,-0.000171219419
1.126530612244898,0.889795918367347,0.000596298992,-0.000171389423
1.126530612244898,0.8816326530612244,0.000595978817,-0.000171660839
1.126530612244898,0.8734693877551021,0.000596348444,-0.000171940219
1.126530612244898,0.8653061224489795,0.000596280018,-0.000172267542
1.126530612244898,0.8571428571428572,0.000596220123,-0.00017271927
1.126530612244898,0.8489795918367347,0.000594944974,-0.000173240007
1.126530612244898,0.8408163265306122,0.000595329743,-0.000172772801
1.126530612244898,0.8326530612244898,0.00059552227,-0.000172705943
1.126530612244898,0.8244897959183674,0.000596835081,-0.000172993062
1.126530612244898,0.8163265306122449,0.000597399535,-0.000172722288
1.126530612244898,0.8081632653061225,0.000596681461,-0.000172497275
1.126530612244898,0.8,0.000597427326,-0.000173526483
1.1183673469387754,1.2,0.000594737018,-0.000172743996
1.1183673469387754,1.1918367346938774,0.000595097061,-0.000172796211
1.1183673469387754,1.183673469387755,0.000594732706,-0.000171790445
1.1183673469387754,1.1755102040816325,0.000596229707,-0.00017228302
1.1183673469387754,1.1673469387755102,0.000595466207,-0.000171736496
1.1183673469387754,1.1591836734693877,0.000595673397,-0.00017196623
1.1183673469387754,1.1510204081632653,0.000595902534,-0.000172920005
1.1183673469387754,1.1428571428571428,0.000595112489,-0.000172257009
1.1183673469387754,1.1346938775510205,0.000595881547,-0.000172221332
1.1183673469387754,1.126530612244898,0.000595933871,-0.000172632662
1.1183673469387754,1.1183673469387754,0.000596436703,-0.000172766989
1.1183673469387754,1.110204081632653,0.00059597,-0.000172762044
1.1183673469387754,1.1020408163265305,0.000595569802,-0.000172129779
1.1183673469387754,1.0938775510204082,0.000595721409,-0.000172594834
1.1183673469387754,1.0857142857142856,0.000596204694,-0.000171938516
1.1183673469387754,1.0775510204081633,0.000594691305,-0.000172667697
1.1183673469387754,1.0693877551020408,0.000594019231,-0.000172661467
1.1183673469387754,1.0612244897959184,0.000594773433,-0.00017408094
1.1183673469387754,1.0530612244897959,0.000594446453,-0.000173478764
1.1183673469387754,1.0448979591836736,0.000595267355,-0.000173174241
1.1183673469387754,1.036734693877551,0.000595063711,-0.000173846261
1.1183673469387754,1.0285714285714285,0.00059478225,-0.000173193797
1.1183673469387754,1.0204081632653061,0.000594415883,-0.000173248388
1.1183673469387754,1.0122448979591836,0.000593537672,-0.000173827989
1.1183673469387754,1.0040816326530613,0.000593874715,-0.000173818547
1.1183673469387754,0.9959183673469387,0.000593859767,-0.000173626193
1.1183673469387754,0.9877551020408163,0.000593987894,-0.000173572469
1.1183673469387754,0.9795918367346939,0.000593371689,-0.000174214817
1.1183673469387754,0.9714285714285714,0.00059406523,-0.000172549715
1.1183673469387754,0.963265306122449,0.000594623359,-0.00017366187
1.1183673469387754,0.9551020408163265,0.000595788875,-0.000174041184
1.1183673469387754,0.9469387755102041,0.000595877521,-0.000172906903
1.1183673469387754,0.9387755102040816,0.00059695717,-0.000173133843
1.1183673469387754,0.9306122448979592,0.000596243122,-0.00017334508
1.1183673469387754,0.9224489795918367,0.000595856821,-0.000173563863
1.1183673469387754,0.9142857142857143,0.000595866405,-0.000172840912
1.1183673469387754,0.9061224489795918,0.000595623852,-0.000172102483
1.1183673469387754,0.8979591836734694,0.000595183501,-0.000172861978
1.1183673469387754,0.889795918367347,0.000595567023,-0.000172889049
1.1183673469387754,0.8816326530612244,0.000595786862,-0.000173219584
1.1183673469387754,0.8734693877551021,0.000596241396,-0.000172715191
1.1183673469387754,0.8653061224489795,0.000596214085,-0.000172544127
1.1183673469387754,0.8571428571428572,0.000595924287,-0.000172071751
1.1183673469387754,0.8489795918367347,0.000594980336,-0.000172344901
1.1183673469387754,0.8408163265306122,0.000595198643,-0.000172697786
1.1183673469387754,0.8326530612244898,0.000594329249,-0.000171457759
1.1183673469387754,0.8244897959183674,0.000594854795,-0.00017128798
1.1183673469387754,0.8163265306122449,0.000593756172,-0.000171053943
1.1183673469387754,0.8081632653061225,0.000594169785,-0.000172369403
1.1183673469387754,0.8,0.000594697823,-0.000171862441
1.110204081632653,1.2,0.000590868064,-0.000172117737
1.110204081632653,1.1918367346938774,0.000589648978,-0.000173875483
1.110204081632653,1.183673469387755,0.000590559292,-0.00017328169
1.110204081632653,1.1755102040816325,0.000589966087,-0.000172447629
1.110204081632653,1.1673469387755102,0.000590828676,-0.000172449556
1.110204081632653,1.1591836734693877,0.000591200315,-0.000172117737
1.110204081632653,1.1510204081632653,0.000590895855,-0.0001728351
1.110204081632653,1.1428571428571428,0.000592070189,-0.000173305549
1.110204081632653,1.1346938775510205,0.00059002215,-0.000172613972
1.110204081632653,1.126530612244898,0.000592373882,-0.000174069989
1.110204081632653,1.1183673469387754,0.000592095488,-0.000174285753
1.110204081632653,1.110204081632653,0.000591377701,-0.000173675839
1.110204081632653,1.1020408163265305,0.000591294806,-0.000172901091
1.110204081632653,1.0938775510204082,0.000590898155,-0.000172970294
1.110204081632653,1.0857142857142856,0.000590280417,-0.000172356301
1.110204081632653,1.0775510204081633,0.000591711679,-0.00017265437
1.110204081632653,1.0693877551020408,0.000590328909,-0.000173751272
1.110204081632653,1.0612244897959184,0.000590996671,-0.000171180949
1.110204081632653,1.0530612244897959,0.000590785456,-0.000171936365
1.110204081632653,1.0448979591836736,0.000590738977,-0.000172991135
1.110204081632653,1.036734693877551,0.000591060592,-0.000172993929
1.110204081632653,1.0285714285714285,0.0005899451,-0.000172678872
1.110204081632653,1.0204081632653061,0.00059061037,-0.000171948824
1.110204081632653,1.0122448979591836,0.000591600319,-0.00017258581
1.110204081632653,1.0040816326530613,0.000590547216,-0.00017277537
1.110204081632653,0.9959183673469387,0.000590812001,-0.000173000158
1.110204081632653,0.9877551020408163,0.000591033566,-0.000173962091
1.110204081632653,0.9795918367346939,0.00059226099,-0.000173036478
1.110204081632653,0.9714285714285714,0.000591819585,-0.000172692841
1.110204081632653,0.963265306122449,0.000592208666,-0.000173240007
1.110204081632653,0.9551020408163265,0.000591760457,-0.000172740111
1.110204081632653,0.9469387755102041,0.000591375688,-0.000172885195
1.110204081632653,0.9387755102040816,0.000590306962,-0.000172888631
1.110204081632653,0.9306122448979592,0.00059113007,-0.00017253231
1.110204081632653,0.9224489795918367,0.000590498917,-0.00017278783
1.110204081632653,0.9142857142857143,0.000591393609,-0.000171929492
1.110204081632653,0.9061224489795918,0.000590994372,-0.000172563684
1.110204081632653,0.8979591836734694,0.000591172524,-0.000172566478
1.110204081632653,0.889795918367347,0.000591065383,-0.000172569272
1.110204081632653,0.8816326530612244,0.000590367817,-0.00017270681
1.110204081632653,0.8734693877551021,0.000590412764,-0.000173178319
1.110204081632653,0.8653061224489795,0.000590080319,-0.000173002534
1.110204081632653,0.8571428571428572,0.00059085848,-0.000172664903
1.110204081632653,0.8489795918367347,0.000589443034,-0.000173009407
1.110204081632653,0.8408163265306122,0.00059063107,-0.000172842421
1.110204081632653,0.8326530612244898,0.000591563137,-0.000173468456
1.110204081632653,0.8244897959183674,0.000591922414,-0.000172045098
1.110204081632653,0.8163265306122449,0.000592826404,-0.000171978914
1.110204081632653,0.8081632653061225,0.000592417389,-0.000172830604
1.110204081632653,0.8,0.00059204393,-0.000172130421
1.1020408163265305,1.2,0.000591613928,-0.000172030711
1.1020408163265305,1.1918367346938774,0.000591663473,-0.000171879204
1.1020408163265305,1.183673469387755,0.000591263949,-0.000172265166
1.1020408163265305,1.1755102040816325,0.000591591695,-0.000172338029
1.1020408163265305,1.1673469387755102,0.000591592462,-0.000171230595
1.1020408163265305,1.1591836734693877,0.00059049997,-0.000171996319
1.1020408163265305,1.1510204081632653,0.000591083878,-0.000171121636
1.1020408163265305,1.1428571428571428,0.000591227627,-0.000172267317
1.1020408163265305,1.1346938775510205,0.000590213431,-0.00017216202
1.1020408163265305,1.126530612244898,0.00059072738,-0.000171719091
1.1020408163265305,1.1183673469387754,0.000590435763,-0.000172083569
1.1020408163265305,1.110204081632653,0.000590141173,-0.000171405319
1.1020408163265305,1.1020408163265305,0.000591197536,-0.000172112374
1.1020408163265305,1.0938775510204082,0.000590349896,-0.000171839224
1.1020408163265305,1.0857142857142856,0.000590535333,-0.000172945792
1.1020408163265305,1.0775510204081633,0.00059008559,-0.000172315454
1.1020408163265305,1.0693877551020408,0.000590605771,-0.000172500936
1.1020408163265305,1.0612244897959184,0.000590500164,-0.000171969666
1.1020408163265305,1.0530612244897959,0.000589618694,-0.000171800978
1.1020408163265305,1.0448979591836736,0.000590383726,-0.000172183085
1.1020408163265305,1.036734693877551,0.000589863259,-0.000172282795
1.1020408163265305,1.0285714285714285,0.00059016216,-0.00017272293
1.1020408163265305,1.0204081632653061,0.00059135796,-0.000173160272
1.1020408163265305,1.0122448979591836,0.000590954984,-0.000173094505
1.1020408163265305,1.0040816326530613,0.000592933544,-0.00017278783
1.1020408163265305,0.9959183673469387,0.000591315793,-0.000172551866
1.1020408163265305,0.9877551020408163,0.000591667212,-0.000173212487
1.1020408163265305,0.9795918367346939,0.000591305923,-0.000172421425
1.1020408163265305,0.9714285714285714,0.000591302857,-0.000172284304
1.1020408163265305,0.963265306122449,0.000591389297,-0.000173677124
1.1020408163265305,0.9551020408163265,0.000590987374,-0.000173162423
1.1020408163265305,0.9469387755102041,0.000590346544,-0.000172608385
1.1020408163265305,0.9387755102040816,0.000591161887,-0.000172035014
1.1020408163265305,0.9306122448979592,0.00059144766,-0.00017208723
1.1020408163265305,0.9224489795918367,0.000590607304,-0.000173105456
1.1020408163265305,0.9142857142857143,0.000590910038,-0.00017247364
1.1020408163265305,0.9061224489795918,0.000590474191,-0.000171626896
1.1020408163265305,0.8979591836734694,0.000590850143,-0.000172968784
1.1020408163265305,0.889795918367347,0.000591384026,-0.00017298619
1.1020408163265305,0.8816326530612244,0.000589756885,-0.000172739693
1.1020408163265305,0.8734693877551021,0.000590367817,-0.000173072155
1.1020408163265305,0.8653061224489795,0.000589561098,-0.000173182398
1.1020408163265305,0.8571428571428572,0.000590166952,-0.000171802262
1.1020408163265305,0.8489795918367347,0.000589604798,-0.0001729026
1.1020408163265305,0.8408163265306122,0.000589504748,-0.000173010916
1.1020408163265305,0.8326530612244898,0.000588703301,-0.000172258293
1.1020408163265305,0.8244897959183674,0.000589754299,-0.000172145257
1.1020408163265305,0.8163265306122449,0.00059020634,-0.000172019536
1.1020408163265305,0.8081632653061225,0.000590247067,-0.000171013545
1.1020408163265305,0.8,0.000590616694,-0.000172622578
1.0938775510204082,1.2,0.00058952267,-0.00017133525
1.0938775510204082,1.1918367346938774,0.000590695277,-0.000170045801
1.0938775510204082,1.183673469387755,0.000590918089,-0.00016992997
1.0938775510204082,1.1755102040816325,0.000591365818,-0.000169449437
1.0938775510204082,1.1673469387755102,0.000591577033,-0.000170696755
1.0938775510204082,1.1591836734693877,0.000591151823,-0.000170622832
1.0938775510204082,1.1510204081632653,0.00059073869,-0.000170295958
1.0938775510204082,1.1428571428571428,0.000590092395,-0.000169945866
1.0938775510204082,1.1346938775510205,0.000590410751,-0.00017003485
1.0938775510204082,1.126530612244898,0.000590384492,-0.000170715894
1.0938775510204082,1.1183673469387754,0.000589824351,-0.000170167667
1.0938775510204082,1.110204081632653,0.000588897361,-0.000171399956
1.0938775510204082,1.1020408163265305,0.000589644952,-0.000170681501
1.0938775510204082,1.0938775510204082,0.000590277352,-0.0001706482
1.0938775510204082,1.0857142857142856,0.000590751053,-0.00016990762
1.0938775510204082,1.0775510204081633,0.000589676289,-0.000170372675
1.0938775510204082,1.0693877551020408,0.000590847364,-0.0001710086
1.0938775510204082,1.0612244897959184,0.000591035099,-0.000170401479
1.0938775510204082,1.0530612244897959,0.000591768028,-0.000170465737
1.0938775510204082,1.0448979591836736,0.000592942361,-0.000172055855
1.0938775510204082,1.036734693877551,0.000591313014,-0.000171151084
1.0938775510204082,1.0285714285714285,0.000591072475,-0.000171203299
1.0938775510204082,1.0204081632653061,0.000592418635,-0.000172266675
1.0938775510204082,1.0122448979591836,0.000591727394,-0.000170880503
1.0938775510204082,1.0040816326530613,0.000591861273,-0.000170235136
1.0938775510204082,0.9959183673469387,0.000592125292,-0.000170977001
1.0938775510204082,0.9877551020408163,0.000590841039,-0.000171709425
1.0938775510204082,0.9795918367346939,0.000590673524,-0.000173205615
1.0938775510204082,0.9714285714285714,0.000591831182,-0.000171718673
1.0938775510204082,0.963265306122449,0.000591095474,-0.000171258757
1.0938775510204082,0.9551020408163265,0.00059183674,-0.000172399717
1.0938775510204082,0.9469387755102041,0.000590507541,-0.000171442505
1.0938775510204082,0.9387755102040816,0.000590107057,-0.00017228408
1.0938775510204082,0.9306122448979592,0.000589661627,-0.000172774503
1.0938775510204082,0.9224489795918367,0.000590758144,-0.000172940204
1.0938775510204082,0.9142857142857143,0.000590491633,-0.000173038854
1.0938775510204082,0.9061224489795918,0.000590334947,-0.000172634814
1.0938775510204082,0.8979591836734694,0.000589921334,-0.000173185416
1.0938775510204082,0.889795918367347,0.000588781597,-0.000172733239
1.0938775510204082,0.8816326530612244,0.00059083596,-0.000172189091
1.0938775510204082,0.8734693877551021,0.000588446853,-0.000172244324
1.0938775510204082,0.8653061224489795,0.000589124965,-0.000172272487
1.0938775510204082,0.8571428571428572,0.000589799052,-0.000172383596
1.0938775510204082,0.8489795918367347,0.000590558046,-0.000172488252
1.0938775510204082,0.8408163265306122,0.000590993412,-0.000172572708
1.0938775510204082,0.8326530612244898,0.000590745301,-0.000171903481
1.0938775510204082,0.8244897959183674,0.000590611616,-0.000171080596
1.0938775510204082,0.8163265306122449,0.000589400867,-0.00017085022
1.0938775510204082,0.8081632653061225,0.000589519124,-0.000172007719
1.0938775510204082,0.8,0.000589322285,-0.000172431509
1.0857142857142856,1.2,0.000590702848,-0.000172452575
1.0857142857142856,1.1918367346938774,0.00058969469,-0.000173241292
1.0857142857142856,1.183673469387755,0.000590084058,-0.000172278492
1.0857142857142856,1.1755102040816325,0.000589556499,-0.000171782706
1.0857142857142856,1.1673469387755102,0.000588650017,-0.000172701865
1.0857142857142856,1.1591836734693877,0.000588129264,-0.000173051089
1.0857142857142856,1.1510204081632653,0.000589267468,-0.000172560666
1.0857142857142856,1.1428571428571428,0.000588986008,-0.000173508211
1.0857142857142856,1.1346938775510205,0.000588733392,-0.000173304264
1.0857142857142856,1.126530612244898,0.000588413503,-0.000171700819
1.0857142857142856,1.1183673469387754,0.000588906945,-0.000171698025
1.0857142857142856,1.110204081632653,0.000588482215,-0.000172111089
1.0857142857142856,1.1020408163265305,0.000589308675,-0.000172741202
1.0857142857142856,1.0938775510204082,0.000588980449,-0.000172933332
1.0857142857142856,1.0857142857142856,0.000588256338,-0.000172895503
1.0857142857142856,1.0775510204081633,0.000587451918,-0.000172451932
1.0857142857142856,1.0693877551020408,0.000588165873,-0.000172864129
1.0857142857142856,1.0612244897959184,0.000588534539,-0.00017269435
1.0857142857142856,1.0530612244897959,0.000588568655,-0.000171611642
1.0857142857142856,1.0448979591836736,0.000589326883,-0.00017032152
1.0857142857142856,1.036734693877551,0.000588501669,-0.000171459043
1.0857142857142856,1.0285714285714285,0.00058871595,-0.000171477091
1.0857142857142856,1.0204081632653061,0.000588626251,-0.000171061682
1.0857142857142856,1.0122448979591836,0.000588312207,-0.000171943237
1.0857142857142856,1.0040816326530613,0.000588599226,-0.000170537091
1.0857142857142856,0.9959183673469387,0.000589062864,-0.000172128494
1.0857142857142856,0.9877551020408163,0.000589451658,-0.000171837073
1.0857142857142856,0.9795918367346939,0.000589482995,-0.000172266899
1.0857142857142856,0.9714285714285714,0.000589462008,-0.00017158197
1.0857142857142856,0.963265306122449,0.000587899074,-0.000172508675
1.0857142857142856,0.9551020408163265,0.000588599226,-0.000172575502
1.0857142857142856,0.9469387755102041,0.000588179575,-0.000172919781
1.0857142857142856,0.9387755102040816,0.000588418581,-0.000171996961
1.0857142857142856,0.9306122448979592,0.000588206313,-0.00017314566
1.0857142857142856,0.9224489795918367,0.000588558785,-0.000171892531
1.0857142857142856,0.9142857142857143,0.00058907724,-0.000172293104
1.0857142857142856,0.9061224489795918,0.000587842245,-0.000172788921
1.0857142857142856,0.8979591836734694,0.000588823284,-0.000173366146
1.0857142857142856,0.889795918367347,0.00058780257,-0.000172027918
1.0857142857142856,0.8816326530612244,0.000588012539,-0.000173273308
1.0857142857142856,0.8734693877551021,0.00058844532,-0.000172645346
1.0857142857142856,0.8653061224489795,0.000587561551,-0.000173565596
1.0857142857142856,0.8571428571428572,0.000587307882,-0.000171924323
1.0857142857142856,0.8489795918367347,0.00058838044,-0.000173099868
1.0857142857142856,0.8408163265306122,0.000587840712,-0.000170893412
1.0857142857142856,0.8326530612244898,0.000588954957,-0.000171984501
1.0857142857142856,0.8244897959183674,0.000588778338,-0.000171922171
1.0857142857142856,0.8163265306122449,0.000589582565,-0.000170960881
1.0857142857142856,0.8081632653061225,0.000590139161,-0.000171363412
1.0857142857142856,0.8,0.000589615148,-0.000172780315
1.0775510204081633,1.2,0.00058901102,-0.00017090995
1.0775510204081633,1.1918367346938774,0.000588936749,-0.000171436693
1.0775510204081633,1.183673469387755,0.000588038318,-0.000171428312
1.0775510204081633,1.1755102040816325,0.000589223002,-0.000172049401
1.0775510204081633,1.1673469387755102,0.00059020586,-0.000171932704
1.0775510204081633,1.1591836734693877,0.000588688159,-0.000171548445
1.0775510204081633,1.1510204081632653,0.000589079732,-0.000171074366
1.0775510204081633,1.1428571428571428,0.000588278571,-0.000172506299
1.0775510204081633,1.1346938775510205,0.000589786689,-0.000172291401
1.0775510204081633,1.126530612244898,0.000590735431,-0.000171674615
1.0775510204081633,1.1183673469387754,0.000589850609,-0.000172555078
1.0775510204081633,1.110204081632653,0.000588868803,-0.000171615078
1.0775510204081633,1.1020408163265305,0.000588929465,-0.000171315275
1.0775510204081633,1.0938775510204082,0.000588798558,-0.000171055228
1.0775510204081633,1.0857142857142856,0.00058925204,-0.000171728115
1.0775510204081633,1.0775510204081633,0.000589057786,-0.000170341943
1.0775510204081633,1.0693877551020408,0.000588288441,-0.000171494078
1.0775510204081633,1.0612244897959184,0.000589207573,-0.000171290131
1.0775510204081633,1.0530612244897959,0.00058918534,-0.000171610775
1.0775510204081633,1.0448979591836736,0.000589649744,-0.000170554496
1.0775510204081633,1.036734693877551,0.000589897855,-0.000170953366
1.0775510204081633,1.0285714285714285,0.000589641693,-0.000171377381
1.0775510204081633,1.0204081632653061,0.000588516332,-0.000171425742
1.0775510204081633,1.0122448979591836,0.000589045616,-0.000171207826
1.0775510204081633,1.0040816326530613,0.000589554007,-0.000170866759
1.0775510204081633,0.9959183673469387,0.00058898802,-0.000170846978
1.0775510204081633,0.9877551020408163,0.00058844532,-0.000171302815
1.0775510204081633,0.9795918367346939,0.000589371349,-0.000171215341
1.0775510204081633,0.9714285714285714,0.000589830675,-0.000170617244
1.0775510204081633,0.963265306122449,0.000590363792,-0.000170946494
1.0775510204081633,0.9551020408163265,0.000588426632,-0.000170050104
1.0775510204081633,0.9469387755102041,0.000588466593,-0.000170315514
1.0775510204081633,0.9387755102040816,0.000588338466,-0.000170540303
1.0775510204081633,0.9306122448979592,0.000587581771,-0.0001708227
1.0775510204081633,0.9224489795918367,0.000587800558,-0.000170258996
1.0775510204081633,0.9142857142857143,0.00058857642,-0.000171424876
1.0775510204081633,0.9061224489795918,0.000587781104,-0.000170272098
1.0775510204081633,0.8979591836734694,0.000587818285,-0.000170641104
1.0775510204081633,0.889795918367347,0.000588971152,-0.000169727532
1.0775510204081633,0.8816326530612244,0.000587214157,-0.000171433899
1.0775510204081633,0.8734693877551021,0.000586928385,-0.000170135427
1.0775510204081633,0.8653061224489795,0.000587002942,-0.000170849354
1.0775510204081633,0.8571428571428572,0.000586610796,-0.000171416494
1.0775510204081633,0.8489795918367347,0.000587073667,-0.000171178797
1.0775510204081633,0.8408163265306122,0.000587496864,-0.000171802905
1.0775510204081633,0.8326530612244898,0.000587860933,-0.000172164814
1.0775510204081633,0.8244897959183674,0.000589314714,-0.000171807626
1.0775510204081633,0.8163265306122449,0.000587737404,-0.000170991195
1.0775510204081633,0.8081632653061225,0.000587900321,-0.000171390065
1.0775510204081633,0.8,0.000587498397,-0.00017058587
1.0693877551020408,1.2,0.000585763349,-0.000171950334
1.0693877551020408,1.1918367346938774,0.000586353581,-0.000171931195
1.0693877551020408,1.183673469387755,0.000587697443,-0.00017166193
1.0693877551020408,1.1755102040816325,0.000588202001,-0.000170868686
1.0693877551020408,1.1673469387755102,0.000587827583,-0.000171091771
1.0693877551020408,1.1591836734693877,0.000587200742,-0.000170958312
1.0693877551020408,1.1510204081632653,0.00058693471,-0.000170160571
1.0693877551020408,1.1428571428571428,0.000586747454,-0.000169995512
1.0693877551020408,1.1346938775510205,0.000587410231,-0.00017161829
1.0693877551020408,1.126530612244898,0.000587167872,-0.000171470443
1.0693877551020408,1.1183673469387754,0.000587120626,-0.00017085279
1.0693877551020408,1.110204081632653,0.000587490539,-0.000171515562
1.0693877551020408,1.1020408163265305,0.000588627498,-0.000171317427
1.0693877551020408,1.0938775510204082,0.000588373829,-0.00017029037
1.0693877551020408,1.0857142857142856,0.000587973918,-0.000171268005
1.0693877551020408,1.0775510204081633,0.000588179288,-0.000170372899
1.0693877551020408,1.0693877551020408,0.000586604471,-0.000170722124
1.0693877551020408,1.0612244897959184,0.000586946306,-0.000169396998
1.0693877551020408,1.0530612244897959,0.000587019331,-0.000169535178
1.0693877551020408,1.0448979591836736,0.000587404386,-0.000170270813
1.0693877551020408,1.036734693877551,0.00058725987,-0.000169524645
1.0693877551020408,1.0285714285714285,0.000587740663,-0.00017009352
1.0693877551020408,1.0204081632653061,0.000587841479,-0.000169935333
1.0693877551020408,1.0122448979591836,0.000586399581,-0.000170623056
1.0693877551020408,1.0040816326530613,0.000587665339,-0.000170947554
1.0693877551020408,0.9959183673469387,0.000588866024,-0.000170138863
1.0693877551020408,0.9877551020408163,0.000588025475,-0.000170832591
1.0693877551020408,0.9795918367346939,0.000587185886,-0.000170954651
1.0693877551020408,0.9714285714285714,0.00058863181,-0.000171271859
1.0693877551020408,0.963265306122449,0.000586191144,-0.000171562638
1.0693877551020408,0.9551020408163265,0.000586284103,-0.000171004073
1.0693877551020408,0.9469387755102041,0.000586102692,-0.000170981529
1.0693877551020408,0.9387755102040816,0.000586953877,-0.000169066463
1.0693877551020408,0.9306122448979592,0.000587687093,-0.000171371569
1.0693877551020408,0.9224489795918367,0.000586522823,-0.000171323881
1.0693877551020408,0.9142857142857143,0.000587605251,-0.000170165934
1.0693877551020408,0.9061224489795918,0.000586720715,-0.000170648618
1.0693877551020408,0.8979591836734694,0.000586270973,-0.000170739529
1.0693877551020408,0.889795918367347,0.000585900007,-0.000170522479
1.0693877551020408,0.8816326530612244,0.00058584749,-0.000170574695
1.0693877551020408,0.8734693877551021,0.000585113028,-0.00016980274
1.0693877551020408,0.8653061224489795,0.000585531147,-0.000170384074
1.0693877551020408,0.8571428571428572,0.000585035692,-0.000170615735
1.0693877551020408,0.8489795918367347,0.000585083704,-0.000170056333
1.0693877551020408,0.8408163265306122,0.000585253519,-0.000170363009
1.0693877551020408,0.8326530612244898,0.000585819985,-0.000169934691
1.0693877551020408,0.8244897959183674,0.000585361139,-0.000168700251
1.0693877551020408,0.8163265306122449,0.000584278518,-0.000169765779
1.0693877551020408,0.8081632653061225,0.000584787388,-0.000169592339
1.0693877551020408,0.8,0.000585860139,-0.000170154983
1.0612244897959184,1.2,0.000587431697,-0.000170848069
1.0612244897959184,1.1918367346938774,0.00058882683,-0.000171533191
1.0612244897959184,1.183673469387755,0.000587824037,-0.000170865474
1.0612244897959184,1.1755102040816325,0.000588441295,-0.000170402989
1.0612244897959184,1.1673469387755102,0.000589401347,-0.00017066689
1.0612244897959184,1.1591836734693877,0.000586995565,-0.000170432211
1.0612244897959184,1.1510204081632653,0.000588232859,-0.000171390065
1.0612244897959184,1.1428571428571428,0.000587503382,-0.00017086268
1.0612244897959184,1.1346938775510205,0.000589134835,-0.000171554675
1.0612244897959184,1.126530612244898,0.000588624238,-0.000171065118
1.0612244897959184,1.1183673469387754,0.00058828413,-0.000170819907
1.0612244897959184,1.110204081632653,0.000587428632,-0.000170872122
1.0612244897959184,1.1020408163265305,0.000588264196,-0.000171155162
1.0612244897959184,1.0938775510204082,0.000587388957,-0.000171846096
1.0612244897959184,1.0857142857142856,0.000587235144,-0.000171359976
1.0612244897959184,1.0775510204081633,0.000587408218,-0.00017131033
1.0612244897959184,1.0693877551020408,0.000587690638,-0.000172522419
1.0612244897959184,1.0612244897959184,0.000587372282,-0.000171949691
1.0612244897959184,1.0530612244897959,0.000588139134,-0.000171100571
1.0612244897959184,1.0448979591836736,0.000588306843,-0.000171528888
1.0612244897959184,1.036734693877551,0.000587775545,-0.000171594012
1.0612244897959184,1.0285714285714285,0.000587273766,-0.000171620441
1.0612244897959184,1.0204081632653061,0.000587461982,-0.000171134545
1.0612244897959184,1.0122448979591836,0.000587409944,-0.000171547803
1.0612244897959184,1.0040816326530613,0.000587016552,-0.000171699534
1.0612244897959184,0.9959183673469387,0.000587569122,-0.00017122308
1.0612244897959184,0.9877551020408163,0.00058780583,-0.000172627299
1.0612244897959184,0.9795918367346939,0.000588958983,-0.000171295076
1.0612244897959184,0.9714285714285714,0.000588464774,-0.000172745923
1.0612244897959184,0.963265306122449,0.000588421554,-0.000171467007
1.0612244897959184,0.9551020408163265,0.000588635355,-0.000172448496
1.0612244897959184,0.9469387755102041,0.000588873595,-0.000171760773
1.0612244897959184,0.9387755102040816,0.000588417529,-0.000171846963
1.0612244897959184,0.9306122448979592,0.000588649251,-0.000173211202
1.0612244897959184,0.9224489795918367,0.000588561564,-0.00017330921
1.0612244897959184,0.9142857142857143,0.000588641107,-0.000172315036
1.0612244897959184,0.9061224489795918,0.000587701275,-0.000172597852
1.0612244897959184,0.8979591836734694,0.000588420594,-0.000173174016
1.0612244897959184,0.889795918367347,0.000588303584,-0.000172890783
1.0612244897959184,0.8816326530612244,0.000588361179,-0.000173675197
1.0612244897959184,0.8734693877551021,0.000589088356,-0.000173467814
1.0612244897959184,0.8653061224489795,0.000588590122,-0.000173213772
1.0612244897959184,0.8571428571428572,0.000588736171,-0.000172951155
1.0612244897959184,0.8489795918367347,0.000588918062,-0.000172676303
1.0612244897959184,0.8408163265306122,0.000588808909,-0.000173136412
1.0612244897959184,0.8326530612244898,0.000588895829,-0.000172247985
1.0612244897959184,0.8244897959183674,0.000588388491,-0.000172995438
1.0612244897959184,0.8163265306122449,0.000587955424,-0.00017327912
1.0612244897959184,0.8081632653061225,0.000588384465,-0.000172211023
1.0612244897959184,0.8,0.0005889678,-0.00017208206
1.0530612244897959,1.2,0.000589219263,-0.000172325345
1.0530612244897959,1.1918367346938774,0.00059020586,-0.000171687492
1.0530612244897959,1.183673469387755,0.000589477437,-0.000172078206
1.0530612244897959,1.1755102040816325,0.000589767235,-0.000171825031
1.0530612244897959,1.1673469387755102,0.000589585824,-0.000171643658
1.0530612244897959,1.1591836734693877,0.000589477723,-0.000170827646
1.0530612244897959,1.1510204081632653,0.000590633849,-0.000171667936
1.0530612244897959,1.1428571428571428,0.000589455684,-0.000171474297
1.0530612244897959,1.1346938775510205,0.000589484528,-0.000171772173
1.0530612244897959,1.126530612244898,0.00059030495,-0.0001704062
1.0530612244897959,1.1183673469387754,0.000589950179,-0.000171510199
1.0530612244897959,1.110204081632653,0.000590083578,-0.000170267153
1.0530612244897959,1.1020408163265305,0.000590492113,-0.000171365339
1.0530612244897959,1.0938775510204082,0.000590464607,-0.00017045241
1.0530612244897959,1.0857142857142856,0.000589600486,-0.0001702966
1.0530612244897959,1.0775510204081633,0.000590831935,-0.000169984562
1.0530612244897959,1.0693877551020408,0.000591244015,-0.00016930416
1.0530612244897959,1.0612244897959184,0.000591085604,-0.000170458865
1.0530612244897959,1.0530612244897959,0.000590605578,-0.000170471324
1.0530612244897959,1.0448979591836736,0.000591611916,-0.00017080658
1.0530612244897959,1.036734693877551,0.000591023983,-0.0001711182
1.0530612244897959,1.0285714285714285,0.000590636148,-0.000168628704
1.0530612244897959,1.0204081632653061,0.000591709186,-0.000169109655
1.0530612244897959,1.0122448979591836,0.00059228169,-0.000169412476
1.0530612244897959,1.0040816326530613,0.000591124512,-0.000169975313
1.0530612244897959,0.9959183673469387,0.000591655616,-0.000169748567
1.0530612244897959,0.9877551020408163,0.000590691445,-0.000170082987
1.0530612244897959,0.9795918367346939,0.000589681368,-0.00016979285
1.0530612244897959,0.9714285714285714,0.000590050228,-0.000167872421
1.0530612244897959,0.963265306122449,0.000589206613,-0.000168753558
1.0530612244897959,0.9551020408163265,0.00058905328,-0.000170066224
1.0530612244897959,0.9469387755102041,0.000589668718,-0.000169282452
1.0530612244897959,0.9387755102040816,0.000590069682,-0.000170022166
1.0530612244897959,0.9306122448979592,0.000589386012,-0.000168995109
1.0530612244897959,0.9224489795918367,0.000590669498,-0.000169991209
1.0530612244897959,0.9142857142857143,0.000589830675,-0.000170344094
1.0530612244897959,0.9061224489795918,0.000589938296,-0.000170058903
1.0530612244897959,0.8979591836734694,0.000590402413,-0.000170918332
1.0530612244897959,0.889795918367347,0.000589117874,-0.000169443625
1.0530612244897959,0.8816326530612244,0.000590013813,-0.000170433496
1.0530612244897959,0.8734693877551021,0.000590745781,-0.000169742786
1.0530612244897959,0.8653061224489795,0.000590741756,-0.000169658748
1.0530612244897959,0.8571428571428572,0.000589895362,-0.000168770963
1.0530612244897959,0.8489795918367347,0.00059172912,-0.000171107667
1.0530612244897959,0.8408163265306122,0.000591029255,-0.00017024416
1.0530612244897959,0.8326530612244898,0.000592234158,-0.000170146377
1.0530612244897959,0.8244897959183674,0.000591781924,-0.000169992301
1.0530612244897959,0.8163265306122449,0.000592538905,-0.000168992315
1.0530612244897959,0.8081632653061225,0.000592191511,-0.000170234494
1.0530612244897959,0.8,0.000590940322,-0.000170179036
1.0448979591836736,1.2,0.000589550461,-0.000171152593
1.0448979591836736,1.1918367346938774,0.000589661147,-0.000170785739
1.0448979591836736,1.183673469387755,0.000590155836,-0.000171276162
1.0448979591836736,1.1755102040816325,0.000590342518,-0.000170532146
1.0448979591836736,1.1673469387755102,0.000590045436,-0.000172054571
1.0448979591836736,1.1591836734693877,0.000590217743,-0.000171492793
1.0448979591836736,1.1510204081632653,0.000589193677,-0.000171626029
1.0448979591836736,1.1428571428571428,0.000589473125,-0.000171007315
1.0448979591836736,1.1346938775510205,0.000589854921,-0.000170980438
1.0448979591836736,1.126530612244898,0.00059017529,-0.000171673523
1.0448979591836736,1.1183673469387754,0.000590224834,-0.000170889751
1.0448979591836736,1.110204081632653,0.000590513866,-0.000172215744
1.0448979591836736,1.1020408163265305,0.000590249847,-0.000170558799
1.0448979591836736,1.0938775510204082,0.000591002229,-0.000171587782
1.0448979591836736,1.0857142857142856,0.000590683874,-0.000171048998
1.0448979591836736,1.0775510204081633,0.000590663173,-0.000171826764
1.0448979591836736,1.0693877551020408,0.000589808156,-0.000171582837
1.0448979591836736,1.0612244897959184,0.00058983748,-0.00017167073
1.0448979591836736,1.0530612244897959,0.000589605564,-0.000172589888
1.0448979591836736,1.0448979591836736,0.000590575773,-0.000171815365
1.0448979591836736,1.036734693877551,0.000591093941,-0.000170719972
1.0448979591836736,1.0285714285714285,0.00058875026,-0.000170586737
1.0448979591836736,1.0204081632653061,0.000589480503,-0.000171146138
1.0448979591836736,1.0122448979591836,0.000591064903,-0.000170721257
1.0448979591836736,1.0040816326530613,0.000591094994,-0.000170373542
1.0448979591836736,0.9959183673469387,0.000591308416,-0.000170961523
1.0448979591836736,0.9877551020408163,0.00059068416,-0.000171120576
1.0448979591836736,0.9795918367346939,0.000590690198,-0.000170901151
1.0448979591836736,0.9714285714285714,0.000590540891,-0.000170942834
1.0448979591836736,0.963265306122449,0.00059064094,-0.000169563341
1.0448979591836736,0.9551020408163265,0.000589982762,-0.000170630571
1.0448979591836736,0.9469387755102041,0.000589676289,-0.000171374812
1.0448979591836736,0.9387755102040816,0.000589025969,-0.000171498381
1.0448979591836736,0.9306122448979592,0.000588906179,-0.000170340016
1.0448979591836736,0.9224489795918367,0.000589802597,-0.000170887182
1.0448979591836736,0.9142857142857143,0.000590077539,-0.000170101677
1.0448979591836736,0.9061224489795918,0.000590846117,-0.000170268662
1.0448979591836736,0.8979591836734694,0.000589410257,-0.000169888063
1.0448979591836736,0.889795918367347,0.000589136368,-0.000170774563
1.0448979591836736,0.8816326530612244,0.000590224548,-0.000170638085
1.0448979591836736,0.8734693877551021,0.000590157848,-0.000170199684
1.0448979591836736,0.8653061224489795,0.000590103512,-0.000170560726
1.0448979591836736,0.8571428571428572,0.000590418608,-0.000170465094
1.0448979591836736,0.8489795918367347,0.000590716744,-0.000170561368
1.0448979591836736,0.8408163265306122,0.00059052115,-0.000170608445
1.0448979591836736,0.8326530612244898,0.000590930452,-0.00017081798
1.0448979591836736,0.8244897959183674,0.000590903713,-0.000170624341
1.0448979591836736,0.8163265306122449,0.000590022436,-0.000169943939
1.0448979591836736,0.8081632653061225,0.000590714731,-0.000170647334
1.0448979591836736,0.8,0.000590423114,-0.00017038279
1.036734693877551,1.2,0.000591508321,-0.000170928865
1.036734693877551,1.1918367346938774,0.000590933517,-0.000171209978
1.036734693877551,1.183673469387755,0.000590004515,-0.00017171543
1.036734693877551,1.1755102040816325,0.000591571955,-0.000170812167
1.036734693877551,1.1673469387755102,0.00059008607,-0.00017117687
1.036734693877551,1.1591836734693877,0.000591460309,-0.000171089396
1.036734693877551,1.1510204081632653,0.00059126069,-0.000170758443
1.036734693877551,1.1428571428571428,0.00059193631,-0.000170659151
1.036734693877551,1.1346938775510205,0.000591633862,-0.000171727472
1.036734693877551,1.126530612244898,0.000591668745,-0.00017318821
1.036734693877551,1.1183673469387754,0.000593472219,-0.000171000219
1.036734693877551,1.110204081632653,0.000592094721,-0.000171134321
1.036734693877551,1.1020408163265305,0.000593016438,-0.000170469815
1.036734693877551,1.0938775510204082,0.000592670578,-0.000170619171
1.036734693877551,1.0857142857142856,0.000592625825,-0.00017012833
1.036734693877551,1.0775510204081633,0.000593258704,-0.000170871062
1.036734693877551,1.0693877551020408,0.00059167555,-0.000171110686
1.036734693877551,1.0612244897959184,0.000592354715,-0.000170404273
1.036734693877551,1.0530612244897959,0.000593133449,-0.000170510438
1.036734693877551,1.0448979591836736,0.000591951452,-0.000170638952
1.036734693877551,1.036734693877551,0.000592074787,-0.000170554496
1.036734693877551,1.0285714285714285,0.000592415856,-0.000169966932
1.036734693877551,1.0204081632653061,0.000593440115,-0.000169283094
1.036734693877551,1.0122448979591836,0.000594111423,-0.000169237527
1.036734693877551,1.0040816326530613,0.000593233692,-0.000168245505
1.036734693877551,0.9959183673469387,0.000593006855,-0.000168930209
1.036734693877551,0.9877551020408163,0.000593440882,-0.000169243339
1.036734693877551,0.9795918367346939,0.000593047775,-0.00016943245
1.036734693877551,0.9714285714285714,0.000593093202,-0.000170194739
1.036734693877551,0.963265306122449,0.000592484568,-0.000168887018
1.036734693877551,0.9551020408163265,0.00059170612,-0.000169878397
1.036734693877551,0.9469387755102041,0.0005936842,-0.000169442116
1.036734693877551,0.9387755102040816,0.000592357014,-0.000168873467
1.036734693877551,0.9306122448979592,0.000594392403,-0.000168089052
1.036734693877551,0.9224489795918367,0.00059303388,-0.000169347352
1.036734693877551,0.9142857142857143,0.000593941415,-0.000169280076
1.036734693877551,0.9061224489795918,0.000593231199,-0.000169680456
1.036734693877551,0.8979591836734694,0.000593072021,-0.000169563116
1.036734693877551,0.889795918367347,0.000592779158,-0.00016945631
1.036734693877551,0.8816326530612244,0.000592275652,-0.000169623937
1.036734693877551,0.8734693877551021,0.000592249873,-0.000169478436
1.036734693877551,0.8653061224489795,0.000593318313,-0.000168581627
1.036734693877551,0.8571428571428572,0.000592051788,-0.000169551299
1.036734693877551,0.8489795918367347,0.000592674317,-0.000169668414
1.036734693877551,0.8408163265306122,0.000592466647,-0.000169296839
1.036734693877551,0.8326530612244898,0.00059267259,-0.000168429478
1.036734693877551,0.8244897959183674,0.000593067709,-0.000168112269
1.036734693877551,0.8163265306122449,0.000592935077,-0.000169396131
1.036734693877551,0.8081632653061225,0.000594135955,-0.000168858437
1.036734693877551,0.8,0.000594257758,-0.000169225934
1.0285714285714285,1.2,0.000591302664,-0.000170771545
1.0285714285714285,1.1918367346938774,0.000591841532,-0.000170885449
1.0285714285714285,1.183673469387755,0.000591761703,-0.000170520328
1.0285714285714285,1.1755102040816325,0.000591440855,-0.000170109416
1.0285714285714285,1.1673469387755102,0.000590917129,-0.000170997649
1.0285714285714285,1.1591836734693877,0.000591143486,-0.000171101855
1.0285714285714285,1.1510204081632653,0.000591272093,-0.000170518819
1.0285714285714285,1.1428571428571428,0.000590656082,-0.000171771531
1.0285714285714285,1.1346938775510205,0.000590094408,-0.000171961927
1.0285714285714285,1.126530612244898,0.000590288468,-0.000171596806
1.0285714285714285,1.1183673469387754,0.000591008554,-0.000171057828
1.0285714285714285,1.110204081632653,0.000591589396,-0.000170919841
1.0285714285714285,1.1020408163265305,0.000593149358,-0.000170205271
1.0285714285714285,1.0938775510204082,0.000592193238,-0.000169761476
1.0285714285714285,1.0857142857142856,0.000592306223,-0.000170837954
1.0285714285714285,1.0775510204081633,0.00059254571,-0.000171188045
1.0285714285714285,1.0693877551020408,0.000592286482,-0.000170958087
1.0285714285714285,1.0612244897959184,0.000591909765,-0.000171864368
1.0285714285714285,1.0530612244897959,0.000591538891,-0.000170394607
1.0285714285714285,1.0448979591836736,0.000591982022,-0.000169654027
1.0285714285714285,1.036734693877551,0.000590615928,-0.000170400195
1.0285714285714285,1.0285714285714285,0.000590311468,-0.000169610611
1.0285714285714285,1.0204081632653061,0.000591307456,-0.000170746625
1.0285714285714285,1.0122448979591836,0.000591885519,-0.000170061921
1.0285714285714285,1.0040816326530613,0.000592095488,-0.000169979392
1.0285714285714285,0.9959183673469387,0.000590836727,-0.000169592563
1.0285714285714285,0.9877551020408163,0.000590556033,-0.000169756113
1.0285714285714285,0.9795918367346939,0.000591465867,-0.000169243757
1.0285714285714285,0.9714285714285714,0.000593210692,-0.000169741919
1.0285714285714285,0.963265306122449,0.000593390377,-0.000169905244
1.0285714285714285,0.9551020408163265,0.000593763069,-0.000168643957
1.0285714285714285,0.9469387755102041,0.000593085917,-0.0001695311
1.0285714285714285,0.9387755102040816,0.00059307758,-0.000169618125
1.0285714285714285,0.9306122448979592,0.000592420934,-0.000169834114
1.0285714285714285,0.9224489795918367,0.000593032347,-0.000169274071
1.0285714285714285,0.9142857142857143,0.000594017698,-0.000169267392
1.0285714285714285,0.9061224489795918,0.000594127138,-0.000170861813
1.0285714285714285,0.8979591836734694,0.000594053347,-0.000170384717
1.0285714285714285,0.889795918367347,0.000594170838,-0.000169699146
1.0285714285714285,0.8816326530612244,0.000593877781,-0.000171160974
1.0285714285714285,0.8734693877551021,0.000592829949,-0.000169901808
1.0285714285714285,0.8653061224489795,0.000593308249,-0.000169868507
1.0285714285714285,0.8571428571428572,0.000592099033,-0.000170270171
1.0285714285714285,0.8489795918367347,0.000592169758,-0.000170592967
1.0285714285714285,0.8408163265306122,0.000591874208,-0.000171504611
1.0285714285714285,0.8326530612244898,0.000591864818,-0.000170039795
1.0285714285714285,0.8244897959183674,0.000592520217,-0.000169300499
1.0285714285714285,0.8163265306122449,0.000593779458,-0.000170505492
1.0285714285714285,0.8081632653061225,0.000592505075,-0.000170264583
1.0285714285714285,0.8,0.000593545243,-0.000170516892
1.0204081632653061,1.2,0.000590037579,-0.000169282228
1.0204081632653061,1.1918367346938774,0.000591918388,-0.000169667354
1.0204081632653061,1.183673469387755,0.000591571188,-0.000169957042
1.0204081632653061,1.1755102040816325,0.000592301144,-0.000169480169
1.0204081632653061,1.1673469387755102,0.000591963621,-0.000170267377
1.0204081632653061,1.1591836734693877,0.000593069722,-0.000169502295
1.0204081632653061,1.1510204081632653,0.000592772353,-0.000169875379
1.0204081632653061,1.1428571428571428,0.000593041451,-0.000169969083
1.0204081632653061,1.1346938775510205,0.000591077553,-0.000170331859
1.0204081632653061,1.126530612244898,0.000591691265,-0.000169673359
1.0204081632653061,1.1183673469387754,0.000592444414,-0.000170211277
1.0204081632653061,1.110204081632653,0.000592705654,-0.000169961344
1.0204081632653061,1.1020408163265305,0.000592601865,-0.000169844872
1.0204081632653061,1.0938775510204082,0.000592471245,-0.00017120073
1.0204081632653061,1.0857142857142856,0.00059265237,-0.000169597509
1.0204081632653061,1.0775510204081633,0.000591308989,-0.000169637682
1.0204081632653061,1.0693877551020408,0.000591421401,-0.000169649082
1.0204081632653061,1.0612244897959184,0.000591495671,-0.000169888481
1.0204081632653061,1.0530612244897959,0.000591306209,-0.000171235764
1.0204081632653061,1.0448979591836736,0.000590887804,-0.000170319175
1.0204081632653061,1.036734693877551,0.000591150291,-0.00017001722
1.0204081632653061,1.0285714285714285,0.000591580579,-0.000169994003
1.0204081632653061,1.0204081632653061,0.000591182394,-0.000170471967
1.0204081632653061,1.0122448979591836,0.000591885805,-0.000170653563
1.0204081632653061,1.0040816326530613,0.000591668745,-0.00017183277
1.0204081632653061,0.9959183673469387,0.000592329702,-0.000171427251
1.0204081632653061,0.9877551020408163,0.00059113007,-0.000169777821
1.0204081632653061,0.9795918367346939,0.000590931218,-0.000168801695
1.0204081632653061,0.9714285714285714,0.000592724341,-0.000171018266
1.0204081632653061,0.963265306122449,0.000592182694,-0.00016962458
1.0204081632653061,0.9551020408163265,0.000592154616,-0.000170745341
1.0204081632653061,0.9469387755102041,0.000593636955,-0.000170734808
1.0204081632653061,0.9387755102040816,0.000591915323,-0.000171403168
1.0204081632653061,0.9306122448979592,0.000591257911,-0.000170504432
1.0204081632653061,0.9224489795918367,0.000591443634,-0.000170281989
1.0204081632653061,0.9142857142857143,0.000592638954,-0.000171118425
1.0204081632653061,0.9061224489795918,0.000593376961,-0.000170938755
1.0204081632653061,0.8979591836734694,0.000591314067,-0.000170725335
1.0204081632653061,0.889795918367347,0.000592643553,-0.000172245609
1.0204081632653061,0.8816326530612244,0.000592379727,-0.000171652458
1.0204081632653061,0.8734693877551021,0.000592115422,-0.000171696516
1.0204081632653061,0.8653061224489795,0.000592679395,-0.000172052195
1.0204081632653061,0.8571428571428572,0.000592997464,-0.000170536866
1.0204081632653061,0.8489795918367347,0.000592975998,-0.000172790624
1.0204081632653061,0.8408163265306122,0.000593575814,-0.000172383372
1.0204081632653061,0.8326530612244898,0.000593616254,-0.000171477315
1.0204081632653061,0.8244897959183674,0.000593047009,-0.000171604545
1.0204081632653061,0.8163265306122449,0.000593761537,-0.000170965408
1.0204081632653061,0.8081632653061225,0.000593260237,-0.000171497932
1.0204081632653061,0.8,0.000594763563,-0.000170821834
1.0122448979591836,1.2,0.000593063684,-0.000170597463
1.0122448979591836,1.1918367346938774,0.000592887065,-0.00017067935
1.0122448979591836,1.183673469387755,0.000593139201,-0.000170182054
1.0122448979591836,1.1755102040816325,0.00059172816,-0.000170384492
1.0122448979591836,1.1673469387755102,0.000591996205,-0.000170499487
1.0122448979591836,1.1591836734693877,0.000592974751,-0.000171024496
1.0122448979591836,1.1510204081632653,0.00059428325,-0.000170379996
1.0122448979591836,1.1428571428571428,0.00059559884,-0.00017077649
1.0122448979591836,1.1346938775510205,0.000594333275,-0.000170855359
1.0122448979591836,1.126530612244898,0.000593855741,-0.000171013321
1.0122448979591836,1.1183673469387754,0.000594869457,-0.000170593609
1.0122448979591836,1.110204081632653,0.000595589736,-0.00016985518
1.0122448979591836,1.1020408163265305,0.000595231226,-0.000170990104
1.0122448979591836,1.0938775510204082,0.000594501556,-0.00017187275
1.0122448979591836,1.0857142857142856,0.000595224421,-0.000170937022
1.0122448979591836,1.0775510204081633,0.000595191552,-0.000170876425
1.0122448979591836,1.0693877551020408,0.000595560412,-0.000170451992
1.0122448979591836,1.0612244897959184,0.00059458819,-0.000171074142
1.0122448979591836,1.0530612244897959,0.000594769887,-0.000171598091
1.0122448979591836,1.0448979591836736,0.000595035153,-0.000171116049
1.0122448979591836,1.036734693877551,0.000594103852,-0.000171464855
1.0122448979591836,1.0285714285714285,0.000595352262,-0.000172674569
1.0122448979591836,1.0204081632653061,0.000595125138,-0.000171809777
1.0122448979591836,1.0122448979591836,0.000594391637,-0.000171864593
1.0122448979591836,1.0040816326530613,0.000593727134,-0.000171680845
1.0122448979591836,0.9959183673469387,0.000594033893,-0.000171725963
1.0122448979591836,0.9877551020408163,0.000594442428,-0.000170740396
1.0122448979591836,0.9795918367346939,0.000594753692,-0.000171209529
1.0122448979591836,0.9714285714285714,0.000594724655,-0.000171903257
1.0122448979591836,0.963265306122449,0.000593930778,-0.000171974835
1.0122448979591836,0.9551020408163265,0.000593757225,-0.000172385523
1.0122448979591836,0.9469387755102041,0.000593665513,-0.00017161206
1.0122448979591836,0.9387755102040816,0.000594183681,-0.000171846739
1.0122448979591836,0.9306122448979592,0.000593678642,-0.000172103768
1.0122448979591836,0.9224489795918367,0.000593172551,-0.000171886719
1.0122448979591836,0.9142857142857143,0.000592232432,-0.000171842436
1.0122448979591836,0.9061224489795918,0.000593053814,-0.00017149106
1.0122448979591836,0.8979591836734694,0.000593133643,-0.000171321505
1.0122448979591836,0.889795918367347,0.00059378377,-0.000171927116
1.0122448979591836,0.8816326530612244,0.000593583671,-0.000171670087
1.0122448979591836,0.8734693877551021,0.000593782237,-0.000171255096
1.0122448979591836,0.8653061224489795,0.000593022477,-0.000172419691
1.0122448979591836,0.8571428571428572,0.000592797366,-0.000172584301
1.0122448979591836,0.8489795918367347,0.000593420181,-0.000173678633
1.0122448979591836,0.8408163265306122,0.000592814807,-0.000172785903
1.0122448979591836,0.8326530612244898,0.00059312032,-0.000172996947
1.0122448979591836,0.8244897959183674,0.000592084084,-0.000171508047
1.0122448979591836,0.8163265306122449,0.000591935257,-0.000171610133
1.0122448979591836,0.8081632653061225,0.000592051788,-0.000171550596
1.0122448979591836,0.8,0.000591528541,-0.000171582837
1.0040816326530613,1.2,0.000590665186,-0.00017086374
1.0040816326530613,1.1918367346938774,0.000590361493,-0.000171950976
1.0040816326530613,1.183673469387755,0.000590298339,-0.000171157313
1.0040816326530613,1.1755102040816325,0.000591121253,-0.000171458401
1.0040816326530613,1.1673469387755102,0.000592355961,-0.000171696292
1.0040816326530613,1.1591836734693877,0.000591226094,-0.00017034904
1.0040816326530613,1.1510204081632653,0.000591350389,-0.000171001728
1.0040816326530613,1.1428571428571428,0.000590802897,-0.000170597688
1.0040816326530613,1.1346938775510205,0.000591711199,-0.00017139758
1.0040816326530613,1.126530612244898,0.000591662707,-0.000171276804
1.0040816326530613,1.1183673469387754,0.00059131474,-0.000172406365
1.0040816326530613,1.110204081632653,0.000592518204,-0.000171117976
1.0040816326530613,1.1020408163265305,0.000592041917,-0.000170838821
1.0040816326530613,1.0938775510204082,0.000591185367,-0.00017103095
1.0040816326530613,1.0857142857142856,0.000592654863,-0.000170852565
1.0040816326530613,1.0775510204081633,0.000592423713,-0.000172208647
1.0040816326530613,1.0693877551020408,0.000591403193,-0.000171695231
1.0040816326530613,1.0612244897959184,0.00059014242,-0.000171493211
1.0040816326530613,1.0530612244897959,0.000591884752,-0.00017137266
1.0040816326530613,1.0448979591836736,0.000591780197,-0.000171275938
1.0040816326530613,1.036734693877551,0.000591625525,-0.000170820549
1.0040816326530613,1.0285714285714285,0.000590788715,-0.000170611014
1.0040816326530613,1.0204081632653061,0.000591422167,-0.000170785514
1.0040816326530613,1.0122448979591836,0.000591460595,-0.000171253169
1.0040816326530613,1.0040816326530613,0.00059029278,-0.000171654191
1.0040816326530613,0.9959183673469387,0.000591344065,-0.000171913147
1.0040816326530613,0.9877551020408163,0.000590734665,-0.000171992883
1.0040816326530613,0.9795918367346939,0.000591563904,-0.000171883282
1.0040816326530613,0.9714285714285714,0.000591858494,-0.000171690286
1.0040816326530613,0.963265306122449,0.000589816013,-0.000172035657
1.0040816326530613,0.9551020408163265,0.000590654069,-0.000171215116
1.0040816326530613,0.9469387755102041,0.000589972412,-0.000171837073
1.0040816326530613,0.9387755102040816,0.000589737911,-0.000171427894
1.0040816326530613,0.9306122448979592,0.000589014566,-0.000171868447
1.0040816326530613,0.9224489795918367,0.00059018516,-0.000171176003
1.0040816326530613,0.9142857142857143,0.000590321818,-0.000170903945
1.0040816326530613,0.9061224489795918,0.000590553734,-0.000171080596
1.0040816326530613,0.8979591836734694,0.000589486061,-0.000172448914
1.0040816326530613,0.889795918367347,0.000589617927,-0.000169975089
1.0040816326530613,0.8816326530612244,0.000589839493,-0.000171538779
1.0040816326530613,0.8734693877551021,0.000590627331,-0.000170858602
1.0040816326530613,0.8653061224489795,0.00058891327,-0.000171199863
1.0040816326530613,0.8571428571428572,0.000587435436,-0.000171084899
1.0040816326530613,0.8489795918367347,0.000587159821,-0.000170921126
1.0040816326530613,0.8408163265306122,0.000587961268,-0.000171304742
1.0040816326530613,0.8326530612244898,0.000586778025,-0.000170952082
1.0040816326530613,0.8244897959183674,0.000586896282,-0.000170734584
1.0040816326530613,0.8163265306122449,0.00058755446,-0.000170288861
1.0040816326530613,0.8081632653061225,0.000587869556,-0.00017146871
1.0040816326530613,0.8,0.000586429865,-0.000170982589
0.9959183673469387,1.2,0.000588581498,-0.000171146363
0.9959183673469387,1.1918367346938774,0.000589007761,-0.000171274653
0.9959183673469387,1.183673469387755,0.000590360246,-0.000171961509
0.9959183673469387,1.1755102040816325,0.000589085097,-0.000171048998
0.9959183673469387,1.1673469387755102,0.000589593681,-0.000172241113
0.9959183673469387,1.1591836734693877,0.000589316246,-0.000170870195
0.9959183673469387,1.1510204081632653,0.000589632303,-0.00017093747
0.9959183673469387,1.1428571428571428,0.00058988118,-0.000170759085
0.9959183673469387,1.1346938775510205,0.000589084811,-0.00017087514
0.9959183673469387,1.126530612244898,0.000589629044,-0.000172036717
0.9959183673469387,1.1183673469387754,0.000589437569,-0.0001718951
0.9959183673469387,1.110204081632653,0.000589380167,-0.000171450244
0.9959183673469387,1.1020408163265305,0.000588120446,-0.000171275938
0.9959183673469387,1.0938775510204082,0.000589504462,-0.00017228925
0.9959183673469387,1.0857142857142856,0.00059002167,-0.000172220689
0.9959183673469387,1.0775510204081633,0.000589856647,-0.00017280395
0.9959183673469387,1.0693877551020408,0.000589621473,-0.000172020596
0.9959183673469387,1.0612244897959184,0.000589756885,-0.000172112149
0.9959183673469387,1.0530612244897959,0.000588239183,-0.000172950095
0.9959183673469387,1.0448979591836736,0.000588862959,-0.00017182654
0.9959183673469387,1.036734693877551,0.000590035566,-0.000173274817
0.9959183673469387,1.0285714285714285,0.00058912142,-0.000171909069
0.9959183673469387,1.0204081632653061,0.000588893049,-0.000172245834
0.9959183673469387,1.0122448979591836,0.00059016216,-0.000172564969
0.9959183673469387,1.0040816326530613,0.000590502749,-0.000172171043
0.9959183673469387,0.9959183673469387,0.000589768001,-0.000173119649
0.9959183673469387,0.9877551020408163,0.000589881946,-0.000172689629
0.9959183673469387,0.9795918367346939,0.000589049448,-0.000172660182
0.9959183673469387,0.9714285714285714,0.000589185626,-0.000172930314
0.9959183673469387,0.963265306122449,0.000589409971,-0.000172636323
0.9959183673469387,0.9551020408163265,0.000589241209,-0.000174719659
0.9959183673469387,0.9469387755102041,0.000591130357,-0.000173298452
0.9959183673469387,0.9387755102040816,0.000589882713,-0.000173179186
0.9959183673469387,0.9306122448979592,0.000589551994,-0.000172725724
0.9959183673469387,0.9224489795918367,0.00058874978,-0.000172419049
0.9959183673469387,0.9142857142857143,0.000589493345,-0.000172745923
0.9959183673469387,0.9061224489795918,0.000589378154,-0.000172229713
0.9959183673469387,0.8979591836734694,0.000589192431,-0.000173543664
0.9959183673469387,0.889795918367347,0.000588350829,-0.000172861753
0.9959183673469387,0.8816326530612244,0.000589541357,-0.000172119888
0.9959183673469387,0.8734693877551021,0.000589560045,-0.000172315036
0.9959183673469387,0.8653061224489795,0.000588103485,-0.000172437963
0.9959183673469387,0.8571428571428572,0.000588654043,-0.000172581956
0.9959183673469387,0.8489795918367347,0.000589564357,-0.000171626029
0.9959183673469387,0.8408163265306122,0.000588985814,-0.000172087005
0.9959183673469387,0.8326530612244898,0.000588273493,-0.000172440757
0.9959183673469387,0.8244897959183674,0.000589655589,-0.00017165204
0.9959183673469387,0.8163265306122449,0.000589706094,-0.000172113658
0.9959183673469387,0.8081632653061225,0.000589106277,-0.000171174076
0.9959183673469387,0.8,0.000589939062,-0.000171370509
0.9877551020408163,1.2,0.00058878265,-0.000169326286
0.9877551020408163,1.1918367346938774,0.000588298025,-0.000170230416
0.9877551020408163,1.183673469387755,0.00058907446,-0.00017125423
0.9877551020408163,1.1755102040816325,0.000588910491,-0.000170669042
0.9877551020408163,1.1673469387755102,0.000588799805,-0.00016969937
0.9877551020408163,1.1591836734693877,0.000587710859,-0.000170426624
0.9877551020408163,1.1510204081632653,0.000589083084,-0.000170379771
0.9877551020408163,1.1428571428571428,0.000588506461,-0.00017077177
0.9877551020408163,1.1346938775510205,0.000587870036,-0.000170931883
0.9877551020408163,1.126530612244898,0.000588474644,-0.000170783587
0.9877551020408163,1.1183673469387754,0.000586328283,-0.000170146602
0.9877551020408163,1.110204081632653,0.000588445607,-0.000170814319
0.9877551020408163,1.1020408163265305,0.000588142873,-0.00017126929
0.9877551020408163,1.0938775510204082,0.000588344504,-0.000170729863
0.9877551020408163,1.0857142857142856,0.000588068602,-0.000171057379
0.9877551020408163,1.0775510204081633,0.000587178988,-0.000171181173
0.9877551020408163,1.0693877551020408,0.000587105484,-0.000170344094
0.9877551020408163,1.0612244897959184,0.000587751779,-0.000171405095
0.9877551020408163,1.0530612244897959,0.000588791754,-0.000171093923
0.9877551020408163,1.0448979591836736,0.000587538551,-0.000170105979
0.9877551020408163,1.036734693877551,0.000588078953,-0.000171329886
0.9877551020408163,1.0285714285714285,0.000587467826,-0.000169599436
0.9877551020408163,1.0204081632653061,0.000587257571,-0.000170428775
0.9877551020408163,1.0122448979591836,0.000587238883,-0.00017140275
0.9877551020408163,1.0040816326530613,0.000587124458,-0.000171579401
0.9877551020408163,0.9959183673469387,0.000587307116,-0.00017149
0.9877551020408163,0.9877551020408163,0.000588383219,-0.000170888467
0.9877551020408163,0.9795918367346939,0.000587807362,-0.000170840972
0.9877551020408163,0.9714285714285714,0.000588538851,-0.000170852565
0.9877551020408163,0.963265306122449,0.000588197976,-0.000171533191
0.9877551020408163,0.9551020408163265,0.000588885478,-0.000170587379
0.9877551020408163,0.9469387755102041,0.000587887191,-0.000171138399
0.9877551020408163,0.9387755102040816,0.000588164913,-0.000171978272
0.9877551020408163,0.9306122448979592,0.000589224248,-0.000170891678
0.9877551020408163,0.9224489795918367,0.000590136382,-0.000171529755
0.9877551020408163,0.9142857142857143,0.000587758104,-0.000171120994
0.9877551020408163,0.9061224489795918,0.000589130523,-0.000171591219
0.9877551020408163,0.8979591836734694,0.00058928165,-0.000170695695
0.9877551020408163,0.889795918367347,0.000590582098,-0.000173084839
0.9877551020408163,0.8816326530612244,0.000590409504,-0.000170857735
0.9877551020408163,0.8734693877551021,0.00059187996,-0.000172544127
0.9877551020408163,0.8653061224489795,0.000590786222,-0.000171453456
0.9877551020408163,0.8571428571428572,0.00059165159,-0.000170692259
0.9877551020408163,0.8489795918367347,0.000591161407,-0.000171819892
0.9877551020408163,0.8408163265306122,0.000590560058,-0.000171084675
0.9877551020408163,0.8326530612244898,0.000590162927,-0.000170583943
0.9877551020408163,0.8244897959183674,0.000591182394,-0.000171398447
0.9877551020408163,0.8163265306122449,0.000591276885,-0.000170427908
0.9877551020408163,0.8081632653061225,0.000589781417,-0.000171383193
0.9877551020408163,0.8,0.000590016112,-0.000170105562
0.9795918367346939,1.2,0.000592769861,-0.000170335713
0.9795918367346939,1.1918367346938774,0.000592630903,-0.000170138863
0.9795918367346939,1.183673469387755,0.000591590162,-0.000168963093
0.9795918367346939,1.1755102040816325,0.000592214224,-0.000170045801
0.9795918367346939,1.1673469387755102,0.000592471439,-0.000169961987
0.9795918367346939,1.1591836734693877,0.000591304677,-0.000170761237
0.9795918367346939,1.1510204081632653,0.000591064903,-0.00016992631
0.9795918367346939,1.1428571428571428,0.000591014879,-0.000169482963
0.9795918367346939,1.1346938775510205,0.000592046709,-0.000170694186
0.9795918367346939,1.126530612244898,0.000592379727,-0.000170246954
0.9795918367346939,1.1183673469387754,0.000592123759,-0.000169489193
0.9795918367346939,1.110204081632653,0.000592175603,-0.000170020014
0.9795918367346939,1.1020408163265305,0.000591492892,-0.000169275131
0.9795918367346939,1.0938775510204082,0.000593310262,-0.000170314229
0.9795918367346939,1.0857142857142856,0.000591810482,-0.00016984272
0.9795918367346939,1.0775510204081633,0.00059268572,-0.000169172852
0.9795918367346939,1.0693877551020408,0.000592534879,-0.000169641343
0.9795918367346939,1.0612244897959184,0.00059196688,-0.000169834757
0.9795918367346939,1.0530612244897959,0.000592959609,-0.000169322208
0.9795918367346939,1.0448979591836736,0.000592694537,-0.000169226352
0.9795918367346939,1.036734693877551,0.000591437309,-0.000169704091
0.9795918367346939,1.0285714285714285,0.000591523177,-0.000169459746
0.9795918367346939,1.0204081632653061,0.000592280444,-0.000168572379
0.9795918367346939,1.0122448979591836,0.000592424193,-0.000168844886
0.9795918367346939,1.0040816326530613,0.000592377714,-0.000168686507
0.9795918367346939,0.9959183673469387,0.000592852182,-0.000168911937
0.9795918367346939,0.9877551020408163,0.000591647565,-0.00016905593
0.9795918367346939,0.9795918367346939,0.000591567163,-0.000168687149
0.9795918367346939,0.9714285714285714,0.000590787949,-0.000169080656
0.9795918367346939,0.963265306122449,0.000591248327,-0.000169047773
0.9795918367346939,0.9551020408163265,0.000591454751,-0.000169314468
0.9795918367346939,0.9469387755102041,0.00059112959,-0.000169219255
0.9795918367346939,0.9387755102040816,0.000591145785,-0.000169445777
0.9795918367346939,0.9306122448979592,0.000591780677,-0.000170237063
0.9795918367346939,0.9224489795918367,0.0005910098,-0.00016957214
0.9795918367346939,0.9142857142857143,0.00059177234,-0.000169493047
0.9795918367346939,0.9061224489795918,0.0005920768,-0.000169811764
0.9795918367346939,0.8979591836734694,0.000592187199,-0.000170149813
0.9795918367346939,0.889795918367347,0.000591340806,-0.000169655087
0.9795918367346939,0.8816326530612244,0.000591338026,-0.000169609326
0.9795918367346939,0.8734693877551021,0.000591060592,-0.0001688191
0.9795918367346939,0.8653061224489795,0.000590344051,-0.000169806401
0.9795918367346939,0.8571428571428572,0.00059047697,-0.000168266571
0.9795918367346939,0.8489795918367347,0.000591476984,-0.000168759788
0.9795918367346939,0.8408163265306122,0.000590924413,-0.000169526573
0.9795918367346939,0.8326530612244898,0.00059007524,-0.000168675749
0.9795918367346939,0.8244897959183674,0.000590370116,-0.000169325644
0.9795918367346939,0.8163265306122449,0.000590659148,-0.000167794837
0.9795918367346939,0.8081632653061225,0.000591740237,-0.000167647633
0.9795918367346939,0.8,0.00059115307,-0.000168050582
0.9714285714285714,1.2,0.000591743782,-0.000169826375
0.9714285714285714,1.1918367346938774,0.000591381726,-0.000170547624
0.9714285714285714,1.183673469387755,0.000591572721,-0.000170341943
0.9714285714285714,1.1755102040816325,0.00059115307,-0.00016989879
0.9714285714285714,1.1673469387755102,0.000590469113,-0.000169768573
0.9714285714285714,1.1591836734693877,0.000590156602,-0.00016982037
0.9714285714285714,1.1510204081632653,0.000590247834,-0.000170304339
0.9714285714285714,1.1428571428571428,0.000590074187,-0.000169155222
0.9714285714285714,1.1346938775510205,0.000590832701,-0.000170236646
0.9714285714285714,1.126530612244898,0.000590176056,-0.000169523779
0.9714285714285714,1.1183673469387754,0.00058912094,-0.000169197771
0.9714285714285714,1.110204081632653,0.000589869297,-0.000169994228
0.9714285714285714,1.1020408163265305,0.000589086057,-0.000168791162
0.9714285714285714,1.0938775510204082,0.000589933504,-0.000169065821
0.9714285714285714,1.0857142857142856,0.000588998177,-0.000169654669
0.9714285714285714,1.0775510204081633,0.000587905879,-0.000169706242
0.9714285714285714,1.0693877551020408,0.000588782363,-0.000168700894
0.9714285714285714,1.0612244897959184,0.000587779284,-0.000169664335
0.9714285714285714,1.0530612244897959,0.000588873595,-0.00017017454
0.9714285714285714,1.0448979591836736,0.000589188119,-0.000169382386
0.9714285714285714,1.036734693877551,0.000590043137,-0.000170028396
0.9714285714285714,1.0285714285714285,0.000590013046,-0.000169497574
0.9714285714285714,1.0204081632653061,0.000589029228,-0.000168909144
0.9714285714285714,1.0122448979591836,0.000589236417,-0.000169980259
0.9714285714285714,1.0040816326530613,0.000591366104,-0.000169511543
0.9714285714285714,0.9959183673469387,0.000589784676,-0.000170590815
0.9714285714285714,0.9877551020408163,0.000588701575,-0.000170125312
0.9714285714285714,0.9795918367346939,0.000587767208,-0.000170198175
0.9714285714285714,0.9714285714285714,0.00058922808,-0.00017009824
0.9714285714285714,0.963265306122449,0.000588927646,-0.000169722363
0.9714285714285714,0.9551020408163265,0.000588925633,-0.000169604381
0.9714285714285714,0.9469387755102041,0.000589170678,-0.000170717821
0.9714285714285714,0.9387755102040816,0.000590100733,-0.000170594894
0.9714285714285714,0.9306122448979592,0.000589176523,-0.00016999487
0.9714285714285714,0.9224489795918367,0.000589372596,-0.000170367312
0.9714285714285714,0.9142857142857143,0.000590435283,-0.000169742562
0.9714285714285714,0.9061224489795918,0.000589341259,-0.000169527664
0.9714285714285714,0.8979591836734694,0.0005888804,-0.000169308239
0.9714285714285714,0.889795918367347,0.000588742689,-0.000168611717
0.9714285714285714,0.8816326530612244,0.000590068436,-0.000169132005
0.9714285714285714,0.8734693877551021,0.000588837946,-0.000169771366
0.9714285714285714,0.8653061224489795,0.000588633822,-0.000169331874
0.9714285714285714,0.8571428571428572,0.000589731872,-0.000168310629
0.9714285714285714,0.8489795918367347,0.000589386205,-0.000169989925
0.9714285714285714,0.8408163265306122,0.000589306376,-0.000169056797
0.9714285714285714,0.8326530612244898,0.000589510307,-0.000168435707
0.9714285714285714,0.8244897959183674,0.000588313167,-0.000168870673
0.9714285714285714,0.8163265306122449,0.000590060578,-0.000169456952
0.9714285714285714,0.8081632653061225,0.000589168185,-0.000170640461
0.9714285714285714,0.8,0.000588897841,-0.000170746401
0.963265306122449,1.2,0.000587586563,-0.000170499262
0.963265306122449,1.1918367346938774,0.000587708846,-0.000171070706
0.963265306122449,1.183673469387755,0.000588071668,-0.000170380638
0.963265306122449,1.1755102040816325,0.000586916502,-0.000170438441
0.963265306122449,1.1673469387755102,0.000587682301,-0.000170864832
0.963265306122449,1.1591836734693877,0.000588008227,-0.000171479467
0.963265306122449,1.1510204081632653,0.000588524669,-0.00017099248
0.963265306122449,1.1428571428571428,0.00058804311,-0.000170826136
0.963265306122449,1.1346938775510205,0.000587926099,-0.000171443565
0.963265306122449,1.126530612244898,0.000588009474,-0.000171193633
0.963265306122449,1.1183673469387754,0.000587888724,-0.000171125297
0.963265306122449,1.110204081632653,0.000588196443,-0.000170981304
0.963265306122449,1.1020408163265305,0.000587349283,-0.000170710306
0.963265306122449,1.0938775510204082,0.000587627484,-0.000170458865
0.963265306122449,1.0857142857142856,0.000586426606,-0.000171414118
0.963265306122449,1.0775510204081633,0.000587042524,-0.000171432197
0.963265306122449,1.0693877551020408,0.000585928085,-0.000171958073
0.963265306122449,1.0612244897959184,0.000586390477,-0.000171566074
0.963265306122449,1.0530612244897959,0.000585202728,-0.000171100153
0.963265306122449,1.0448979591836736,0.000586464747,-0.000171516428
0.963265306122449,1.036734693877551,0.000586004175,-0.000171830843
0.963265306122449,1.0285714285714285,0.000586861399,-0.000172181352
0.963265306122449,1.0204081632653061,0.000585792673,-0.000171227801
0.963265306122449,1.0122448979591836,0.000586672417,-0.000171573813
0.963265306122449,1.0040816326530613,0.000587537019,-0.000172342332
0.963265306122449,0.9959183673469387,0.000587971619,-0.0001705921
0.963265306122449,0.9877551020408163,0.000587817713,-0.000171251018
0.963265306122449,0.9795918367346939,0.000587282583,-0.000170595761
0.963265306122449,0.9714285714285714,0.00058794632,-0.000170528485
0.963265306122449,0.963265306122449,0.000588851649,-0.000170745116
0.963265306122449,0.9551020408163265,0.000587878374,-0.000171660421
0.963265306122449,0.9469387755102041,0.000587514785,-0.000172018669
0.963265306122449,0.9387755102040816,0.000586812141,-0.000170798198
0.963265306122449,0.9306122448979592,0.00058650998,-0.000171946897
0.963265306122449,0.9224489795918367,0.000586473085,-0.000171339553
0.963265306122449,0.9142857142857143,0.000586618653,-0.000170740396
0.963265306122449,0.9061224489795918,0.000584331801,-0.000171303458
0.963265306122449,0.8979591836734694,0.000585031953,-0.000171213189
0.963265306122449,0.889795918367347,0.000584185753,-0.000171177094
0.963265306122449,0.8816326530612244,0.000585284856,-0.000170610372
0.963265306122449,0.8734693877551021,0.000584554133,-0.000170322386
0.963265306122449,0.8653061224489795,0.000584357294,-0.000170708155
0.963265306122449,0.8571428571428572,0.000583987187,-0.000170821834
0.963265306122449,0.8489795918367347,0.000584428112,-0.000171087051
0.963265306122449,0.8408163265306122,0.000585231765,-0.000171260684
0.963265306122449,0.8326530612244898,0.000584865398,-0.000170703852
0.963265306122449,0.8244897959183674,0.000583983641,-0.000171556826
0.963265306122449,0.8163265306122449,0.000584842685,-0.000170298333
0.963265306122449,0.8081632653061225,0.000584101132,-0.000169830036
0.963265306122449,0.8,0.000584349723,-0.000170128972
0.9551020408163265,1.2,0.000593273366,-0.00016961212
0.9551020408163265,1.1918367346938774,0.000593280457,-0.000169657687
0.9551020408163265,1.183673469387755,0.000591946946,-0.000168664574
0.9551020408163265,1.1755102040816325,0.000592911311,-0.000170652054
0.9551020408163265,1.1673469387755102,0.000592124812,-0.000169680231
0.9551020408163265,1.1591836734693877,0.000592070189,-0.000169763627
0.9551020408163265,1.1510204081632653,0.00059238174,-0.000169516489
0.9551020408163265,1.1428571428571428,0.000590790534,-0.000170258996
0.9551020408163265,1.1346938775510205,0.0005914674,-0.000170270171
0.9551020408163265,1.126530612244898,0.000591428685,-0.000170343677
0.9551020408163265,1.1183673469387754,0.000591692511,-0.000170556647
0.9551020408163265,1.110204081632653,0.00059195605,-0.000169606308
0.9551020408163265,1.1020408163265305,0.000591633383,-0.000168615153
0.9551020408163265,1.0938775510204082,0.000591405972,-0.000169206795
0.9551020408163265,1.0857142857142856,0.000592655629,-0.000169367551
0.9551020408163265,1.0775510204081633,0.000594339599,-0.00016960589
0.9551020408163265,1.0693877551020408,0.000592878727,-0.000170106397
0.9551020408163265,1.0612244897959184,0.000593561918,-0.000169463182
0.9551020408163265,1.0530612244897959,0.000592872689,-0.000171280883
0.9551020408163265,1.0448979591836736,0.000593493972,-0.000168880339
0.9551020408163265,1.036734693877551,0.000593629384,-0.000169088171
0.9551020408163265,1.0285714285714285,0.000592448726,-0.000170228264
0.9551020408163265,1.0204081632653061,0.000593122812,-0.000170172806
0.9551020408163265,1.0122448979591836,0.000593309015,-0.000170111985
0.9551020408163265,1.0040816326530613,0.000593191525,-0.00017067935
0.9551020408163265,0.9959183673469387,0.000592216237,-0.000170254693
0.9551020408163265,0.9877551020408163,0.000592883519,-0.000170139729
0.9551020408163265,0.9795918367346939,0.00059237139,-0.000170596178
0.9551020408163265,0.9714285714285714,0.000592596307,-0.000170956803
0.9551020408163265,0.963265306122449,0.000592627838,-0.00016978662
0.9551020408163265,0.9551020408163265,0.000592397648,-0.000169037658
0.9551020408163265,0.9469387755102041,0.000593488127,-0.000169107503
0.9551020408163265,0.9387755102040816,0.000592823911,-0.000169202074
0.9551020408163265,0.9306122448979592,0.000592590462,-0.00016984529
0.9551020408163265,0.9224489795918367,0.000592706134,-0.000170304339
0.9551020408163265,0.9142857142857143,0.000592451218,-0.000168913671
0.9551020408163265,0.9061224489795918,0.000593540165,-0.000169409458
0.9551020408163265,0.8979591836734694,0.000592995932,-0.000169034222
0.9551020408163265,0.889795918367347,0.000593798912,-0.000169880549
0.9551020408163265,0.8816326530612244,0.000594606878,-0.000169261804
0.9551020408163265,0.8734693877551021,0.000595048855,-0.000169078923
0.9551020408163265,0.8653061224489795,0.000593256692,-0.000169442983
0.9551020408163265,0.8571428571428572,0.000593216537,-0.000169232806
0.9551020408163265,0.8489795918367347,0.000592280444,-0.000168867237
0.9551020408163265,0.8408163265306122,0.000592311015,-0.000168599675
0.9551020408163265,0.8326530612244898,0.000593124825,-0.000169175421
0.9551020408163265,0.8244897959183674,0.000593451998,-0.000169259235
0.9551020408163265,0.8163265306122449,0.000593475478,-0.000168457833
0.9551020408163265,0.8081632653061225,0.00059264298,-0.000169178857
0.9551020408163265,0.8,0.000592849403,-0.000169243757
0.9469387755102041,1.2,0.000594923987,-0.000169813273
0.9469387755102041,1.1918367346938774,0.000594863612,-0.000169986489
0.9469387755102041,1.183673469387755,0.000595303484,-0.000170190436
0.9469387755102041,1.1755102040816325,0.000595060165,-0.000170172806
0.9469387755102041,1.1673469387755102,0.000596408339,-0.000169314468
0.9469387755102041,1.1591836734693877,0.000595054127,-0.000169433959
0.9469387755102041,1.1510204081632653,0.000596145372,-0.000170230191
0.9469387755102041,1.1428571428571428,0.000596190319,-0.000170333562
0.9469387755102041,1.1346938775510205,0.000595503869,-0.000169996155
0.9469387755102041,1.126530612244898,0.000595819925,-0.000169272562
0.9469387755102041,1.1183673469387754,0.000596781797,-0.000169434602
0.9469387755102041,1.110204081632653,0.000595942208,-0.000169198414
0.9469387755102041,1.1020408163265305,0.000594914117,-0.00016949629
0.9469387755102041,1.0938775510204082,0.000595063711,-0.000168506837
0.9469387755102041,1.0857142857142856,0.000595001323,-0.000168810718
0.9469387755102041,1.0775510204081633,0.000595401041,-0.000169424936
0.9469387755102041,1.0693877551020408,0.000595082398,-0.000169298572
0.9469387755102041,1.0612244897959184,0.00059419633,-0.000169778239
0.9469387755102041,1.0530612244897959,0.000594660448,-0.00016924183
0.9469387755102041,1.0448979591836736,0.00059482547,-0.00016904347
0.9469387755102041,1.036734693877551,0.000594422974,-0.000169788771
0.9469387755102041,1.0285714285714285,0.000593887845,-0.000168602051
0.9469387755102041,1.0204081632653061,0.000594185213,-0.000168735928
0.9469387755102041,1.0122448979591836,0.000592476517,-0.000169416554
0.9469387755102041,1.0040816326530613,0.000595088243,-0.000169317262
0.9469387755102041,0.9959183673469387,0.000594678942,-0.000169245908
0.9469387755102041,0.9877551020408163,0.000595699369,-0.000168722602
0.9469387755102041,0.9795918367346939,0.000595227201,-0.000169363472
0.9469387755102041,0.9714285714285714,0.000594877508,-0.00016930416
0.9469387755102041,0.963265306122449,0.00059594748,-0.000168395085
0.9469387755102041,0.9551020408163265,0.000595650397,-0.00016884768
0.9469387755102041,0.9469387755102041,0.000594547556,-0.000168989521
0.9469387755102041,0.9387755102040816,0.000595268888,-0.000169147259
0.9469387755102041,0.9306122448979592,0.000596332055,-0.000168893023
0.9469387755102041,0.9224489795918367,0.000595248954,-0.0001695311
0.9469387755102041,0.9142857142857143,0.000595667072,-0.000168103021
0.9469387755102041,0.9061224489795918,0.000595191838,-0.000168124505
0.9469387755102041,0.8979591836734694,0.000595231226,-0.000168953202
0.9469387755102041,0.889795918367347,0.000596930338,-0.000169065178
0.9469387755102041,0.8816326530612244,0.000596504362,-0.000169546129
0.9469387755102041,0.8734693877551021,0.000598356614,-0.000169585467
0.9469387755102041,0.8653061224489795,0.000597358327,-0.00016988527
0.9469387755102041,0.8571428571428572,0.000597490194,-0.00016855841
0.9469387755102041,0.8489795918367347,0.000597474858,-0.000169744071
0.9469387755102041,0.8408163265306122,0.000597719903,-0.000169887839
0.9469387755102041,0.8326530612244898,0.000596949026,-0.000169930388
0.9469387755102041,0.8244897959183674,0.000597790148,-0.000169995094
0.9469387755102041,0.8163265306122449,0.00059740308,-0.000170213428
0.9469387755102041,0.8081632653061225,0.000596345185,-0.000170788532
0.9469387755102041,0.8,0.000596865458,-0.000170258354
0.9387755102040816,1.2,0.000595707993,-0.000168311271
0.9387755102040816,1.1918367346938774,0.000596525063,-0.000169090098
0.9387755102040816,1.183673469387755,0.000595943741,-0.000168947614
0.9387755102040816,1.1755102040816325,0.00059638256,-0.000169093534
0.9387755102040816,1.1673469387755102,0.000596135982,-0.000169282228
0.9387755102040816,1.1591836734693877,0.000597406626,-0.000170061279
0.9387755102040816,1.1510204081632653,0.000597986221,-0.00016917327
0.9387755102040816,1.1428571428571428,0.000595627878,-0.000169850877
0.9387755102040816,1.1346938775510205,0.000596536946,-0.000170270813
0.9387755102040816,1.126530612244898,0.000595988974,-0.00016963081
0.9387755102040816,1.1183673469387754,0.000596028362,-0.000169230655
0.9387755102040816,1.110204081632653,0.000595960416,-0.000170143808
0.9387755102040816,1.1020408163265305,0.0005948156,-0.000170456071
0.9387755102040816,1.0938775510204082,0.000594970752,-0.000170643897
0.9387755102040816,1.0857142857142856,0.000594970752,-0.000170219658
0.9387755102040816,1.0775510204081633,0.000595418195,-0.000169377217
0.9387755102040816,1.0693877551020408,0.000595998271,-0.00016989516
0.9387755102040816,1.0612244897959184,0.000596246954,-0.000170360215
0.9387755102040816,1.0530612244897959,0.00059558849,-0.000170105113
0.9387755102040816,1.0448979591836736,0.000596015232,-0.000170545472
0.9387755102040816,1.036734693877551,0.000596357068,-0.000170098883
0.9387755102040816,1.0285714285714285,0.000597112996,-0.0001704176
0.9387755102040816,1.0204081632653061,0.000597009687,-0.000169999173
0.9387755102040816,1.0122448979591836,0.000597185254,-0.000170863098
0.9387755102040816,1.0040816326530613,0.000598240657,-0.00016983649
0.9387755102040816,0.9959183673469387,0.00059654557,-0.000169701521
0.9387755102040816,0.9877551020408163,0.000597369444,-0.000170006687
0.9387755102040816,0.9795918367346939,0.000595808809,-0.000169806401
0.9387755102040816,0.9714285714285714,0.000596590322,-0.000170483784
0.9387755102040816,0.963265306122449,0.000595596827,-0.000172122907
0.9387755102040816,0.9551020408163265,0.000595613982,-0.000171347292
0.9387755102040816,0.9469387755102041,0.000595236784,-0.000170706646
0.9387755102040816,0.9387755102040816,0.000596334834,-0.000171105965
0.9387755102040816,0.9306122448979592,0.000595038698,-0.000171980423
0.9387755102040816,0.9224489795918367,0.000594539698,-0.000170766182
0.9387755102040816,0.9142857142857143,0.000595976038,-0.00017025039
0.9387755102040816,0.9061224489795918,0.000593495985,-0.000169742562
0.9387755102040816,0.8979591836734694,0.000595829029,-0.000171623235
0.9387755102040816,0.889795918367347,0.00059516328,-0.000170151323
0.9387755102040816,0.8816326530612244,0.000595474831,-0.000170582209
0.9387755102040816,0.8734693877551021,0.000594684694,-0.000170741038
0.9387755102040816,0.8653061224489795,0.000596226448,-0.000170071587
0.9387755102040816,0.8571428571428572,0.000595640047,-0.000170465737
0.9387755102040816,0.8489795918367347,0.000596772407,-0.000170208708
0.9387755102040816,0.8408163265306122,0.000593728187,-0.00017039374
0.9387755102040816,0.8326530612244898,0.000595744122,-0.000169206153
0.9387755102040816,0.8244897959183674,0.000594539698,-0.000171409622
0.9387755102040816,0.8163265306122449,0.000595152164,-0.00017067829
0.9387755102040816,0.8081632653061225,0.000595928312,-0.000170476912
0.9387755102040816,0.8,0.00059499979,-0.000170722124
0.9306122448979592,1.2,0.000595628164,-0.000171203523
0.9306122448979592,1.1918367346938774,0.000596026062,-0.000170635516
0.9306122448979592,1.183673469387755,0.000596076087,-0.000170284782
0.9306122448979592,1.1755102040816325,0.000594069256,-0.000171052658
0.9306122448979592,1.1673469387755102,0.000595365392,-0.000170659793
0.9306122448979592,1.1591836734693877,0.000594208979,-0.00017060199
0.9306122448979592,1.1510204081632653,0.000594964428,-0.000170564162
0.9306122448979592,1.1428571428571428,0.000595184267,-0.000169995512
0.9306122448979592,1.1346938775510205,0.000595674163,-0.00017000733
0.9306122448979592,1.126530612244898,0.000595501856,-0.000170606069
0.9306122448979592,1.1183673469387754,0.00059549122,-0.000171258532
0.9306122448979592,1.110204081632653,0.000595203435,-0.000170299394
0.9306122448979592,1.1020408163265305,0.000594938936,-0.000170272965
0.9306122448979592,1.0938775510204082,0.000595066776,-0.000171224365
0.9306122448979592,1.0857142857142856,0.000596155722,-0.000171353522
0.9306122448979592,1.0775510204081633,0.000595634203,-0.000171881773
0.9306122448979592,1.0693877551020408,0.000595901767,-0.000171722527
0.9306122448979592,1.0612244897959184,0.000595931571,-0.000171025363
0.9306122448979592,1.0530612244897959,0.000594459869,-0.00017234018
0.9306122448979592,1.0448979591836736,0.000594102605,-0.000172441175
0.9306122448979592,1.036734693877551,0.000593435803,-0.000172220689
0.9306122448979592,1.0285714285714285,0.00059464128,-0.000172570556
0.9306122448979592,1.0204081632653061,0.000595864872,-0.000173222377
0.9306122448979592,1.0122448979591836,0.000595242823,-0.000171467425
0.9306122448979592,1.0040816326530613,0.000594878274,-0.000171297003
0.9306122448979592,0.9959183673469387,0.000595584464,-0.000172573992
0.9306122448979592,0.9877551020408163,0.000594868884,-0.000172550357
0.9306122448979592,0.9795918367346939,0.000595118047,-0.000171590576
0.9306122448979592,0.9714285714285714,0.000594954078,-0.000173047011
0.9306122448979592,0.963265306122449,0.000593956077,-0.000172742487
0.9306122448979592,0.9551020408163265,0.00059453414,-0.000171908427
0.9306122448979592,0.9469387755102041,0.000595051348,-0.000171656761
0.9306122448979592,0.9387755102040816,0.000594558866,-0.000172504148
0.9306122448979592,0.9306122448979592,0.000593953011,-0.000172725949
0.9306122448979592,0.9224489795918367,0.000594709993,-0.00017231266
0.9306122448979592,0.9142857142857143,0.000594401221,-0.000172838761
0.9306122448979592,0.9061224489795918,0.000593755978,-0.000173272023
0.9306122448979592,0.8979591836734694,0.00059518676,-0.000173221735
0.9306122448979592,0.889795918367347,0.00059624111,-0.000172420976
0.9306122448979592,0.8816326530612244,0.000595562711,-0.000173197233
0.9306122448979592,0.8734693877551021,0.00059478455,-0.000172321684
0.9306122448979592,0.8653061224489795,0.000595245122,-0.000173087633
0.9306122448979592,0.8571428571428572,0.00059456749,-0.000172873795
0.9306122448979592,0.8489795918367347,0.000595227967,-0.000171607757
0.9306122448979592,0.8408163265306122,0.000595442441,-0.000172754304
0.9306122448979592,0.8326530612244898,0.000594488907,-0.000171103589
0.9306122448979592,0.8244897959183674,0.000595814847,-0.000171779688
0.9306122448979592,0.8163265306122449,0.000594629877,-0.000171426803
0.9306122448979592,0.8081632653061225,0.000594149371,-0.00017221295
0.9306122448979592,0.8,0.000594467154,-0.00017238016
0.9224489795918367,1.2,0.000594513153,-0.000170372032
0.9224489795918367,1.1918367346938774,0.000593976011,-0.000169771142
0.9224489795918367,1.183673469387755,0.000594040411,-0.000170148529
0.9224489795918367,1.1755102040816325,0.000594589243,-0.000171526095
0.9224489795918367,1.1673469387755102,0.000594199396,-0.000170385359
0.9224489795918367,1.1591836734693877,0.000594958103,-0.000171017624
0.9224489795918367,1.1510204081632653,0.000594367391,-0.000170649261
0.9224489795918367,1.1428571428571428,0.000594787809,-0.000171558335
0.9224489795918367,1.1346938775510205,0.000593785016,-0.000170953591
0.9224489795918367,1.126530612244898,0.000594655942,-0.000171188912
0.9224489795918367,1.1183673469387754,0.000595118814,-0.000171197711
0.9224489795918367,1.110204081632653,0.000595678189,-0.000172318472
0.9224489795918367,1.1020408163265305,0.000594963661,-0.000171858781
0.9224489795918367,1.0938775510204082,0.000595031127,-0.000171338268
0.9224489795918367,1.0857142857142856,0.000596163773,-0.000170952948
0.9224489795918367,1.0775510204081633,0.000594736538,-0.000171203523
0.9224489795918367,1.0693877551020408,0.000595118527,-0.000171203299
0.9224489795918367,1.0612244897959184,0.00059663067,-0.000171691795
0.9224489795918367,1.0530612244897959,0.000595870717,-0.000171684699
0.9224489795918367,1.0448979591836736,0.000596677722,-0.000171349025
0.9224489795918367,1.036734693877551,0.000596182268,-0.000170773279
0.9224489795918367,1.0285714285714285,0.00059547809,-0.000171140551
0.9224489795918367,1.0204081632653061,0.000595621553,-0.000171452171
0.9224489795918367,1.0122448979591836,0.00059614058,-0.00017101849
0.9224489795918367,1.0040816326530613,0.000596565217,-0.00017150718
0.9224489795918367,0.9959183673469387,0.000595721889,-0.000170375693
0.9224489795918367,0.9877551020408163,0.000595325237,-0.000170421454
0.9224489795918367,0.9795918367346939,0.000596637282,-0.000170435005
0.9224489795918367,0.9714285714285714,0.000595604398,-0.000170712876
0.9224489795918367,0.963265306122449,0.000596730526,-0.000170079551
0.9224489795918367,0.9551020408163265,0.000596433924,-0.000170078042
0.9224489795918367,0.9469387755102041,0.000597212852,-0.000170584361
0.9224489795918367,0.9387755102040816,0.000596573841,-0.000170565029
0.9224489795918367,0.9306122448979592,0.00059739273,-0.000170732657
0.9224489795918367,0.9224489795918367,0.000597593309,-0.000170196666
0.9224489795918367,0.9142857142857143,0.000597778265,-0.000170145735
0.9224489795918367,0.9061224489795918,0.000596406612,-0.00017061962
0.9224489795918367,0.8979591836734694,0.000596020791,-0.000171255963
0.9224489795918367,0.889795918367347,0.000596481363,-0.000170849354
0.9224489795918367,0.8816326530612244,0.000596940689,-0.000169532385
0.9224489795918367,0.8734693877551021,0.000595507128,-0.00016893493
0.9224489795918367,0.8653061224489795,0.00059720902,-0.000170000458
0.9224489795918367,0.8571428571428572,0.000596582465,-0.000169621144
0.9224489795918367,0.8489795918367347,0.00059632851,-0.000170233627
0.9224489795918367,0.8408163265306122,0.000597166566,-0.000170288861
0.9224489795918367,0.8326530612244898,0.000596154956,-0.000170429642
0.9224489795918367,0.8244897959183674,0.000597396275,-0.000169705824
0.9224489795918367,0.8163265306122449,0.000596318926,-0.000170606936
0.9224489795918367,0.8081632653061225,0.000598452638,-0.000171058246
0.9224489795918367,0.8,0.000597078686,-0.000169572364
0.9142857142857143,1.2,0.000597660295,-0.000169153713
0.9142857142857143,1.1918367346938774,0.000596781511,-0.000168131602
0.9142857142857143,1.183673469387755,0.000597660008,-0.00016976276
0.9142857142857143,1.1755102040816325,0.000597145866,-0.000169317262
0.9142857142857143,1.1673469387755102,0.000596271394,-0.000167646123
0.9142857142857143,1.1591836734693877,0.000595025569,-0.000168168563
0.9142857142857143,1.1510204081632653,0.000596885106,-0.000168010826
0.9142857142857143,1.1428571428571428,0.000594995478,-0.000168241426
0.9142857142857143,1.1346938775510205,0.000594123306,-0.00016939141
0.9142857142857143,1.126530612244898,0.000594300691,-0.000168341779
0.9142857142857143,1.1183673469387754,0.000593646059,-0.000168543799
0.9142857142857143,1.110204081632653,0.000595168072,-0.000169237527
0.9142857142857143,1.1020408163265305,0.00059476155,-0.000169083644
0.9142857142857143,1.0938775510204082,0.000596621853,-0.000168095282
0.9142857142857143,1.0857142857142856,0.000596838147,-0.000168444731
0.9142857142857143,1.0775510204081633,0.000596530141,-0.000169227218
0.9142857142857143,1.0693877551020408,0.000596242356,-0.00016915458
0.9142857142857143,1.0612244897959184,0.000596956884,-0.000168548744
0.9142857142857143,1.0530612244897959,0.000595961662,-0.000168183399
0.9142857142857143,1.0448979591836736,0.000596812368,-0.000169118036
0.9142857142857143,1.036734693877551,0.000596318639,-0.000169626507
0.9142857142857143,1.0285714285714285,0.000596239097,-0.000169296421
0.9142857142857143,1.0204081632653061,0.000596746915,-0.000168767945
0.9142857142857143,1.0122448979591836,0.000598423314,-0.000168480408
0.9142857142857143,1.0040816326530613,0.000596192618,-0.000169122981
0.9142857142857143,0.9959183673469387,0.000597089996,-0.000168808149
0.9142857142857143,0.9877551020408163,0.000597212565,-0.000169191766
0.9142857142857143,0.9795918367346939,0.000598262603,-0.00016863837
0.9142857142857143,0.9714285714285714,0.000597326797,-0.000169426863
0.9142857142857143,0.963265306122449,0.0005981431,-0.000167980737
0.9142857142857143,0.9551020408163265,0.000598352302,-0.000168636861
0.9142857142857143,0.9469387755102041,0.000597115295,-0.000169452874
0.9142857142857143,0.9387755102040816,0.000597130437,-0.000167863622
0.9142857142857143,0.9306122448979592,0.000596289888,-0.000167952799
0.9142857142857143,0.9224489795918367,0.000597503896,-0.000168143419
0.9142857142857143,0.9142857142857143,0.000597515012,-0.000169150919
0.9142857142857143,0.9061224489795918,0.000596885392,-0.000170169594
0.9142857142857143,0.8979591836734694,0.0005959907,-0.000170081253
0.9142857142857143,0.889795918367347,0.000595550828,-0.000169672074
0.9142857142857143,0.8816326530612244,0.000596540491,-0.000170321744
0.9142857142857143,0.8734693877551021,0.000595700422,-0.000169608459
0.9142857142857143,0.8653061224489795,0.000596621853,-0.000168446883
0.9142857142857143,0.8571428571428572,0.000596405846,-0.000168249583
0.9142857142857143,0.8489795918367347,0.000595959649,-0.000169580104
0.9142857142857143,0.8408163265306122,0.000596182748,-0.000169483605
0.9142857142857143,0.8326530612244898,0.000596146905,-0.000169635979
0.9142857142857143,0.8244897959183674,0.00059607762,-0.000170548684
0.9142857142857143,0.8163265306122449,0.000597117594,-0.00016950724
0.9142857142857143,0.8081632653061225,0.00059469533,-0.00016982037
0.9142857142857143,0.8,0.000595504829,-0.000170168085
0.9061224489795918,1.2,0.000595243109,-0.000170122518
0.9061224489795918,1.1918367346938774,0.000594746888,-0.000169981543
0.9061224489795918,1.183673469387755,0.000595775459,-0.000170929089
0.9061224489795918,1.1755102040816325,0.000595932338,-0.000170424472
0.9061224489795918,1.1673469387755102,0.000595377275,-0.000171039107
0.9061224489795918,1.1591836734693877,0.000595640814,-0.000171564565
0.9061224489795918,1.1510204081632653,0.00059733964,-0.000170059352
0.9061224489795918,1.1428571428571428,0.000596628658,-0.000170350324
0.9061224489795918,1.1346938775510205,0.000595251926,-0.000170029038
0.9061224489795918,1.126530612244898,0.000595422027,-0.000171456025
0.9061224489795918,1.1183673469387754,0.000595156189,-0.000170623474
0.9061224489795918,1.110204081632653,0.000596505129,-0.00017039525
0.9061224489795918,1.1020408163265305,0.000596142307,-0.000170870837
0.9061224489795918,1.0938775510204082,0.000595873496,-0.000169836266
0.9061224489795918,1.0857142857142856,0.000595038698,-0.000170255335
0.9061224489795918,1.0775510204081633,0.000595474545,-0.000169617708
0.9061224489795918,1.0693877551020408,0.000595519491,-0.000170213428
0.9061224489795918,1.0612244897959184,0.000595297926,-0.000170740171
0.9061224489795918,1.0530612244897959,0.000594215018,-0.000169992719
0.9061224489795918,1.0448979591836736,0.00059428325,-0.000171288622
0.9061224489795918,1.036734693877551,0.000594937403,-0.000170951857
0.9061224489795918,1.0285714285714285,0.000595175163,-0.000170353985
0.9061224489795918,1.0204081632653061,0.000594114488,-0.00017032412
0.9061224489795918,1.0122448979591836,0.000594383299,-0.00016967551
0.9061224489795918,1.0040816326530613,0.000593991919,-0.000169580746
0.9061224489795918,0.9959183673469387,0.000594371416,-0.000169644136
0.9061224489795918,0.9877551020408163,0.000592902493,-0.00016978662
0.9061224489795918,0.9795918367346939,0.000592731912,-0.000170537509
0.9061224489795918,0.9714285714285714,0.000594036959,-0.000168767302
0.9061224489795918,0.963265306122449,0.000594531361,-0.000171315918
0.9061224489795918,0.9551020408163265,0.000594832561,-0.000170220525
0.9061224489795918,0.9469387755102041,0.000593872416,-0.000170263717
0.9061224489795918,0.9387755102040816,0.000595136735,-0.000172246476
0.9061224489795918,0.9306122448979592,0.000595590983,-0.000169960478
0.9061224489795918,0.9224489795918367,0.000593241069,-0.000171183324
0.9061224489795918,0.9142857142857143,0.000595320639,-0.000171687492
0.9061224489795918,0.9061224489795918,0.000595008894,-0.000170377202
0.9061224489795918,0.8979591836734694,0.000595083451,-0.000170857511
0.9061224489795918,0.889795918367347,0.000595374495,-0.000171663857
0.9061224489795918,0.8816326530612244,0.000595725434,-0.000170872989
0.9061224489795918,0.8734693877551021,0.000595817913,-0.000170416091
0.9061224489795918,0.8653061224489795,0.000596144319,-0.000171506538
0.9061224489795918,0.8571428571428572,0.000596640061,-0.000172344901
0.9061224489795918,0.8489795918367347,0.000596451079,-0.000170283273
0.9061224489795918,0.8408163265306122,0.000596063244,-0.00017119922
0.9061224489795918,0.8326530612244898,0.000597090569,-0.000170427266
0.9061224489795918,0.8244897959183674,0.000597330056,-0.000170213428
0.9061224489795918,0.8163265306122449,0.000596226448,-0.000171712637
0.9061224489795918,0.8081632653061225,0.000596858367,-0.000170467888
0.9061224489795918,0.8,0.000597419755,-0.000170015711
0.8979591836734694,1.2,0.000594548802,-0.000171201147
0.8979591836734694,1.1918367346938774,0.000594280471,-0.000171809135
0.8979591836734694,1.183673469387755,0.00059484895,-0.000172035432
0.8979591836734694,1.1755102040816325,0.000596050881,-0.000172784618
0.8979591836734694,1.1673469387755102,0.000596341925,-0.000173383775
0.8979591836734694,1.1591836734693877,0.000595190305,-0.000173097299
0.8979591836734694,1.1510204081632653,0.000596536466,-0.000172275923
0.8979591836734694,1.1428571428571428,0.000596023856,-0.00017184783
0.8979591836734694,1.1346938775510205,0.000595750927,-0.000172088514
0.8979591836734694,1.126530612244898,0.000596160994,-0.000172087005
0.8979591836734694,1.1183673469387754,0.000596724681,-0.000171180531
0.8979591836734694,1.110204081632653,0.000596404313,-0.000171871241
0.8979591836734694,1.1020408163265305,0.000595386092,-0.000172537255
0.8979591836734694,1.0938775510204082,0.000595895729,-0.000171544366
0.8979591836734694,1.0857142857142856,0.000595538465,-0.000171943879
0.8979591836734694,1.0775510204081633,0.000594709513,-0.000171616363
0.8979591836734694,1.0693877551020408,0.000595609957,-0.000170676781
0.8979591836734694,1.0612244897959184,0.000596276186,-0.000171400374
0.8979591836734694,1.0530612244897959,0.000594505868,-0.000171516204
0.8979591836734694,1.0448979591836736,0.000593813288,-0.000171498381
0.8979591836734694,1.036734693877551,0.000594299445,-0.000170937246
0.8979591836734694,1.0285714285714285,0.000594958583,-0.00017094993
0.8979591836734694,1.0204081632653061,0.000593616254,-0.000171618514
0.8979591836734694,1.0122448979591836,0.000594749667,-0.000170025826
0.8979591836734694,1.0040816326530613,0.000593850949,-0.000170609505
0.8979591836734694,0.9959183673469387,0.000594327236,-0.000170810016
0.8979591836734694,0.9877551020408163,0.000594518231,-0.000170467021
0.8979591836734694,0.9795918367346939,0.000594390104,-0.000170851923
0.8979591836734694,0.9714285714285714,0.000594341612,-0.000171719091
0.8979591836734694,0.963265306122449,0.000594166526,-0.000171098644
0.8979591836734694,0.9551020408163265,0.000593769588,-0.00017117064
0.8979591836734694,0.9469387755102041,0.000594287562,-0.000170815186
0.8979591836734694,0.9387755102040816,0.000594662747,-0.000170830857
0.8979591836734694,0.9306122448979592,0.000594383779,-0.000169811122
0.8979591836734694,0.9224489795918367,0.000592644992,-0.000170932943
0.8979591836734694,0.9142857142857143,0.000592493386,-0.000169641567
0.8979591836734694,0.9061224489795918,0.000591812781,-0.000169137817
0.8979591836734694,0.8979591836734694,0.000592311975,-0.00016977416
0.8979591836734694,0.889795918367347,0.000592029554,-0.00016894116
0.8979591836734694,0.8816326530612244,0.000592343598,-0.00016950358
0.8979591836734694,0.8734693877551021,0.000592332482,-0.000169403228
0.8979591836734694,0.8653061224489795,0.000593290808,-0.000169122339
0.8979591836734694,0.8571428571428572,0.000593929052,-0.000168538211
0.8979591836734694,0.8489795918367347,0.000594179655,-0.000169961762
0.8979591836734694,0.8408163265306122,0.000594334041,-0.000170089441
0.8979591836734694,0.8326530612244898,0.000592800145,-0.00016864566
0.8979591836734694,0.8244897959183674,0.000594315353,-0.000169717642
0.8979591836734694,0.8163265306122449,0.000593454491,-0.000168578833
0.8979591836734694,0.8081632653061225,0.000593671837,-0.000169480812
0.8979591836734694,0.8,0.000594214538,-0.000171606472
0.889795918367347,1.2,0.000594592502,-0.0001698152
0.889795918367347,1.1918367346938774,0.000593867624,-0.000170036777
0.889795918367347,1.183673469387755,0.000594614255,-0.000170772412
0.889795918367347,1.1755102040816325,0.000594183487,-0.000170772636
0.889795918367347,1.1673469387755102,0.000594452778,-0.000168963093
0.889795918367347,1.1591836734693877,0.000594470219,-0.000169849368
0.889795918367347,1.1510204081632653,0.000594534906,-0.0001697617
0.889795918367347,1.1428571428571428,0.000594821925,-0.000169428147
0.889795918367347,1.1346938775510205,0.000593732979,-0.000169376574
0.889795918367347,1.126530612244898,0.000594532607,-0.000170407709
0.889795918367347,1.1183673469387754,0.000594994998,-0.000171403392
0.889795918367347,1.110204081632653,0.000594270121,-0.000169373781
0.889795918367347,1.1020408163265305,0.000594557139,-0.000170189151
0.889795918367347,1.0938775510204082,0.000595243875,-0.000169636397
0.889795918367347,1.0857142857142856,0.000595102905,-0.000170254051
0.889795918367347,1.0775510204081633,0.000594367871,-0.000168751406
0.889795918367347,1.0693877551020408,0.000594622786,-0.000169605441
0.889795918367347,1.0612244897959184,0.000594771134,-0.000169143822
0.889795918367347,1.0530612244897959,0.000594698876,-0.000168985861
0.889795918367347,1.0448979591836736,0.000594190292,-0.000168588499
0.889795918367347,1.036734693877551,0.000593381753,-0.000170043007
0.889795918367347,1.0285714285714285,0.000593548789,-0.000169320474
0.889795918367347,1.0204081632653061,0.000593521957,-0.00017005354
0.889795918367347,1.0122448979591836,0.000593667525,-0.000169489193
0.889795918367347,1.0040816326530613,0.000593532594,-0.000169789414
0.889795918367347,0.9959183673469387,0.000592915623,-0.000168465797
0.889795918367347,0.9877551020408163,0.000592921181,-0.000169753737
0.889795918367347,0.9795918367346939,0.000592249873,-0.000168915374
0.889795918367347,0.9714285714285714,0.000592699329,-0.000169736332
0.889795918367347,0.963265306122449,0.000593518218,-0.000169586976
0.889795918367347,0.9551020408163265,0.000593346391,-0.000169461031
0.889795918367347,0.9469387755102041,0.000593700109,-0.000169628883
0.889795918367347,0.9387755102040816,0.000593202355,-0.000168870255
0.889795918367347,0.9306122448979592,0.000593357314,-0.000169029277
0.889795918367347,0.9224489795918367,0.000593612709,-0.000168485129
0.889795918367347,0.9142857142857143,0.00059410893,-0.000169150695
0.889795918367347,0.9061224489795918,0.000594629684,-0.000168837372
0.889795918367347,0.8979591836734694,0.000594149851,-0.000168510273
0.889795918367347,0.889795918367347,0.000593116488,-0.000169539899
0.889795918367347,0.8816326530612244,0.000593154629,-0.000169155447
0.889795918367347,0.8734693877551021,0.000593574567,-0.000168640297
0.889795918367347,0.8653061224489795,0.000593243082,-0.000166911355
0.889795918367347,0.8571428571428572,0.000592276899,-0.000168972116
0.889795918367347,0.8489795918367347,0.000593649604,-0.000167923576
0.889795918367347,0.8408163265306122,0.000592200615,-0.000168665441
0.889795918367347,0.8326530612244898,0.000592577813,-0.000169479302
0.889795918367347,0.8244897959183674,0.000593672317,-0.000169097613
0.889795918367347,0.8163265306122449,0.000592631863,-0.000169187239
0.889795918367347,0.8081632653061225,0.000592510347,-0.000169065596
0.889795918367347,0.8,0.000593255445,-0.000168192647
0.8816326530612244,1.2,0.000594173617,-0.000170998709
0.8816326530612244,1.1918367346938774,0.000592958076,-0.000170240082
0.8816326530612244,1.183673469387755,0.000593509114,-0.000170253408
0.8816326530612244,1.1755102040816325,0.000593456024,-0.000170983456
0.8816326530612244,1.1673469387755102,0.000593482569,-0.000170645182
0.8816326530612244,1.1591836734693877,0.000594872429,-0.000170718688
0.8816326530612244,1.1510204081632653,0.000593374182,-0.000170884388
0.8816326530612244,1.1428571428571428,0.000593521763,-0.000170078042
0.8816326530612244,1.1346938775510205,0.000593285249,-0.000170606936
0.8816326530612244,1.126530612244898,0.000594040698,-0.000170563102
0.8816326530612244,1.1183673469387754,0.000592585864,-0.00016994243
0.8816326530612244,1.110204081632653,0.000593787795,-0.000170211501
0.8816326530612244,1.1020408163265305,0.000594791354,-0.000170105979
0.8816326530612244,1.0938775510204082,0.000594659201,-0.000169646706
0.8816326530612244,1.0857142857142856,0.000593887365,-0.000169809837
0.8816326530612244,1.0775510204081633,0.000593230146,-0.00016816943
0.8816326530612244,1.0693877551020408,0.00059382795,-0.000170194739
0.8816326530612244,1.0612244897959184,0.000593404273,-0.000169147259
0.8816326530612244,1.0530612244897959,0.000594395182,-0.000168499965
0.8816326530612244,1.0448979591836736,0.00059410893,-0.000169594715
0.8816326530612244,1.036734693877551,0.000593488127,-0.0001683491
0.8816326530612244,1.0285714285714285,0.000594180902,-0.000169788771
0.8816326530612244,1.0204081632653061,0.000594038399,-0.000169066239
0.8816326530612244,1.0122448979591836,0.000593308249,-0.000169352072
0.8816326530612244,1.0040816326530613,0.000593207433,-0.000168763866
0.8816326530612244,0.9959183673469387,0.000592839053,-0.000168213264
0.8816326530612244,0.9877551020408163,0.000592520984,-0.000169619217
0.8816326530612244,0.9795918367346939,0.00059276277,-0.000170661527
0.8816326530612244,0.9714285714285714,0.000593676629,-0.000170513231
0.8816326530612244,0.963265306122449,0.000592616721,-0.000168860782
0.8816326530612244,0.9551020408163265,0.000592995452,-0.000170845693
0.8816326530612244,0.9469387755102041,0.00059165255,-0.000169406664
0.8816326530612244,0.9387755102040816,0.000591831468,-0.000170598972
0.8816326530612244,0.9306122448979592,0.000592058112,-0.000169841211
0.8816326530612244,0.9224489795918367,0.000593715057,-0.000169202492
0.8816326530612244,0.9142857142857143,0.000593189992,-0.000168575397
0.8816326530612244,0.9061224489795918,0.000592453518,-0.000169080432
0.8816326530612244,0.8979591836734694,0.000593509114,-0.000169451364
0.8816326530612244,0.889795918367347,0.000593397182,-0.000169233448
0.8816326530612244,0.8816326530612244,0.00059304519,-0.000168328034
0.8816326530612244,0.8734693877551021,0.000592974465,-0.000168666083
0.8816326530612244,0.8653061224489795,0.00059294696,-0.000168365863
0.8816326530612244,0.8571428571428572,0.000593445194,-0.000168643733
0.8816326530612244,0.8489795918367347,0.000593122526,-0.0001698266
0.8816326530612244,0.8408163265306122,0.000593233212,-0.000169044755
0.8816326530612244,0.8326530612244898,0.000593612422,-0.000168035103
0.8816326530612244,0.8244897959183674,0.000592185667,-0.000169133514
0.8816326530612244,0.8163265306122449,0.000592018438,-0.000170246536
0.8816326530612244,0.8081632653061225,0.000593347923,-0.000170002609
0.8816326530612244,0.8,0.000593459089,-0.000169446644
0.8734693877551021,1.2,0.000592671538,-0.000171596806
0.8734693877551021,1.1918367346938774,0.000592218536,-0.000170066
0.8734693877551021,1.183673469387755,0.000591732665,-0.000170696337
0.8734693877551021,1.1755102040816325,0.000591016605,-0.000171771306
0.8734693877551021,1.1673469387755102,0.000592181641,-0.000171041901
0.8734693877551021,1.1591836734693877,0.000591091162,-0.000169973386
0.8734693877551021,1.1510204081632653,0.000591984608,-0.000169755246
0.8734693877551021,1.1428571428571428,0.000590727574,-0.000169482739
0.8734693877551021,1.1346938775510205,0.000590771274,-0.000169952545
0.8734693877551021,1.126530612244898,0.000589925166,-0.000170740171
0.8734693877551021,1.1183673469387754,0.000591374155,-0.000170359348
0.8734693877551021,1.110204081632653,0.000592485335,-0.0001708341
0.8734693877551021,1.1020408163265305,0.000592929232,-0.000170177976
0.8734693877551021,1.0938775510204082,0.000593042217,-0.00017004731
0.8734693877551021,1.0857142857142856,0.000591895389,-0.000169551299
0.8734693877551021,1.0775510204081633,0.000592579059,-0.000170137354
0.8734693877551021,1.0693877551020408,0.000594428532,-0.000169207886
0.8734693877551021,1.0612244897959184,0.000593584151,-0.00016917176
0.8734693877551021,1.0530612244897959,0.000594535193,-0.000169637906
0.8734693877551021,1.0448979591836736,0.000593526075,-0.000169788129
0.8734693877551021,1.036734693877551,0.000593547542,-0.000170239439
0.8734693877551021,1.0285714285714285,0.000594573814,-0.000169431166
0.8734693877551021,1.0204081632653061,0.000593885832,-0.000169649724
0.8734693877551021,1.0122448979591836,0.00059463093,-0.000170797556
0.8734693877551021,1.0040816326530613,0.00059414276,-0.000169555377
0.8734693877551021,0.9959183673469387,0.000594249134,-0.000170404049
0.8734693877551021,0.9877551020408163,0.000593128564,-0.00016984272
0.8734693877551021,0.9795918367346939,0.000593764796,-0.000169822939
0.8734693877551021,0.9714285714285714,0.000594540944,-0.000169646288
0.8734693877551021,0.963265306122449,0.000593158175,-0.000169166397
0.8734693877551021,0.9551020408163265,0.000593831782,-0.000170115646
0.8734693877551021,0.9469387755102041,0.000592313794,-0.000169466394
0.8734693877551021,0.9387755102040816,0.000592626785,-0.000170245027
0.8734693877551021,0.9306122448979592,0.000592573021,-0.000170291879
0.8734693877551021,0.9224489795918367,0.000591824377,-0.00017033658
0.8734693877551021,0.9142857142857143,0.00059396796,-0.000169591697
0.8734693877551021,0.9061224489795918,0.000593147058,-0.000169798662
0.8734693877551021,0.8979591836734694,0.000592907285,-0.000170182279
0.8734693877551021,0.889795918367347,0.000592191511,-0.00017036773
0.8734693877551021,0.8816326530612244,0.000592312741,-0.00017137889
0.8734693877551021,0.8734693877551021,0.000592817586,-0.000170895981
0.8734693877551021,0.8653061224489795,0.0005926195,-0.000171812571
0.8734693877551021,0.8571428571428572,0.000592937856,-0.000171592503
0.8734693877551021,0.8489795918367347,0.000593549268,-0.000172404438
0.8734693877551021,0.8408163265306122,0.00059286004,-0.000171822461
0.8734693877551021,0.8326530612244898,0.000592618734,-0.000172428715
0.8734693877551021,0.8244897959183674,0.000592484855,-0.000172074545
0.8734693877551021,0.8163265306122449,0.000593714771,-0.000171092414
0.8734693877551021,0.8081632653061225,0.000592705654,-0.000171693304
0.8734693877551021,0.8,0.000593300871,-0.000171552105
0.8653061224489795,1.2,0.000592743315,-0.00017005354
0.8653061224489795,1.1918367346938774,0.000592029554,-0.000168852625
0.8653061224489795,1.183673469387755,0.00059376125,-0.000170532788
0.8653061224489795,1.1755102040816325,0.000594100593,-0.000170691392
0.8653061224489795,1.1673469387755102,0.00059451114,-0.000170373766
0.8653061224489795,1.1591836734693877,0.000594635722,-0.000170847844
0.8653061224489795,1.1510204081632653,0.000592861286,-0.000170502056
0.8653061224489795,1.1428571428571428,0.000594338067,-0.000170258129
0.8653061224489795,1.1346938775510205,0.000594802471,-0.000169972295
0.8653061224489795,1.126530612244898,0.000595106164,-0.000169127702
0.8653061224489795,1.1183673469387754,0.000595452312,-0.000170511722
0.8653061224489795,1.110204081632653,0.000596474558,-0.000170798198
0.8653061224489795,1.1020408163265305,0.00059544752,-0.000170170461
0.8653061224489795,1.0938775510204082,0.000595135489,-0.000169303293
0.8653061224489795,1.0857142857142856,0.000595517765,-0.000170253184
0.8653061224489795,1.0775510204081633,0.000595937416,-0.000170636383
0.8653061224489795,1.0693877551020408,0.000594392117,-0.000172280868
0.8653061224489795,1.0612244897959184,0.000594800458,-0.000172718852
0.8653061224489795,1.0530612244897959,0.000595182448,-0.000171387914
0.8653061224489795,1.0448979591836736,0.000594726187,-0.000170769618
0.8653061224489795,1.036734693877551,0.000595092269,-0.000171859647
0.8653061224489795,1.0285714285714285,0.000594953791,-0.000171728115
0.8653061224489795,1.0204081632653061,0.000594546023,-0.000172090441
0.8653061224489795,1.0122448979591836,0.000595268888,-0.000172078848
0.8653061224489795,1.0040816326530613,0.000595385612,-0.000173024018
0.8653061224489795,0.9959183673469387,0.000594675396,-0.000172768273
0.8653061224489795,0.9877551020408163,0.000595141047,-0.000171146781
0.8653061224489795,0.9795918367346939,0.000594355028,-0.000172458804
0.8653061224489795,0.9714285714285714,0.000593664746,-0.000172555303
0.8653061224489795,0.963265306122449,0.000594410324,-0.000172567762
0.8653061224489795,0.9551020408163265,0.000593795846,-0.000172328363
0.8653061224489795,0.9469387755102041,0.000594222109,-0.000172154056
0.8653061224489795,0.9387755102040816,0.00059389187,-0.000172433018
0.8653061224489795,0.9306122448979592,0.000593930298,-0.000171402301
0.8653061224489795,0.9224489795918367,0.000593816353,-0.000172726142
0.8653061224489795,0.9142857142857143,0.000593178395,-0.000172332217
0.8653061224489795,0.9061224489795918,0.000592896649,-0.000172428715
0.8653061224489795,0.8979591836734694,0.00059301088,-0.000172480737
0.8653061224489795,0.889795918367347,0.000593357507,-0.000172922575
0.8653061224489795,0.8816326530612244,0.000593363066,-0.000171276804
0.8653061224489795,0.8734693877551021,0.000594215018,-0.00017212204
0.8653061224489795,0.8653061224489795,0.000592507854,-0.000170732014
0.8653061224489795,0.8571428571428572,0.000593155109,-0.000170759952
0.8653061224489795,0.8489795918367347,0.000592868857,-0.000171472146
0.8653061224489795,0.8408163265306122,0.000593603605,-0.000171562414
0.8653061224489795,0.8326530612244898,0.000592529035,-0.00017107716
0.8653061224489795,0.8244897959183674,0.000591806743,-0.000171941952
0.8653061224489795,0.8163265306122449,0.000592427739,-0.000171433257
0.8653061224489795,0.8081632653061225,0.000593599293,-0.000172628359
0.8653061224489795,0.8,0.000593844431,-0.000173364443
0.8571428571428572,1.2,0.000594241849,-0.000173871405
0.8571428571428572,1.1918367346938774,0.000592871443,-0.00017259098
0.8571428571428572,1.183673469387755,0.000592644513,-0.000173756635
0.8571428571428572,1.1755102040816325,0.000593513426,-0.000172880443
0.8571428571428572,1.1673469387755102,0.000593762783,-0.000172874662
0.8571428571428572,1.1591836734693877,0.000594081905,-0.000172807387
0.8571428571428572,1.1510204081632653,0.000594831509,-0.000172342107
0.8571428571428572,1.1428571428571428,0.000593372456,-0.00017222541
0.8571428571428572,1.1346938775510205,0.000594016932,-0.000171800753
0.8571428571428572,1.126530612244898,0.000593940648,-0.000172394772
0.8571428571428572,1.1183673469387754,0.00059430625,-0.000171745744
0.8571428571428572,1.110204081632653,0.000594135189,-0.000172740335
0.8571428571428572,1.1020408163265305,0.000593697136,-0.000172613972
0.8571428571428572,1.0938775510204082,0.000593180408,-0.000171852551
0.8571428571428572,1.0857142857142856,0.000593247588,-0.000171806983
0.8571428571428572,1.0775510204081633,0.000593637241,-0.000172706392
0.8571428571428572,1.0693877551020408,0.000593688992,-0.000172243264
0.8571428571428572,1.0612244897959184,0.000592327403,-0.000171865877
0.8571428571428572,1.0530612244897959,0.000592266068,-0.000171744235
0.8571428571428572,1.0448979591836736,0.000592481309,-0.000172326211
0.8571428571428572,1.036734693877551,0.00059271677,-0.000172042529
0.8571428571428572,1.0285714285714285,0.000593340066,-0.000172634171
0.8571428571428572,1.0204081632653061,0.000594489193,-0.000172498784
0.8571428571428572,1.0122448979591836,0.000594158668,-0.00017206337
0.8571428571428572,1.0040816326530613,0.000593166992,-0.000173113419
0.8571428571428572,0.9959183673469387,0.000594353015,-0.000173770604
0.8571428571428572,0.9877551020408163,0.000592768041,-0.00017306721
0.8571428571428572,0.9795918367346939,0.000593808016,-0.000173471668
0.8571428571428572,0.9714285714285714,0.000592566983,-0.000172047474
0.8571428571428572,0.963265306122449,0.000594422207,-0.000172833815
0.8571428571428572,0.9551020408163265,0.000593944194,-0.000171795808
0.8571428571428572,0.9469387755102041,0.000593652097,-0.000171483545
0.8571428571428572,0.9387755102040816,0.000593616734,-0.000172685744
0.8571428571428572,0.9306122448979592,0.000592371676,-0.000173187567
0.8571428571428572,0.9224489795918367,0.000592959323,-0.000171865877
0.8571428571428572,0.9142857142857143,0.000593496465,-0.000173250315
0.8571428571428572,0.9061224489795918,0.000592879494,-0.000173352177
0.8571428571428572,0.8979591836734694,0.000593456024,-0.000172479003
0.8571428571428572,0.889795918367347,0.000591952985,-0.000172632244
0.8571428571428572,0.8816326530612244,0.000593799678,-0.00017241131
0.8571428571428572,0.8734693877551021,0.0005937739,-0.000171364279
0.8571428571428572,0.8653061224489795,0.000593189226,-0.000172294613
0.8571428571428572,0.8571428571428572,0.000593534893,-0.000172248627
0.8571428571428572,0.8489795918367347,0.000594023736,-0.000172361664
0.8571428571428572,0.8408163265306122,0.000592767081,-0.000173549476
0.8571428571428572,0.8326530612244898,0.000593102592,-0.000173018848
0.8571428571428572,0.8244897959183674,0.000594154643,-0.000172929029
0.8571428571428572,0.8163265306122449,0.000594315833,-0.000173300604
0.8571428571428572,0.8081632653061225,0.000593058126,-0.000173590516
0.8571428571428572,0.8,0.000594901274,-0.000174043336
0.8489795918367347,1.2,0.000594506348,-0.00017382391
0.8489795918367347,1.1918367346938774,0.000593976011,-0.000171842018
0.8489795918367347,1.183673469387755,0.00059501292,-0.000171753901
0.8489795918367347,1.1755102040816325,0.000594379754,-0.000171705122
0.8489795918367347,1.1673469387755102,0.000594354742,-0.000172694768
0.8489795918367347,1.1591836734693877,0.000595519011,-0.000172806744
0.8489795918367347,1.1510204081632653,0.000594773433,-0.000172194036
0.8489795918367347,1.1428571428571428,0.000593502789,-0.000171585631
0.8489795918367347,1.1346938775510205,0.000592026009,-0.000171293567
0.8489795918367347,1.126530612244898,0.000593891104,-0.00017096239
0.8489795918367347,1.1183673469387754,0.000594006582,-0.000171675032
0.8489795918367347,1.110204081632653,0.00059426255,-0.000172015876
0.8489795918367347,1.1020408163265305,0.000592512646,-0.000172167607
0.8489795918367347,1.0938775510204082,0.000593976297,-0.00017170448
0.8489795918367347,1.0857142857142856,0.000593271834,-0.000172507584
0.8489795918367347,1.0775510204081633,0.000593638488,-0.000171500308
0.8489795918367347,1.0693877551020408,0.000592114942,-0.000171099286
0.8489795918367347,1.0612244897959184,0.000592709199,-0.00017128024
0.8489795918367347,1.0530612244897959,0.000593928765,-0.00017180162
0.8489795918367347,1.0448979591836736,0.000594251913,-0.000171606054
0.8489795918367347,1.036734693877551,0.000594024789,-0.00017342504
0.8489795918367347,1.0285714285714285,0.000593511127,-0.000172081642
0.8489795918367347,1.0204081632653061,0.000593769108,-0.000172275056
0.8489795918367347,1.0122448979591836,0.000594482869,-0.000171839224
0.8489795918367347,1.0040816326530613,0.000593300964,-0.000172624923
0.8489795918367347,0.9959183673469387,0.000592559605,-0.00017205091
0.8489795918367347,0.9877551020408163,0.000592038178,-0.000171238558
0.8489795918367347,0.9795918367346939,0.000591743496,-0.000172279359
0.8489795918367347,0.9714285714285714,0.00059105302,-0.000172065522
0.8489795918367347,0.963265306122449,0.000590077253,-0.000171852969
0.8489795918367347,0.9551020408163265,0.000590626278,-0.000172554018
0.8489795918367347,0.9469387755102041,0.000591898648,-0.000171182233
0.8489795918367347,0.9387755102040816,0.000591476217,-0.000172627941
0.8489795918367347,0.9306122448979592,0.000592578579,-0.000172334368
0.8489795918367347,0.9224489795918367,0.00059245879,-0.000172299783
0.8489795918367347,0.9142857142857143,0.000592218056,-0.000171710067
0.8489795918367347,0.9061224489795918,0.000592320885,-0.000172270335
0.8489795918367347,0.8979591836734694,0.000591775119,-0.000171856629
0.8489795918367347,0.889795918367347,0.000593314574,-0.000172374348
0.8489795918367347,0.8816326530612244,0.000593313041,-0.000173482425
0.8489795918367347,0.8734693877551021,0.000593447206,-0.000173328124
0.8489795918367347,0.8653061224489795,0.000593154629,-0.000172880025
0.8489795918367347,0.8571428571428572,0.000593498764,-0.000172635456
0.8489795918367347,0.8489795918367347,0.000593276626,-0.000173369164
0.8489795918367347,0.8408163265306122,0.000593364598,-0.000173548191
0.8489795918367347,0.8326530612244898,0.000594115735,-0.000172925368
0.8489795918367347,0.8244897959183674,0.000593949752,-0.000172238961
0.8489795918367347,0.8163265306122449,0.000594429779,-0.000172156432
0.8489795918367347,0.8081632653061225,0.00059345727,-0.000173394084
0.8489795918367347,0.8,0.000595006881,-0.000172637607
0.8408163265306122,1.2,0.000592855728,-0.000170617886
0.8408163265306122,1.1918367346938774,0.000593323198,-0.000169880324
0.8408163265306122,1.183673469387755,0.000591781924,-0.000170809374
0.8408163265306122,1.1755102040816325,0.000592544463,-0.000170790459
0.8408163265306122,1.1673469387755102,0.00059279334,-0.000169535178
0.8408163265306122,1.1591836734693877,0.000593467427,-0.000169584182
0.8408163265306122,1.1510204081632653,0.000593972465,-0.000169099989
0.8408163265306122,1.1428571428571428,0.000593310548,-0.00016985518
0.8408163265306122,1.1346938775510205,0.00059284787,-0.000169837775
0.8408163265306122,1.126530612244898,0.000594395662,-0.00016942879
0.8408163265306122,1.1183673469387754,0.000593933077,-0.000169592563
0.8408163265306122,1.110204081632653,0.000593913623,-0.000170613808
0.8408163265306122,1.1020408163265305,0.000594003036,-0.000169510901
0.8408163265306122,1.0938775510204082,0.000594826237,-0.000168065835
0.8408163265306122,1.0857142857142856,0.000594531361,-0.000168704554
0.8408163265306122,1.0775510204081633,0.000594019997,-0.000169552808
0.8408163265306122,1.0693877551020408,0.000594501556,-0.000169853029
0.8408163265306122,1.0612244897959184,0.000593882766,-0.000169373138
0.8408163265306122,1.0530612244897959,0.000593525503,-0.000170092653
0.8408163265306122,1.0448979591836736,0.000593670305,-0.000169923098
0.8408163265306122,1.036734693877551,0.000594464661,-0.00016859839
0.8408163265306122,1.0285714285714285,0.000593137188,-0.000168591293
0.8408163265306122,1.0204081632653061,0.000592219303,-0.000168611717
0.8408163265306122,1.0122448979591836,0.000592416142,-0.000169302427
0.8408163265306122,1.0040816326530613,0.000591696057,-0.000169238394
0.8408163265306122,0.9959183673469387,0.000591850922,-0.000169058724
0.8408163265306122,0.9877551020408163,0.000592263483,-0.000168449452
0.8408163265306122,0.9795918367346939,0.00059119677,-0.000168325883
0.8408163265306122,0.9714285714285714,0.000589851089,-0.00016912449
0.8408163265306122,0.963265306122449,0.000590864325,-0.000167937545
0.8408163265306122,0.9551020408163265,0.000591938322,-0.000169313602
0.8408163265306122,0.9469387755102041,0.000591338026,-0.00016879052
0.8408163265306122,0.9387755102040816,0.000591262703,-0.000168796332
0.8408163265306122,0.9306122448979592,0.000592081878,-0.000169144465
0.8408163265306122,0.9224489795918367,0.000592625058,-0.000168944821
0.8408163265306122,0.9142857142857143,0.000592649304,-0.000168775908
0.8408163265306122,0.9061224489795918,0.000592650071,-0.000168789235
0.8408163265306122,0.8979591836734694,0.000591763236,-0.000169777821
0.8408163265306122,0.889795918367347,0.000592659941,-0.00016897491
0.8408163265306122,0.8816326530612244,0.000593052281,-0.000168379607
0.8408163265306122,0.8734693877551021,0.000592150304,-0.000168447525
0.8408163265306122,0.8653061224489795,0.000592932011,-0.000169442983
0.8408163265306122,0.8571428571428572,0.000593794886,-0.000169221406
0.8408163265306122,0.8489795918367347,0.000592590462,-0.000168914731
0.8408163265306122,0.8408163265306122,0.000592850169,-0.000168558634
0.8408163265306122,0.8326530612244898,0.000592835507,-0.000168901629
0.8408163265306122,0.8244897959183674,0.000592096734,-0.000168176302
0.8408163265306122,0.8163265306122449,0.000593015386,-0.000168989103
0.8408163265306122,0.8081632653061225,0.000592409051,-0.000168373377
0.8408163265306122,0.8,0.000592799665,-0.000168532624
0.8326530612244898,1.2,0.000589505228,-0.000169271052
0.8326530612244898,1.1918367346938774,0.000590414296,-0.000169429014
0.8326530612244898,1.183673469387755,0.000589387258,-0.000169945224
0.8326530612244898,1.1755102040816325,0.000589745002,-0.000169983695
0.8326530612244898,1.1673469387755102,0.000591005489,-0.000171626029
0.8326530612244898,1.1591836734693877,0.000589508294,-0.000171030308
0.8326530612244898,1.1510204081632653,0.000590043423,-0.000169333383
0.8326530612244898,1.1428571428571428,0.000590166666,-0.000170280479
0.8326530612244898,1.1346938775510205,0.000591059059,-0.00017068924
0.8326530612244898,1.126530612244898,0.000591189965,-0.000169144689
0.8326530612244898,1.1183673469387754,0.00059030543,-0.00016955968
0.8326530612244898,1.110204081632653,0.000591244782,-0.000171138624
0.8326530612244898,1.1020408163265305,0.000590156602,-0.000170062563
0.8326530612244898,1.0938775510204082,0.000590176056,-0.00016965833
0.8326530612244898,1.0857142857142856,0.00059075086,-0.00016991385
0.8326530612244898,1.0775510204081633,0.000591545983,-0.000169071408
0.8326530612244898,1.0693877551020408,0.0005904234,-0.000169352297
0.8326530612244898,1.0612244897959184,0.000589180548,-0.000169348218
0.8326530612244898,1.0530612244897959,0.000589945867,-0.000169903959
0.8326530612244898,1.0448979591836736,0.000590114628,-0.000169083226
0.8326530612244898,1.036734693877551,0.000591013346,-0.000169753094
0.8326530612244898,1.0285714285714285,0.00059121603,-0.000169894293
0.8326530612244898,1.0204081632653061,0.000590914543,-0.000169797153
0.8326530612244898,1.0122448979591836,0.000590917322,-0.000169902675
0.8326530612244898,1.0040816326530613,0.000592040671,-0.000170535357
0.8326530612244898,0.9959183673469387,0.000590929972,-0.000169541408
0.8326530612244898,0.9877551020408163,0.000590754885,-0.000169038525
0.8326530612244898,0.9795918367346939,0.000591184407,-0.000169743204
0.8326530612244898,0.9714285714285714,0.000590761976,-0.000170730505
0.8326530612244898,0.963265306122449,0.000590770027,-0.000169860125
0.8326530612244898,0.9551020408163265,0.00059134761,-0.000170292521
0.8326530612244898,0.9469387755102041,0.000592166979,-0.000170258354
0.8326530612244898,0.9387755102040816,0.000591897882,-0.000169436111
0.8326530612244898,0.9306122448979592,0.0005915341,-0.000170782078
0.8326530612244898,0.9224489795918367,0.000591364572,-0.000171157538
0.8326530612244898,0.9142857142857143,0.000590592642,-0.000171097777
0.8326530612244898,0.9061224489795918,0.000591235964,-0.000170214071
0.8326530612244898,0.8979591836734694,0.000590695277,-0.000169497992
0.8326530612244898,0.889795918367347,0.000591285223,-0.000170784872
0.8326530612244898,0.8816326530612244,0.000590891063,-0.000171521792
0.8326530612244898,0.8734693877551021,0.000591134382,-0.000169868507
0.8326530612244898,0.8653061224489795,0.000591560645,-0.000170987534
0.8326530612244898,0.8571428571428572,0.000590803664,-0.000170118021
0.8326530612244898,0.8489795918367347,0.000591014592,-0.000169262671
0.8326530612244898,0.8408163265306122,0.000591190732,-0.000169989925
0.8326530612244898,0.8326530612244898,0.000590692498,-0.000170954651
0.8326530612244898,0.8244897959183674,0.000590354115,-0.000170147244
0.8326530612244898,0.8163265306122449,0.000590558812,-0.000170170879
0.8326530612244898,0.8081632653061225,0.000590655602,-0.00017033658
0.8326530612244898,0.8,0.000590977504,-0.000170477972
0.8244897959183674,1.2,0.000593055826,-0.00016887777
0.8244897959183674,1.1918367346938774,0.00059280417,-0.000169103007
0.8244897959183674,1.183673469387755,0.000592851416,-0.000169487684
0.8244897959183674,1.1755102040816325,0.000592643266,-0.000168398521
0.8244897959183674,1.1673469387755102,0.000593637721,-0.000169824448
0.8244897959183674,1.1591836734693877,0.000592824391,-0.000168127105
0.8244897959183674,1.1510204081632653,0.000593075567,-0.000169014023
0.8244897959183674,1.1428571428571428,0.000593283717,-0.000168606771
0.8244897959183674,1.1346938775510205,0.00059293383,-0.00016827903
0.8244897959183674,1.126530612244898,0.000593046243,-0.000169950812
0.8244897959183674,1.1183673469387754,0.000593080072,-0.000168356614
0.8244897959183674,1.110204081632653,0.000592954244,-0.000168491359
0.8244897959183674,1.1020408163265305,0.000592815287,-0.000169097195
0.8244897959183674,1.0938775510204082,0.000593143993,-0.000169928461
0.8244897959183674,1.0857142857142856,0.000594017985,-0.000170416315
0.8244897959183674,1.0775510204081633,0.000593244615,-0.000169941146
0.8244897959183674,1.0693877551020408,0.000593596034,-0.000171188045
0.8244897959183674,1.0612244897959184,0.000591963048,-0.000169910414
0.8244897959183674,1.0530612244897959,0.000592193524,-0.000169898372
0.8244897959183674,1.0448979591836736,0.000592550788,-0.000169233448
0.8244897959183674,1.036734693877551,0.000593331729,-0.000168937306
0.8244897959183674,1.0285714285714285,0.000592787782,-0.0001701107
0.8244897959183674,1.0204081632653061,0.000593126552,-0.000169599436
0.8244897959183674,1.0122448979591836,0.000591825624,-0.000170503341
0.8244897959183674,1.0040816326530613,0.000592799378,-0.000169897729
0.8244897959183674,0.9959183673469387,0.000591897882,-0.000170558574
0.8244897959183674,0.9877551020408163,0.000591860793,-0.000169845514
0.8244897959183674,0.9795918367346939,0.000592103059,-0.000169702164
0.8244897959183674,0.9714285714285714,0.000592374935,-0.000170295091
0.8244897959183674,0.963265306122449,0.000591329689,-0.00017027168
0.8244897959183674,0.9551020408163265,0.000592135642,-0.000168843377
0.8244897959183674,0.9469387755102041,0.000591851402,-0.000168214998
0.8244897959183674,0.9387755102040816,0.000591176549,-0.000169022629
0.8244897959183674,0.9306122448979592,0.000591030787,-0.000169707976
0.8244897959183674,0.9224489795918367,0.000591221302,-0.000169835848
0.8244897959183674,0.9142857142857143,0.000592315807,-0.000169152428
0.8244897959183674,0.9061224489795918,0.000592365065,-0.000169602229
0.8244897959183674,0.8979591836734694,0.000592660901,-0.000169086244
0.8244897959183674,0.889795918367347,0.000592260704,-0.000170097374
0.8244897959183674,0.8816326530612244,0.000592742263,-0.000170327974
0.8244897959183674,0.8734693877551021,0.000591726821,-0.000169865489
0.8244897959183674,0.8653061224489795,0.000593000243,-0.000169196905
0.8244897959183674,0.8571428571428572,0.000592307949,-0.000170909308
0.8244897959183674,0.8489795918367347,0.000592434064,-0.000169673583
0.8244897959183674,0.8408163265306122,0.000591885519,-0.000170410503
0.8244897959183674,0.8326530612244898,0.000591505255,-0.000170457998
0.8244897959183674,0.8244897959183674,0.000591975984,-0.000170616602
0.8244897959183674,0.8163265306122449,0.000593111696,-0.000169463406
0.8244897959183674,0.8081632653061225,0.000591883026,-0.000169273204
0.8244897959183674,0.8,0.00059294744,-0.000169732896
0.8163265306122449,1.2,0.000592072488,-0.00017120545
0.8163265306122449,1.1918367346938774,0.000591459256,-0.000171572304
0.8163265306122449,1.183673469387755,0.000591739757,-0.000172009646
0.8163265306122449,1.1755102040816325,0.000591378181,-0.000171917226
0.8163265306122449,1.1673469387755102,0.000592460322,-0.000171897027
0.8163265306122449,1.1591836734693877,0.000592583371,-0.00017290883
0.8163265306122449,1.1510204081632653,0.000590723548,-0.000171876186
0.8163265306122449,1.1428571428571428,0.000591840286,-0.00017215685
0.8163265306122449,1.1346938775510205,0.000590658381,-0.000171843945
0.8163265306122449,1.126530612244898,0.000591003762,-0.000170958954
0.8163265306122449,1.1183673469387754,0.000591586423,-0.000171549312
0.8163265306122449,1.110204081632653,0.000592023996,-0.000172198115
0.8163265306122449,1.1020408163265305,0.000592875948,-0.000172049177
0.8163265306122449,1.0938775510204082,0.0005925321,-0.000173318651
0.8163265306122449,1.0857142857142856,0.000592029268,-0.00017221918
0.8163265306122449,1.0775510204081633,0.000592796599,-0.000171087469
0.8163265306122449,1.0693877551020408,0.000592116474,-0.000171250151
0.8163265306122449,1.0612244897959184,0.000592538138,-0.000171461419
0.8163265306122449,1.0530612244897959,0.0005932956,-0.000170802501
0.8163265306122449,1.0448979591836736,0.00059198988,-0.000172463107
0.8163265306122449,1.036734693877551,0.000591716471,-0.000171626029
0.8163265306122449,1.0285714285714285,0.000592089929,-0.000171239618
0.8163265306122449,1.0204081632653061,0.000592153083,-0.000172031772
0.8163265306122449,1.0122448979591836,0.00059202093,-0.000172418407
0.8163265306122449,1.0040816326530613,0.000592424193,-0.000171177737
0.8163265306122449,0.9959183673469387,0.000591287235,-0.000172272262
0.8163265306122449,0.9877551020408163,0.00059150075,-0.000170733299
0.8163265306122449,0.9795918367346939,0.00059133678,-0.000171791505
0.8163265306122449,0.9714285714285714,0.000591468646,-0.000170995273
0.8163265306122449,0.963265306122449,0.000591867311,-0.000170799065
0.8163265306122449,0.9551020408163265,0.000590675536,-0.000171056094
0.8163265306122449,0.9469387755102041,0.00059122734,-0.000170187224
0.8163265306122449,0.9387755102040816,0.000592725108,-0.000171326868
0.8163265306122449,0.9306122448979592,0.00059315185,-0.000170704076
0.8163265306122449,0.9224489795918367,0.000593647305,-0.000170947136
0.8163265306122449,0.9142857142857143,0.000592485621,-0.000170593609
0.8163265306122449,0.9061224489795918,0.000593313521,-0.000171024078
0.8163265306122449,0.8979591836734694,0.000592017385,-0.00017231783
0.8163265306122449,0.889795918367347,0.000593091189,-0.000170588664
0.8163265306122449,0.8816326530612244,0.000592707473,-0.000171010751
0.8163265306122449,0.8734693877551021,0.000593722342,-0.000171846739
0.8163265306122449,0.8653061224489795,0.000593535373,-0.000171214474
0.8163265306122449,0.8571428571428572,0.000592258211,-0.000171711352
0.8163265306122449,0.8489795918367347,0.000592626591,-0.000171178379
0.8163265306122449,0.8408163265306122,0.000592475751,-0.000172270111
0.8163265306122449,0.8326530612244898,0.000592372922,-0.000171744653
0.8163265306122449,0.8244897959183674,0.000592099033,-0.000171885852
0.8163265306122449,0.8163265306122449,0.000592407039,-0.000171758846
0.8163265306122449,0.8081632653061225,0.000593001776,-0.000171772815
0.8163265306122449,0.8,0.000593584917,-0.000170814961
0.8081632653061225,1.2,0.000592173784,-0.000170688598
0.8081632653061225,1.1918367346938774,0.000592040671,-0.000170372257
0.8081632653061225,1.183673469387755,0.000591761223,-0.000170126403
0.8081632653061225,1.1755102040816325,0.000592423907,-0.000171700177
0.8081632653061225,1.1673469387755102,0.000591079566,-0.000171074142
0.8081632653061225,1.1591836734693877,0.000591963335,-0.000170525049
0.8081632653061225,1.1510204081632653,0.000591474205,-0.000171243279
0.8081632653061225,1.1428571428571428,0.000591336494,-0.000170919841
0.8081632653061225,1.1346938775510205,0.00059257628,-0.000171160332
0.8081632653061225,1.126530612244898,0.000593284483,-0.000170624983
0.8081632653061225,1.1183673469387754,0.0005941625,-0.000171312481
0.8081632653061225,1.110204081632653,0.00059270642,-0.000170261147
0.8081632653061225,1.1020408163265305,0.000593274133,-0.000170741262
0.8081632653061225,1.0938775510204082,0.000594406779,-0.00017169308
0.8081632653061225,1.0857142857142856,0.000593551568,-0.000170916823
0.8081632653061225,1.0775510204081633,0.000592698849,-0.000171431105
0.8081632653061225,1.0693877551020408,0.000592842598,-0.000170884806
0.8081632653061225,1.0612244897959184,0.000594287562,-0.000170431569
0.8081632653061225,1.0530612244897959,0.000592214991,-0.000170366027
0.8081632653061225,1.0448979591836736,0.000592759224,-0.000170803144
0.8081632653061225,1.036734693877551,0.000592888118,-0.000170813452
0.8081632653061225,1.0285714285714285,0.000592568423,-0.000170301545
0.8081632653061225,1.0204081632653061,0.000591796106,-0.000170878801
0.8081632653061225,1.0122448979591836,0.000592216524,-0.000170092653
0.8081632653061225,1.0040816326530613,0.000590916076,-0.000170199459
0.8081632653061225,0.9959183673469387,0.000591226094,-0.000168786217
0.8081632653061225,0.9877551020408163,0.000592175796,-0.000170570616
0.8081632653061225,0.9795918367346939,0.00059114272,-0.000170995273
0.8081632653061225,0.9714285714285714,0.000592531334,-0.000170693543
0.8081632653061225,0.963265306122449,0.000591466347,-0.000171064894
0.8081632653061225,0.9551020408163265,0.000592270287,-0.000171576383
0.8081632653061225,0.9469387755102041,0.000592996984,-0.000171104874
0.8081632653061225,0.9387755102040816,0.000591437309,-0.000170923277
0.8081632653061225,0.9306122448979592,0.000591969659,-0.000170547624
0.8081632653061225,0.9224489795918367,0.0005915548,-0.000170733941
0.8081632653061225,0.9142857142857143,0.000590856467,-0.00017080035
0.8081632653061225,0.9061224489795918,0.000591894336,-0.000170337447
0.8081632653061225,0.8979591836734694,0.000592361519,-0.000170341943
0.8081632653061225,0.889795918367347,0.000590909271,-0.000170406425
0.8081632653061225,0.8816326530612244,0.00059095575,-0.000170597912
0.8081632653061225,0.8734693877551021,0.000590203081,-0.000170590173
0.8081632653061225,0.8653061224489795,0.000588705314,-0.0001708227
0.8081632653061225,0.8571428571428572,0.000589680028,-0.000170361082
0.8081632653061225,0.8489795918367347,0.000590756132,-0.000171103589
0.8081632653061225,0.8408163265306122,0.000590333221,-0.000171919602
0.8081632653061225,0.8326530612244898,0.000591040371,-0.00017024416
0.8081632653061225,0.8244897959183674,0.000591334001,-0.000170349682
0.8081632653061225,0.8163265306122449,0.000590227807,-0.00017201093
0.8081632653061225,0.8081632653061225,0.00059036983,-0.000171794941
0.8081632653061225,0.8,0.000590923167,-0.000171943461
0.8,1.2,0.000586749753,-0.000171762507
0.8,1.1918367346938774,0.000586943527,-0.000170576846
0.8,1.183673469387755,0.000587747274,-0.000170304981
0.8,1.1755102040816325,0.000587655562,-0.000170142941
0.8,1.1673469387755102,0.000587975644,-0.000170532788
0.8,1.1591836734693877,0.000586889477,-0.000170708155
0.8,1.1510204081632653,0.000588953424,-0.000170940682
0.8,1.1428571428571428,0.000588680588,-0.00017063208
0.8,1.1346938775510205,0.000587904633,-0.00016961835
0.8,1.126530612244898,0.00058740084,-0.000170363651
0.8,1.1183673469387754,0.000586636575,-0.000169731386
0.8,1.110204081632653,0.000587909904,-0.000168851341
0.8,1.1020408163265305,0.000587382919,-0.000169965647
0.8,1.0938775510204082,0.000588113069,-0.000169347352
0.8,1.0857142857142856,0.000588065343,-0.000169841854
0.8,1.0775510204081633,0.000587677509,-0.00017086891
0.8,1.0693877551020408,0.000588501669,-0.000169829169
0.8,1.0612244897959184,0.000587364711,-0.000170186133
0.8,1.0530612244897959,0.000587755805,-0.000169411385
0.8,1.0448979591836736,0.000587157808,-0.000170084047
0.8,1.036734693877551,0.000587569122,-0.000171738005
0.8,1.0285714285714285,0.00058640284,-0.000170232567
0.8,1.0204081632653061,0.000586193157,-0.000170568465
0.8,1.0122448979591836,0.00058643245,-0.000170100392
0.8,1.0040816326530613,0.0005861623,-0.000169938994
0.8,0.9959183673469387,0.000586104224,-0.000170640461
0.8,0.9877551020408163,0.000586700495,-0.00016989622
0.8,0.9795918367346939,0.00058709638,-0.000170047952
0.8,0.9714285714285714,0.000587361932,-0.00017059833
0.8,0.963265306122449,0.000587163366,-0.00017070064
0.8,0.9551020408163265,0.000586907878,-0.000170061921
0.8,0.9469387755102041,0.000586197949,-0.000169973386
0.8,0.9387755102040816,0.000587295713,-0.000170626268
0.8,0.9306122448979592,0.000587156275,-0.000168622892
0.8,0.9224489795918367,0.000586558472,-0.000169326928
0.8,0.9142857142857143,0.000587265428,-0.00016990762
0.8,0.9061224489795918,0.000587387425,-0.000169489611
0.8,0.8979591836734694,0.000587210325,-0.000169862695
0.8,0.889795918367347,0.000587276259,-0.000169697218
0.8,0.8816326530612244,0.000587655562,-0.000168879279
0.8,0.8734693877551021,0.000586234558,-0.000169312317
0.8,0.8653061224489795,0.000585801011,-0.000169442983
0.8,0.8571428571428572,0.000586086783,-0.000168962868
0.8,0.8489795918367347,0.000586788375,-0.000168425817
0.8,0.8408163265306122,0.000587191638,-0.000168906574
0.8,0.8326530612244898,0.000586887464,-0.000168735928
0.8,0.8244897959183674,0.000586327803,-0.000169088171
0.8,0.8163265306122449,0.000587342958,-0.000168338343
0.8,0.8081632653061225,0.000587115834,-0.000167408426
0.8,0.8,0.000587080758,-0.000166840001
