spi_rack.module2.dac9.voltage,spi_rack.module2.dac5.voltage,agilent_left.volt,agilent_right.volt
1.2,1.2,0.000592045749,-0.000163131736
1.2,1.1918367346938774,0.000590681861,-0.000163043202
1.2,1.183673469387755,0.000590623499,-0.000163338702
1.2,1.1755102040816325,0.000589800298,-0.000164464601
1.2,1.1673469387755102,0.000590519424,-0.000164235735
1.2,1.1591836734693877,0.000589400867,-0.000163481185
1.2,1.1510204081632653,0.000589105031,-0.000163960433
1.2,1.1428571428571428,0.000590381713,-0.000163576174
1.2,1.1346938775510205,0.000588818492,-0.000164476643
1.2,1.126530612244898,0.000589893349,-0.000164290101
1.2,1.1183673469387754,0.000589380167,-0.000164156642
1.2,1.110204081632653,0.000589593681,-0.00016480416
1.2,1.1020408163265305,0.000589991579,-0.000164434961
1.2,1.0938775510204082,0.000590530541,-0.000164105486
1.2,1.0857142857142856,0.00058920738,-0.000164579789
1.2,1.0775510204081633,0.000589974905,-0.000164915494
1.2,1.0693877551020408,0.000590173563,-0.000165098375
1.2,1.0612244897959184,0.0005904464,-0.000165173165
1.2,1.0530612244897959,0.000589852142,-0.0001644962
1.2,1.0448979591836736,0.00059022886,-0.000164932032
1.2,1.036734693877551,0.000589889517,-0.000165335205
1.2,1.0285714285714285,0.000591607604,-0.000166233747
1.2,1.0204081632653061,0.000591180095,-0.000166296496
1.2,1.0122448979591836,0.000591799365,-0.000165302098
1.2,1.0040816326530613,0.000591887531,-0.000165560861
1.2,0.9959183673469387,0.000591656862,-0.0001660947
1.2,0.9877551020408163,0.000590585644,-0.000165785873
1.2,0.9795918367346939,0.000590408738,-0.000165875275
1.2,0.9714285714285714,0.000589946633,-0.000165074934
1.2,0.963265306122449,0.000591101032,-0.00016624428
1.2,0.9551020408163265,0.000591823611,-0.000163972893
1.2,0.9469387755102041,0.000590745781,-0.000164920215
1.2,0.9387755102040816,0.000591067683,-0.000163901764
1.2,0.9306122448979592,0.00059127104,-0.000164656089
1.2,0.9224489795918367,0.000591510814,-0.000164756023
1.2,0.9142857142857143,0.000591367831,-0.000165375828
1.2,0.9061224489795918,0.000591305923,-0.000165635651
1.2,0.8979591836734694,0.000591765535,-0.000164958685
1.2,0.889795918367347,0.000591020437,-0.000165062698
1.2,0.8816326530612244,0.000591862519,-0.000165213339
1.2,0.8734693877551021,0.000593274133,-0.000165303189
1.2,0.8653061224489795,0.000591841052,-0.000166219554
1.2,0.8571428571428572,0.000592171771,-0.000165177244
1.2,0.8489795918367347,0.000592069229,-0.000165519372
1.2,0.8408163265306122,0.00059174886,-0.00016596381
1.2,0.8326530612244898,0.000591649771,-0.000166615213
1.2,0.8244897959183674,0.000592380493,-0.000165479198
1.2,0.8163265306122449,0.000592882273,-0.000166286187
1.2,0.8081632653061225,0.000592832248,-0.000165661213
1.2,0.8,0.000591567449,-0.000167004193
1.1918367346938774,1.2,0.000592079293,-0.000163785291
1.1918367346938774,1.1918367346938774,0.000592696836,-0.000162917256
1.1918367346938774,1.183673469387755,0.000591613928,-0.000164150412
1.1918367346938774,1.1755102040816325,0.000592731432,-0.000163900255
1.1918367346938774,1.1673469387755102,0.00059282669,-0.000164151054
1.1918367346938774,1.1591836734693877,0.000591721069,-0.0001650223
1.1918367346938774,1.1510204081632653,0.000591787482,-0.000164983187
1.1918367346938774,1.1428571428571428,0.000590843338,-0.000164798572
1.1918367346938774,1.1346938775510205,0.000591330935,-0.000165137906
1.1918367346938774,1.126530612244898,0.000591959309,-0.000163548236
1.1918367346938774,1.1183673469387754,0.000591455231,-0.000164279986
1.1918367346938774,1.110204081632653,0.000592985581,-0.000164871211
1.1918367346938774,1.1020408163265305,0.000592292041,-0.000164323627
1.1918367346938774,1.0938775510204082,0.000591982309,-0.000165084406
1.1918367346938774,1.0857142857142856,0.000594091202,-0.000164128061
1.1918367346938774,1.0775510204081633,0.000593137955,-0.000164134933
1.1918367346938774,1.0693877551020408,0.000593977064,-0.000164523271
1.1918367346938774,1.0612244897959184,0.000593777159,-0.00016533026
1.1918367346938774,1.0530612244897959,0.000593449506,-0.000164121831
1.1918367346938774,1.0448979591836736,0.000592876235,-0.000163110895
1.1918367346938774,1.036734693877551,0.000593394689,-0.000162665172
1.1918367346938774,1.0285714285714285,0.000593395649,-0.000164091517
1.1918367346938774,1.0204081632653061,0.000592627358,-0.000164453008
1.1918367346938774,1.0122448979591836,0.00059307528,-0.000164065313
1.1918367346938774,1.0040816326530613,0.000593222575,-0.000165059904
1.1918367346938774,0.9959183673469387,0.000593404273,-0.000164749151
1.1918367346938774,0.9877551020408163,0.00059335952,-0.000164899373
1.1918367346938774,0.9795918367346939,0.000594144865,-0.000165369373
1.1918367346938774,0.9714285714285714,0.00059160885,-0.000166193543
1.1918367346938774,0.963265306122449,0.000592138228,-0.000164386375
1.1918367346938774,0.9551020408163265,0.000591484075,-0.000165671103
1.1918367346938774,0.9469387755102041,0.00059358741,-0.000164361455
1.1918367346938774,0.9387755102040816,0.00059207776,-0.000164139461
1.1918367346938774,0.9306122448979592,0.000592213458,-0.000163474731
1.1918367346938774,0.9224489795918367,0.000591837507,-0.000164366819
1.1918367346938774,0.9142857142857143,0.0005916859,-0.000164121607
1.1918367346938774,0.9061224489795918,0.000592329702,-0.000165134694
1.1918367346938774,0.8979591836734694,0.000591659161,-0.000164811899
1.1918367346938774,0.889795918367347,0.000591390544,-0.000165139864
1.1918367346938774,0.8816326530612244,0.000591576267,-0.000165119216
1.1918367346938774,0.8734693877551021,0.000591724328,-0.000164547773
1.1918367346938774,0.8653061224489795,0.000590511567,-0.000164696711
1.1918367346938774,0.8571428571428572,0.000591198016,-0.000165474671
1.1918367346938774,0.8489795918367347,0.000590594175,-0.000164914209
1.1918367346938774,0.8408163265306122,0.000592308236,-0.000164630527
1.1918367346938774,0.8326530612244898,0.000590715211,-0.000164963631
1.1918367346938774,0.8244897959183674,0.000591654369,-0.000165103096
1.1918367346938774,0.8163265306122449,0.000592003009,-0.000166162393
1.1918367346938774,0.8081632653061225,0.000591650537,-0.000166350445
1.1918367346938774,0.8,0.00059165207,-0.00016524558
1.183673469387755,1.2,0.000591941868,-0.000164504581
1.183673469387755,1.1918367346938774,0.000591409038,-0.00016477924
1.183673469387755,1.183673469387755,0.000591504295,-0.000164614824
1.183673469387755,1.1755102040816325,0.000592075554,-0.000163741426
1.183673469387755,1.1673469387755102,0.000591992373,-0.000165586229
1.183673469387755,1.1591836734693877,0.000592593721,-0.000164361873
1.183673469387755,1.1510204081632653,0.000591446893,-0.000164557021
1.183673469387755,1.1428571428571428,0.000592185953,-0.000164935693
1.183673469387755,1.1346938775510205,0.000592596501,-0.000164459014
1.183673469387755,1.126530612244898,0.000591956244,-0.000166098778
1.183673469387755,1.1183673469387754,0.00059174982,-0.0001656782
1.183673469387755,1.110204081632653,0.000592212978,-0.000165411923
1.183673469387755,1.1020408163265305,0.000591833481,-0.000167143883
1.183673469387755,1.0938775510204082,0.000592442881,-0.000165527335
1.183673469387755,1.0857142857142856,0.000593721096,-0.000164887974
1.183673469387755,1.0775510204081633,0.000592095488,-0.000165207558
1.183673469387755,1.0693877551020408,0.000591318572,-0.000165639729
1.183673469387755,1.0612244897959184,0.000590900934,-0.000165350041
1.183673469387755,1.0530612244897959,0.00059269607,-0.000165217866
1.183673469387755,1.0448979591836736,0.000592827456,-0.000165931793
1.183673469387755,1.036734693877551,0.000593526269,-0.000165586005
1.183673469387755,1.0285714285714285,0.000592821132,-0.000165981439
1.183673469387755,1.0204081632653061,0.000592520217,-0.00016782772
1.183673469387755,1.0122448979591836,0.000592463388,-0.000166654744
1.183673469387755,1.0040816326530613,0.000593472219,-0.000166738782
1.183673469387755,0.9959183673469387,0.000593821145,-0.000165273742
1.183673469387755,0.9877551020408163,0.000593385585,-0.000165844543
1.183673469387755,0.9795918367346939,0.000593550035,-0.000165924696
1.183673469387755,0.9714285714285714,0.000592332482,-0.000164930105
1.183673469387755,0.963265306122449,0.000592384039,-0.000165228817
1.183673469387755,0.9551020408163265,0.000593335274,-0.000165939532
1.183673469387755,0.9469387755102041,0.000592941401,-0.000165908158
1.183673469387755,0.9387755102040816,0.000593025256,-0.000164168877
1.183673469387755,0.9306122448979592,0.000593476244,-0.000165189928
1.183673469387755,0.9224489795918367,0.000592622566,-0.000164969218
1.183673469387755,0.9142857142857143,0.000593545723,-0.000164480946
1.183673469387755,0.9061224489795918,0.000593892637,-0.000164167817
1.183673469387755,0.8979591836734694,0.000593187693,-0.000164595492
1.183673469387755,0.889795918367347,0.000593539205,-0.000166170775
1.183673469387755,0.8816326530612244,0.000593370157,-0.000165146288
1.183673469387755,0.8734693877551021,0.000592778678,-0.000164575711
1.183673469387755,0.8653061224489795,0.000592867131,-0.000165172299
1.183673469387755,0.8571428571428572,0.000590803857,-0.000165727846
1.183673469387755,0.8489795918367347,0.000592794107,-0.000165419886
1.183673469387755,0.8408163265306122,0.000593033593,-0.000165144361
1.183673469387755,0.8326530612244898,0.000592627071,-0.000165506912
1.183673469387755,0.8244897959183674,0.000592891857,-0.000165812302
1.183673469387755,0.8163265306122449,0.000592791041,-0.000164682517
1.183673469387755,0.8081632653061225,0.000592679875,-0.000163852536
1.183673469387755,0.8,0.000592535646,-0.000164605382
1.1755102040816325,1.2,0.000592548775,-0.000167547698
1.1755102040816325,1.1918367346938774,0.000593241549,-0.000167866415
1.1755102040816325,1.183673469387755,0.000592777432,-0.000168195217
1.1755102040816325,1.1755102040816325,0.000593745342,-0.000166816366
1.1755102040816325,1.1673469387755102,0.000592590942,-0.000167741113
1.1755102040816325,1.1591836734693877,0.000593081892,-0.000167132065
1.1755102040816325,1.1510204081632653,0.0005925988,-0.000167675346
1.1755102040816325,1.1428571428571428,0.00059280321,-0.000168311271
1.1755102040816325,1.1346938775510205,0.000593143993,-0.00016716193
1.1755102040816325,1.126530612244898,0.000592895402,-0.000167802158
1.1755102040816325,1.1183673469387754,0.00059241279,-0.0001677467
1.1755102040816325,1.110204081632653,0.000592535359,-0.000167635591
1.1755102040816325,1.1020408163265305,0.000592353948,-0.000166655386
1.1755102040816325,1.0938775510204082,0.000592612409,-0.000167539317
1.1755102040816325,1.0857142857142856,0.00059185974,-0.00016722426
1.1755102040816325,1.0775510204081633,0.000592866844,-0.000167417032
1.1755102040816325,1.0693877551020408,0.000592483322,-0.000167019029
1.1755102040816325,1.0612244897959184,0.000593194784,-0.000167456788
1.1755102040816325,1.0530612244897959,0.000593147058,-0.000168628897
1.1755102040816325,1.0448979591836736,0.000592795833,-0.000167745415
1.1755102040816325,1.036734693877551,0.000592910544,-0.000168446883
1.1755102040816325,1.0285714285714285,0.000593129137,-0.000165571169
1.1755102040816325,1.0204081632653061,0.000593903753,-0.00016723049
1.1755102040816325,1.0122448979591836,0.000591852169,-0.000167748209
1.1755102040816325,1.0040816326530613,0.000593007335,-0.00016663326
1.1755102040816325,0.9959183673469387,0.000592621033,-0.000167127987
1.1755102040816325,0.9877551020408163,0.000592810781,-0.000166468202
1.1755102040816325,0.9795918367346939,0.000592303157,-0.000166989999
1.1755102040816325,0.9714285714285714,0.000594168539,-0.000168083465
1.1755102040816325,0.963265306122449,0.000594082099,-0.000167093594
1.1755102040816325,0.9551020408163265,0.000593271354,-0.000166466275
1.1755102040816325,0.9469387755102041,0.000592484568,-0.000167046742
1.1755102040816325,0.9387755102040816,0.000593980323,-0.000167353417
1.1755102040816325,0.9306122448979592,0.000593592968,-0.000166487116
1.1755102040816325,0.9224489795918367,0.000593155396,-0.00016582412
1.1755102040816325,0.9142857142857143,0.000591375402,-0.000166440488
1.1755102040816325,0.9061224489795918,0.000592235211,-0.000163660631
1.1755102040816325,0.8979591836734694,0.000591801858,-0.000164283229
1.1755102040816325,0.889795918367347,0.000592757978,-0.00016421316
1.1755102040816325,0.8816326530612244,0.000592051501,-0.000164407859
1.1755102040816325,0.8734693877551021,0.000591837793,-0.000163956997
1.1755102040816325,0.8653061224489795,0.00059189309,-0.000165250749
1.1755102040816325,0.8571428571428572,0.000592106604,-0.000164546906
1.1755102040816325,0.8489795918367347,0.000591568696,-0.000164663185
1.1755102040816325,0.8408163265306122,0.000592123279,-0.000163956131
1.1755102040816325,0.8326530612244898,0.000592335261,-0.000164141806
1.1755102040816325,0.8244897959183674,0.000592516192,-0.0001643103
1.1755102040816325,0.8163265306122449,0.000591968893,-0.00016415449
1.1755102040816325,0.8081632653061225,0.000592675083,-0.000164618903
1.1755102040816325,0.8,0.000593066943,-0.000164467395
1.1673469387755102,1.2,0.000592404739,-0.000163601961
1.1673469387755102,1.1918367346938774,0.000592008088,-0.000164222183
1.1673469387755102,1.183673469387755,0.000593012893,-0.000164533804
1.1673469387755102,1.1755102040816325,0.000591844311,-0.000163966663
1.1673469387755102,1.1673469387755102,0.000592112162,-0.000164097972
1.1673469387755102,1.1591836734693877,0.000591634629,-0.000163170207
1.1673469387755102,1.1510204081632653,0.0005914237,-0.000163432824
1.1673469387755102,1.1428571428571428,0.000592044216,-0.000163877262
1.1673469387755102,1.1346938775510205,0.000591520684,-0.00016351105
1.1673469387755102,1.126530612244898,0.000591311481,-0.000162883731
1.1673469387755102,1.1183673469387754,0.000591920881,-0.000164182652
1.1673469387755102,1.110204081632653,0.000591862233,-0.000165152324
1.1673469387755102,1.1020408163265305,0.000591826677,-0.000164394114
1.1673469387755102,1.0938775510204082,0.000589549695,-0.00016481405
1.1673469387755102,1.0857142857142856,0.000590747028,-0.000163774309
1.1673469387755102,1.0775510204081633,0.000590773859,-0.000164846067
1.1673469387755102,1.0693877551020408,0.000591277652,-0.000163570587
1.1673469387755102,1.0612244897959184,0.000590584591,-0.000163604112
1.1673469387755102,1.0530612244897959,0.000590243236,-0.000163696308
1.1673469387755102,1.0448979591836736,0.000590049462,-0.000164067016
1.1673469387755102,1.036734693877551,0.000591392077,-0.00016398622
1.1673469387755102,1.0285714285714285,0.000590811715,-0.000164029636
1.1673469387755102,1.0204081632653061,0.000591059825,-0.000163776685
1.1673469387755102,1.0122448979591836,0.000590310222,-0.000164550567
1.1673469387755102,1.0040816326530613,0.000590191198,-0.000164992211
1.1673469387755102,0.9959183673469387,0.00059003202,-0.000163507614
1.1673469387755102,0.9877551020408163,0.000590071695,-0.000163136039
1.1673469387755102,0.9795918367346939,0.000589193484,-0.000163238125
1.1673469387755102,0.9714285714285714,0.000589681081,-0.000164139654
1.1673469387755102,0.963265306122449,0.000589034306,-0.000163282183
1.1673469387755102,0.9551020408163265,0.000588671198,-0.000163702313
1.1673469387755102,0.9469387755102041,0.000589152757,-0.000163809568
1.1673469387755102,0.9387755102040816,0.000589594928,-0.000163168698
1.1673469387755102,0.9306122448979592,0.00058995593,-0.000162326899
1.1673469387755102,0.9224489795918367,0.000589207573,-0.000163182891
1.1673469387755102,0.9142857142857143,0.000589112122,-0.000162476479
1.1673469387755102,0.9061224489795918,0.000588456437,-0.00016189386
1.1673469387755102,0.8979591836734694,0.000589339246,-0.000162475194
1.1673469387755102,0.889795918367347,0.000588413023,-0.000163123355
1.1673469387755102,0.8816326530612244,0.000589573174,-0.000163237258
1.1673469387755102,0.8734693877551021,0.000589482995,-0.000163416061
1.1673469387755102,0.8653061224489795,0.000589369817,-0.000163669654
1.1673469387755102,0.8571428571428572,0.000588080772,-0.000162785081
1.1673469387755102,0.8489795918367347,0.00058826113,-0.000162731581
1.1673469387755102,0.8408163265306122,0.000589427412,-0.000161549581
1.1673469387755102,0.8326530612244898,0.000587949865,-0.000162782512
1.1673469387755102,0.8244897959183674,0.000588313454,-0.000162018714
1.1673469387755102,0.8163265306122449,0.000588421074,-0.000162492375
1.1673469387755102,0.8081632653061225,0.000587621639,-0.000162706437
1.1673469387755102,0.8,0.000588929658,-0.00016235914
1.1591836734693877,1.2,0.000590166472,-0.000163646019
1.1591836734693877,1.1918367346938774,0.000590491346,-0.000163880698
1.1591836734693877,1.183673469387755,0.000590525462,-0.000165771904
1.1591836734693877,1.1755102040816325,0.000591197056,-0.000164150187
1.1591836734693877,1.1673469387755102,0.000590461828,-0.000162973357
1.1591836734693877,1.1591836734693877,0.000590735431,-0.000164065731
1.1591836734693877,1.1510204081632653,0.000589946347,-0.000163952919
1.1591836734693877,1.1428571428571428,0.000589839013,-0.000162522689
1.1591836734693877,1.1346938775510205,0.0005903797,-0.000163367506
1.1591836734693877,1.126530612244898,0.000589587357,-0.000163518147
1.1591836734693877,1.1183673469387754,0.000590380947,-0.000163488058
1.1591836734693877,1.110204081632653,0.000590068916,-0.000163805266
1.1591836734693877,1.1020408163265305,0.000590221769,-0.000162841824
1.1591836734693877,1.0938775510204082,0.000589766182,-0.000162580492
1.1591836734693877,1.0857142857142856,0.000589624252,-0.000162691826
1.1591836734693877,1.0775510204081633,0.000589766468,-0.000163189121
1.1591836734693877,1.0693877551020408,0.000590822831,-0.000162951649
1.1591836734693877,1.0612244897959184,0.000589519124,-0.000162713309
1.1591836734693877,1.0530612244897959,0.000590671511,-0.000163677393
1.1591836734693877,1.0448979591836736,0.0005905338,-0.00016372553
1.1591836734693877,1.036734693877551,0.000590471412,-0.000163951185
1.1591836734693877,1.0285714285714285,0.000590843532,-0.000163847815
1.1591836734693877,1.0204081632653061,0.000590426659,-0.000163152802
1.1591836734693877,1.0122448979591836,0.000590526229,-0.000163379099
1.1591836734693877,1.0040816326530613,0.000590633849,-0.000163113047
1.1591836734693877,0.9959183673469387,0.00059171925,-0.000163384687
1.1591836734693877,0.9877551020408163,0.000591083591,-0.000162914463
1.1591836734693877,0.9795918367346939,0.000591433764,-0.000162996767
1.1591836734693877,0.9714285714285714,0.000590459529,-0.00016339522
1.1591836734693877,0.963265306122449,0.000590016878,-0.000162592309
1.1591836734693877,0.9551020408163265,0.000589684627,-0.000162954218
1.1591836734693877,0.9469387755102041,0.000589380933,-0.000162006479
1.1591836734693877,0.9387755102040816,0.000590113382,-0.000163023003
1.1591836734693877,0.9306122448979592,0.000589937529,-0.000164074979
1.1591836734693877,0.9224489795918367,0.000591888298,-0.000163715864
1.1591836734693877,0.9142857142857143,0.000591078513,-0.000164189943
1.1591836734693877,0.9061224489795918,0.000591698069,-0.00016228178
1.1591836734693877,0.8979591836734694,0.000592152603,-0.000163819877
1.1591836734693877,0.889795918367347,0.00059206741,-0.000163269499
1.1591836734693877,0.8816326530612244,0.000592911311,-0.000164202627
1.1591836734693877,0.8734693877551021,0.000591814794,-0.000164351565
1.1591836734693877,0.8653061224489795,0.000591463375,-0.000163393711
1.1591836734693877,0.8571428571428572,0.000591124032,-0.000163179455
1.1591836734693877,0.8489795918367347,0.000591480529,-0.000163349652
1.1591836734693877,0.8408163265306122,0.000591416323,-0.000163258324
1.1591836734693877,0.8326530612244898,0.000592215471,-0.000163174928
1.1591836734693877,0.8244897959183674,0.000592418635,-0.000164028769
1.1591836734693877,0.8163265306122449,0.000592443647,-0.000164717552
1.1591836734693877,0.8081632653061225,0.000592223808,-0.000164161587
1.1591836734693877,0.8,0.000591812781,-0.000163617857
1.1510204081632653,1.2,0.000592430805,-0.000162933377
1.1510204081632653,1.1918367346938774,0.000593561438,-0.000162535149
1.1510204081632653,1.183673469387755,0.000592384233,-0.000162606921
1.1510204081632653,1.1755102040816325,0.000592413843,-0.000163244997
1.1510204081632653,1.1673469387755102,0.000592403207,-0.000162180755
1.1510204081632653,1.1591836734693877,0.000592452271,-0.000162440802
1.1510204081632653,1.1510204081632653,0.000593229666,-0.000163726397
1.1510204081632653,1.1428571428571428,0.000592193524,-0.00016452112
1.1510204081632653,1.1346938775510205,0.000594351962,-0.000162490448
1.1510204081632653,1.126530612244898,0.000592463101,-0.000162967545
1.1510204081632653,1.1183673469387754,0.000593251133,-0.000162756083
1.1510204081632653,1.110204081632653,0.00059235826,-0.000163061249
1.1510204081632653,1.1020408163265305,0.000592159408,-0.000163872317
1.1510204081632653,1.0938775510204082,0.000593367857,-0.000163448302
1.1510204081632653,1.0857142857142856,0.000592528555,-0.000163511693
1.1510204081632653,1.0775510204081633,0.000592854961,-0.000163587992
1.1510204081632653,1.0693877551020408,0.000593755212,-0.000162382775
1.1510204081632653,1.0612244897959184,0.000591343105,-0.000163189764
1.1510204081632653,1.0530612244897959,0.000591823131,-0.000162289937
1.1510204081632653,1.0448979591836736,0.000592106124,-0.000162482933
1.1510204081632653,1.036734693877551,0.000590457996,-0.000163919169
1.1510204081632653,1.0285714285714285,0.000591116175,-0.000162408561
1.1510204081632653,1.0204081632653061,0.000590972905,-0.000163060382
1.1510204081632653,1.0122448979591836,0.000591860793,-0.000163009452
1.1510204081632653,1.0040816326530613,0.000589638914,-0.000162704928
1.1510204081632653,0.9959183673469387,0.000590569642,-0.000163333114
1.1510204081632653,0.9877551020408163,0.000588958983,-0.000163263045
1.1510204081632653,0.9795918367346939,0.000590195224,-0.000162985817
1.1510204081632653,0.9714285714285714,0.00059041305,-0.000163632693
1.1510204081632653,0.963265306122449,0.000589056539,-0.000163095417
1.1510204081632653,0.9551020408163265,0.000589214664,-0.000163384687
1.1510204081632653,0.9469387755102041,0.000588952944,-0.000163080163
1.1510204081632653,0.9387755102040816,0.000589688172,-0.000164374558
1.1510204081632653,0.9306122448979592,0.000588556486,-0.000164382939
1.1510204081632653,0.9224489795918367,0.000589536279,-0.000163438412
1.1510204081632653,0.9142857142857143,0.000589410451,-0.000164051762
1.1510204081632653,0.9061224489795918,0.000590320285,-0.000162900912
1.1510204081632653,0.8979591836734694,0.000590039878,-0.000162556857
1.1510204081632653,0.889795918367347,0.000589107044,-0.000164450632
1.1510204081632653,0.8816326530612244,0.000590246015,-0.000164487819
1.1510204081632653,0.8734693877551021,0.000588897841,-0.000164373915
1.1510204081632653,0.8653061224489795,0.000588660081,-0.000164535955
1.1510204081632653,0.8571428571428572,0.000589729093,-0.000165103963
1.1510204081632653,0.8489795918367347,0.000589688652,-0.000164276132
1.1510204081632653,0.8408163265306122,0.000589448879,-0.000164572693
1.1510204081632653,0.8326530612244898,0.000590148744,-0.000164738618
1.1510204081632653,0.8244897959183674,0.00058942588,-0.000164705959
1.1510204081632653,0.8163265306122449,0.000588993099,-0.000164211875
1.1510204081632653,0.8081632653061225,0.000589986021,-0.000163987087
1.1510204081632653,0.8,0.000590207873,-0.00016389897
1.1428571428571428,1.2,0.000591877468,-0.000164198548
1.1428571428571428,1.1918367346938774,0.000590897868,-0.000163373512
1.1428571428571428,1.183673469387755,0.00059213085,-0.00016376185
1.1428571428571428,1.1755102040816325,0.000591146745,-0.000163973536
1.1428571428571428,1.1673469387755102,0.000591356428,-0.000163546727
1.1428571428571428,1.1591836734693877,0.000589912037,-0.000163411983
1.1428571428571428,1.1510204081632653,0.000592090409,-0.000163351386
1.1428571428571428,1.1428571428571428,0.000590394842,-0.000163863069
1.1428571428571428,1.1346938775510205,0.000589963308,-0.000164994587
1.1428571428571428,1.126530612244898,0.000590094408,-0.00016459485
1.1428571428571428,1.1183673469387754,0.000590894323,-0.000163849966
1.1428571428571428,1.110204081632653,0.000590099006,-0.000163931629
1.1428571428571428,1.1020408163265305,0.000590763223,-0.000164300634
1.1428571428571428,1.0938775510204082,0.000591497971,-0.000163912297
1.1428571428571428,1.0857142857142856,0.000591094994,-0.000163534685
1.1428571428571428,1.0775510204081633,0.000591051008,-0.00016439649
1.1428571428571428,1.0693877551020408,0.000590119227,-0.000164097329
1.1428571428571428,1.0612244897959184,0.000589897855,-0.000164348129
1.1428571428571428,1.0530612244897959,0.000591466634,-0.000164211875
1.1428571428571428,1.0448979591836736,0.000592022463,-0.000165205182
1.1428571428571428,1.036734693877551,0.000590954984,-0.000164639326
1.1428571428571428,1.0285714285714285,0.000590995905,-0.000164480079
1.1428571428571428,1.0204081632653061,0.000590242469,-0.000164349413
1.1428571428571428,1.0122448979591836,0.000590288468,-0.000165423322
1.1428571428571428,1.0040816326530613,0.00059034635,-0.000164946643
1.1428571428571428,0.9959183673469387,0.000590866051,-0.000164783319
1.1428571428571428,0.9877551020408163,0.000590683587,-0.000165136204
1.1428571428571428,0.9795918367346939,0.000590405479,-0.0001647356
1.1428571428571428,0.9714285714285714,0.00059085848,-0.000164692408
1.1428571428571428,0.963265306122449,0.000590160627,-0.000164720121
1.1428571428571428,0.9551020408163265,0.000592009047,-0.000165122653
1.1428571428571428,0.9469387755102041,0.000590982009,-0.000164209724
1.1428571428571428,0.9387755102040816,0.000590921634,-0.00016378937
1.1428571428571428,0.9306122448979592,0.000591459543,-0.000163803114
1.1428571428571428,0.9224489795918367,0.000590671031,-0.000164566269
1.1428571428571428,0.9142857142857143,0.000590182381,-0.000164078191
1.1428571428571428,0.9061224489795918,0.000590579512,-0.000164839419
1.1428571428571428,0.8979591836734694,0.000590417842,-0.00016528299
1.1428571428571428,0.889795918367347,0.000590333987,-0.000164041871
1.1428571428571428,0.8816326530612244,0.000590156602,-0.000163717791
1.1428571428571428,0.8734693877551021,0.000589828376,-0.000163678678
1.1428571428571428,0.8653061224489795,0.000589485008,-0.000163091339
1.1428571428571428,0.8571428571428572,0.000590090382,-0.000164214027
1.1428571428571428,0.8489795918367347,0.000589714431,-0.000165393875
1.1428571428571428,0.8408163265306122,0.000590994658,-0.000164119037
1.1428571428571428,0.8326530612244898,0.000590697769,-0.000164362098
1.1428571428571428,0.8244897959183674,0.000592541398,-0.000164481364
1.1428571428571428,0.8163265306122449,0.000592094241,-0.000163926908
1.1428571428571428,0.8081632653061225,0.000592353948,-0.000164165023
1.1428571428571428,0.8,0.000592416622,-0.000163745954
1.1346938775510205,1.2,0.000589872076,-0.000164869284
1.1346938775510205,1.1918367346938774,0.000589746054,-0.000163815156
1.1346938775510205,1.183673469387755,0.000590049462,-0.000163604112
1.1346938775510205,1.1755102040816325,0.000589556786,-0.00016461203
1.1346938775510205,1.1673469387755102,0.000590017358,-0.000165291371
1.1346938775510205,1.1591836734693877,0.000589072161,-0.000164725934
1.1346938775510205,1.1510204081632653,0.000589300818,-0.000165495094
1.1346938775510205,1.1428571428571428,0.000590667199,-0.000165771038
1.1346938775510205,1.1346938775510205,0.000590020424,-0.000165325957
1.1346938775510205,1.126530612244898,0.000589215431,-0.000164230147
1.1346938775510205,1.1183673469387754,0.000589592148,-0.000164922366
1.1346938775510205,1.110204081632653,0.000589511267,-0.000164800081
1.1346938775510205,1.1020408163265305,0.00058965377,-0.000164356286
1.1346938775510205,1.0938775510204082,0.000589378634,-0.000164171895
1.1346938775510205,1.0857142857142856,0.000588738184,-0.000164774295
1.1346938775510205,1.0775510204081633,0.000589620226,-0.00016484414
1.1346938775510205,1.0693877551020408,0.000589187926,-0.000165975851
1.1346938775510205,1.0612244897959184,0.000589213131,-0.000165721616
1.1346938775510205,1.0530612244897959,0.000589513566,-0.000165842167
1.1346938775510205,1.0448979591836736,0.000588926399,-0.000165974985
1.1346938775510205,1.036734693877551,0.00058923891,-0.000165514875
1.1346938775510205,1.0285714285714285,0.000589790714,-0.000165268379
1.1346938775510205,1.0204081632653061,0.000590581045,-0.000165657134
1.1346938775510205,1.0122448979591836,0.000589535033,-0.000165495736
1.1346938775510205,1.0040816326530613,0.000589834701,-0.000166635412
1.1346938775510205,0.9959183673469387,0.000590201548,-0.00016462966
1.1346938775510205,0.9877551020408163,0.000590340792,-0.000164620636
1.1346938775510205,0.9795918367346939,0.000590799352,-0.000164540901
1.1346938775510205,0.9714285714285714,0.000590276585,-0.000164392829
1.1346938775510205,0.963265306122449,0.000590495178,-0.000164864981
1.1346938775510205,0.9551020408163265,0.000590956517,-0.000163765286
1.1346938775510205,0.9469387755102041,0.000591540904,-0.00016396859
1.1346938775510205,0.9387755102040816,0.000591642966,-0.000164970503
1.1346938775510205,0.9306122448979592,0.000591663953,-0.000164626224
1.1346938775510205,0.9224489795918367,0.000590970126,-0.000163649037
1.1346938775510205,0.9142857142857143,0.000590632603,-0.000163881983
1.1346938775510205,0.9061224489795918,0.000591199069,-0.000163346216
1.1346938775510205,0.8979591836734694,0.000591853702,-0.000163609058
1.1346938775510205,0.889795918367347,0.00059244518,-0.00016501241
1.1346938775510205,0.8816326530612244,0.000591864052,-0.000164360813
1.1346938775510205,0.8734693877551021,0.000591910051,-0.00016511212
1.1346938775510205,0.8653061224489795,0.000592050255,-0.00016324307
1.1346938775510205,0.8571428571428572,0.000592459556,-0.000164093027
1.1346938775510205,0.8489795918367347,0.000591941868,-0.000165082255
1.1346938775510205,0.8408163265306122,0.000592011347,-0.000165469083
1.1346938775510205,0.8326530612244898,0.000591851975,-0.0001646172
1.1346938775510205,0.8244897959183674,0.000592573501,-0.00016421939
1.1346938775510205,0.8163265306122449,0.000592235211,-0.000164494691
1.1346938775510205,0.8081632653061225,0.000591822365,-0.000165570751
1.1346938775510205,0.8,0.000591757964,-0.000165112986
1.126530612244898,1.2,0.000592101526,-0.00016366837
1.126530612244898,1.1918367346938774,0.000592016905,-0.000163774309
1.126530612244898,1.183673469387755,0.000591676603,-0.000163953561
1.126530612244898,1.1755102040816325,0.000591800131,-0.000163805266
1.126530612244898,1.1673469387755102,0.000591828209,-0.000163595089
1.126530612244898,1.1591836734693877,0.000591111096,-0.000163649455
1.126530612244898,1.1510204081632653,0.000591440088,-0.000162968636
1.126530612244898,1.1428571428571428,0.000590819572,-0.000164887974
1.126530612244898,1.1346938775510205,0.000591398401,-0.000164028769
1.126530612244898,1.126530612244898,0.000591418142,-0.000163066837
1.126530612244898,1.1183673469387754,0.000591165719,-0.000163394995
1.126530612244898,1.110204081632653,0.000592349923,-0.000162593401
1.126530612244898,1.1020408163265305,0.000591033853,-0.000162790251
1.126530612244898,1.0938775510204082,0.000592121266,-0.000162764464
1.126530612244898,1.0857142857142856,0.000592495971,-0.000163100362
1.126530612244898,1.0775510204081633,0.000593519464,-0.000162947988
1.126530612244898,1.0693877551020408,0.000592508334,-0.000162992689
1.126530612244898,1.0612244897959184,0.000592049775,-0.000163425952
1.126530612244898,1.0530612244897959,0.000591615941,-0.000163550806
1.126530612244898,1.0448979591836736,0.000591480243,-0.000163320848
1.126530612244898,1.036734693877551,0.000593165746,-0.000162603709
1.126530612244898,1.0285714285714285,0.000592911597,-0.000163694156
1.126530612244898,1.0204081632653061,0.000592723861,-0.000163281317
1.126530612244898,1.0122448979591836,0.000592389117,-0.000163285395
1.126530612244898,1.0040816326530613,0.0005920101,-0.000163217702
1.126530612244898,0.9959183673469387,0.000592133916,-0.000162903063
1.126530612244898,0.9877551020408163,0.000593457077,-0.000163344289
1.126530612244898,0.9795918367346939,0.000592158642,-0.000164190167
1.126530612244898,0.9714285714285714,0.000592124812,-0.000163708349
1.126530612244898,0.963265306122449,0.000591639707,-0.000163091563
1.126530612244898,0.9551020408163265,0.000590798585,-0.000163245415
1.126530612244898,0.9469387755102041,0.000592049008,-0.000162612508
1.126530612244898,0.9387755102040816,0.000591852935,-0.000163061249
1.126530612244898,0.9306122448979592,0.000591753652,-0.000162899209
1.126530612244898,0.9224489795918367,0.000592093188,-0.000162317875
1.126530612244898,0.9142857142857143,0.000591734678,-0.000163100138
1.126530612244898,0.9061224489795918,0.000591187666,-0.000163195351
1.126530612244898,0.8979591836734694,0.000591099786,-0.000163504596
1.126530612244898,0.889795918367347,0.000590982009,-0.000163552315
1.126530612244898,0.8816326530612244,0.000589750273,-0.000164517266
1.126530612244898,0.8734693877551021,0.000589734651,-0.000163505463
1.126530612244898,0.8653061224489795,0.000590820052,-0.000163550806
1.126530612244898,0.8571428571428572,0.000589453671,-0.00016353857
1.126530612244898,0.8489795918367347,0.000589460282,-0.000163016548
1.126530612244898,0.8408163265306122,0.000589728613,-0.000162906724
1.126530612244898,0.8326530612244898,0.000589835181,-0.000163718016
1.126530612244898,0.8244897959183674,0.000589788988,-0.000164337596
1.126530612244898,0.8163265306122449,0.000590110603,-0.000163541364
1.126530612244898,0.8081632653061225,0.000588429892,-0.000162743399
1.126530612244898,0.8,0.000589313467,-0.000163464422
1.1183673469387754,1.2,0.000589114615,-0.000162853641
1.1183673469387754,1.1918367346938774,0.000586810895,-0.00016386416
1.1183673469387754,1.183673469387755,0.000588037265,-0.000163493227
1.1183673469387754,1.1755102040816325,0.000587597393,-0.000163061891
1.1183673469387754,1.1673469387755102,0.000587738364,-0.000163270559
1.1183673469387754,1.1591836734693877,0.000586150704,-0.000163689853
1.1183673469387754,1.1510204081632653,0.000587425086,-0.000162842466
1.1183673469387754,1.1428571428571428,0.000587091302,-0.000162243085
1.1183673469387754,1.1346938775510205,0.000587770754,-0.00016258351
1.1183673469387754,1.126530612244898,0.000586486214,-0.000163776685
1.1183673469387754,1.1183673469387754,0.000586843478,-0.000164540901
1.1183673469387754,1.110204081632653,0.000587711145,-0.000163465707
1.1183673469387754,1.1020408163265305,0.000587471085,-0.000164010273
1.1183673469387754,1.0938775510204082,0.000587466774,-0.000163453665
1.1183673469387754,1.0857142857142856,0.000586426126,-0.000163397371
1.1183673469387754,1.0775510204081633,0.000587172184,-0.000164214027
1.1183673469387754,1.0693877551020408,0.000587637834,-0.000163275729
1.1183673469387754,1.0612244897959184,0.000587513539,-0.000163102932
1.1183673469387754,1.0530612244897959,0.00058706581,-0.000164653937
1.1183673469387754,1.0448979591836736,0.000587809855,-0.00016341134
1.1183673469387754,1.036734693877551,0.00058699911,-0.000163773667
1.1183673469387754,1.0285714285714285,0.00058757468,-0.000163893382
1.1183673469387754,1.0204081632653061,0.000587471085,-0.00016421939
1.1183673469387754,1.0122448979591836,0.000588069849,-0.000164563251
1.1183673469387754,1.0040816326530613,0.000587678755,-0.000164624939
1.1183673469387754,0.9959183673469387,0.000587323791,-0.000163255306
1.1183673469387754,0.9877551020408163,0.00058824043,-0.00016417212
1.1183673469387754,0.9795918367346939,0.00058836827,-0.000163823955
1.1183673469387754,0.9714285714285714,0.000588139134,-0.000164568839
1.1183673469387754,0.963265306122449,0.000587471852,-0.000164432809
1.1183673469387754,0.9551020408163265,0.000588438995,-0.000164704868
1.1183673469387754,0.9469387755102041,0.000588209859,-0.000164363382
1.1183673469387754,0.9387755102040816,0.000588328596,-0.000163083599
1.1183673469387754,0.9306122448979592,0.000588440815,-0.000163244997
1.1183673469387754,0.9224489795918367,0.000589425113,-0.000162955085
1.1183673469387754,0.9142857142857143,0.000588040331,-0.000162682353
1.1183673469387754,0.9061224489795918,0.000587739416,-0.000163611851
1.1183673469387754,0.8979591836734694,0.000588855674,-0.000163571229
1.1183673469387754,0.889795918367347,0.000588215417,-0.000163788503
1.1183673469387754,0.8816326530612244,0.000587806882,-0.000164189525
1.1183673469387754,0.8734693877551021,0.000588895542,-0.000163743802
1.1183673469387754,0.8653061224489795,0.000587962515,-0.00016344249
1.1183673469387754,0.8571428571428572,0.000588945853,-0.000162327765
1.1183673469387754,0.8489795918367347,0.000588714898,-0.000163481828
1.1183673469387754,0.8408163265306122,0.00058854163,-0.000163573798
1.1183673469387754,0.8326530612244898,0.000587934243,-0.000163168698
1.1183673469387754,0.8244897959183674,0.000586705,-0.000163045995
1.1183673469387754,0.8163265306122449,0.000587562031,-0.000163170207
1.1183673469387754,0.8081632653061225,0.000587736637,-0.000163569944
1.1183673469387754,0.8,0.000587626431,-0.000163492136
1.110204081632653,1.2,0.000586451618,-0.000162788099
1.110204081632653,1.1918367346938774,0.000587824037,-0.000163604755
1.110204081632653,1.183673469387755,0.000587950632,-0.000163056304
1.110204081632653,1.1755102040816325,0.000587578226,-0.000163335041
1.110204081632653,1.1673469387755102,0.000587407451,-0.000163529964
1.110204081632653,1.1591836734693877,0.000586672704,-0.00016296003
1.110204081632653,1.1510204081632653,0.00058627222,-0.000163465065
1.110204081632653,1.1428571428571428,0.00058710855,-0.000164158151
1.110204081632653,1.1346938775510205,0.000587158574,-0.000164022315
1.110204081632653,1.126530612244898,0.000587282583,-0.000164719061
1.110204081632653,1.1183673469387754,0.000585854295,-0.000164188658
1.110204081632653,1.110204081632653,0.000587834387,-0.000164696486
1.110204081632653,1.1020408163265305,0.000586160287,-0.000163939143
1.110204081632653,1.0938775510204082,0.000586354828,-0.000164687463
1.110204081632653,1.0857142857142856,0.000587307596,-0.000164840061
1.110204081632653,1.0775510204081633,0.000585874802,-0.000165173165
1.110204081632653,1.0693877551020408,0.000588021163,-0.000164203076
1.110204081632653,1.0612244897959184,0.000586735091,-0.000164947286
1.110204081632653,1.0530612244897959,0.000586277298,-0.000165881505
1.110204081632653,1.0448979591836736,0.000587503955,-0.000165154893
1.110204081632653,1.036734693877551,0.00058624922,-0.000165465229
1.110204081632653,1.0285714285714285,0.000586329815,-0.000165728488
1.110204081632653,1.0204081632653061,0.000587204574,-0.000166333682
1.110204081632653,1.0122448979591836,0.000586925606,-0.000166219554
1.110204081632653,1.0040816326530613,0.000585600912,-0.000166116826
1.110204081632653,0.9959183673469387,0.000586446826,-0.000165747403
1.110204081632653,0.9877551020408163,0.000586525889,-0.000166487116
1.110204081632653,0.9795918367346939,0.000587079706,-0.000165787382
1.110204081632653,0.9714285714285714,0.00058677122,-0.000164647065
1.110204081632653,0.963265306122449,0.000587144392,-0.000164663185
1.110204081632653,0.9551020408163265,0.000586274999,-0.000165861306
1.110204081632653,0.9469387755102041,0.000586896282,-0.000165602768
1.110204081632653,0.9387755102040816,0.000586735858,-0.000166596299
1.110204081632653,0.9306122448979592,0.000587627484,-0.000164927311
1.110204081632653,0.9224489795918367,0.000587397581,-0.000164884313
1.110204081632653,0.9142857142857143,0.000587190871,-0.000164186731
1.110204081632653,0.9061224489795918,0.000587653263,-0.000164814693
1.110204081632653,0.8979591836734694,0.000586254012,-0.000164974163
1.110204081632653,0.889795918367347,0.000586723208,-0.000165472101
1.110204081632653,0.8816326530612244,0.000586172937,-0.000164618485
1.110204081632653,0.8734693877551021,0.000586281804,-0.000164444402
1.110204081632653,0.8653061224489795,0.000586544576,-0.000164526065
1.110204081632653,0.8571428571428572,0.000585603691,-0.000165234404
1.110204081632653,0.8489795918367347,0.000585697416,-0.000163854045
1.110204081632653,0.8408163265306122,0.000586188845,-0.000164884762
1.110204081632653,0.8326530612244898,0.000586073847,-0.000164930972
1.110204081632653,0.8244897959183674,0.000587371323,-0.000165397536
1.110204081632653,0.8163265306122449,0.000586874815,-0.0001657878
1.110204081632653,0.8081632653061225,0.000586429385,-0.000164725934
1.110204081632653,0.8,0.000586931164,-0.000166076204
1.1020408163265305,1.2,0.000586982435,-0.000166207319
1.1020408163265305,1.1918367346938774,0.000587050668,-0.000166592638
1.1020408163265305,1.183673469387755,0.000587298492,-0.000166477226
1.1020408163265305,1.1755102040816325,0.000587312388,-0.000165859797
1.1020408163265305,1.1673469387755102,0.000587178508,-0.000167463242
1.1020408163265305,1.1591836734693877,0.000587545356,-0.000166467142
1.1020408163265305,1.1510204081632653,0.000587156275,-0.000166057096
1.1020408163265305,1.1428571428571428,0.000587594134,-0.000166624654
1.1020408163265305,1.1346938775510205,0.000586976684,-0.000165924054
1.1020408163265305,1.126530612244898,0.000586468293,-0.000165734943
1.1020408163265305,1.1183673469387754,0.00058672752,-0.000165472101
1.1020408163265305,1.110204081632653,0.00058886957,-0.000165710665
1.1020408163265305,1.1020408163265305,0.000588198262,-0.000165268154
1.1020408163265305,1.0938775510204082,0.000587484215,-0.000164429791
1.1020408163265305,1.0857142857142856,0.000587414256,-0.000164062713
1.1020408163265305,1.0775510204081633,0.000587520344,-0.000163803339
1.1020408163265305,1.0693877551020408,0.000587930411,-0.000164081851
1.1020408163265305,1.0612244897959184,0.000588070135,-0.000164487819
1.1020408163265305,1.0530612244897959,0.000588184847,-0.000164334802
1.1020408163265305,1.0448979591836736,0.000588386958,-0.000164841988
1.1020408163265305,1.036734693877551,0.000587931178,-0.000164508017
1.1020408163265305,1.0285714285714285,0.000588737897,-0.000164161587
1.1020408163265305,1.0204081632653061,0.000587372569,-0.000163799678
1.1020408163265305,1.0122448979591836,0.000587099926,-0.000164181786
1.1020408163265305,1.0040816326530613,0.000587062551,-0.000163984935
1.1020408163265305,0.9959183673469387,0.000586077679,-0.000164428282
1.1020408163265305,0.9877551020408163,0.000587286895,-0.000164774295
1.1020408163265305,0.9795918367346939,0.000587082771,-0.000163818592
1.1020408163265305,0.9714285714285714,0.000585940735,-0.000164788264
1.1020408163265305,0.963265306122449,0.000587274246,-0.000165599749
1.1020408163265305,0.9551020408163265,0.000586365944,-0.000164090008
1.1020408163265305,0.9469387755102041,0.00058654381,-0.00016463589
1.1020408163265305,0.9387755102040816,0.000586528188,-0.000164291386
1.1020408163265305,0.9306122448979592,0.000587979956,-0.000163399074
1.1020408163265305,0.9224489795918367,0.00058751124,-0.000165116005
1.1020408163265305,0.9142857142857143,0.00058854259,-0.000163731118
1.1020408163265305,0.9061224489795918,0.00058802011,-0.000163938083
1.1020408163265305,0.8979591836734694,0.000586327323,-0.000163942162
1.1020408163265305,0.889795918367347,0.000587350049,-0.000164373915
1.1020408163265305,0.8816326530612244,0.000587135575,-0.000164743563
1.1020408163265305,0.8734693877551021,0.00058685766,-0.000163522868
1.1020408163265305,0.8653061224489795,0.000587352062,-0.000163207169
1.1020408163265305,0.8571428571428572,0.000586714104,-0.000163205017
1.1020408163265305,0.8489795918367347,0.000585899047,-0.000162927789
1.1020408163265305,0.8408163265306122,0.000586853062,-0.000164173404
1.1020408163265305,0.8326530612244898,0.000586716883,-0.000163956355
1.1020408163265305,0.8244897959183674,0.000587420294,-0.000163856421
1.1020408163265305,0.8163265306122449,0.000587506162,-0.000164244116
1.1020408163265305,0.8081632653061225,0.000587132509,-0.000163500099
1.1020408163265305,0.8,0.000587719962,-0.000163448302
1.0938775510204082,1.2,0.000586573901,-0.00016366837
1.0938775510204082,1.1918367346938774,0.000587149471,-0.00016464212
1.0938775510204082,1.183673469387755,0.000587131263,-0.000164359946
1.0938775510204082,1.1755102040816325,0.000587970852,-0.000164712607
1.0938775510204082,1.1673469387755102,0.000587061018,-0.000164095178
1.0938775510204082,1.1591836734693877,0.000586367957,-0.00016505239
1.0938775510204082,1.1510204081632653,0.000586905099,-0.000164420767
1.0938775510204082,1.1428571428571428,0.000587056226,-0.000164881968
1.0938775510204082,1.1346938775510205,0.000586642899,-0.000164624715
1.0938775510204082,1.126530612244898,0.00058731622,-0.000164691766
1.0938775510204082,1.1183673469387754,0.000587609563,-0.000164865623
1.0938775510204082,1.110204081632653,0.000586952918,-0.000163971609
1.0938775510204082,1.1020408163265305,0.000586944294,-0.000163751959
1.0938775510204082,1.0938775510204082,0.000588131276,-0.000164074112
1.0938775510204082,1.0857142857142856,0.00058750041,-0.000164853388
1.0938775510204082,1.0775510204081633,0.000587616368,-0.000164381012
1.0938775510204082,1.0693877551020408,0.000587517565,-0.000164846934
1.0938775510204082,1.0612244897959184,0.000586066563,-0.00016448997
1.0938775510204082,1.0530612244897959,0.000586880373,-0.000163624311
1.0938775510204082,1.0448979591836736,0.000587827583,-0.000164072603
1.0938775510204082,1.036734693877551,0.000588114122,-0.00016327788
1.0938775510204082,1.0285714285714285,0.000588908192,-0.000163556618
1.0938775510204082,1.0204081632653061,0.000587489293,-0.000164286023
1.0938775510204082,1.0122448979591836,0.000587084497,-0.000163874468
1.0938775510204082,1.0040816326530613,0.000586233312,-0.000163789145
1.0938775510204082,0.9959183673469387,0.000587099926,-0.000165049371
1.0938775510204082,0.9877551020408163,0.000587316986,-0.00016512201
1.0938775510204082,0.9795918367346939,0.00058709638,-0.000164766331
1.0938775510204082,0.9714285714285714,0.000586390477,-0.000163813005
1.0938775510204082,0.963265306122449,0.000586652483,-0.000164061235
1.0938775510204082,0.9551020408163265,0.000587102705,-0.000164341032
1.0938775510204082,0.9469387755102041,0.00058697841,-0.00016489507
1.0938775510204082,0.9387755102040816,0.000586621912,-0.000165063983
1.0938775510204082,0.9306122448979592,0.000586655742,-0.000164451499
1.0938775510204082,0.9224489795918367,0.000587077213,-0.000163584556
1.0938775510204082,0.9142857142857143,0.000586562498,-0.000164016727
1.0938775510204082,0.9061224489795918,0.000586180988,-0.000162552554
1.0938775510204082,0.8979591836734694,0.000586979943,-0.000162099959
1.0938775510204082,0.889795918367347,0.000586831595,-0.000163483979
1.0938775510204082,0.8816326530612244,0.000588384945,-0.000163410474
1.0938775510204082,0.8734693877551021,0.000588744988,-0.000163188479
1.0938775510204082,0.8653061224489795,0.00058703246,-0.000163456908
1.0938775510204082,0.8571428571428572,0.000587087563,-0.000163365997
1.0938775510204082,0.8489795918367347,0.000587936736,-0.000163733494
1.0938775510204082,0.8408163265306122,0.000587777845,-0.000162999786
1.0938775510204082,0.8326530612244898,0.00058719643,-0.0001636097
1.0938775510204082,0.8244897959183674,0.000587435243,-0.000164560457
1.0938775510204082,0.8163265306122449,0.000588252793,-0.000164996289
1.0938775510204082,0.8081632653061225,0.000587190678,-0.000164451275
1.0938775510204082,0.8,0.000588356101,-0.000163612269
1.0857142857142856,1.2,0.000587814453,-0.000163246282
1.0857142857142856,1.1918367346938774,0.000587119666,-0.000163212114
1.0857142857142856,1.183673469387755,0.000587056226,-0.00016322695
1.0857142857142856,1.1755102040816325,0.000587404386,-0.00016277564
1.0857142857142856,1.1673469387755102,0.000585407138,-0.000163599809
1.0857142857142856,1.1591836734693877,0.000587311428,-0.000164260654
1.0857142857142856,1.1510204081632653,0.00058756433,-0.000164310525
1.0857142857142856,1.1428571428571428,0.000587440515,-0.000164085512
1.0857142857142856,1.1346938775510205,0.00058808681,-0.00016468682
1.0857142857142856,1.126530612244898,0.000587303857,-0.00016468682
1.0857142857142856,1.1183673469387754,0.000588635069,-0.000164736048
1.0857142857142856,1.110204081632653,0.000588013306,-0.000164457505
1.0857142857142856,1.1020408163265305,0.000587753792,-0.000164585377
1.0857142857142856,1.0938775510204082,0.000588493332,-0.000164483098
1.0857142857142856,1.0857142857142856,0.000588740196,-0.000164168459
1.0857142857142856,1.0775510204081633,0.000589667665,-0.000165082255
1.0857142857142856,1.0693877551020408,0.000589366271,-0.000164821789
1.0857142857142856,1.0612244897959184,0.000588862479,-0.000164744205
1.0857142857142856,1.0530612244897959,0.000589579019,-0.000163937216
1.0857142857142856,1.0448979591836736,0.000589280117,-0.000163903691
1.0857142857142856,1.036734693877551,0.000589889037,-0.000165103738
1.0857142857142856,1.0285714285714285,0.000589406425,-0.000163780764
1.0857142857142856,1.0204081632653061,0.000589247534,-0.000164262163
1.0857142857142856,1.0122448979591836,0.000588452891,-0.000163831694
1.0857142857142856,1.0040816326530613,0.000589735898,-0.000163394995
1.0857142857142856,0.9959183673469387,0.000589095927,-0.000162938322
1.0857142857142856,0.9877551020408163,0.000589838246,-0.000163156881
1.0857142857142856,0.9795918367346939,0.000589105511,-0.000163048565
1.0857142857142856,0.9714285714285714,0.000587933477,-0.000162995065
1.0857142857142856,0.963265306122449,0.00058870608,-0.000162344753
1.0857142857142856,0.9551020408163265,0.000588509241,-0.000163058455
1.0857142857142856,0.9469387755102041,0.000588752559,-0.000163477525
1.0857142857142856,0.9387755102040816,0.000588309908,-0.000164652652
1.0857142857142856,0.9306122448979592,0.000587692651,-0.000163624954
1.0857142857142856,0.9224489795918367,0.000588584278,-0.000164101408
1.0857142857142856,0.9142857142857143,0.000588466021,-0.000163922381
1.0857142857142856,0.9061224489795918,0.000586903853,-0.000163276371
1.0857142857142856,0.8979591836734694,0.000587411957,-0.000164167174
1.0857142857142856,0.889795918367347,0.000586818946,-0.000163965154
1.0857142857142856,0.8816326530612244,0.000588287675,-0.00016438037
1.0857142857142856,0.8734693877551021,0.00058816386,-0.000164039944
1.0857142857142856,0.8653061224489795,0.000587090342,-0.000164500921
1.0857142857142856,0.8571428571428572,0.00058730357,-0.00016455593
1.0857142857142856,0.8489795918367347,0.000588093901,-0.000163990523
1.0857142857142856,0.8408163265306122,0.000587915269,-0.000164430658
1.0857142857142856,0.8326530612244898,0.000587156562,-0.00016541751
1.0857142857142856,0.8244897959183674,0.000586442514,-0.000164896355
1.0857142857142856,0.8163265306122449,0.000588303584,-0.000164080342
1.0857142857142856,0.8081632653061225,0.000588116614,-0.000163718016
1.0857142857142856,0.8,0.000587862945,-0.000165520238
1.0775510204081633,1.2,0.000589168665,-0.000163561981
1.0775510204081633,1.1918367346938774,0.000590029528,-0.000162194948
1.0775510204081633,1.183673469387755,0.000588571148,-0.000163211472
1.0775510204081633,1.1755102040816325,0.000588784663,-0.00016398105
1.0775510204081633,1.1673469387755102,0.00058784857,-0.00016397376
1.0775510204081633,1.1591836734693877,0.00058810655,-0.000163489342
1.0775510204081633,1.1510204081632653,0.000587014059,-0.000163046638
1.0775510204081633,1.1428571428571428,0.000587393269,-0.000163169565
1.0775510204081633,1.1346938775510205,0.000588878387,-0.000163596373
1.0775510204081633,1.126530612244898,0.000588502436,-0.000162656149
1.0775510204081633,1.1183673469387754,0.000589032007,-0.000162336147
1.0775510204081633,1.110204081632653,0.000589946153,-0.00016230047
1.0775510204081633,1.1020408163265305,0.000588939529,-0.000163200297
1.0775510204081633,1.0938775510204082,0.000589378154,-0.00016270557
1.0775510204081633,1.0857142857142856,0.000589296026,-0.000162425548
1.0775510204081633,1.0775510204081633,0.000588719496,-0.000161980886
1.0775510204081633,1.0693877551020408,0.000588508474,-0.000162765525
1.0775510204081633,1.0612244897959184,0.000588472345,-0.000162526543
1.0775510204081633,1.0530612244897959,0.000589002969,-0.000162253618
1.0775510204081633,1.0448979591836736,0.000589113655,-0.000161949094
1.0775510204081633,1.036734693877551,0.000588751793,-0.000161403855
1.0775510204081633,1.0285714285714285,0.000588159834,-0.000162661512
1.0775510204081633,1.0204081632653061,0.000588857687,-0.000162667742
1.0775510204081633,1.0122448979591836,0.000589290754,-0.000162757368
1.0775510204081633,1.0040816326530613,0.000590027995,-0.000162909517
1.0775510204081633,0.9959183673469387,0.000590506008,-0.000161150068
1.0775510204081633,0.9877551020408163,0.000589819079,-0.000161828736
1.0775510204081633,0.9795918367346939,0.000589368284,-0.000162770694
1.0775510204081633,0.9714285714285714,0.000590487801,-0.000162652713
1.0775510204081633,0.963265306122449,0.000589821091,-0.000162707079
1.0775510204081633,0.9551020408163265,0.000589737717,-0.000162871271
1.0775510204081633,0.9469387755102041,0.000589557266,-0.000162523749
1.0775510204081633,0.9387755102040816,0.000588240716,-0.00016298495
1.0775510204081633,0.9306122448979592,0.000589074747,-0.000162456922
1.0775510204081633,0.9224489795918367,0.000588313454,-0.000162884598
1.0775510204081633,0.9142857142857143,0.000587880387,-0.000161836057
1.0775510204081633,0.9061224489795918,0.000588286909,-0.000163061249
1.0775510204081633,0.8979591836734694,0.000588184847,-0.00016271074
1.0775510204081633,0.889795918367347,0.000588273013,-0.000162398253
1.0775510204081633,0.8816326530612244,0.000588491319,-0.000163865638
1.0775510204081633,0.8734693877551021,0.000589585344,-0.000162245654
1.0775510204081633,0.8653061224489795,0.00058906459,-0.000162747477
1.0775510204081633,0.8571428571428572,0.000589269767,-0.000163017415
1.0775510204081633,0.8489795918367347,0.000590226081,-0.000163958282
1.0775510204081633,0.8408163265306122,0.000589243989,-0.000162912311
1.0775510204081633,0.8326530612244898,0.000588667172,-0.00016244382
1.0775510204081633,0.8244897959183674,0.000589213704,-0.000162273174
1.0775510204081633,0.8163265306122449,0.000591029255,-0.000163101005
1.0775510204081633,0.8081632653061225,0.0005905338,-0.000162583286
1.0775510204081633,0.8,0.000590302844,-0.000162679784
1.0693877551020408,1.2,0.000591201082,-0.000162863532
1.0693877551020408,1.1918367346938774,0.000590798872,-0.000161459955
1.0693877551020408,1.183673469387755,0.000591244782,-0.000162419961
1.0693877551020408,1.1755102040816325,0.000591693471,-0.000161656388
1.0693877551020408,1.1673469387755102,0.000590197236,-0.000162439517
1.0693877551020408,1.1591836734693877,0.000590999164,-0.000162153683
1.0693877551020408,1.1510204081632653,0.000590774339,-0.000162036344
1.0693877551020408,1.1428571428571428,0.000590232119,-0.000162621756
1.0693877551020408,1.1346938775510205,0.000590637395,-0.000162924129
1.0693877551020408,1.126530612244898,0.000590193497,-0.000161845306
1.0693877551020408,1.1183673469387754,0.000590367817,-0.00016323318
1.0693877551020408,1.110204081632653,0.000589530241,-0.000162802935
1.0693877551020408,1.1020408163265305,0.000590687419,-0.000162771979
1.0693877551020408,1.0938775510204082,0.000590551241,-0.000162908457
1.0693877551020408,1.0857142857142856,0.000589137901,-0.000161988849
1.0693877551020408,1.0775510204081633,0.00059027304,-0.000162077384
1.0693877551020408,1.0693877551020408,0.000589723535,-0.000162551687
1.0693877551020408,1.0612244897959184,0.00059127056,-0.000162548893
1.0693877551020408,1.0530612244897959,0.000590563604,-0.000161610178
1.0693877551020408,1.0448979591836736,0.000590418128,-0.000161613614
1.0693877551020408,1.036734693877551,0.000590769547,-0.000163427879
1.0693877551020408,1.0285714285714285,0.000588674743,-0.000161517983
1.0693877551020408,1.0204081632653061,0.000588720262,-0.00016299484
1.0693877551020408,1.0122448979591836,0.000588971346,-0.000162784663
1.0693877551020408,1.0040816326530613,0.000588897075,-0.000163479034
1.0693877551020408,0.9959183673469387,0.000590429245,-0.000162997634
1.0693877551020408,0.9877551020408163,0.000590132836,-0.000162698698
1.0693877551020408,0.9795918367346939,0.000589935516,-0.000162534731
1.0693877551020408,0.9714285714285714,0.000591624279,-0.000162762089
1.0693877551020408,0.963265306122449,0.000591418622,-0.000163100362
1.0693877551020408,0.9551020408163265,0.000590773573,-0.000163208678
1.0693877551020408,0.9469387755102041,0.000590020424,-0.000162414373
1.0693877551020408,0.9387755102040816,0.000590320572,-0.000163334399
1.0693877551020408,0.9306122448979592,0.00059065177,-0.000161803817
1.0693877551020408,0.9224489795918367,0.000589710885,-0.000161877098
1.0693877551020408,0.9142857142857143,0.000590496424,-0.000161550866
1.0693877551020408,0.9061224489795918,0.000590885505,-0.000161838627
1.0693877551020408,0.8979591836734694,0.000591437596,-0.000161895145
1.0693877551020408,0.889795918367347,0.000590978463,-0.000162526543
1.0693877551020408,0.8816326530612244,0.000590013813,-0.000163237901
1.0693877551020408,0.8734693877551021,0.000589936283,-0.000162692244
1.0693877551020408,0.8653061224489795,0.000590458763,-0.000162108983
1.0693877551020408,0.8571428571428572,0.000588934257,-0.000163160959
1.0693877551020408,0.8489795918367347,0.000589254625,-0.000162078251
1.0693877551020408,0.8408163265306122,0.000589330909,-0.000162267811
1.0693877551020408,0.8326530612244898,0.000588722755,-0.000163791939
1.0693877551020408,0.8244897959183674,0.000590038345,-0.000162544172
1.0693877551020408,0.8163265306122449,0.00058947897,-0.000161870643
1.0693877551020408,0.8081632653061225,0.000588460749,-0.00016365591
1.0693877551020408,0.8,0.000587507214,-0.000163447435
1.0612244897959184,1.2,0.000584562184,-0.0001662692
1.0612244897959184,1.1918367346938774,0.000585181261,-0.000165124386
1.0612244897959184,1.183673469387755,0.000586168145,-0.000165532923
1.0612244897959184,1.1755102040816325,0.000586415203,-0.000164405289
1.0612244897959184,1.1673469387755102,0.000586203221,-0.000165525184
1.0612244897959184,1.1591836734693877,0.000586871269,-0.000164493182
1.0612244897959184,1.1510204081632653,0.000587665626,-0.000164315888
1.0612244897959184,1.1428571428571428,0.000587850102,-0.000163695441
1.0612244897959184,1.1346938775510205,0.000587721689,-0.000162454995
1.0612244897959184,1.126530612244898,0.000586901074,-0.00016450866
1.0612244897959184,1.1183673469387754,0.00058679422,-0.000164255291
1.0612244897959184,1.110204081632653,0.00058622852,-0.000164772786
1.0612244897959184,1.1020408163265305,0.000588581018,-0.00016388134
1.0612244897959184,1.0938775510204082,0.000586659288,-0.00016386522
1.0612244897959184,1.0857142857142856,0.000587501656,-0.000163611851
1.0612244897959184,1.0775510204081633,0.000587072901,-0.000163838567
1.0612244897959184,1.0693877551020408,0.00058692436,-0.000163686417
1.0612244897959184,1.0612244897959184,0.000587286129,-0.000165203897
1.0612244897959184,1.0530612244897959,0.000586939502,-0.000164592698
1.0612244897959184,1.0448979591836736,0.000588270234,-0.000166006359
1.0612244897959184,1.036734693877551,0.000587220676,-0.000165275893
1.0612244897959184,1.0285714285714285,0.000587880673,-0.00016509966
1.0612244897959184,1.0204081632653061,0.000588430178,-0.000164749793
1.0612244897959184,1.0122448979591836,0.000586741896,-0.000164676288
1.0612244897959184,1.0040816326530613,0.000587496098,-0.000164556797
1.0612244897959184,0.9959183673469387,0.000587601992,-0.0001643752
1.0612244897959184,0.9877551020408163,0.000587398061,-0.000165312631
1.0612244897959184,0.9795918367346939,0.000588074927,-0.000165129331
1.0612244897959184,0.9714285714285714,0.000587048655,-0.000165966603
1.0612244897959184,0.963265306122449,0.000586397281,-0.000164647707
1.0612244897959184,0.9551020408163265,0.000586163833,-0.000164456862
1.0612244897959184,0.9469387755102041,0.000585372736,-0.000165437067
1.0612244897959184,0.9387755102040816,0.000585337373,-0.000164906246
1.0612244897959184,0.9306122448979592,0.00058560925,-0.000165788667
1.0612244897959184,0.9224489795918367,0.000585947539,-0.000166292417
1.0612244897959184,0.9142857142857143,0.000586255065,-0.000165383342
1.0612244897959184,0.9061224489795918,0.000585182027,-0.000165350684
1.0612244897959184,0.8979591836734694,0.000585421228,-0.000164665755
1.0612244897959184,0.889795918367347,0.000586066563,-0.000164766556
1.0612244897959184,0.8816326530612244,0.000585363438,-0.000164075621
1.0612244897959184,0.8734693877551021,0.000586559238,-0.000164479437
1.0612244897959184,0.8653061224489795,0.000586600159,-0.00016573687
1.0612244897959184,0.8571428571428572,0.00058712877,-0.000166323567
1.0612244897959184,0.8489795918367347,0.000588015319,-0.000165562788
1.0612244897959184,0.8408163265306122,0.000587719196,-0.000165418377
1.0612244897959184,0.8326530612244898,0.000587185313,-0.000164864114
1.0612244897959184,0.8244897959183674,0.000585897035,-0.000165552897
1.0612244897959184,0.8163265306122449,0.000588143926,-0.000165725919
1.0612244897959184,0.8081632653061225,0.000587397581,-0.000164529725
1.0612244897959184,0.8,0.000587470319,-0.000164780525
1.0530612244897959,1.2,0.000587618094,-0.000164994362
1.0530612244897959,1.1918367346938774,0.000587920541,-0.000164437306
1.0530612244897959,1.183673469387755,0.000587382439,-0.000164636756
1.0530612244897959,1.1755102040816325,0.000587787908,-0.000165617603
1.0530612244897959,1.1673469387755102,0.000587906645,-0.000164451499
1.0530612244897959,1.1591836734693877,0.000586937203,-0.000165480483
1.0530612244897959,1.1510204081632653,0.000587584744,-0.000164612673
1.0530612244897959,1.1428571428571428,0.000587656042,-0.000165365295
1.0530612244897959,1.1346938775510205,0.000587122159,-0.000164595267
1.0530612244897959,1.126530612244898,0.000586649704,-0.000165639729
1.0530612244897959,1.1183673469387754,0.000585638574,-0.000165251616
1.0530612244897959,1.110204081632653,0.000587172184,-0.000164486952
1.0530612244897959,1.1020408163265305,0.000586502123,-0.000164699505
1.0530612244897959,1.0938775510204082,0.000585344178,-0.000163736063
1.0530612244897959,1.0857142857142856,0.000586356841,-0.000164627508
1.0530612244897959,1.0775510204081633,0.000586084484,-0.000164417331
1.0530612244897959,1.0693877551020408,0.00058810981,-0.00016589268
1.0530612244897959,1.0612244897959184,0.000587670898,-0.000164684251
1.0530612244897959,1.0530612244897959,0.000586884399,-0.000164869284
1.0530612244897959,1.0448979591836736,0.000587498111,-0.000165288129
1.0530612244897959,1.036734693877551,0.000586372556,-0.000164890992
1.0530612244897959,1.0285714285714285,0.000588583511,-0.000163431957
1.0530612244897959,1.0204081632653061,0.000587145925,-0.0001655686
1.0530612244897959,1.0122448979591836,0.000588537798,-0.000165051299
1.0530612244897959,1.0040816326530613,0.000587243962,-0.000164997798
1.0530612244897959,0.9959183673469387,0.000586685066,-0.000164662543
1.0530612244897959,0.9877551020408163,0.000587191158,-0.000164050702
1.0530612244897959,0.9795918367346939,0.000588050681,-0.00016454347
1.0530612244897959,0.9714285714285714,0.000588413983,-0.000163299364
1.0530612244897959,0.963265306122449,0.000588229793,-0.000163486548
1.0530612244897959,0.9551020408163265,0.000588403153,-0.000164207572
1.0530612244897959,0.9469387755102041,0.000587437736,-0.000165011125
1.0530612244897959,0.9387755102040816,0.000588770001,-0.000165166293
1.0530612244897959,0.9306122448979592,0.000588264676,-0.000164897864
1.0530612244897959,0.9224489795918367,0.000587992799,-0.000163881565
1.0530612244897959,0.9142857142857143,0.000587867737,-0.000164672851
1.0530612244897959,0.9061224489795918,0.000585828322,-0.00016415449
1.0530612244897959,0.8979591836734694,0.000587698496,-0.000163886061
1.0530612244897959,0.889795918367347,0.000587273,-0.000164886465
1.0530612244897959,0.8816326530612244,0.000588172677,-0.000164669415
1.0530612244897959,0.8734693877551021,0.000589108577,-0.000165843258
1.0530612244897959,0.8653061224489795,0.000588045409,-0.000165345514
1.0530612244897959,0.8571428571428572,0.000588101952,-0.000165363143
1.0530612244897959,0.8489795918367347,0.000587689872,-0.000164162229
1.0530612244897959,0.8408163265306122,0.000588028734,-0.000165082897
1.0530612244897959,0.8326530612244898,0.000588719689,-0.00016411968
1.0530612244897959,0.8244897959183674,0.00058819395,-0.000164806954
1.0530612244897959,0.8163265306122449,0.000586990773,-0.00016489658
1.0530612244897959,0.8081632653061225,0.000587549668,-0.000164781392
1.0530612244897959,0.8,0.000586823737,-0.000164932032
1.0448979591836736,1.2,0.000587274726,-0.000165187777
1.0448979591836736,1.1918367346938774,0.000586382426,-0.000165361859
1.0448979591836736,1.183673469387755,0.000586845297,-0.000164941698
1.0448979591836736,1.1755102040816325,0.000587592602,-0.000165222587
1.0448979591836736,1.1673469387755102,0.000587036486,-0.000164662319
1.0448979591836736,1.1591836734693877,0.00058735762,-0.000165483277
1.0448979591836736,1.1510204081632653,0.000587368257,-0.000166881266
1.0448979591836736,1.1428571428571428,0.000586625172,-0.000165375828
1.0448979591836736,1.1346938775510205,0.00058696806,-0.000165842167
1.0448979591836736,1.126530612244898,0.000586678262,-0.00016627437
1.0448979591836736,1.1183673469387754,0.000585782037,-0.000165529262
1.0448979591836736,1.110204081632653,0.000586549655,-0.000165304249
1.0448979591836736,1.1020408163265305,0.000587184547,-0.000165117707
1.0448979591836736,1.0938775510204082,0.000586773519,-0.000164177707
1.0448979591836736,1.0857142857142856,0.000586534226,-0.000164473207
1.0448979591836736,1.0775510204081633,0.000587025655,-0.000164572917
1.0448979591836736,1.0693877551020408,0.000587021343,-0.000165228399
1.0448979591836736,1.0612244897959184,0.000586358373,-0.000165033893
1.0448979591836736,1.0530612244897959,0.000586605431,-0.000164172762
1.0448979591836736,1.0448979591836736,0.000587054693,-0.000164052629
1.0448979591836736,1.036734693877551,0.000585090029,-0.000164360589
1.0448979591836736,1.0285714285714285,0.000586301544,-0.000164603873
1.0448979591836736,1.0204081632653061,0.000586289375,-0.000165423322
1.0448979591836736,1.0122448979591836,0.000586451812,-0.000165235271
1.0448979591836736,1.0040816326530613,0.000586207819,-0.000164377351
1.0448979591836736,0.9959183673469387,0.000586612042,-0.000165636293
1.0448979591836736,0.9877551020408163,0.00058629244,-0.000166758757
1.0448979591836736,0.9795918367346939,0.000585952618,-0.000164951813
1.0448979591836736,0.9714285714285714,0.000585844711,-0.000165187134
1.0448979591836736,0.963265306122449,0.000586678262,-0.00016607858
1.0448979591836736,0.9551020408163265,0.00058648976,-0.000165842392
1.0448979591836736,0.9469387755102041,0.000587432944,-0.000164974581
1.0448979591836736,0.9387755102040816,0.000587881153,-0.000165414074
1.0448979591836736,0.9306122448979592,0.000587646458,-0.000165879578
1.0448979591836736,0.9224489795918367,0.000587363465,-0.000164124401
1.0448979591836736,0.9142857142857143,0.000586198716,-0.00016507108
1.0448979591836736,0.9061224489795918,0.000587525136,-0.000165906007
1.0448979591836736,0.8979591836734694,0.000587478657,-0.000164501788
1.0448979591836736,0.889795918367347,0.000587525136,-0.000165106757
1.0448979591836736,0.8816326530612244,0.000587474631,-0.000164076039
1.0448979591836736,0.8734693877551021,0.000587091589,-0.000166427386
1.0448979591836736,0.8653061224489795,0.000587438216,-0.000164202627
1.0448979591836736,0.8571428571428572,0.000587072901,-0.000165252901
1.0448979591836736,0.8489795918367347,0.000586751,-0.000164494048
1.0448979591836736,0.8408163265306122,0.000586429385,-0.000163829543
1.0448979591836736,0.8326530612244898,0.000585840685,-0.000163680829
1.0448979591836736,0.8244897959183674,0.000585617587,-0.000164789548
1.0448979591836736,0.8163265306122449,0.000585697702,-0.000163701028
1.0448979591836736,0.8081632653061225,0.000585262623,-0.00016476935
1.0448979591836736,0.8,0.000585660521,-0.000164185864
1.036734693877551,1.2,0.000586444527,-0.000164613764
1.036734693877551,1.1918367346938774,0.000585689845,-0.000164485025
1.036734693877551,1.183673469387755,0.000587783116,-0.00016414826
1.036734693877551,1.1755102040816325,0.000586857087,-0.000163525019
1.036734693877551,1.1673469387755102,0.000585972072,-0.000163098853
1.036734693877551,1.1591836734693877,0.000586280077,-0.000163741651
1.036734693877551,1.1510204081632653,0.000586715157,-0.000163168056
1.036734693877551,1.1428571428571428,0.000585581458,-0.000162779494
1.036734693877551,1.1346938775510205,0.000586492539,-0.000162476479
1.036734693877551,1.126530612244898,0.000584525575,-0.000163761207
1.036734693877551,1.1183673469387754,0.000585698182,-0.000163372645
1.036734693877551,1.110204081632653,0.000585386918,-0.000163374797
1.036734693877551,1.1020408163265305,0.000585277765,-0.000162993331
1.036734693877551,1.0938775510204082,0.000585050354,-0.000163617439
1.036734693877551,1.0857142857142856,0.00058517465,-0.000162894682
1.036734693877551,1.0775510204081633,0.000586003409,-0.000162833025
1.036734693877551,1.0693877551020408,0.000585893489,-0.000161879025
1.036734693877551,1.0612244897959184,0.000585753285,-0.000162192797
1.036734693877551,1.0530612244897959,0.000586092821,-0.000163486773
1.036734693877551,1.0448979591836736,0.000586422007,-0.000162291446
1.036734693877551,1.036734693877551,0.000586908645,-0.00016310595
1.036734693877551,1.0285714285714285,0.000587554746,-0.000164728952
1.036734693877551,1.0204081632653061,0.000587318712,-0.000163956773
1.036734693877551,1.0122448979591836,0.000587803623,-0.000163554466
1.036734693877551,1.0040816326530613,0.000588122173,-0.00016326799
1.036734693877551,0.9959183673469387,0.000586567289,-0.000163054795
1.036734693877551,0.9877551020408163,0.00058684779,-0.000164348547
1.036734693877551,0.9795918367346939,0.000586316686,-0.000163595731
1.036734693877551,0.9714285714285714,0.000586946593,-0.000163226307
1.036734693877551,0.963265306122449,0.000585797465,-0.000164269678
1.036734693877551,0.9551020408163265,0.00058673787,-0.00016342014
1.036734693877551,0.9469387755102041,0.000586870503,-0.000163924532
1.036734693877551,0.9387755102040816,0.000587183587,-0.000163950543
1.036734693877551,0.9306122448979592,0.000586777545,-0.000163826974
1.036734693877551,0.9224489795918367,0.000587860933,-0.000163490627
1.036734693877551,0.9142857142857143,0.000587451631,-0.000162491733
1.036734693877551,0.9061224489795918,0.000587124938,-0.000164367685
1.036734693877551,0.8979591836734694,0.000586968253,-0.000164099256
1.036734693877551,0.889795918367347,0.000587421061,-0.000163498815
1.036734693877551,0.8816326530612244,0.000587138834,-0.000165248822
1.036734693877551,0.8734693877551021,0.000587873296,-0.000164025333
1.036734693877551,0.8653061224489795,0.000586415489,-0.000163728966
1.036734693877551,0.8571428571428572,0.000586682001,-0.000163265839
1.036734693877551,0.8489795918367347,0.00058688114,-0.000162906081
1.036734693877551,0.8408163265306122,0.00058714008,-0.000164469771
1.036734693877551,0.8326530612244898,0.000587204767,-0.000163691362
1.036734693877551,0.8244897959183674,0.000586154729,-0.000163643225
1.036734693877551,0.8163265306122449,0.000587141613,-0.000162789384
1.036734693877551,0.8081632653061225,0.000587379374,-0.000162402974
1.036734693877551,0.8,0.000586716403,-0.000162461001
1.0285714285714285,1.2,0.00058751076,-0.000163694798
1.0285714285714285,1.1918367346938774,0.000588841012,-0.000163750032
1.0285714285714285,1.183673469387755,0.000589250793,-0.000163533625
1.0285714285714285,1.1755102040816325,0.000588955723,-0.000163555751
1.0285714285714285,1.1673469387755102,0.00058934835,-0.000163483979
1.0285714285714285,1.1591836734693877,0.000588417815,-0.000163814932
1.0285714285714285,1.1510204081632653,0.000588665639,-0.000164616751
1.0285714285714285,1.1428571428571428,0.000588920841,-0.000164404647
1.0285714285714285,1.1346938775510205,0.000588854141,-0.000163942162
1.0285714285714285,1.126530612244898,0.00058832457,-0.000164711965
1.0285714285714285,1.1183673469387754,0.000588904166,-0.000164231207
1.0285714285714285,1.110204081632653,0.000588766455,-0.000163989432
1.0285714285714285,1.1020408163265305,0.000587970372,-0.000164714758
1.0285714285714285,1.0938775510204082,0.000588718443,-0.000164698862
1.0285714285714285,1.0857142857142856,0.000588807662,-0.000165028306
1.0285714285714285,1.0775510204081633,0.000588862192,-0.000165073231
1.0285714285714285,1.0693877551020408,0.000588986774,-0.000164580656
1.0285714285714285,1.0612244897959184,0.000588460462,-0.000163990298
1.0285714285714285,1.0530612244897959,0.000587928399,-0.000164451917
1.0285714285714285,1.0448979591836736,0.000588859413,-0.000164180277
1.0285714285714285,1.036734693877551,0.000588698509,-0.000164087439
1.0285714285714285,1.0285714285714285,0.00058742432,-0.000163907769
1.0285714285714285,1.0204081632653061,0.000587410904,-0.000164344468
1.0285714285714285,1.0122448979591836,0.000586325504,-0.000164876381
1.0285714285714285,1.0040816326530613,0.000587740183,-0.000165112344
1.0285714285714285,0.9959183673469387,0.000586653443,-0.000164050477
1.0285714285714285,0.9877551020408163,0.000587812921,-0.000164443118
1.0285714285714285,0.9795918367346939,0.000587724754,-0.000163442714
1.0285714285714285,0.9714285714285714,0.000587083251,-0.000164077131
1.0285714285714285,0.963265306122449,0.00058819625,-0.000162997634
1.0285714285714285,0.9551020408163265,0.000587808895,-0.000163493421
1.0285714285714285,0.9469387755102041,0.000586727234,-0.000163570587
1.0285714285714285,0.9387755102040816,0.000587547369,-0.000164001474
1.0285714285714285,0.9306122448979592,0.000586756844,-0.000162052464
1.0285714285714285,0.9224489795918367,0.000587654796,-0.000163222647
1.0285714285714285,0.9142857142857143,0.000587799025,-0.000163355464
1.0285714285714285,0.9061224489795918,0.00058685766,-0.000162512798
1.0285714285714285,0.8979591836734694,0.000587523123,-0.000163861784
1.0285714285714285,0.889795918367347,0.000587497631,-0.000162741247
1.0285714285714285,0.8816326530612244,0.000587010993,-0.000163123355
1.0285714285714285,0.8734693877551021,0.000587824804,-0.000163839433
1.0285714285714285,0.8653061224489795,0.000587867257,-0.000163441205
1.0285714285714285,0.8571428571428572,0.000586743429,-0.000164177065
1.0285714285714285,0.8489795918367347,0.000586824024,-0.000164135576
1.0285714285714285,0.8408163265306122,0.000586805816,-0.000164274623
1.0285714285714285,0.8326530612244898,0.000587481722,-0.000164043381
1.0285714285714285,0.8244897959183674,0.000588339999,-0.000164690481
1.0285714285714285,0.8163265306122449,0.000586763363,-0.000164372406
1.0285714285714285,0.8081632653061225,0.000587267441,-0.000165466289
1.0285714285714285,0.8,0.000586570069,-0.000164924293
1.0204081632653061,1.2,0.000586598146,-0.000165321012
1.0204081632653061,1.1918367346938774,0.000586551381,-0.000165272875
1.0204081632653061,1.183673469387755,0.000587099446,-0.000164457729
1.0204081632653061,1.1755102040816325,0.00058643523,-0.000165980797
1.0204081632653061,1.1673469387755102,0.000585124625,-0.000165136622
1.0204081632653061,1.1591836734693877,0.000585638288,-0.000164013291
1.0204081632653061,1.1510204081632653,0.00058577044,-0.000164578505
1.0204081632653061,1.1428571428571428,0.000584991706,-0.000164538331
1.0204081632653061,1.1346938775510205,0.000585313127,-0.000163988147
1.0204081632653061,1.126530612244898,0.000586245675,-0.000165703344
1.0204081632653061,1.1183673469387754,0.000585711792,-0.000164464183
1.0204081632653061,1.110204081632653,0.000587077693,-0.00016589268
1.0204081632653061,1.1020408163265305,0.000586809075,-0.000165166069
1.0204081632653061,1.0938775510204082,0.00058562899,-0.000165475538
1.0204081632653061,1.0857142857142856,0.000585592575,-0.000164933541
1.0204081632653061,1.0775510204081633,0.000585425826,-0.000165688733
1.0204081632653061,1.0693877551020408,0.000586201208,-0.000164302561
1.0204081632653061,1.0612244897959184,0.000586325024,-0.000164288817
1.0204081632653061,1.0530612244897959,0.000585067796,-0.000163923247
1.0204081632653061,1.0448979591836736,0.000584849009,-0.000163899388
1.0204081632653061,1.036734693877551,0.000585526642,-0.000165697757
1.0204081632653061,1.0285714285714285,0.000587286415,-0.000165652189
1.0204081632653061,1.0204081632653061,0.000587161547,-0.000164799439
1.0204081632653061,1.0122448979591836,0.000586921294,-0.00016464578
1.0204081632653061,1.0040816326530613,0.000587645692,-0.000165757935
1.0204081632653061,0.9959183673469387,0.000587479423,-0.000164835534
1.0204081632653061,0.9877551020408163,0.000587412437,-0.000164728727
1.0204081632653061,0.9795918367346939,0.000586532213,-0.000165054317
1.0204081632653061,0.9714285714285714,0.000585580212,-0.000164252048
1.0204081632653061,0.963265306122449,0.000585859853,-0.000164368328
1.0204081632653061,0.9551020408163265,0.000586157028,-0.000164469322
1.0204081632653061,0.9469387755102041,0.000586468773,-0.000164889483
1.0204081632653061,0.9387755102040816,0.000587855374,-0.000164644047
1.0204081632653061,0.9306122448979592,0.000587550914,-0.000163877904
1.0204081632653061,0.9224489795918367,0.000586370736,-0.000165228817
1.0204081632653061,0.9142857142857143,0.000587009747,-0.000164561742
1.0204081632653061,0.9061224489795918,0.000586646638,-0.000163886286
1.0204081632653061,0.8979591836734694,0.00058696902,-0.000163092623
1.0204081632653061,0.889795918367347,0.000586156742,-0.00016349859
1.0204081632653061,0.8816326530612244,0.00058687884,-0.000164013933
1.0204081632653061,0.8734693877551021,0.000586616834,-0.00016411451
1.0204081632653061,0.8653061224489795,0.000587325517,-0.000163416704
1.0204081632653061,0.8571428571428572,0.000586453631,-0.000164313094
1.0204081632653061,0.8489795918367347,0.000586038771,-0.000165096866
1.0204081632653061,0.8408163265306122,0.000587056992,-0.000163997395
1.0204081632653061,0.8326530612244898,0.000588232859,-0.000163976972
1.0204081632653061,0.8244897959183674,0.000587985994,-0.000164178992
1.0204081632653061,0.8163265306122449,0.000588044356,-0.000163864802
1.0204081632653061,0.8081632653061225,0.000585588549,-0.000164944492
1.0204081632653061,0.8,0.000587003422,-0.000164758817
1.0122448979591836,1.2,0.000586138534,-0.000164378636
1.0122448979591836,1.1918367346938774,0.000587211572,-0.000164444402
1.0122448979591836,1.183673469387755,0.00058778235,-0.000164414538
1.0122448979591836,1.1755102040816325,0.000586632263,-0.000164293538
1.0122448979591836,1.1673469387755102,0.000587667159,-0.000162777567
1.0122448979591836,1.1591836734693877,0.000586874815,-0.000163286904
1.0122448979591836,1.1510204081632653,0.000586526175,-0.000164137085
1.0122448979591836,1.1428571428571428,0.000586806869,-0.000162969921
1.0122448979591836,1.1346938775510205,0.000587503382,-0.000161945433
1.0122448979591836,1.126530612244898,0.000588473878,-0.000163437127
1.0122448979591836,1.1183673469387754,0.000587797779,-0.000164125267
1.0122448979591836,1.110204081632653,0.000587874828,-0.000163383178
1.0122448979591836,1.1020408163265305,0.000587916229,-0.000163145063
1.0122448979591836,1.0938775510204082,0.000588537032,-0.000163179455
1.0122448979591836,1.0857142857142856,0.000589116628,-0.000162698056
1.0122448979591836,1.0775510204081633,0.000588538565,-0.000162451335
1.0122448979591836,1.0693877551020408,0.000589112602,-0.000162220734
1.0122448979591836,1.0612244897959184,0.000587407645,-0.000163115198
1.0122448979591836,1.0530612244897959,0.000587415502,-0.000162136278
1.0122448979591836,1.0448979591836736,0.000587452111,-0.000163263912
1.0122448979591836,1.036734693877551,0.000588083744,-0.000163477749
1.0122448979591836,1.0285714285714285,0.000587436009,-0.000162832158
1.0122448979591836,1.0204081632653061,0.000587715651,-0.000162568674
1.0122448979591836,1.0122448979591836,0.000588040044,-0.000161907187
1.0122448979591836,1.0040816326530613,0.000587742676,-0.000162140999
1.0122448979591836,0.9959183673469387,0.000587777078,-0.000161877098
1.0122448979591836,0.9877551020408163,0.000587529734,-0.000161780181
1.0122448979591836,0.9795918367346939,0.000587146692,-0.000162458207
1.0122448979591836,0.9714285714285714,0.000587633042,-0.000161949961
1.0122448979591836,0.963265306122449,0.000589505228,-0.000163252736
1.0122448979591836,0.9551020408163265,0.000588927646,-0.000162827213
1.0122448979591836,0.9469387755102041,0.000588291507,-0.000163142687
1.0122448979591836,0.9387755102040816,0.000587816466,-0.000163427461
1.0122448979591836,0.9306122448979592,0.000587931658,-0.000162833667
1.0122448979591836,0.9224489795918367,0.000588334921,-0.000163835355
1.0122448979591836,0.9142857142857143,0.00058839127,-0.000162600273
1.0122448979591836,0.9061224489795918,0.00058858629,-0.000163266063
1.0122448979591836,0.8979591836734694,0.000588413503,-0.000162318517
1.0122448979591836,0.889795918367347,0.000588626251,-0.000162500981
1.0122448979591836,0.8816326530612244,0.000588780351,-0.00016312207
1.0122448979591836,0.8734693877551021,0.000587527435,-0.000161937276
1.0122448979591836,0.8653061224489795,0.0005871189,-0.00016211091
1.0122448979591836,0.8571428571428572,0.000588595681,-0.000161652727
1.0122448979591836,0.8489795918367347,0.000588208326,-0.000162603484
1.0122448979591836,0.8408163265306122,0.00058734679,-0.000162928432
1.0122448979591836,0.8326530612244898,0.000587372089,-0.000162963242
1.0122448979591836,0.8244897959183674,0.000587905399,-0.000163488058
1.0122448979591836,0.8163265306122449,0.000587111329,-0.000162453262
1.0122448979591836,0.8081632653061225,0.000586945826,-0.000162773713
1.0122448979591836,0.8,0.000586533746,-0.000162408786
1.0040816326530613,1.2,0.000586655262,-0.000165596313
1.0040816326530613,1.1918367346938774,0.000587136535,-0.000164023824
1.0040816326530613,1.183673469387755,0.000586822011,-0.000164741187
1.0040816326530613,1.1755102040816325,0.000587017031,-0.000163854912
1.0040816326530613,1.1673469387755102,0.000586679795,-0.000164394756
1.0040816326530613,1.1591836734693877,0.000587155029,-0.00016422928
1.0040816326530613,1.1510204081632653,0.000587827583,-0.000165676915
1.0040816326530613,1.1428571428571428,0.000587997877,-0.00016506228
1.0040816326530613,1.1346938775510205,0.000587915749,-0.00016536658
1.0040816326530613,1.126530612244898,0.000588121406,-0.000164592056
1.0040816326530613,1.1183673469387754,0.000587964527,-0.000164507375
1.0040816326530613,1.110204081632653,0.000588754378,-0.000164227996
1.0040816326530613,1.1020408163265305,0.000587385698,-0.000165422455
1.0040816326530613,1.0938775510204082,0.000586854115,-0.000164827377
1.0040816326530613,1.0857142857142856,0.000587598926,-0.000164326421
1.0040816326530613,1.0775510204081633,0.000587329829,-0.000165073231
1.0040816326530613,1.0693877551020408,0.000586726274,-0.000164054556
1.0040816326530613,1.0612244897959184,0.000587878854,-0.000163881983
1.0040816326530613,1.0530612244897959,0.000587560498,-0.000164216178
1.0040816326530613,1.0448979591836736,0.000586798245,-0.000163253379
1.0040816326530613,1.036734693877551,0.000585584237,-0.00016421316
1.0040816326530613,1.0285714285714285,0.000585767181,-0.000164330499
1.0040816326530613,1.0204081632653061,0.000587461215,-0.000163751541
1.0040816326530613,1.0122448979591836,0.000588506748,-0.000164688972
1.0040816326530613,1.0040816326530613,0.000587662847,-0.000163742742
1.0040816326530613,0.9959183673469387,0.000586688806,-0.0001649013
1.0040816326530613,0.9877551020408163,0.00058663025,-0.000164292671
1.0040816326530613,0.9795918367346939,0.000587839946,-0.000164048101
1.0040816326530613,0.9714285714285714,0.000587426619,-0.000164264957
1.0040816326530613,0.963265306122449,0.000587998644,-0.000165066359
1.0040816326530613,0.9551020408163265,0.000587794713,-0.000163521583
1.0040816326530613,0.9469387755102041,0.000587940568,-0.000163130003
1.0040816326530613,0.9387755102040816,0.000587732612,-0.000163567568
1.0040816326530613,0.9306122448979592,0.000587018084,-0.000164771919
1.0040816326530613,0.9224489795918367,0.000586928385,-0.000163095417
1.0040816326530613,0.9142857142857143,0.000586425073,-0.000163347725
1.0040816326530613,0.9061224489795918,0.000587028914,-0.000164261939
1.0040816326530613,0.8979591836734694,0.000587378127,-0.000163136457
1.0040816326530613,0.889795918367347,0.000587326283,-0.000163465707
1.0040816326530613,0.8816326530612244,0.000586997864,-0.000162702776
1.0040816326530613,0.8734693877551021,0.000587571901,-0.0001634326
1.0040816326530613,0.8653061224489795,0.000587289674,-0.000162460359
1.0040816326530613,0.8571428571428572,0.000587515552,-0.000162579207
1.0040816326530613,0.8489795918367347,0.000587149184,-0.000162694395
1.0040816326530613,0.8408163265306122,0.000588422607,-0.00016324307
1.0040816326530613,0.8326530612244898,0.000587450865,-0.000163231028
1.0040816326530613,0.8244897959183674,0.000587854894,-0.000163321072
1.0040816326530613,0.8163265306122449,0.000587492552,-0.000164055423
1.0040816326530613,0.8081632653061225,0.000587838699,-0.000164100123
1.0040816326530613,0.8,0.000588251833,-0.000163513202
0.9959183673469387,1.2,0.000588091602,-0.000163382311
0.9959183673469387,1.1918367346938774,0.000588580732,-0.000163951185
0.9959183673469387,1.183673469387755,0.000588982269,-0.000164137085
0.9959183673469387,1.1755102040816325,0.000589451658,-0.000164714116
0.9959183673469387,1.1673469387755102,0.000589966374,-0.000164204778
0.9959183673469387,1.1591836734693877,0.000590247547,-0.000164280629
0.9959183673469387,1.1510204081632653,0.000589453957,-0.000163606682
0.9959183673469387,1.1428571428571428,0.000589898335,-0.000164577862
0.9959183673469387,1.1346938775510205,0.000588834687,-0.000163033953
0.9959183673469387,1.126530612244898,0.000589515579,-0.000163891231
0.9959183673469387,1.1183673469387754,0.000588494098,-0.000163705331
0.9959183673469387,1.110204081632653,0.00058919521,-0.000164677797
0.9959183673469387,1.1020408163265305,0.000588660561,-0.000163994601
0.9959183673469387,1.0938775510204082,0.000589154289,-0.000163503536
0.9959183673469387,1.0857142857142856,0.000590258664,-0.00016408487
0.9959183673469387,1.0775510204081633,0.000589520657,-0.000164398417
0.9959183673469387,1.0693877551020408,0.000589712705,-0.000163461853
0.9959183673469387,1.0612244897959184,0.000587356854,-0.000163881983
0.9959183673469387,1.0530612244897959,0.000590117694,-0.000163314842
0.9959183673469387,1.0448979591836736,0.00058924878,-0.000163760147
0.9959183673469387,1.036734693877551,0.000590251093,-0.000163785485
0.9959183673469387,1.0285714285714285,0.000588312687,-0.000164251406
0.9959183673469387,1.0204081632653061,0.000587692937,-0.000164311167
0.9959183673469387,1.0122448979591836,0.00058836779,-0.000164309658
0.9959183673469387,1.0040816326530613,0.000588852129,-0.000164475777
0.9959183673469387,0.9959183673469387,0.000587290727,-0.000164122474
0.9959183673469387,0.9877551020408163,0.000586996331,-0.000164371121
0.9959183673469387,0.9795918367346939,0.000588007748,-0.000164487819
0.9959183673469387,0.9714285714285714,0.000588438515,-0.000165023585
0.9959183673469387,0.963265306122449,0.000587242429,-0.000165489089
0.9959183673469387,0.9551020408163265,0.000586137574,-0.000164545846
0.9959183673469387,0.9469387755102041,0.000587740469,-0.000165029173
0.9959183673469387,0.9387755102040816,0.000588236118,-0.000165515935
0.9959183673469387,0.9306122448979592,0.00058717343,-0.000165150815
0.9959183673469387,0.9224489795918367,0.00058697841,-0.000165315649
0.9959183673469387,0.9142857142857143,0.000586939982,-0.000165473611
0.9959183673469387,0.9061224489795918,0.000587320531,-0.000164946001
0.9959183673469387,0.8979591836734694,0.000588338466,-0.000163863711
0.9959183673469387,0.889795918367347,0.000587905685,-0.000164976315
0.9959183673469387,0.8816326530612244,0.000589043123,-0.000164907112
0.9959183673469387,0.8734693877551021,0.00058982713,-0.000165208618
0.9959183673469387,0.8653061224489795,0.000588129264,-0.000165551612
0.9959183673469387,0.8571428571428572,0.000588376894,-0.0001659088
0.9959183673469387,0.8489795918367347,0.000588835454,-0.000165365295
0.9959183673469387,0.8408163265306122,0.000588862479,-0.00016583035
0.9959183673469387,0.8326530612244898,0.000589240923,-0.00016558578
0.9959183673469387,0.8244897959183674,0.000588935503,-0.000164573559
0.9959183673469387,0.8163265306122449,0.000588131276,-0.00016366214
0.9959183673469387,0.8081632653061225,0.000587657768,-0.000164444402
0.9959183673469387,0.8,0.000587803337,-0.000164764404
0.9877551020408163,1.2,0.00059092288,-0.000164140521
0.9877551020408163,1.1918367346938774,0.000590112902,-0.000162841406
0.9877551020408163,1.183673469387755,0.000588527735,-0.00016234774
0.9877551020408163,1.1755102040816325,0.000590034319,-0.000161787054
0.9877551020408163,1.1673469387755102,0.000590492113,-0.000161312975
0.9877551020408163,1.1591836734693877,0.000589393776,-0.000161438023
0.9877551020408163,1.1510204081632653,0.000591556813,-0.000162249315
0.9877551020408163,1.1428571428571428,0.000590367051,-0.000161838209
0.9877551020408163,1.1346938775510205,0.000590652057,-0.000161712906
0.9877551020408163,1.126530612244898,0.000590106004,-0.000162348189
0.9877551020408163,1.1183673469387754,0.000589540111,-0.000163012245
0.9877551020408163,1.110204081632653,0.000590352102,-0.000162753289
0.9877551020408163,1.1020408163265305,0.000590362259,-0.00016249109
0.9877551020408163,1.0938775510204082,0.000590188705,-0.000161615765
0.9877551020408163,1.0857142857142856,0.000590455504,-0.000162627986
0.9877551020408163,1.0775510204081633,0.000590373855,-0.000162030981
0.9877551020408163,1.0693877551020408,0.000590115108,-0.000161868716
0.9877551020408163,1.0612244897959184,0.000589321805,-0.000161762552
0.9877551020408163,1.0530612244897959,0.000589496891,-0.000161966723
0.9877551020408163,1.0448979591836736,0.000590504762,-0.000161846366
0.9877551020408163,1.036734693877551,0.000590078499,-0.000161950603
0.9877551020408163,1.0285714285714285,0.000591199069,-0.000162274459
0.9877551020408163,1.0204081632653061,0.000592590176,-0.00016232905
0.9877551020408163,1.0122448979591836,0.000591071422,-0.000161798229
0.9877551020408163,1.0040816326530613,0.000591830222,-0.000162159913
0.9877551020408163,0.9959183673469387,0.000590488087,-0.000162854733
0.9877551020408163,0.9877551020408163,0.000590550475,-0.000161397431
0.9877551020408163,0.9795918367346939,0.000591386805,-0.000161914702
0.9877551020408163,0.9714285714285714,0.000591727874,-0.000161536897
0.9877551020408163,0.963265306122449,0.000590726041,-0.000162639386
0.9877551020408163,0.9551020408163265,0.000590636148,-0.000160575382
0.9877551020408163,0.9469387755102041,0.000590778651,-0.000161491972
0.9877551020408163,0.9387755102040816,0.000589344038,-0.000161318981
0.9877551020408163,0.9306122448979592,0.000591702095,-0.000161792641
0.9877551020408163,0.9224489795918367,0.000589960049,-0.000161879025
0.9877551020408163,0.9142857142857143,0.000590287222,-0.000161900315
0.9877551020408163,0.9061224489795918,0.000589748834,-0.00016167572
0.9877551020408163,0.8979591836734694,0.000589868817,-0.00016185539
0.9877551020408163,0.889795918367347,0.000590598487,-0.00016240384
0.9877551020408163,0.8816326530612244,0.000590227807,-0.000161465767
0.9877551020408163,0.8734693877551021,0.000589125731,-0.000161504014
0.9877551020408163,0.8653061224489795,0.000590394362,-0.000161269977
0.9877551020408163,0.8571428571428572,0.0005898577,-0.000161862486
0.9877551020408163,0.8489795918367347,0.000589755638,-0.00016138388
0.9877551020408163,0.8408163265306122,0.00058971721,-0.000161174346
0.9877551020408163,0.8326530612244898,0.000590127564,-0.00016227038
0.9877551020408163,0.8244897959183674,0.000590743769,-0.00015985911
0.9877551020408163,0.8163265306122449,0.000590191198,-0.00015875553
0.9877551020408163,0.8081632653061225,0.000589910504,-0.000160038331
0.9877551020408163,0.8,0.00058890244,-0.000160966096
0.9795918367346939,1.2,0.000592500763,-0.000161004984
0.9795918367346939,1.1918367346938774,0.000592941401,-0.000161131796
0.9795918367346939,1.183673469387755,0.000593301158,-0.00016083286
0.9795918367346939,1.1755102040816325,0.000593638488,-0.000160814588
0.9795918367346939,1.1673469387755102,0.000593296846,-0.000160415076
0.9795918367346939,1.1591836734693877,0.000593647785,-0.000160976629
0.9795918367346939,1.1510204081632653,0.000594135955,-0.000159740037
0.9795918367346939,1.1428571428571428,0.000594134229,-0.000161192393
0.9795918367346939,1.1346938775510205,0.000595684994,-0.000160652324
0.9795918367346939,1.126530612244898,0.000593675863,-0.000160267422
0.9795918367346939,1.1183673469387754,0.000595297159,-0.000161900733
0.9795918367346939,1.110204081632653,0.000595241576,-0.000161453501
0.9795918367346939,1.1020408163265305,0.000595630943,-0.000160916674
0.9795918367346939,1.0938775510204082,0.000594661501,-0.000160941594
0.9795918367346939,1.0857142857142856,0.000595320925,-0.000162464661
0.9795918367346939,1.0775510204081633,0.000596143073,-0.000160935364
0.9795918367346939,1.0693877551020408,0.000595030361,-0.000160465139
0.9795918367346939,1.0612244897959184,0.000594113722,-0.000159732747
0.9795918367346939,1.0530612244897959,0.000592879207,-0.000159914119
0.9795918367346939,1.0448979591836736,0.00059490252,-0.000160743234
0.9795918367346939,1.036734693877551,0.000595295913,-0.00016041636
0.9795918367346939,1.0285714285714285,0.000595177656,-0.000160604187
0.9795918367346939,1.0204081632653061,0.00059544848,-0.000161034014
0.9795918367346939,1.0122448979591836,0.000594794133,-0.000160732702
0.9795918367346939,1.0040816326530613,0.000594787522,-0.000161605875
0.9795918367346939,0.9959183673469387,0.00059472868,-0.000161081733
0.9795918367346939,0.9877551020408163,0.000594972765,-0.00016085155
0.9795918367346939,0.9795918367346939,0.000594428052,-0.000161913192
0.9795918367346939,0.9714285714285714,0.00059454401,-0.000160677692
0.9795918367346939,0.963265306122449,0.000593257744,-0.00016218313
0.9795918367346939,0.9551020408163265,0.000592158642,-0.000161916853
0.9795918367346939,0.9469387755102041,0.000594434857,-0.000161324344
0.9795918367346939,0.9387755102040816,0.000593060138,-0.000160954921
0.9795918367346939,0.9306122448979592,0.000593049502,-0.000161189599
0.9795918367346939,0.9224489795918367,0.000593537672,-0.000162220959
0.9795918367346939,0.9142857142857143,0.000594785509,-0.000161547012
0.9795918367346939,0.9061224489795918,0.000593826703,-0.000162004745
0.9795918367346939,0.8979591836734694,0.000592897415,-0.00016193641
0.9795918367346939,0.889795918367347,0.000592536412,-0.000160528754
0.9795918367346939,0.8816326530612244,0.000592596021,-0.000160299021
0.9795918367346939,0.8734693877551021,0.000592998517,-0.00016060332
0.9795918367346939,0.8653061224489795,0.000593335274,-0.000160474388
0.9795918367346939,0.8571428571428572,0.000593143033,-0.000161093101
0.9795918367346939,0.8489795918367347,0.000593134409,-0.000159745207
0.9795918367346939,0.8408163265306122,0.000591927206,-0.000161101065
0.9795918367346939,0.8326530612244898,0.000592670771,-0.000161193678
0.9795918367346939,0.8244897959183674,0.000592156149,-0.000161026692
0.9795918367346939,0.8163265306122449,0.000593263783,-0.000161012948
0.9795918367346939,0.8081632653061225,0.000592462335,-0.000161499935
0.9795918367346939,0.8,0.000591368883,-0.000161274922
0.9714285714285714,1.2,0.000593195837,-0.000163082733
0.9714285714285714,1.1918367346938774,0.000593128851,-0.000162860738
0.9714285714285714,1.183673469387755,0.000593794406,-0.000162140999
0.9714285714285714,1.1755102040816325,0.000593688992,-0.000162713952
0.9714285714285714,1.1673469387755102,0.000593534893,-0.000162033775
0.9714285714285714,1.1591836734693877,0.000592577813,-0.000162288652
0.9714285714285714,1.1510204081632653,0.000593279978,-0.000161944791
0.9714285714285714,1.1428571428571428,0.000592768808,-0.000161789623
0.9714285714285714,1.1346938775510205,0.000592590462,-0.000160815649
0.9714285714285714,1.126530612244898,0.000592821898,-0.000160804056
0.9714285714285714,1.1183673469387754,0.000593091475,-0.000161979826
0.9714285714285714,1.110204081632653,0.000592707953,-0.000161166607
0.9714285714285714,1.1020408163265305,0.000591939089,-0.000160595806
0.9714285714285714,1.0938775510204082,0.000593582138,-0.000162291446
0.9714285714285714,1.0857142857142856,0.000592567943,-0.000162324329
0.9714285714285714,1.0775510204081633,0.000593305183,-0.000161792223
0.9714285714285714,1.0693877551020408,0.000593385585,-0.00016154849
0.9714285714285714,1.0612244897959184,0.000592692524,-0.000161903526
0.9714285714285714,1.0530612244897959,0.000591510047,-0.000163201999
0.9714285714285714,1.0448979591836736,0.000593746874,-0.000163741426
0.9714285714285714,1.036734693877551,0.000592777432,-0.000162794972
0.9714285714285714,1.0285714285714285,0.000592462335,-0.000164013291
0.9714285714285714,1.0204081632653061,0.00059238126,-0.000164505866
0.9714285714285714,1.0122448979591836,0.000591571475,-0.0001627767
0.9714285714285714,1.0040816326530613,0.000592691758,-0.000164035866
0.9714285714285714,0.9959183673469387,0.000593294067,-0.000163200297
0.9714285714285714,0.9877551020408163,0.000594254212,-0.000164338881
0.9714285714285714,0.9795918367346939,0.000593536906,-0.00016417684
0.9714285714285714,0.9714285714285714,0.000592482556,-0.000163931629
0.9714285714285714,0.963265306122449,0.000592547242,-0.000164084003
0.9714285714285714,0.9551020408163265,0.000592457543,-0.00016530168
0.9714285714285714,0.9469387755102041,0.000591867597,-0.000165050238
0.9714285714285714,0.9387755102040816,0.000593139967,-0.000164493406
0.9714285714285714,0.9306122448979592,0.000592313507,-0.000165384209
0.9714285714285714,0.9224489795918367,0.000592028022,-0.00016522689
0.9714285714285714,0.9142857142857143,0.000591082825,-0.00016518585
0.9714285714285714,0.9061224489795918,0.000591642486,-0.000165874408
0.9714285714285714,0.8979591836734694,0.000591398401,-0.000165402257
0.9714285714285714,0.889795918367347,0.000592106318,-0.000165614361
0.9714285714285714,0.8816326530612244,0.000593244042,-0.000164779882
0.9714285714285714,0.8734693877551021,0.000592130084,-0.000164768707
0.9714285714285714,0.8653061224489795,0.000592438376,-0.000164747642
0.9714285714285714,0.8571428571428572,0.000592998711,-0.000166373213
0.9714285714285714,0.8489795918367347,0.000593701928,-0.000164734315
0.9714285714285714,0.8408163265306122,0.000592464634,-0.000165178111
0.9714285714285714,0.8326530612244898,0.000593160474,-0.000165234853
0.9714285714285714,0.8244897959183674,0.000592926739,-0.000165214205
0.9714285714285714,0.8163265306122449,0.000593722342,-0.000164665337
0.9714285714285714,0.8081632653061225,0.000593358274,-0.000165232253
0.9714285714285714,0.8,0.000593999011,-0.000165464587
0.963265306122449,1.2,0.000592422947,-0.000164688105
0.963265306122449,1.1918367346938774,0.000591692797,-0.00016518434
0.963265306122449,1.183673469387755,0.000591182394,-0.000164455578
0.963265306122449,1.1755102040816325,0.000592711978,-0.000163799036
0.963265306122449,1.1673469387755102,0.000592273833,-0.000164720346
0.963265306122449,1.1591836734693877,0.000591588436,-0.000164367685
0.963265306122449,1.1510204081632653,0.000593050555,-0.00016508097
0.963265306122449,1.1428571428571428,0.000592380973,-0.000166172926
0.963265306122449,1.1346938775510205,0.000592633109,-0.000165416226
0.963265306122449,1.126530612244898,0.000591611149,-0.000165337999
0.963265306122449,1.1183673469387754,0.000592625058,-0.0001652617
0.963265306122449,1.110204081632653,0.000591906505,-0.000166389333
0.963265306122449,1.1020408163265305,0.00059131608,-0.00016500618
0.963265306122449,1.0938775510204082,0.000592449972,-0.000164186731
0.963265306122449,1.0857142857142856,0.000592100279,-0.000163799678
0.963265306122449,1.0775510204081633,0.000590829442,-0.000163608191
0.963265306122449,1.0693877551020408,0.000590972712,-0.000164607952
0.963265306122449,1.0612244897959184,0.000590932464,-0.000164064446
0.963265306122449,1.0530612244897959,0.000591451971,-0.00016416695
0.963265306122449,1.0448979591836736,0.00059205428,-0.00016380289
0.963265306122449,1.036734693877551,0.000592214797,-0.000164783961
0.963265306122449,1.0285714285714285,0.000591545983,-0.000164198773
0.963265306122449,1.0204081632653061,0.000592282457,-0.000163292492
0.963265306122449,1.0122448979591836,0.000591861753,-0.000164014158
0.963265306122449,1.0040816326530613,0.000591057332,-0.000164092384
0.963265306122449,0.9959183673469387,0.000591060592,-0.000163975045
0.963265306122449,0.9877551020408163,0.000591499217,-0.000164430434
0.963265306122449,0.9795918367346939,0.000591872103,-0.000163889722
0.963265306122449,0.9714285714285714,0.000592855728,-0.000163494287
0.963265306122449,0.963265306122449,0.000591958829,-0.000164881968
0.963265306122449,0.9551020408163265,0.000591630317,-0.000164962764
0.963265306122449,0.9469387755102041,0.00059208667,-0.000164267109
0.963265306122449,0.9387755102040816,0.000591498451,-0.000164100766
0.963265306122449,0.9306122448979592,0.000591070462,-0.000163993735
0.963265306122449,0.9224489795918367,0.000591783743,-0.000164542634
0.963265306122449,0.9142857142857143,0.000592535646,-0.000165221078
0.963265306122449,0.9061224489795918,0.00059260915,-0.000165182189
0.963265306122449,0.8979591836734694,0.000592167459,-0.000165100945
0.963265306122449,0.889795918367347,0.000590846597,-0.000164002983
0.963265306122449,0.8816326530612244,0.000591609903,-0.000164449348
0.963265306122449,0.8734693877551021,0.000590720289,-0.000165517445
0.963265306122449,0.8653061224489795,0.000590655316,-0.000165360992
0.963265306122449,0.8571428571428572,0.000590560825,-0.000164711965
0.963265306122449,0.8489795918367347,0.000591007021,-0.000164088948
0.963265306122449,0.8408163265306122,0.000590699302,-0.000164500503
0.963265306122449,0.8326530612244898,0.000590883492,-0.000164630302
0.963265306122449,0.8244897959183674,0.000591340806,-0.000164202851
0.963265306122449,0.8163265306122449,0.000591956244,-0.000163430897
0.963265306122449,0.8081632653061225,0.000591073241,-0.000163579835
0.963265306122449,0.8,0.000590701029,-0.000164041454
0.9551020408163265,1.2,0.000590318273,-0.000164894428
0.9551020408163265,1.1918367346938774,0.000590480516,-0.00016507474
0.9551020408163265,1.183673469387755,0.000589947399,-0.000165178753
0.9551020408163265,1.1755102040816325,0.000589623005,-0.000165083539
0.9551020408163265,1.1673469387755102,0.000589903413,-0.000165337132
0.9551020408163265,1.1591836734693877,0.000590073994,-0.000164796645
0.9551020408163265,1.1510204081632653,0.000589708873,-0.000166183877
0.9551020408163265,1.1428571428571428,0.00059030313,-0.000165560218
0.9551020408163265,1.1346938775510205,0.000590285209,-0.000166255231
0.9551020408163265,1.126530612244898,0.000590922401,-0.000165735585
0.9551020408163265,1.1183673469387754,0.000589267468,-0.000165043142
0.9551020408163265,1.110204081632653,0.000591180381,-0.00016546372
0.9551020408163265,1.1020408163265305,0.000591519151,-0.000165559994
0.9551020408163265,1.0938775510204082,0.000591384506,-0.000165630705
0.9551020408163265,1.0857142857142856,0.000591404726,-0.000164807178
0.9551020408163265,1.0775510204081633,0.000591177316,-0.000164976733
0.9551020408163265,1.0693877551020408,0.000592060891,-0.000166339912
0.9551020408163265,1.0612244897959184,0.000590819572,-0.000165122653
0.9551020408163265,1.0530612244897959,0.000590176056,-0.000165308777
0.9551020408163265,1.0448979591836736,0.000589015046,-0.000166155939
0.9551020408163265,1.036734693877551,0.000590062111,-0.000165804563
0.9551020408163265,1.0285714285714285,0.000591238457,-0.000165467799
0.9551020408163265,1.0204081632653061,0.000590286935,-0.000164939547
0.9551020408163265,1.0122448979591836,0.00059080491,-0.000165919333
0.9551020408163265,1.0040816326530613,0.000589581798,-0.000166061592
0.9551020408163265,0.9959183673469387,0.000589877154,-0.0001660386
0.9551020408163265,0.9877551020408163,0.000590441321,-0.000166028291
0.9551020408163265,0.9795918367346939,0.000590397142,-0.00016764956
0.9551020408163265,0.9714285714285714,0.000588571628,-0.000165321012
0.9551020408163265,0.963265306122449,0.000590463841,-0.000166737915
0.9551020408163265,0.9551020408163265,0.000590262976,-0.000166599092
0.9551020408163265,0.9469387755102041,0.000589470346,-0.000166187956
0.9551020408163265,0.9387755102040816,0.000589803077,-0.000166528381
0.9551020408163265,0.9306122448979592,0.000589999917,-0.000165123519
0.9551020408163265,0.9224489795918367,0.000589526695,-0.000167094879
0.9551020408163265,0.9142857142857143,0.000590319805,-0.000166149709
0.9551020408163265,0.9061224489795918,0.000589728327,-0.000167304638
0.9551020408163265,0.8979591836734694,0.000589473411,-0.000166795943
0.9551020408163265,0.889795918367347,0.000588976904,-0.00016533026
0.9551020408163265,0.8816326530612244,0.000589208626,-0.000165587738
0.9551020408163265,0.8734693877551021,0.000590763989,-0.000165926205
0.9551020408163265,0.8653061224489795,0.000589570682,-0.000165751063
0.9551020408163265,0.8571428571428572,0.000589466607,-0.000164837043
0.9551020408163265,0.8489795918367347,0.000589573174,-0.000164766331
0.9551020408163265,0.8408163265306122,0.000589055006,-0.000165143718
0.9551020408163265,0.8326530612244898,0.000589954204,-0.000164891634
0.9551020408163265,0.8244897959183674,0.000589479163,-0.000165665098
0.9551020408163265,0.8163265306122449,0.000589775092,-0.000165187134
0.9551020408163265,0.8081632653061225,0.000588831428,-0.000165053674
0.9551020408163265,0.8,0.000588569902,-0.000165108266
0.9469387755102041,1.2,0.000588970866,-0.000165453187
0.9469387755102041,1.1918367346938774,0.000589384479,-0.000166145631
0.9469387755102041,1.183673469387755,0.000590617461,-0.000165819399
0.9469387755102041,1.1755102040816325,0.000590565903,-0.000165653923
0.9469387755102041,1.1673469387755102,0.000589702834,-0.000166162618
0.9469387755102041,1.1591836734693877,0.000589611316,-0.000166218269
0.9469387755102041,1.1510204081632653,0.000590363025,-0.000166257158
0.9469387755102041,1.1428571428571428,0.00058997845,-0.000166406963
0.9469387755102041,1.1346938775510205,0.000589651757,-0.00016559095
0.9469387755102041,1.126530612244898,0.000589001436,-0.000165630063
0.9469387755102041,1.1183673469387754,0.000590100733,-0.000167727561
0.9469387755102041,1.110204081632653,0.00058994462,-0.000165426758
0.9469387755102041,1.1020408163265305,0.000591379427,-0.000165363786
0.9469387755102041,1.0938775510204082,0.000590231639,-0.000166114257
0.9469387755102041,1.0857142857142856,0.000591528255,-0.000166137249
0.9469387755102041,1.0775510204081633,0.000589675523,-0.000166028709
0.9469387755102041,1.0693877551020408,0.00059013207,-0.000166232881
0.9469387755102041,1.0612244897959184,0.000590867584,-0.000166571797
0.9469387755102041,1.0530612244897959,0.000590717224,-0.000165517445
0.9469387755102041,1.0448979591836736,0.00058915151,-0.000165612434
0.9469387755102041,1.036734693877551,0.000589178055,-0.000165849906
0.9469387755102041,1.0285714285714285,0.000589796559,-0.000166269618
0.9469387755102041,1.0204081632653061,0.000589036512,-0.000166859976
0.9469387755102041,1.0122448979591836,0.000589900634,-0.000167380713
0.9469387755102041,1.0040816326530613,0.000589785442,-0.000165820684
0.9469387755102041,0.9959183673469387,0.000589927179,-0.00016510955
0.9469387755102041,0.9877551020408163,0.000589152277,-0.00016560341
0.9469387755102041,0.9795918367346939,0.0005889034,-0.000165048729
0.9469387755102041,0.9714285714285714,0.000590333221,-0.000166546428
0.9469387755102041,0.963265306122449,0.000589735418,-0.000165702059
0.9469387755102041,0.9551020408163265,0.000590463841,-0.000165049596
0.9469387755102041,0.9469387755102041,0.000590147018,-0.000164841988
0.9469387755102041,0.9387755102040816,0.000589100719,-0.00016587656
0.9469387755102041,0.9306122448979592,0.000589467853,-0.000165764165
0.9469387755102041,0.9224489795918367,0.000589863259,-0.000165237423
0.9469387755102041,0.9142857142857143,0.000589844285,-0.000164886465
0.9469387755102041,0.9061224489795918,0.000590180368,-0.000164487176
0.9469387755102041,0.8979591836734694,0.000590655602,-0.000164619545
0.9469387755102041,0.889795918367347,0.000590139927,-0.000164923008
0.9469387755102041,0.8816326530612244,0.000591164186,-0.000165764808
0.9469387755102041,0.8734693877551021,0.000590882726,-0.000166164963
0.9469387755102041,0.8653061224489795,0.000591014399,-0.000164285156
0.9469387755102041,0.8571428571428572,0.000591382973,-0.000165748687
0.9469387755102041,0.8489795918367347,0.000590442854,-0.000165907934
0.9469387755102041,0.8408163265306122,0.00058949967,-0.000165605561
0.9469387755102041,0.8326530612244898,0.000589076473,-0.000164528216
0.9469387755102041,0.8244897959183674,0.000589487307,-0.000164146751
0.9469387755102041,0.8163265306122449,0.00058984831,-0.000164928596
0.9469387755102041,0.8081632653061225,0.000590358233,-0.00016456582
0.9469387755102041,0.8,0.00059075134,-0.000165056244
0.9387755102040816,1.2,0.000589006228,-0.000163736063
0.9387755102040816,1.1918367346938774,0.000590165706,-0.000164640193
0.9387755102040816,1.183673469387755,0.000589679068,-0.000163465289
0.9387755102040816,1.1755102040816325,0.000589512799,-0.000164103559
0.9387755102040816,1.1673469387755102,0.000590579032,-0.00016366686
0.9387755102040816,1.1591836734693877,0.000590023203,-0.00016479793
0.9387755102040816,1.1510204081632653,0.000589710885,-0.000164464601
0.9387755102040816,1.1428571428571428,0.00058949967,-0.00016475689
0.9387755102040816,1.1346938775510205,0.000589081265,-0.000163399074
0.9387755102040816,1.126530612244898,0.000590126798,-0.000163719943
0.9387755102040816,1.1183673469387754,0.000589076187,-0.000164456862
0.9387755102040816,1.110204081632653,0.000589660667,-0.000164104844
0.9387755102040816,1.1020408163265305,0.000589492099,-0.000164004267
0.9387755102040816,1.0938775510204082,0.000588377374,-0.000164509302
0.9387755102040816,1.0857142857142856,0.000590046682,-0.000165381191
0.9387755102040816,1.0775510204081633,0.000589108577,-0.00016466447
0.9387755102040816,1.0693877551020408,0.000590164173,-0.000164825868
0.9387755102040816,1.0612244897959184,0.000591182394,-0.000165310704
0.9387755102040816,1.0530612244897959,0.000589741936,-0.000164625357
0.9387755102040816,1.0448979591836736,0.000591612682,-0.000165608773
0.9387755102040816,1.036734693877551,0.000590380467,-0.000165139415
0.9387755102040816,1.0285714285714285,0.000591124512,-0.000165177468
0.9387755102040816,1.0204081632653061,0.000589759664,-0.000165110417
0.9387755102040816,1.0122448979591836,0.000590970126,-0.000164813408
0.9387755102040816,1.0040816326530613,0.000589475138,-0.000165011767
0.9387755102040816,0.9959183673469387,0.000591103525,-0.00016525547
0.9387755102040816,0.9877551020408163,0.000591328156,-0.000164819413
0.9387755102040816,0.9795918367346939,0.000591374922,-0.000164639101
0.9387755102040816,0.9714285714285714,0.000590970126,-0.000164837043
0.9387755102040816,0.963265306122449,0.000592114462,-0.000163839433
0.9387755102040816,0.9551020408163265,0.000591054267,-0.000164601079
0.9387755102040816,0.9469387755102041,0.000590637875,-0.000165256337
0.9387755102040816,0.9387755102040816,0.000591845364,-0.000165119441
0.9387755102040816,0.9306122448979592,0.000591412297,-0.000165635426
0.9387755102040816,0.9224489795918367,0.000590575487,-0.000166190556
0.9387755102040816,0.9142857142857143,0.000590052721,-0.000164426131
0.9387755102040816,0.9061224489795918,0.000589974905,-0.000163692005
0.9387755102040816,0.8979591836734694,0.000589394829,-0.000163911205
0.9387755102040816,0.889795918367347,0.000590276105,-0.000164404005
0.9387755102040816,0.8816326530612244,0.000589449932,-0.00016431653
0.9387755102040816,0.8734693877551021,0.000589852428,-0.000165570109
0.9387755102040816,0.8653061224489795,0.000589886258,-0.000164837043
0.9387755102040816,0.8571428571428572,0.000589270247,-0.000164470831
0.9387755102040816,0.8489795918367347,0.000588349583,-0.000165840882
0.9387755102040816,0.8408163265306122,0.000588576707,-0.000165080746
0.9387755102040816,0.8326530612244898,0.000589973658,-0.000164176423
0.9387755102040816,0.8244897959183674,0.000590575007,-0.000164264315
0.9387755102040816,0.8163265306122449,0.000590360246,-0.000163850833
0.9387755102040816,0.8081632653061225,0.00059072786,-0.00016402103
0.9387755102040816,0.8,0.000589719989,-0.000164886913
0.9306122448979592,1.2,0.000589715197,-0.000164728309
0.9306122448979592,1.1918367346938774,0.00059105302,-0.000164868417
0.9306122448979592,1.183673469387755,0.000591328156,-0.000164379503
0.9306122448979592,1.1755102040816325,0.000590697769,-0.000165280839
0.9306122448979592,1.1673469387755102,0.000591078799,-0.000164688329
0.9306122448979592,1.1591836734693877,0.000590653303,-0.00016520303
0.9306122448979592,1.1510204081632653,0.000590552774,-0.000164899149
0.9306122448979592,1.1428571428571428,0.000590422347,-0.000164944074
0.9306122448979592,1.1346938775510205,0.000589244755,-0.000165431061
0.9306122448979592,1.126530612244898,0.000590724315,-0.000165633724
0.9306122448979592,1.1183673469387754,0.000590106577,-0.000164738618
0.9306122448979592,1.110204081632653,0.000590223302,-0.000165514233
0.9306122448979592,1.1020408163265305,0.000590311468,-0.000165008107
0.9306122448979592,1.0938775510204082,0.000590311948,-0.000166101572
0.9306122448979592,1.0857142857142856,0.000590816026,-0.000165769753
0.9306122448979592,1.0775510204081633,0.000590846597,-0.000164879592
0.9306122448979592,1.0693877551020408,0.0005905775,-0.000165830574
0.9306122448979592,1.0612244897959184,0.000590288468,-0.000165666607
0.9306122448979592,1.0530612244897959,0.000590305623,-0.000165156178
0.9306122448979592,1.0448979591836736,0.000591257911,-0.000165812945
0.9306122448979592,1.036734693877551,0.000591145212,-0.000166080731
0.9306122448979592,1.0285714285714285,0.000591586137,-0.000166012813
0.9306122448979592,1.0204081632653061,0.000592265782,-0.000165971549
0.9306122448979592,1.0122448979591836,0.000591050721,-0.00016529545
0.9306122448979592,1.0040816326530613,0.000591509281,-0.000165671103
0.9306122448979592,0.9959183673469387,0.0005916859,-0.000164818129
0.9306122448979592,0.9877551020408163,0.000591941868,-0.000165341435
0.9306122448979592,0.9795918367346939,0.00059266272,-0.00016504099
0.9306122448979592,0.9714285714285714,0.000590917609,-0.0001650223
0.9306122448979592,0.963265306122449,0.000590341272,-0.00016471691
0.9306122448979592,0.9551020408163265,0.000590783923,-0.000165644674
0.9306122448979592,0.9469387755102041,0.000590489333,-0.000164762253
0.9306122448979592,0.9387755102040816,0.000591709186,-0.000164630944
0.9306122448979592,0.9306122448979592,0.000590936296,-0.000166260819
0.9306122448979592,0.9224489795918367,0.000591242003,-0.000166541707
0.9306122448979592,0.9142857142857143,0.000591628304,-0.000166504103
0.9306122448979592,0.9061224489795918,0.000592335547,-0.000166756187
0.9306122448979592,0.8979591836734694,0.000592145512,-0.000166356032
0.9306122448979592,0.889795918367347,0.000591527008,-0.000166433167
0.9306122448979592,0.8816326530612244,0.000591428206,-0.000167722841
0.9306122448979592,0.8734693877551021,0.000591617954,-0.00016692876
0.9306122448979592,0.8653061224489795,0.000591447946,-0.000166806251
0.9306122448979592,0.8571428571428572,0.000590994658,-0.000166860425
0.9306122448979592,0.8489795918367347,0.000590620433,-0.000166381176
0.9306122448979592,0.8408163265306122,0.000590989387,-0.000166406963
0.9306122448979592,0.8326530612244898,0.000591400414,-0.000166547519
0.9306122448979592,0.8244897959183674,0.000591428492,-0.000167986324
0.9306122448979592,0.8163265306122449,0.000591591409,-0.000167588321
0.9306122448979592,0.8081632653061225,0.000591909765,-0.000167434213
0.9306122448979592,0.8,0.000592081592,-0.000166311331
0.9224489795918367,1.2,0.000590850909,-0.000165741173
0.9224489795918367,1.1918367346938774,0.000591399168,-0.000166942087
0.9224489795918367,1.183673469387755,0.000591299885,-0.000166679021
0.9224489795918367,1.1755102040816325,0.000590545969,-0.000166267691
0.9224489795918367,1.1673469387755102,0.000591015359,-0.000166969158
0.9224489795918367,1.1591836734693877,0.000590797052,-0.000166428446
0.9224489795918367,1.1510204081632653,0.000592390364,-0.00016738887
0.9224489795918367,1.1428571428571428,0.000592702108,-0.000166822596
0.9224489795918367,1.1346938775510205,0.000592727407,-0.00016695368
0.9224489795918367,1.126530612244898,0.000591624759,-0.000166569645
0.9224489795918367,1.1183673469387754,0.000591890311,-0.000166760266
0.9224489795918367,1.110204081632653,0.000591010567,-0.000166696651
0.9224489795918367,1.1020408163265305,0.000591169745,-0.0001667953
0.9224489795918367,1.0938775510204082,0.000590845064,-0.000167187299
0.9224489795918367,1.0857142857142856,0.000591802911,-0.000167353193
0.9224489795918367,1.0775510204081633,0.000591462802,-0.000166690003
0.9224489795918367,1.0693877551020408,0.00059192366,-0.000165288996
0.9224489795918367,1.0612244897959184,0.000593311795,-0.000165683145
0.9224489795918367,1.0530612244897959,0.00059160837,-0.000166404169
0.9224489795918367,1.0448979591836736,0.000591824377,-0.000165297601
0.9224489795918367,1.036734693877551,0.000591248041,-0.000167015368
0.9224489795918367,1.0285714285714285,0.000591747808,-0.000167132065
0.9224489795918367,1.0204081632653061,0.000592107084,-0.000165589665
0.9224489795918367,1.0122448979591836,0.000592126058,-0.000165380773
0.9224489795918367,1.0040816326530613,0.000591315027,-0.000166006583
0.9224489795918367,0.9959183673469387,0.000591973205,-0.000166420707
0.9224489795918367,0.9877551020408163,0.00059243483,-0.000166345499
0.9224489795918367,0.9795918367346939,0.000592010867,-0.000167047384
0.9224489795918367,0.9714285714285714,0.000591611149,-0.000166697518
0.9224489795918367,0.963265306122449,0.000592486867,-0.000166007868
0.9224489795918367,0.9551020408163265,0.000591137928,-0.000166062459
0.9224489795918367,0.9469387755102041,0.000593277678,-0.000166516563
0.9224489795918367,0.9387755102040816,0.000591962855,-0.000166047623
0.9224489795918367,0.9306122448979592,0.00059225112,-0.000165304056
0.9224489795918367,0.9224489795918367,0.000592258211,-0.000166667428
0.9224489795918367,0.9142857142857143,0.000592067696,-0.000166573724
0.9224489795918367,0.9061224489795918,0.000590807403,-0.000165617379
0.9224489795918367,0.8979591836734694,0.000592508814,-0.000165648977
0.9224489795918367,0.889795918367347,0.000591173577,-0.000166722019
0.9224489795918367,0.8816326530612244,0.000591127005,-0.000167432928
0.9224489795918367,0.8734693877551021,0.00059126069,-0.0001660833
0.9224489795918367,0.8653061224489795,0.000591304197,-0.000165770171
0.9224489795918367,0.8571428571428572,0.000592727121,-0.000165349174
0.9224489795918367,0.8489795918367347,0.000591405012,-0.000167043306
0.9224489795918367,0.8408163265306122,0.000591485321,-0.000167238872
0.9224489795918367,0.8326530612244898,0.000591262703,-0.000167256501
0.9224489795918367,0.8244897959183674,0.00059312176,-0.000167828587
0.9224489795918367,0.8163265306122449,0.000591218523,-0.000167010198
0.9224489795918367,0.8081632653061225,0.000591439609,-0.000167440667
0.9224489795918367,0.8,0.000591516945,-0.000166719001
0.9142857142857143,1.2,0.000592479296,-0.000165551612
0.9142857142857143,1.1918367346938774,0.000591493179,-0.000165440085
0.9142857142857143,1.183673469387755,0.000592190265,-0.000165074516
0.9142857142857143,1.1755102040816325,0.000592720796,-0.000164547131
0.9142857142857143,1.1673469387755102,0.000592993152,-0.000165543455
0.9142857142857143,1.1591836734693877,0.000591965348,-0.00016463695
0.9142857142857143,1.1510204081632653,0.000591951738,-0.00016432793
0.9142857142857143,1.1428571428571428,0.000592152317,-0.000165184983
0.9142857142857143,1.1346938775510205,0.000592262523,-0.000164350698
0.9142857142857143,1.126530612244898,0.000591372623,-0.000164706377
0.9142857142857143,1.1183673469387754,0.000591794287,-0.000163750032
0.9142857142857143,1.110204081632653,0.000591222835,-0.000164721855
0.9142857142857143,1.1020408163265305,0.000592483322,-0.000164192961
0.9142857142857143,1.0938775510204082,0.000590648031,-0.000164989417
0.9142857142857143,1.0857142857142856,0.000591908038,-0.000164769992
0.9142857142857143,1.0775510204081633,0.000592035879,-0.000164895713
0.9142857142857143,1.0693877551020408,0.00059137109,-0.000164700371
0.9142857142857143,1.0612244897959184,0.000591945127,-0.000164464183
0.9142857142857143,1.0530612244897959,0.000591095954,-0.000165744384
0.9142857142857143,1.0448979591836736,0.000590540891,-0.000164241098
0.9142857142857143,1.036734693877551,0.00058962933,-0.000164167174
0.9142857142857143,1.0285714285714285,0.000590192731,-0.000164155775
0.9142857142857143,1.0204081632653061,0.000590752872,-0.000163927968
0.9142857142857143,1.0122448979591836,0.000590146732,-0.00016480416
0.9142857142857143,1.0040816326530613,0.000591259444,-0.000164423979
0.9142857142857143,0.9959183673469387,0.000590890297,-0.000165157045
0.9142857142857143,0.9877551020408163,0.000591023983,-0.00016487895
0.9142857142857143,0.9795918367346939,0.00059154445,-0.0001644313
0.9142857142857143,0.9714285714285714,0.000593116488,-0.000164789324
0.9142857142857143,0.963265306122449,0.000592451985,-0.00016516822
0.9142857142857143,0.9551020408163265,0.000592305743,-0.000164727861
0.9142857142857143,0.9469387755102041,0.000591850922,-0.000164898731
0.9142857142857143,0.9387755102040816,0.000591939855,-0.000165305983
0.9142857142857143,0.9306122448979592,0.000592429752,-0.000164740127
0.9142857142857143,0.9224489795918367,0.000592331235,-0.000164419901
0.9142857142857143,0.9142857142857143,0.000592614708,-0.000165275893
0.9142857142857143,0.9061224489795918,0.000592908532,-0.000164539392
0.9142857142857143,0.8979591836734694,0.000592137175,-0.00016520197
0.9142857142857143,0.889795918367347,0.000591199835,-0.000164157284
0.9142857142857143,0.8816326530612244,0.000590881193,-0.000164997574
0.9142857142857143,0.8734693877551021,0.000591980776,-0.000164371764
0.9142857142857143,0.8653061224489795,0.000592463868,-0.000165131676
0.9142857142857143,0.8571428571428572,0.000592938336,-0.000164879817
0.9142857142857143,0.8489795918367347,0.000591671524,-0.00016484414
0.9142857142857143,0.8408163265306122,0.000591043723,-0.000165253961
0.9142857142857143,0.8326530612244898,0.000592272587,-0.000166391709
0.9142857142857143,0.8244897959183674,0.0005927299,-0.000165474671
0.9142857142857143,0.8163265306122449,0.000592380973,-0.000164990702
0.9142857142857143,0.8081632653061225,0.000592142447,-0.000164107638
0.9142857142857143,0.8,0.000591800418,-0.000164672433
0.9061224489795918,1.2,0.000594585697,-0.000165033475
0.9061224489795918,1.1918367346938774,0.000593786549,-0.000164138594
0.9061224489795918,1.183673469387755,0.0005936842,-0.00016435651
0.9061224489795918,1.1755102040816325,0.000592543217,-0.000164578087
0.9061224489795918,1.1673469387755102,0.000593951765,-0.000164794269
0.9061224489795918,1.1591836734693877,0.000592686966,-0.000163949034
0.9061224489795918,1.1510204081632653,0.000593421428,-0.000163615287
0.9061224489795918,1.1428571428571428,0.000594374196,-0.00016327939
0.9061224489795918,1.1346938775510205,0.000594122059,-0.000162830006
0.9061224489795918,1.126530612244898,0.000593876728,-0.000163568853
0.9061224489795918,1.1183673469387754,0.000593507581,-0.000163917017
0.9061224489795918,1.110204081632653,0.000592727121,-0.000164490194
0.9061224489795918,1.1020408163265305,0.00059322842,-0.000164460105
0.9061224489795918,1.0938775510204082,0.000591943881,-0.000164665979
0.9061224489795918,1.0857142857142856,0.000592653903,-0.000165017355
0.9061224489795918,1.0775510204081633,0.000592615188,-0.000164338238
0.9061224489795918,1.0693877551020408,0.000593254199,-0.000165054317
0.9061224489795918,1.0612244897959184,0.000592891857,-0.000164763762
0.9061224489795918,1.0530612244897959,0.000592686966,-0.000164491255
0.9061224489795918,1.0448979591836736,0.000593593735,-0.000164658016
0.9061224489795918,1.036734693877551,0.000593038672,-0.000164370704
0.9061224489795918,1.0285714285714285,0.000594078073,-0.000163010961
0.9061224489795918,1.0204081632653061,0.000592869144,-0.000164161362
0.9061224489795918,1.0122448979591836,0.000593671071,-0.000163825047
0.9061224489795918,1.0040816326530613,0.000592777432,-0.000164025109
0.9061224489795918,0.9959183673469387,0.000594289575,-0.000163847173
0.9061224489795918,0.9877551020408163,0.00059246818,-0.000164244758
0.9061224489795918,0.9795918367346939,0.000592372442,-0.000163770455
0.9061224489795918,0.9714285714285714,0.000593220083,-0.000163712204
0.9061224489795918,0.963265306122449,0.000591750587,-0.000163528455
0.9061224489795918,0.9551020408163265,0.000591889064,-0.000164915494
0.9061224489795918,0.9469387755102041,0.000592581358,-0.000163577041
0.9061224489795918,0.9387755102040816,0.000592376468,-0.000163976972
0.9061224489795918,0.9306122448979592,0.000591437309,-0.000165424607
0.9061224489795918,0.9224489795918367,0.000590126031,-0.000165734943
0.9061224489795918,0.9142857142857143,0.000591552021,-0.000164786755
0.9061224489795918,0.9061224489795918,0.00059036983,-0.000164355643
0.9061224489795918,0.8979591836734694,0.000591569462,-0.000165077309
0.9061224489795918,0.889795918367347,0.000591430985,-0.000163382536
0.9061224489795918,0.8816326530612244,0.000591982789,-0.000163790654
0.9061224489795918,0.8734693877551021,0.00059157828,-0.000163626463
0.9061224489795918,0.8653061224489795,0.000592107084,-0.000162985592
0.9061224489795918,0.8571428571428572,0.000592084657,-0.000164092384
0.9061224489795918,0.8489795918367347,0.000591312248,-0.000164040811
0.9061224489795918,0.8408163265306122,0.000591172524,-0.000163520074
0.9061224489795918,0.8326530612244898,0.000591582878,-0.000164605576
0.9061224489795918,0.8244897959183674,0.000591363805,-0.000164581941
0.9061224489795918,0.8163265306122449,0.000591426959,-0.000164160078
0.9061224489795918,0.8081632653061225,0.000591995918,-0.000165021851
0.9061224489795918,0.8,0.000591388051,-0.000165040123
0.8979591836734694,1.2,0.000586488227,-0.000166674943
0.8979591836734694,1.1918367346938774,0.000588169418,-0.000166637339
0.8979591836734694,1.183673469387755,0.000588175743,-0.000164800724
0.8979591836734694,1.1755102040816325,0.000588731092,-0.000165641656
0.8979591836734694,1.1673469387755102,0.000587276065,-0.000166543634
0.8979591836734694,1.1591836734693877,0.000587290921,-0.000166654744
0.8979591836734694,1.1510204081632653,0.000588554473,-0.000166249643
0.8979591836734694,1.1428571428571428,0.000588100992,-0.000167438965
0.8979591836734694,1.1346938775510205,0.000587398061,-0.000165939308
0.8979591836734694,1.126530612244898,0.00058839127,-0.000165634784
0.8979591836734694,1.1183673469387754,0.000587222975,-0.000165001877
0.8979591836734694,1.110204081632653,0.000588006695,-0.000165820684
0.8979591836734694,1.1020408163265305,0.000587643393,-0.000164707019
0.8979591836734694,1.0938775510204082,0.000588243975,-0.000165195934
0.8979591836734694,1.0857142857142856,0.000587638601,-0.000165338417
0.8979591836734694,1.0775510204081633,0.00058786927,-0.000165253319
0.8979591836734694,1.0693877551020408,0.000587537785,-0.000164191034
0.8979591836734694,1.0612244897959184,0.000588736937,-0.000165639087
0.8979591836734694,1.0530612244897959,0.00058795667,-0.000165175735
0.8979591836734694,1.0448979591836736,0.000589042357,-0.000164786755
0.8979591836734694,1.036734693877551,0.000588373349,-0.000163885643
0.8979591836734694,1.0285714285714285,0.000589145472,-0.000165277403
0.8979591836734694,1.0204081632653061,0.000589577773,-0.000166273503
0.8979591836734694,1.0122448979591836,0.000588518824,-0.000164750211
0.8979591836734694,1.0040816326530613,0.000588618874,-0.000165331769
0.8979591836734694,0.9959183673469387,0.000589110303,-0.000164630944
0.8979591836734694,0.9877551020408163,0.000588224521,-0.000165263209
0.8979591836734694,0.9795918367346939,0.000587857867,-0.00016523935
0.8979591836734694,0.9714285714285714,0.000587420008,-0.000165270948
0.8979591836734694,0.963265306122449,0.000588767988,-0.0001647803
0.8979591836734694,0.9551020408163265,0.000588613888,-0.000164418616
0.8979591836734694,0.9469387755102041,0.000588320258,-0.000165750196
0.8979591836734694,0.9387755102040816,0.000589137614,-0.000165850131
0.8979591836734694,0.9306122448979592,0.000588586097,-0.000164943207
0.8979591836734694,0.9224489795918367,0.000589116148,-0.000164262806
0.8979591836734694,0.9142857142857143,0.000588510773,-0.000164381012
0.8979591836734694,0.9061224489795918,0.000588731572,-0.000166880399
0.8979591836734694,0.8979591836734694,0.00058869621,-0.000166697518
0.8979591836734694,0.889795918367347,0.000589162627,-0.000165961658
0.8979591836734694,0.8816326530612244,0.000588151977,-0.000165699266
0.8979591836734694,0.8734693877551021,0.000588179575,-0.000165511215
0.8979591836734694,0.8653061224489795,0.00058982713,-0.000165246222
0.8979591836734694,0.8571428571428572,0.000587915269,-0.000164802875
0.8979591836734694,0.8489795918367347,0.000589061045,-0.000164788039
0.8979591836734694,0.8408163265306122,0.000589896322,-0.000164241964
0.8979591836734694,0.8326530612244898,0.000589648978,-0.000165684205
0.8979591836734694,0.8244897959183674,0.000590299298,-0.000164790833
0.8979591836734694,0.8163265306122449,0.0005899014,-0.000165496828
0.8979591836734694,0.8081632653061225,0.000590123252,-0.000164956534
0.8979591836734694,0.8,0.000589342791,-0.000164926444
0.889795918367347,1.2,0.000589132056,-0.000166000129
0.889795918367347,1.1918367346938774,0.000589797805,-0.000166352147
0.889795918367347,1.183673469387755,0.00058951232,-0.000166920154
0.889795918367347,1.1755102040816325,0.000589004695,-0.000166341196
0.889795918367347,1.1673469387755102,0.000588320545,-0.000166563191
0.889795918367347,1.1591836734693877,0.000589037279,-0.000166412968
0.889795918367347,1.1510204081632653,0.000588746235,-0.000168175018
0.889795918367347,1.1428571428571428,0.000589023956,-0.000166508182
0.889795918367347,1.1346938775510205,0.000589437762,-0.000167764105
0.889795918367347,1.126530612244898,0.000589749793,-0.000166911998
0.889795918367347,1.1183673469387754,0.000588993099,-0.000166914791
0.889795918367347,1.110204081632653,0.000588794533,-0.0001669698
0.889795918367347,1.1020408163265305,0.000588145939,-0.000167542335
0.889795918367347,1.0938775510204082,0.000588778338,-0.000167745833
0.889795918367347,1.0857142857142856,0.000588947866,-0.00016783912
0.889795918367347,1.0775510204081633,0.000589120173,-0.000166295853
0.889795918367347,1.0693877551020408,0.000589036032,-0.000165833368
0.889795918367347,1.0612244897959184,0.000588520357,-0.000166195052
0.889795918367347,1.0530612244897959,0.000589130523,-0.000166163036
0.889795918367347,1.0448979591836736,0.000588551214,-0.000166503879
0.889795918367347,1.036734693877551,0.000589871596,-0.000167673837
0.889795918367347,1.0285714285714285,0.000588667172,-0.000166962286
0.889795918367347,1.0204081632653061,0.000587146405,-0.000167530711
0.889795918367347,1.0122448979591836,0.000588228067,-0.000167435304
0.889795918367347,1.0040816326530613,0.0005881629,-0.000167296899
0.889795918367347,0.9959183673469387,0.000587440515,-0.000167369956
0.889795918367347,0.9877551020408163,0.000588316519,-0.000167852864
0.889795918367347,0.9795918367346939,0.000587017604,-0.000167708229
0.889795918367347,0.9714285714285714,0.000587471372,-0.000168068853
0.889795918367347,0.963265306122449,0.000586796999,-0.000167213085
0.889795918367347,0.9551020408163265,0.000587973345,-0.00016641255
0.889795918367347,0.9469387755102041,0.000588537318,-0.000166423726
0.889795918367347,0.9387755102040816,0.000587371516,-0.000165951125
0.889795918367347,0.9306122448979592,0.000587623939,-0.000166397715
0.889795918367347,0.9224489795918367,0.000588496878,-0.000167296675
0.889795918367347,0.9142857142857143,0.000588841492,-0.000166155297
0.889795918367347,0.9061224489795918,0.000587898594,-0.000166677737
0.889795918367347,0.8979591836734694,0.000589136368,-0.000166902107
0.889795918367347,0.889795918367347,0.000590415063,-0.000166916076
0.889795918367347,0.8816326530612244,0.000589521903,-0.000166755321
0.889795918367347,0.8734693877551021,0.00058802011,-0.000165138355
0.889795918367347,0.8653061224489795,0.00058921773,-0.000165375603
0.889795918367347,0.8571428571428572,0.0005893817,-0.000166238468
0.889795918367347,0.8489795918367347,0.000588922087,-0.000167349339
0.889795918367347,0.8408163265306122,0.000587858153,-0.000167708229
0.889795918367347,0.8326530612244898,0.000587997397,-0.000166573081
0.889795918367347,0.8244897959183674,0.000589560811,-0.000167224903
0.889795918367347,0.8163265306122449,0.000589728327,-0.000166247268
0.889795918367347,0.8081632653061225,0.00059004515,-0.000167013859
0.889795918367347,0.8,0.000589303597,-0.000166436828
0.8816326530612244,1.2,0.000589188406,-0.000167661602
0.8816326530612244,1.1918367346938774,0.000589337713,-0.000166460463
0.8816326530612244,1.183673469387755,0.000588857687,-0.000165993899
0.8816326530612244,1.1755102040816325,0.000587509514,-0.000165766317
0.8816326530612244,1.1673469387755102,0.00058778235,-0.00016717805
0.8816326530612244,1.1591836734693877,0.00058826065,-0.000165400747
0.8816326530612244,1.1510204081632653,0.000587765195,-0.000165771038
0.8816326530612244,1.1428571428571428,0.00058836827,-0.000165465005
0.8816326530612244,1.1346938775510205,0.000588214171,-0.000165471459
0.8816326530612244,1.126530612244898,0.000588415516,-0.000166719868
0.8816326530612244,1.1183673469387754,0.000588035825,-0.000166505388
0.8816326530612244,1.110204081632653,0.000588627498,-0.000165451678
0.8816326530612244,1.1020408163265305,0.000588677522,-0.000165180904
0.8816326530612244,1.0938775510204082,0.000589259897,-0.000166317979
0.8816326530612244,1.0857142857142856,0.000589204314,-0.000164871435
0.8816326530612244,1.0775510204081633,0.000588693911,-0.000164471056
0.8816326530612244,1.0693877551020408,0.000589461528,-0.000163788727
0.8816326530612244,1.0612244897959184,0.000588723521,-0.00016549853
0.8816326530612244,1.0530612244897959,0.00058903402,-0.000163938501
0.8816326530612244,1.0448979591836736,0.00058892362,-0.00016557483
0.8816326530612244,1.036734693877551,0.000589581032,-0.000165132767
0.8816326530612244,1.0285714285714285,0.000588535786,-0.000165279972
0.8816326530612244,1.0204081632653061,0.00058918486,-0.000166046981
0.8816326530612244,1.0122448979591836,0.000588920554,-0.000165865384
0.8816326530612244,1.0040816326530613,0.000589556786,-0.000165887092
0.8816326530612244,0.9959183673469387,0.000588811688,-0.000165595253
0.8816326530612244,0.9877551020408163,0.000588601719,-0.000166388049
0.8816326530612244,0.9795918367346939,0.000588629317,-0.000165328976
0.8816326530612244,0.9714285714285714,0.000588918828,-0.000165384209
0.8816326530612244,0.963265306122449,0.000588746235,-0.000166200222
0.8816326530612244,0.9551020408163265,0.000588766741,-0.00016611339
0.8816326530612244,0.9469387755102041,0.000587937022,-0.000166624012
0.8816326530612244,0.9387755102040816,0.000588248767,-0.000166239753
0.8816326530612244,0.9306122448979592,0.000587948333,-0.00016631907
0.8816326530612244,0.9224489795918367,0.000587414736,-0.000166855255
0.8816326530612244,0.9142857142857143,0.000588875322,-0.000167037718
0.8816326530612244,0.9061224489795918,0.000588282883,-0.000166938844
0.8816326530612244,0.8979591836734694,0.000588085564,-0.000167367386
0.8816326530612244,0.889795918367347,0.000588558019,-0.000167340957
0.8816326530612244,0.8816326530612244,0.000589105511,-0.000167449915
0.8816326530612244,0.8734693877551021,0.000588385712,-0.000165682921
0.8816326530612244,0.8653061224489795,0.000588206313,-0.000166911998
0.8816326530612244,0.8571428571428572,0.000587956956,-0.000167317098
0.8816326530612244,0.8489795918367347,0.000588610056,-0.000165949423
0.8816326530612244,0.8408163265306122,0.000587626718,-0.000165931151
0.8816326530612244,0.8326530612244898,0.000586868777,-0.000165756426
0.8816326530612244,0.8244897959183674,0.000586714391,-0.000165610507
0.8816326530612244,0.8163265306122449,0.000586680755,-0.00016609576
0.8816326530612244,0.8081632653061225,0.000587091589,-0.000166455966
0.8816326530612244,0.8,0.00058690232,-0.000166650665
0.8734693877551021,1.2,0.000588000656,-0.000166125207
0.8734693877551021,1.1918367346938774,0.000588989073,-0.000165242143
0.8734693877551021,1.183673469387755,0.000588559265,-0.000165076025
0.8734693877551021,1.1755102040816325,0.000589436036,-0.000165131901
0.8734693877551021,1.1673469387755102,0.00058916464,-0.000165702059
0.8734693877551021,1.1591836734693877,0.000589625498,-0.0001640148
0.8734693877551021,1.1510204081632653,0.000589116628,-0.000165617379
0.8734693877551021,1.1428571428571428,0.000589248014,-0.000165215715
0.8734693877551021,1.1346938775510205,0.000588461515,-0.000165015622
0.8734693877551021,1.126530612244898,0.000588442541,-0.000164566045
0.8734693877551021,1.1183673469387754,0.000588845038,-0.000165433631
0.8734693877551021,1.110204081632653,0.000588013306,-0.000165015846
0.8734693877551021,1.1020408163265305,0.000589252806,-0.000165925339
0.8734693877551021,1.0938775510204082,0.000588781117,-0.00016463955
0.8734693877551021,1.0857142857142856,0.00058976043,-0.000166686985
0.8734693877551021,1.0775510204081633,0.000588600472,-0.000165019282
0.8734693877551021,1.0693877551020408,0.000589214184,-0.000166019043
0.8734693877551021,1.0612244897959184,0.000590365038,-0.000166318846
0.8734693877551021,1.0530612244897959,0.000590797532,-0.00016486026
0.8734693877551021,1.0448979591836736,0.000590237964,-0.000165442236
0.8734693877551021,1.036734693877551,0.000590914063,-0.000167018804
0.8734693877551021,1.0285714285714285,0.000590786222,-0.000166686342
0.8734693877551021,1.0204081632653061,0.000589443321,-0.000165939532
0.8734693877551021,1.0122448979591836,0.000590168678,-0.00016551616
0.8734693877551021,1.0040816326530613,0.000590296806,-0.000165311346
0.8734693877551021,0.9959183673469387,0.000590143186,-0.000164684893
0.8734693877551021,0.9877551020408163,0.000590540124,-0.000165497888
0.8734693877551021,0.9795918367346939,0.00059214072,-0.000165523674
0.8734693877551021,0.9714285714285714,0.000591744548,-0.00016580543
0.8734693877551021,0.963265306122449,0.000590592928,-0.000166059023
0.8734693877551021,0.9551020408163265,0.000591080812,-0.00016684408
0.8734693877551021,0.9469387755102041,0.000591669511,-0.00016651849
0.8734693877551021,0.9387755102040816,0.000591432997,-0.000166126716
0.8734693877551021,0.9306122448979592,0.000590371843,-0.000165289638
0.8734693877551021,0.9224489795918367,0.000591184407,-0.000165901928
0.8734693877551021,0.9142857142857143,0.000591870377,-0.000166647229
0.8734693877551021,0.9061224489795918,0.000590763223,-0.000166418556
0.8734693877551021,0.8979591836734694,0.000590495372,-0.000166775744
0.8734693877551021,0.889795918367347,0.000591299118,-0.000165842392
0.8734693877551021,0.8816326530612244,0.00059004467,-0.000165723768
0.8734693877551021,0.8734693877551021,0.000590015345,-0.000165359483
0.8734693877551021,0.8653061224489795,0.000590455697,-0.00016487895
0.8734693877551021,0.8571428571428572,0.000591245068,-0.000165467156
0.8734693877551021,0.8489795918367347,0.000591906792,-0.000165569884
0.8734693877551021,0.8408163265306122,0.000591021683,-0.000165396027
0.8734693877551021,0.8326530612244898,0.000591421401,-0.000165125446
0.8734693877551021,0.8244897959183674,0.000591592175,-0.000164566045
0.8734693877551021,0.8163265306122449,0.000590409984,-0.000165751705
0.8734693877551021,0.8081632653061225,0.000590495178,-0.000165298886
0.8734693877551021,0.8,0.000590871609,-0.000164733673
0.8653061224489795,1.2,0.000591125565,-0.000165839373
0.8653061224489795,1.1918367346938774,0.000591822845,-0.0001653713
0.8653061224489795,1.183673469387755,0.000591208653,-0.000164383581
0.8653061224489795,1.1755102040816325,0.00059217455,-0.000164712831
0.8653061224489795,1.1673469387755102,0.000591235678,-0.000166204943
0.8653061224489795,1.1591836734693877,0.000591964868,-0.000164263448
0.8653061224489795,1.1510204081632653,0.000591611149,-0.000164657822
0.8653061224489795,1.1428571428571428,0.000592436843,-0.0001642007
0.8653061224489795,1.1346938775510205,0.000590607784,-0.000164432585
0.8653061224489795,1.126530612244898,0.000591841052,-0.000164345335
0.8653061224489795,1.1183673469387754,0.000591558825,-0.00016582778
0.8653061224489795,1.110204081632653,0.000593177149,-0.000165123519
0.8653061224489795,1.1020408163265305,0.000593518504,-0.000164519417
0.8653061224489795,1.0938775510204082,0.000593463115,-0.000164107638
0.8653061224489795,1.0857142857142856,0.000593635422,-0.0001644848
0.8653061224489795,1.0775510204081633,0.000594138254,-0.000164140103
0.8653061224489795,1.0693877551020408,0.000593629097,-0.00016472314
0.8653061224489795,1.0612244897959184,0.000592550021,-0.000163773891
0.8653061224489795,1.0530612244897959,0.000591656576,-0.000164751944
0.8653061224489795,1.0448979591836736,0.000592754432,-0.000164564536
0.8653061224489795,1.036734693877551,0.000593377248,-0.000164047459
0.8653061224489795,1.0285714285714285,0.00059248888,-0.000163548236
0.8653061224489795,1.0204081632653061,0.000593002256,-0.000164053047
0.8653061224489795,1.0122448979591836,0.000593246148,-0.000163386196
0.8653061224489795,1.0040816326530613,0.000591731899,-0.000162976793
0.8653061224489795,0.9959183673469387,0.000592269327,-0.00016463589
0.8653061224489795,0.9877551020408163,0.000592178862,-0.000164365534
0.8653061224489795,0.9795918367346939,0.000592441921,-0.000163052001
0.8653061224489795,0.9714285714285714,0.00059225112,-0.000164070676
0.8653061224489795,0.963265306122449,0.000590970412,-0.000162617678
0.8653061224489795,0.9551020408163265,0.000591138408,-0.000162969696
0.8653061224489795,0.9469387755102041,0.000591027242,-0.000163680829
0.8653061224489795,0.9387755102040816,0.000590899881,-0.000164159211
0.8653061224489795,0.9306122448979592,0.000591514646,-0.000164306222
0.8653061224489795,0.9224489795918367,0.00059174982,-0.000163925623
0.8653061224489795,0.9142857142857143,0.000592677096,-0.000163765286
0.8653061224489795,0.9061224489795918,0.000592201095,-0.000163989656
0.8653061224489795,0.8979591836734694,0.000592747341,-0.00016366214
0.8653061224489795,0.889795918367347,0.000591842585,-0.000163692005
0.8653061224489795,0.8816326530612244,0.000593026022,-0.0001638491
0.8653061224489795,0.8734693877551021,0.000592316573,-0.00016287384
0.8653061224489795,0.8653061224489795,0.000592559892,-0.000163260893
0.8653061224489795,0.8571428571428572,0.00059219429,-0.00016305868
0.8653061224489795,0.8489795918367347,0.00059184939,-0.00016261466
0.8653061224489795,0.8408163265306122,0.000592263769,-0.000162405349
0.8653061224489795,0.8326530612244898,0.000593093488,-0.000163393068
0.8653061224489795,0.8244897959183674,0.000594482102,-0.000162775415
0.8653061224489795,0.8163265306122449,0.000593255925,-0.000162951649
0.8653061224489795,0.8081632653061225,0.00059316402,-0.000162217941
0.8653061224489795,0.8,0.000593120033,-0.000162698056
0.8571428571428572,1.2,0.000594783783,-0.000164252273
0.8571428571428572,1.1918367346938774,0.000594299925,-0.000163371585
0.8571428571428572,1.183673469387755,0.000594051814,-0.0001646707
0.8571428571428572,1.1755102040816325,0.000593670305,-0.000162816904
0.8571428571428572,1.1673469387755102,0.000593667525,-0.000164384224
0.8571428571428572,1.1591836734693877,0.000595340666,-0.000163990941
0.8571428571428572,1.1510204081632653,0.00059515341,-0.000163978063
0.8571428571428572,1.1428571428571428,0.000593419701,-0.000165104605
0.8571428571428572,1.1346938775510205,0.000594351002,-0.000163940877
0.8571428571428572,1.126530612244898,0.000595123126,-0.000162834727
0.8571428571428572,1.1183673469387754,0.000594447986,-0.000163150651
0.8571428571428572,1.110204081632653,0.000594625852,-0.000163738214
0.8571428571428572,1.1020408163265305,0.000594365378,-0.000162941116
0.8571428571428572,1.0938775510204082,0.000593688512,-0.000162726636
0.8571428571428572,1.0857142857142856,0.000592923194,-0.000163694156
0.8571428571428572,1.0775510204081633,0.000594446167,-0.000164145466
0.8571428571428572,1.0693877551020408,0.00059489169,-0.000163373512
0.8571428571428572,1.0612244897959184,0.000595079619,-0.000162769185
0.8571428571428572,1.0530612244897959,0.000593786262,-0.000163109386
0.8571428571428572,1.0448979591836736,0.000594516985,-0.00016379409
0.8571428571428572,1.036734693877551,0.000592173877,-0.000163883492
0.8571428571428572,1.0285714285714285,0.000593767095,-0.000163785067
0.8571428571428572,1.0204081632653061,0.000593254199,-0.000164273757
0.8571428571428572,1.0122448979591836,0.000593361819,-0.000163226725
0.8571428571428572,1.0040816326530613,0.000593723875,-0.000163566508
0.8571428571428572,0.9959183673469387,0.000593961635,-0.000163535552
0.8571428571428572,0.9877551020408163,0.00059376173,-0.000163218568
0.8571428571428572,0.9795918367346939,0.000593097034,-0.000163405753
0.8571428571428572,0.9714285714285714,0.00059395761,-0.000163459895
0.8571428571428572,0.963265306122449,0.000592870676,-0.00016364968
0.8571428571428572,0.9551020408163265,0.000592349636,-0.000164035642
0.8571428571428572,0.9469387755102041,0.000592272107,-0.000164174047
0.8571428571428572,0.9387755102040816,0.0005931852,-0.000164164381
0.8571428571428572,0.9306122448979592,0.000592311015,-0.000163935065
0.8571428571428572,0.9224489795918367,0.000593012126,-0.000164383806
0.8571428571428572,0.9142857142857143,0.000593692058,-0.000164715401
0.8571428571428572,0.9061224489795918,0.000594157228,-0.000163777328
0.8571428571428572,0.8979591836734694,0.000594279225,-0.000164228638
0.8571428571428572,0.889795918367347,0.000593041931,-0.000163827392
0.8571428571428572,0.8816326530612244,0.000593343612,-0.000164184579
0.8571428571428572,0.8734693877551021,0.000592372636,-0.000165205824
0.8571428571428572,0.8653061224489795,0.000593465894,-0.00016541751
0.8571428571428572,0.8571428571428572,0.000593071255,-0.000164742921
0.8571428571428572,0.8489795918367347,0.00059293431,-0.000163788503
0.8571428571428572,0.8408163265306122,0.000593527322,-0.000164796645
0.8571428571428572,0.8326530612244898,0.000593541984,-0.000164227353
0.8571428571428572,0.8244897959183674,0.000594002556,-0.000164916136
0.8571428571428572,0.8163265306122449,0.000594163267,-0.000164761193
0.8571428571428572,0.8081632653061225,0.000595335587,-0.000164562609
0.8571428571428572,0.8,0.000593703654,-0.000164104202
0.8489795918367347,1.2,0.000594347457,-0.000165795315
0.8489795918367347,1.1918367346938774,0.000592566216,-0.000165773189
0.8489795918367347,1.183673469387755,0.000593670305,-0.000166511842
0.8489795918367347,1.1755102040816325,0.000592273353,-0.000166432107
0.8489795918367347,1.1673469387755102,0.000592815287,-0.000166608758
0.8489795918367347,1.1591836734693877,0.000592079579,-0.000165051523
0.8489795918367347,1.1510204081632653,0.000592618447,-0.000164746132
0.8489795918367347,1.1428571428571428,0.000592823431,-0.000165236556
0.8489795918367347,1.1346938775510205,0.000593502789,-0.000166774235
0.8489795918367347,1.126530612244898,0.000593781471,-0.000167198025
0.8489795918367347,1.1183673469387754,0.000591610383,-0.000165452545
0.8489795918367347,1.110204081632653,0.000593084671,-0.000165484786
0.8489795918367347,1.1020408163265305,0.000592158642,-0.000165831859
0.8489795918367347,1.0938775510204082,0.000592959609,-0.000165703987
0.8489795918367347,1.0857142857142856,0.000593053814,-0.000164499636
0.8489795918367347,1.0775510204081633,0.000592698563,-0.000165749972
0.8489795918367347,1.0693877551020408,0.000593183954,-0.000165303831
0.8489795918367347,1.0612244897959184,0.000591896635,-0.000164930105
0.8489795918367347,1.0530612244897959,0.000593153097,-0.000164382297
0.8489795918367347,1.0448979591836736,0.000592848157,-0.000166058156
0.8489795918367347,1.036734693877551,0.000592720316,-0.000165170371
0.8489795918367347,1.0285714285714285,0.000592568709,-0.000164747417
0.8489795918367347,1.0204081632653061,0.000592089929,-0.000165125028
0.8489795918367347,1.0122448979591836,0.000592604838,-0.000165018222
0.8489795918367347,1.0040816326530613,0.000591863572,-0.000165896116
0.8489795918367347,0.9959183673469387,0.000592091462,-0.00016523312
0.8489795918367347,0.9877551020408163,0.000591796586,-0.000165460926
0.8489795918367347,0.9795918367346939,0.000590517125,-0.000164220032
0.8489795918367347,0.9714285714285714,0.000590908505,-0.000164359722
0.8489795918367347,0.963265306122449,0.000592092708,-0.000163821162
0.8489795918367347,0.9551020408163265,0.000591917142,-0.000164151054
0.8489795918367347,0.9469387755102041,0.000592341585,-0.000164644271
0.8489795918367347,0.9387755102040816,0.000592423713,-0.000163512559
0.8489795918367347,0.9306122448979592,0.000592343598,-0.000162749404
0.8489795918367347,0.9224489795918367,0.000592060125,-0.000163038032
0.8489795918367347,0.9142857142857143,0.000591924907,-0.000163712204
0.8489795918367347,0.9061224489795918,0.000592129604,-0.000163297855
0.8489795918367347,0.8979591836734694,0.000592252366,-0.000163802247
0.8489795918367347,0.889795918367347,0.000592250353,-0.000163768946
0.8489795918367347,0.8816326530612244,0.00059182543,-0.000163338926
0.8489795918367347,0.8734693877551021,0.00059280647,-0.000163129585
0.8489795918367347,0.8653061224489795,0.000591950972,-0.000164116886
0.8489795918367347,0.8571428571428572,0.000593001776,-0.00016401114
0.8489795918367347,0.8489795918367347,0.000592210199,-0.000163351162
0.8489795918367347,0.8408163265306122,0.00059207728,-0.000164599795
0.8489795918367347,0.8326530612244898,0.000591525762,-0.00016356866
0.8489795918367347,0.8244897959183674,0.000592094721,-0.000163757771
0.8489795918367347,0.8163265306122449,0.000591413063,-0.000164271829
0.8489795918367347,0.8081632653061225,0.000591887818,-0.000163788503
0.8489795918367347,0.8,0.000591530554,-0.000164997798
0.8408163265306122,1.2,0.000590210652,-0.000166579311
0.8408163265306122,1.1918367346938774,0.000588506461,-0.000165628778
0.8408163265306122,1.183673469387755,0.000589223768,-0.000166607892
0.8408163265306122,1.1755102040816325,0.000588201042,-0.000164150412
0.8408163265306122,1.1673469387755102,0.00058834709,-0.000165332412
0.8408163265306122,1.1591836734693877,0.000589283663,-0.000166814857
0.8408163265306122,1.1510204081632653,0.000589670731,-0.000166145855
0.8408163265306122,1.1428571428571428,0.000589124965,-0.00016580543
0.8408163265306122,1.1346938775510205,0.000589676289,-0.000165815096
0.8408163265306122,1.126530612244898,0.000589813234,-0.000164510811
0.8408163265306122,1.1183673469387754,0.000589195497,-0.000165776625
0.8408163265306122,1.110204081632653,0.000589513566,-0.000165559351
0.8408163265306122,1.1020408163265305,0.000588092848,-0.000166792507
0.8408163265306122,1.0938775510204082,0.000587540564,-0.000165209485
0.8408163265306122,1.0857142857142856,0.0005878157,-0.000165079461
0.8408163265306122,1.0775510204081633,0.000589390037,-0.000164839612
0.8408163265306122,1.0693877551020408,0.000588755338,-0.00016624685
0.8408163265306122,1.0612244897959184,0.000588882699,-0.00016702118
0.8408163265306122,1.0530612244897959,0.000589879647,-0.000167391246
0.8408163265306122,1.0448979591836736,0.000588945853,-0.000164983187
0.8408163265306122,1.036734693877551,0.00059000097,-0.000166004656
0.8408163265306122,1.0285714285714285,0.000590258664,-0.00016506957
0.8408163265306122,1.0204081632653061,0.000590257418,-0.000165967888
0.8408163265306122,1.0122448979591836,0.000590398388,-0.000165280614
0.8408163265306122,1.0040816326530613,0.000590559098,-0.000165612434
0.8408163265306122,0.9959183673469387,0.000590670458,-0.000165776625
0.8408163265306122,0.9877551020408163,0.000589227027,-0.000165924278
0.8408163265306122,0.9795918367346939,0.000589637095,-0.0001644848
0.8408163265306122,0.9714285714285714,0.000590360246,-0.00016461826
0.8408163265306122,0.963265306122449,0.000590376155,-0.000164830395
0.8408163265306122,0.9551020408163265,0.000588567889,-0.000164720346
0.8408163265306122,0.9469387755102041,0.000588824337,-0.000164981036
0.8408163265306122,0.9387755102040816,0.000589327363,-0.000164558306
0.8408163265306122,0.9306122448979592,0.000589371829,-0.000164511678
0.8408163265306122,0.9224489795918367,0.000589728327,-0.000165345514
0.8408163265306122,0.9142857142857143,0.00058972708,-0.000165666158
0.8408163265306122,0.9061224489795918,0.000588842258,-0.000165227757
0.8408163265306122,0.8979591836734694,0.000589199236,-0.000165004671
0.8408163265306122,0.889795918367347,0.000588396348,-0.00016584024
0.8408163265306122,0.8816326530612244,0.000589557266,-0.000166581045
0.8408163265306122,0.8734693877551021,0.00059047745,-0.000166041393
0.8408163265306122,0.8653061224489795,0.000588675509,-0.000165225605
0.8408163265306122,0.8571428571428572,0.000589263443,-0.000165469308
0.8408163265306122,0.8489795918367347,0.000590297859,-0.000166064386
0.8408163265306122,0.8408163265306122,0.000589937529,-0.000166177229
0.8408163265306122,0.8326530612244898,0.000591308702,-0.00016595607
0.8408163265306122,0.8244897959183674,0.000590667679,-0.0001654923
0.8408163265306122,0.8163265306122449,0.000591883986,-0.000166065029
0.8408163265306122,0.8081632653061225,0.000590938595,-0.000165821326
0.8408163265306122,0.8,0.000589975191,-0.000166128001
0.8326530612244898,1.2,0.000592021697,-0.000166560622
0.8326530612244898,1.1918367346938774,0.00059187996,-0.000166699669
0.8326530612244898,1.183673469387755,0.000592670005,-0.000166637339
0.8326530612244898,1.1755102040816325,0.000591547709,-0.000165848622
0.8326530612244898,1.1673469387755102,0.000592065683,-0.000166311331
0.8326530612244898,1.1591836734693877,0.00059040366,-0.000167332576
0.8326530612244898,1.1510204081632653,0.00059097875,-0.000166138116
0.8326530612244898,1.1428571428571428,0.000590917609,-0.000166431883
0.8326530612244898,1.1346938775510205,0.000590822351,-0.00016630401
0.8326530612244898,1.126530612244898,0.000590896908,-0.000166026782
0.8326530612244898,1.1183673469387754,0.000589477437,-0.00016599133
0.8326530612244898,1.110204081632653,0.000589853388,-0.000166166472
0.8326530612244898,1.1020408163265305,0.000591376168,-0.000165797691
0.8326530612244898,1.0938775510204082,0.000590432504,-0.000165443072
0.8326530612244898,1.0857142857142856,0.000591918868,-0.000164946001
0.8326530612244898,1.0775510204081633,0.000590963801,-0.000166249643
0.8326530612244898,1.0693877551020408,0.000591657915,-0.00016611339
0.8326530612244898,1.0612244897959184,0.000591453984,-0.000166140685
0.8326530612244898,1.0530612244897959,0.000591313974,-0.000166238468
0.8326530612244898,1.0448979591836736,0.000590824364,-0.00016487272
0.8326530612244898,1.036734693877551,0.000591137928,-0.000166463481
0.8326530612244898,1.0285714285714285,0.000590834714,-0.000166294987
0.8326530612244898,1.0204081632653061,0.00058974021,-0.000167321401
0.8326530612244898,1.0122448979591836,0.000591096241,-0.000167089516
0.8326530612244898,1.0040816326530613,0.000590826377,-0.000165692587
0.8326530612244898,0.9959183673469387,0.000590780378,-0.000165215072
0.8326530612244898,0.9877551020408163,0.000590182861,-0.000165646826
0.8326530612244898,0.9795918367346939,0.000591023696,-0.000165359707
0.8326530612244898,0.9714285714285714,0.000590109836,-0.000164568614
0.8326530612244898,0.963265306122449,0.000590287702,-0.00016639749
0.8326530612244898,0.9551020408163265,0.000589214664,-0.000164591189
0.8326530612244898,0.9469387755102041,0.000588900141,-0.000165884941
0.8326530612244898,0.9387755102040816,0.000590748274,-0.000165292656
0.8326530612244898,0.9306122448979592,0.000590598773,-0.000166665919
0.8326530612244898,0.9224489795918367,0.000589992346,-0.000167308074
0.8326530612244898,0.9142857142857143,0.000590159381,-0.000165739021
0.8326530612244898,0.9061224489795918,0.000589602785,-0.000166226651
0.8326530612244898,0.8979591836734694,0.000589777391,-0.000166400508
0.8326530612244898,0.889795918367347,0.000589833168,-0.000166408247
0.8326530612244898,0.8816326530612244,0.000590579799,-0.000166480019
0.8326530612244898,0.8734693877551021,0.000590929492,-0.000165845185
0.8326530612244898,0.8653061224489795,0.000590002696,-0.000166093609
0.8326530612244898,0.8571428571428572,0.000589628277,-0.00016681399
0.8326530612244898,0.8489795918367347,0.00059021851,-0.000165434273
0.8326530612244898,0.8408163265306122,0.000590451672,-0.000165091503
0.8326530612244898,0.8326530612244898,0.000590973672,-0.000165618888
0.8326530612244898,0.8244897959183674,0.00059118316,-0.000165841525
0.8326530612244898,0.8163265306122449,0.000590072461,-0.000166397072
0.8326530612244898,0.8081632653061225,0.000589703314,-0.000166294987
0.8326530612244898,0.8,0.000588951892,-0.000166725456
0.8244897959183674,1.2,0.00059091253,-0.00016747355
0.8244897959183674,1.1918367346938774,0.000591593708,-0.000168001802
0.8244897959183674,1.183673469387755,0.000591449192,-0.000167871136
0.8244897959183674,1.1755102040816325,0.000591315793,-0.000167596702
0.8244897959183674,1.1673469387755102,0.000590231353,-0.000166971727
0.8244897959183674,1.1591836734693877,0.00058899032,-0.000168114197
0.8244897959183674,1.1510204081632653,0.000590207393,-0.000167639894
0.8244897959183674,1.1428571428571428,0.000589922101,-0.000167334921
0.8244897959183674,1.1346938775510205,0.000589371829,-0.000168276237
0.8244897959183674,1.126530612244898,0.000590556033,-0.00016806606
0.8244897959183674,1.1183673469387754,0.000589944334,-0.000167930448
0.8244897959183674,1.110204081632653,0.000591658395,-0.000167465169
0.8244897959183674,1.1020408163265305,0.000591076786,-0.000168181248
0.8244897959183674,1.0938775510204082,0.00059082513,-0.000169301366
0.8244897959183674,1.0857142857142856,0.000591059825,-0.000168568301
0.8244897959183674,1.0775510204081633,0.000591134096,-0.00016976793
0.8244897959183674,1.0693877551020408,0.000591003762,-0.000168548102
0.8244897959183674,1.0612244897959184,0.000591136395,-0.000168265061
0.8244897959183674,1.0530612244897959,0.000590473425,-0.000168116348
0.8244897959183674,1.0448979591836736,0.000590555553,-0.00016866329
0.8244897959183674,1.036734693877551,0.0005915548,-0.000167240156
0.8244897959183674,1.0285714285714285,0.00059004467,-0.000167779165
0.8244897959183674,1.0204081632653061,0.000589742989,-0.000168590875
0.8244897959183674,1.0122448979591836,0.000590137628,-0.000168101512
0.8244897959183674,1.0040816326530613,0.00059021947,-0.000168786217
0.8244897959183674,0.9959183673469387,0.000590090382,-0.000169058724
0.8244897959183674,0.9877551020408163,0.000590269781,-0.000168225724
0.8244897959183674,0.9795918367346939,0.000591766015,-0.000170296375
0.8244897959183674,0.9714285714285714,0.000591125278,-0.000168318368
0.8244897959183674,0.963265306122449,0.000590458283,-0.000169371629
0.8244897959183674,0.9551020408163265,0.000590275053,-0.000169106443
0.8244897959183674,0.9469387755102041,0.000591373675,-0.000168306551
0.8244897959183674,0.9387755102040816,0.000592493192,-0.000168320519
0.8244897959183674,0.9306122448979592,0.000591928259,-0.000168270874
0.8244897959183674,0.9224489795918367,0.000591478997,-0.000168796749
0.8244897959183674,0.9142857142857143,0.000591827156,-0.000168427102
0.8244897959183674,0.9061224489795918,0.000592182694,-0.000167926145
0.8244897959183674,0.8979591836734694,0.000591983555,-0.000167818696
0.8244897959183674,0.889795918367347,0.000592356727,-0.0001674398
0.8244897959183674,0.8816326530612244,0.000592554333,-0.000168452246
0.8244897959183674,0.8734693877551021,0.000592723861,-0.000167978585
0.8244897959183674,0.8653061224489795,0.000593981089,-0.000168097434
0.8244897959183674,0.8571428571428572,0.000594711525,-0.000167988476
0.8244897959183674,0.8489795918367347,0.000594949766,-0.000167755724
0.8244897959183674,0.8408163265306122,0.000593875962,-0.00016708608
0.8244897959183674,0.8326530612244898,0.000593025542,-0.000167351266
0.8244897959183674,0.8244897959183674,0.000591673343,-0.000168166412
0.8244897959183674,0.8163265306122449,0.000593005802,-0.000167407366
0.8244897959183674,0.8081632653061225,0.000592096734,-0.000168674689
0.8244897959183674,0.8,0.00059077156,-0.000167929164
0.8163265306122449,1.2,0.000591528061,-0.00016759606
0.8163265306122449,1.1918367346938774,0.000591291261,-0.000167337939
0.8163265306122449,1.183673469387755,0.000591076786,-0.000167233284
0.8163265306122449,1.1755102040816325,0.000590264222,-0.000166670222
0.8163265306122449,1.1673469387755102,0.000590299105,-0.000167277985
0.8163265306122449,1.1591836734693877,0.000591114448,-0.000168000936
0.8163265306122449,1.1510204081632653,0.000590514346,-0.000166606383
0.8163265306122449,1.1428571428571428,0.000590662887,-0.000167356211
0.8163265306122449,1.1346938775510205,0.000591411531,-0.000167718987
0.8163265306122449,1.126530612244898,0.000591540138,-0.000167931315
0.8163265306122449,1.1183673469387754,0.000592104305,-0.000167032131
0.8163265306122449,1.110204081632653,0.000591761223,-0.000167604859
0.8163265306122449,1.1020408163265305,0.000591579812,-0.000168896684
0.8163265306122449,1.0938775510204082,0.00059170564,-0.000166287472
0.8163265306122449,1.0857142857142856,0.000592139474,-0.000167427341
0.8163265306122449,1.0775510204081633,0.000591726341,-0.00016733643
0.8163265306122449,1.0693877551020408,0.00059119629,-0.000166839777
0.8163265306122449,1.0612244897959184,0.00059108589,-0.000167381355
0.8163265306122449,1.0530612244897959,0.000590449179,-0.000167899717
0.8163265306122449,1.0448979591836736,0.000590877454,-0.00016825045
0.8163265306122449,1.036734693877551,0.00059083596,-0.000168684131
0.8163265306122449,1.0285714285714285,0.000591559112,-0.000167646123
0.8163265306122449,1.0204081632653061,0.000590752106,-0.000167961822
0.8163265306122449,1.0122448979591836,0.000591205874,-0.000168671895
0.8163265306122449,1.0040816326530613,0.000592228407,-0.000167583151
0.8163265306122449,0.9959183673469387,0.000591373103,-0.000167381355
0.8163265306122449,0.9877551020408163,0.000592629084,-0.000168963735
0.8163265306122449,0.9795918367346939,0.00059182591,-0.000168157388
0.8163265306122449,0.9714285714285714,0.000591686953,-0.000168878636
0.8163265306122449,0.963265306122449,0.000592398415,-0.000167351908
0.8163265306122449,0.9551020408163265,0.000592807716,-0.000167866609
0.8163265306122449,0.9469387755102041,0.000591715991,-0.000169315753
0.8163265306122449,0.9387755102040816,0.000592440868,-0.000167866415
0.8163265306122449,0.9306122448979592,0.000591513879,-0.000167631512
0.8163265306122449,0.9224489795918367,0.000590915309,-0.000168252602
0.8163265306122449,0.9142857142857143,0.000591101512,-0.000168686925
0.8163265306122449,0.9061224489795918,0.000590862506,-0.000169054645
0.8163265306122449,0.8979591836734694,0.000590749327,-0.00016824528
0.8163265306122449,0.889795918367347,0.000591384506,-0.000167931315
0.8163265306122449,0.8816326530612244,0.000591628591,-0.000167773578
0.8163265306122449,0.8734693877551021,0.000591302377,-0.000168157613
0.8163265306122449,0.8653061224489795,0.000591959309,-0.000168861007
0.8163265306122449,0.8571428571428572,0.000591213445,-0.000167723065
0.8163265306122449,0.8489795918367347,0.000592365065,-0.000167666322
0.8163265306122449,0.8408163265306122,0.000592127305,-0.000168302023
0.8163265306122449,0.8326530612244898,0.000591610863,-0.00016882533
0.8163265306122449,0.8244897959183674,0.000590749041,-0.000168829633
0.8163265306122449,0.8163265306122449,0.000592462622,-0.000168777835
0.8163265306122449,0.8081632653061225,0.000591667212,-0.000168454622
0.8163265306122449,0.8,0.000590940802,-0.000169516264
0.8081632653061225,1.2,0.000590024736,-0.000168750764
0.8081632653061225,1.1918367346938774,0.000591089916,-0.000169663917
0.8081632653061225,1.183673469387755,0.00059048023,-0.000168133111
0.8081632653061225,1.1755102040816325,0.000591342052,-0.00016819329
0.8081632653061225,1.1673469387755102,0.000590720289,-0.000168833936
0.8081632653061225,1.1591836734693877,0.000590168965,-0.000169481454
0.8081632653061225,1.1510204081632653,0.000589457217,-0.000168969322
0.8081632653061225,1.1428571428571428,0.000589347297,-0.000169095043
0.8081632653061225,1.1346938775510205,0.000589259897,-0.000168311047
0.8081632653061225,1.126530612244898,0.000589441308,-0.000168497589
0.8081632653061225,1.1183673469387754,0.000589340012,-0.000168508988
0.8081632653061225,1.110204081632653,0.000589708106,-0.000168329961
0.8081632653061225,1.1020408163265305,0.000590257898,-0.000168195217
0.8081632653061225,1.0938775510204082,0.000590639121,-0.000168654908
0.8081632653061225,1.0857142857142856,0.000590900934,-0.000168873049
0.8081632653061225,1.0775510204081633,0.000590222249,-0.000168822536
0.8081632653061225,1.0693877551020408,0.000591272573,-0.000168602051
0.8081632653061225,1.0612244897959184,0.000591195237,-0.000169060651
0.8081632653061225,1.0530612244897959,0.000589837,-0.000168760848
0.8081632653061225,1.0448979591836736,0.000590171458,-0.000168527903
0.8081632653061225,1.036734693877551,0.000589808442,-0.000167693842
0.8081632653061225,1.0285714285714285,0.000591474685,-0.000167964616
0.8081632653061225,1.0204081632653061,0.000591033566,-0.000168606771
0.8081632653061225,1.0122448979591836,0.000591915609,-0.00016786147
0.8081632653061225,1.0040816326530613,0.000592224861,-0.000167484726
0.8081632653061225,0.9959183673469387,0.000590638161,-0.000168411206
0.8081632653061225,0.9877551020408163,0.000591873156,-0.000168232403
0.8081632653061225,0.9795918367346939,0.000591056566,-0.000167302487
0.8081632653061225,0.9714285714285714,0.000591077553,-0.000168494795
0.8081632653061225,0.963265306122449,0.000590567436,-0.000166735988
0.8081632653061225,0.9551020408163265,0.000592182408,-0.000167950872
0.8081632653061225,0.9469387755102041,0.000591978763,-0.000167672552
0.8081632653061225,0.9387755102040816,0.000592058879,-0.000167408008
0.8081632653061225,0.9306122448979592,0.000590557279,-0.000167661377
0.8081632653061225,0.9224489795918367,0.000591100552,-0.000167935394
0.8081632653061225,0.9142857142857143,0.000591210666,-0.000166773592
0.8081632653061225,0.9061224489795918,0.00059070764,-0.00016666335
0.8081632653061225,0.8979591836734694,0.000592217004,-0.000167201043
0.8081632653061225,0.889795918367347,0.000592027542,-0.000166679664
0.8081632653061225,0.8816326530612244,0.000591556813,-0.000166605965
0.8081632653061225,0.8734693877551021,0.000590428958,-0.000167852864
0.8081632653061225,0.8653061224489795,0.000591517618,-0.000166908561
0.8081632653061225,0.8571428571428572,0.000592303444,-0.000166727383
0.8081632653061225,0.8489795918367347,0.000592561138,-0.000166952395
0.8081632653061225,0.8408163265306122,0.00059286052,-0.000166890289
0.8081632653061225,0.8326530612244898,0.000593303937,-0.000167501713
0.8081632653061225,0.8244897959183674,0.000594021244,-0.000166591996
0.8081632653061225,0.8163265306122449,0.000593883053,-0.000166492928
0.8081632653061225,0.8081632653061225,0.000593614722,-0.000166811421
0.8081632653061225,0.8,0.000593625358,-0.000167168802
0.8,1.2,0.000594340366,-0.0001653178
0.8,1.1918367346938774,0.000595128398,-0.000166250286
0.8,1.183673469387755,0.00059460793,-0.000166362262
0.8,1.1755102040816325,0.000595543543,-0.000166209246
0.8,1.1673469387755102,0.000594460829,-0.000165961882
0.8,1.1591836734693877,0.000593248641,-0.000166206452
0.8,1.1510204081632653,0.000593267808,-0.00016663583
0.8,1.1428571428571428,0.000592021217,-0.000166340554
0.8,1.1346938775510205,0.000592806183,-0.000165287069
0.8,1.126530612244898,0.00059215385,-0.000165821326
0.8,1.1183673469387754,0.00059300053,-0.000166677094
0.8,1.110204081632653,0.000592331715,-0.000166629824
0.8,1.1020408163265305,0.000592336313,-0.000166068914
0.8,1.0938775510204082,0.00059158863,-0.000166306386
0.8,1.0857142857142856,0.000592608384,-0.000166234808
0.8,1.0775510204081633,0.000593652383,-0.000165448242
0.8,1.0693877551020408,0.00059283704,-0.000166785634
0.8,1.0612244897959184,0.000592774366,-0.000167912401
0.8,1.0530612244897959,0.00059284691,-0.000166894368
0.8,1.0448979591836736,0.000593309495,-0.000166867297
0.8,1.036734693877551,0.000592988647,-0.000166796585
0.8,1.0285714285714285,0.000592400427,-0.000166995169
0.8,1.0204081632653061,0.000591962088,-0.000166123505
0.8,1.0122448979591836,0.000593095501,-0.000166618007
0.8,1.0040816326530613,0.000592432531,-0.000167385658
0.8,0.9959183673469387,0.00059303484,-0.000166555676
0.8,0.9877551020408163,0.000592190265,-0.000166547071
0.8,0.9795918367346939,0.000592594968,-0.000166673658
0.8,0.9714285714285714,0.000593616254,-0.000165845185
0.8,0.963265306122449,0.00059325238,-0.000166088888
0.8,0.9551020408163265,0.000592039138,-0.000166588142
0.8,0.9469387755102041,0.000592593721,-0.000167032773
0.8,0.9387755102040816,0.000592518204,-0.000166448645
0.8,0.9306122448979592,0.000592220549,-0.000165240859
0.8,0.9224489795918367,0.000592627071,-0.000165905364
0.8,0.9142857142857143,0.000591319819,-0.000166101572
0.8,0.9061224489795918,0.000591331222,-0.000167087364
0.8,0.8979591836734694,0.000591168978,-0.000165627494
0.8,0.889795918367347,0.000590714731,-0.00016706479
0.8,0.8816326530612244,0.000592713705,-0.000165098375
0.8,0.8734693877551021,0.000591127578,-0.000165697114
0.8,0.8653061224489795,0.00059219707,-0.000166506673
0.8,0.8571428571428572,0.000591308222,-0.000166829468
0.8,0.8489795918367347,0.00059136074,-0.000166125432
0.8,0.8408163265306122,0.000591295093,-0.000166056872
0.8,0.8326530612244898,0.000590491633,-0.000166513769
0.8,0.8244897959183674,0.000590708406,-0.000165620815
0.8,0.8163265306122449,0.00059016264,-0.000166238468
0.8,0.8081632653061225,0.000590630304,-0.000166167757
0.8,0.8,0.000590679562,-0.00016629306
