spi_rack.module1.dac8.voltage,spi_rack.module1.dac7.voltage,agilent_left.volt,agilent_right.volt
1.2,1.2,1.24977484,1.24998672
1.2,1.1918367346938774,1.2497756,1.24998284
1.2,1.183673469387755,1.24977255,1.24998577
1.2,1.1755102040816325,1.24977441,1.24998488
1.2,1.1673469387755102,1.24977336,1.24998374
1.2,1.1591836734693877,1.2497762,1.24998622
1.2,1.1510204081632653,1.24977484,1.24998473
1.2,1.1428571428571428,1.24977401,1.24998712
1.2,1.1346938775510205,1.2497731,1.24998551
1.2,1.126530612244898,1.24977595,1.24998628
1.2,1.1183673469387754,1.24977335,1.24998557
1.2,1.110204081632653,1.24977505,1.24998557
1.2,1.1020408163265305,1.24977346,1.24998682
1.2,1.0938775510204082,1.24977691,1.2499846
1.2,1.0857142857142856,1.24977603,1.24998641
1.2,1.0775510204081633,1.249775,1.24998656
1.2,1.0693877551020408,1.24977482,1.24998628
1.2,1.0612244897959184,1.24977321,1.24998486
1.2,1.0530612244897959,1.24977398,1.24998426
1.2,1.0448979591836736,1.24977507,1.2499856
1.2,1.036734693877551,1.24977353,1.24998536
1.2,1.0285714285714285,1.24977688,1.24998598
1.2,1.0204081632653061,1.24977495,1.24998579
1.2,1.0122448979591836,1.24977429,1.2499851
1.2,1.0040816326530613,1.24977429,1.24998467
1.2,0.9959183673469387,1.24977452,1.24998439
1.2,0.9877551020408163,1.24977349,1.24998575
1.2,0.9795918367346939,1.24977429,1.24998482
1.2,0.9714285714285714,1.24977583,1.24998572
1.2,0.963265306122449,1.24977532,1.24998508
1.2,0.9551020408163265,1.24977497,1.24998544
1.2,0.9469387755102041,1.24977464,1.24998392
1.2,0.9387755102040816,1.24977414,1.24998549
1.2,0.9306122448979592,1.24977306,1.24998445
1.2,0.9224489795918367,1.24977255,1.24998697
1.2,0.9142857142857143,1.24977477,1.24998383
1.2,0.9061224489795918,1.24977353,1.24998398
1.2,0.8979591836734694,1.24977432,1.24998349
1.2,0.889795918367347,1.2497754,1.24998458
1.2,0.8816326530612244,1.24977207,1.24998383
1.2,0.8734693877551021,1.2497727,1.24998458
1.2,0.8653061224489795,1.24977525,1.24998538
1.2,0.8571428571428572,1.24977674,1.2499837
1.2,0.8489795918367347,1.24977639,1.24998293
1.2,0.8408163265306122,1.24977401,1.2499857
1.2,0.8326530612244898,1.24977295,1.24998581
1.2,0.8244897959183674,1.24977341,1.24998329
1.2,0.8163265306122449,1.24977247,1.24998631
1.2,0.8081632653061225,1.24977346,1.24998482
1.2,0.8,1.24977111,1.24998516
1.1918367346938774,1.2,1.24977285,1.24998277
1.1918367346938774,1.1918367346938774,1.24977571,1.24998585
1.1918367346938774,1.183673469387755,1.24977273,1.24998501
1.1918367346938774,1.1755102040816325,1.24977464,1.24998663
1.1918367346938774,1.1673469387755102,1.24977219,1.24998396
1.1918367346938774,1.1591836734693877,1.24977303,1.24998527
1.1918367346938774,1.1510204081632653,1.24977507,1.24998516
1.1918367346938774,1.1428571428571428,1.24977167,1.24998727
1.1918367346938774,1.1346938775510205,1.24977421,1.24998665
1.1918367346938774,1.126530612244898,1.24977338,1.24998719
1.1918367346938774,1.1183673469387754,1.24977626,1.24998488
1.1918367346938774,1.110204081632653,1.24977247,1.2499865
1.1918367346938774,1.1020408163265305,1.2497729,1.24998491
1.1918367346938774,1.0938775510204082,1.24977437,1.24998439
1.1918367346938774,1.0857142857142856,1.24977525,1.24998488
1.1918367346938774,1.0775510204081633,1.24977575,1.24998572
1.1918367346938774,1.0693877551020408,1.24977555,1.24998594
1.1918367346938774,1.0612244897959184,1.24977306,1.24998405
1.1918367346938774,1.0530612244897959,1.24977585,1.24998377
1.1918367346938774,1.0448979591836736,1.24977174,1.24998588
1.1918367346938774,1.036734693877551,1.24977346,1.249986
1.1918367346938774,1.0285714285714285,1.24977104,1.24998557
1.1918367346938774,1.0204081632653061,1.24977429,1.24998693
1.1918367346938774,1.0122448979591836,1.2497754,1.24998364
1.1918367346938774,1.0040816326530613,1.24977341,1.2499829
1.1918367346938774,0.9959183673469387,1.24977287,1.24998473
1.1918367346938774,0.9877551020408163,1.24977227,1.24998529
1.1918367346938774,0.9795918367346939,1.24977361,1.24998564
1.1918367346938774,0.9714285714285714,1.24977639,1.2499848
1.1918367346938774,0.963265306122449,1.24977093,1.24998523
1.1918367346938774,0.9551020408163265,1.24977194,1.24998426
1.1918367346938774,0.9469387755102041,1.24977298,1.2499843
1.1918367346938774,0.9387755102040816,1.24977222,1.24998691
1.1918367346938774,0.9306122448979592,1.24977278,1.24998476
1.1918367346938774,0.9224489795918367,1.24977437,1.24998411
1.1918367346938774,0.9142857142857143,1.24977235,1.24998736
1.1918367346938774,0.9061224489795918,1.2497746,1.24998572
1.1918367346938774,0.8979591836734694,1.24977568,1.24998622
1.1918367346938774,0.889795918367347,1.24977396,1.24998432
1.1918367346938774,0.8816326530612244,1.2497727,1.24998482
1.1918367346938774,0.8734693877551021,1.24977386,1.24998536
1.1918367346938774,0.8653061224489795,1.24977306,1.24998557
1.1918367346938774,0.8571428571428572,1.2497748,1.24998557
1.1918367346938774,0.8489795918367347,1.24977641,1.24998572
1.1918367346938774,0.8408163265306122,1.24977563,1.24998663
1.1918367346938774,0.8326530612244898,1.24977507,1.24998374
1.1918367346938774,0.8244897959183674,1.24977298,1.24998495
1.1918367346938774,0.8163265306122449,1.2497729,1.24998585
1.1918367346938774,0.8081632653061225,1.24977537,1.24998529
1.1918367346938774,0.8,1.24977656,1.24998428
1.183673469387755,1.2,1.24977258,1.24998755
1.183673469387755,1.1918367346938774,1.24977394,1.24998432
1.183673469387755,1.183673469387755,1.24977643,1.24998521
1.183673469387755,1.1755102040816325,1.24977437,1.24998392
1.183673469387755,1.1673469387755102,1.24977172,1.24998529
1.183673469387755,1.1591836734693877,1.24977401,1.2499851
1.183673469387755,1.1510204081632653,1.24977497,1.24998544
1.183673469387755,1.1428571428571428,1.24977346,1.24998448
1.183673469387755,1.1346938775510205,1.24977457,1.24998293
1.183673469387755,1.126530612244898,1.24977469,1.24998532
1.183673469387755,1.1183673469387754,1.24977315,1.24998594
1.183673469387755,1.110204081632653,1.24977437,1.24998452
1.183673469387755,1.1020408163265305,1.24977543,1.24998538
1.183673469387755,1.0938775510204082,1.24977169,1.24998439
1.183673469387755,1.0857142857142856,1.24977323,1.24998544
1.183673469387755,1.0775510204081633,1.24977239,1.24998575
1.183673469387755,1.0693877551020408,1.24977381,1.24998215
1.183673469387755,1.0612244897959184,1.24977361,1.24998349
1.183673469387755,1.0530612244897959,1.24977689,1.24998473
1.183673469387755,1.0448979591836736,1.24977338,1.24998439
1.183673469387755,1.036734693877551,1.2497758,1.24998488
1.183673469387755,1.0285714285714285,1.24977227,1.2499851
1.183673469387755,1.0204081632653061,1.24977389,1.2499842
1.183673469387755,1.0122448979591836,1.24977318,1.24998243
1.183673469387755,1.0040816326530613,1.24977389,1.24998557
1.183673469387755,0.9959183673469387,1.24977323,1.24998432
1.183673469387755,0.9877551020408163,1.24977341,1.24998622
1.183673469387755,0.9795918367346939,1.24977278,1.24998482
1.183673469387755,0.9714285714285714,1.24977151,1.24998469
1.183673469387755,0.963265306122449,1.24977267,1.24998514
1.183673469387755,0.9551020408163265,1.24977666,1.24998611
1.183673469387755,0.9469387755102041,1.24977414,1.24998312
1.183673469387755,0.9387755102040816,1.24977409,1.24998743
1.183673469387755,0.9306122448979592,1.2497752,1.24998585
1.183673469387755,0.9224489795918367,1.24977434,1.24998286
1.183673469387755,0.9142857142857143,1.24977378,1.24998672
1.183673469387755,0.9061224489795918,1.24977452,1.24998327
1.183673469387755,0.8979591836734694,1.24977242,1.24998691
1.183673469387755,0.889795918367347,1.24977528,1.24998609
1.183673469387755,0.8816326530612244,1.24977346,1.24998488
1.183673469387755,0.8734693877551021,1.24977273,1.24998452
1.183673469387755,0.8653061224489795,1.24976957,1.24998103
1.183673469387755,0.8571428571428572,1.24977361,1.24998706
1.183673469387755,0.8489795918367347,1.24977462,1.24998398
1.183673469387755,0.8408163265306122,1.24977313,1.24998361
1.183673469387755,0.8326530612244898,1.24977631,1.24998678
1.183673469387755,0.8244897959183674,1.24977613,1.2499846
1.183673469387755,0.8163265306122449,1.24977323,1.24998389
1.183673469387755,0.8081632653061225,1.24977412,1.24998622
1.183673469387755,0.8,1.24977394,1.24998592
1.1755102040816325,1.2,1.2497699,1.24998706
1.1755102040816325,1.1918367346938774,1.24977381,1.24998654
1.1755102040816325,1.183673469387755,1.24977147,1.24998622
1.1755102040816325,1.1755102040816325,1.24977353,1.24998377
1.1755102040816325,1.1673469387755102,1.24977252,1.24998314
1.1755102040816325,1.1591836734693877,1.24977528,1.24998579
1.1755102040816325,1.1510204081632653,1.24977437,1.24998501
1.1755102040816325,1.1428571428571428,1.24977389,1.24998641
1.1755102040816325,1.1346938775510205,1.24977414,1.24998417
1.1755102040816325,1.126530612244898,1.24977255,1.24998516
1.1755102040816325,1.1183673469387754,1.24977452,1.24998523
1.1755102040816325,1.110204081632653,1.24977666,1.24998721
1.1755102040816325,1.1020408163265305,1.24977242,1.24998626
1.1755102040816325,1.0938775510204082,1.24977389,1.24998396
1.1755102040816325,1.0857142857142856,1.24977225,1.24998398
1.1755102040816325,1.0775510204081633,1.24977333,1.24998669
1.1755102040816325,1.0693877551020408,1.24977219,1.24998648
1.1755102040816325,1.0612244897959184,1.24977389,1.24998409
1.1755102040816325,1.0530612244897959,1.2497752,1.24998635
1.1755102040816325,1.0448979591836736,1.2497727,1.24998725
1.1755102040816325,1.036734693877551,1.24977333,1.24998622
1.1755102040816325,1.0285714285714285,1.24977242,1.24998656
1.1755102040816325,1.0204081632653061,1.24977656,1.24998327
1.1755102040816325,1.0122448979591836,1.24977528,1.249986
1.1755102040816325,1.0040816326530613,1.24977313,1.24998482
1.1755102040816325,0.9959183673469387,1.24977204,1.24998697
1.1755102040816325,0.9877551020408163,1.24977616,1.24998781
1.1755102040816325,0.9795918367346939,1.24977373,1.24998725
1.1755102040816325,0.9714285714285714,1.24977295,1.24998607
1.1755102040816325,0.963265306122449,1.24977417,1.24998831
1.1755102040816325,0.9551020408163265,1.24977497,1.24998635
1.1755102040816325,0.9469387755102041,1.24977366,1.24998542
1.1755102040816325,0.9387755102040816,1.24977421,1.24998607
1.1755102040816325,0.9306122448979592,1.24977217,1.24998439
1.1755102040816325,0.9224489795918367,1.24977389,1.24998463
1.1755102040816325,0.9142857142857143,1.24977369,1.24998523
1.1755102040816325,0.9061224489795918,1.24977242,1.24998495
1.1755102040816325,0.8979591836734694,1.24977464,1.24998682
1.1755102040816325,0.889795918367347,1.24977298,1.24998424
1.1755102040816325,0.8816326530612244,1.24977298,1.24998755
1.1755102040816325,0.8734693877551021,1.24977523,1.24998607
1.1755102040816325,0.8653061224489795,1.2497729,1.24998497
1.1755102040816325,0.8571428571428572,1.2497758,1.24998529
1.1755102040816325,0.8489795918367347,1.24977278,1.24998448
1.1755102040816325,0.8408163265306122,1.24977464,1.24998644
1.1755102040816325,0.8326530612244898,1.2497733,1.24998577
1.1755102040816325,0.8244897959183674,1.24977414,1.24998699
1.1755102040816325,0.8163265306122449,1.2497729,1.24998626
1.1755102040816325,0.8081632653061225,1.24977457,1.24998626
1.1755102040816325,0.8,1.24977262,1.24998482
1.1673469387755102,1.2,1.24977457,1.24998469
1.1673469387755102,1.1918367346938774,1.24977412,1.24998553
1.1673469387755102,1.183673469387755,1.24977487,1.24998411
1.1673469387755102,1.1755102040816325,1.24977507,1.24998572
1.1673469387755102,1.1673469387755102,1.24977196,1.24998594
1.1673469387755102,1.1591836734693877,1.249775,1.24998314
1.1673469387755102,1.1510204081632653,1.24977353,1.24998432
1.1673469387755102,1.1428571428571428,1.24977588,1.24998398
1.1673469387755102,1.1346938775510205,1.24977293,1.24998508
1.1673469387755102,1.126530612244898,1.24977333,1.24998598
1.1673469387755102,1.1183673469387754,1.24977262,1.24998501
1.1673469387755102,1.110204081632653,1.24977127,1.24998501
1.1673469387755102,1.1020408163265305,1.24977262,1.249986
1.1673469387755102,1.0938775510204082,1.24977429,1.24998482
1.1673469387755102,1.0857142857142856,1.24977136,1.24998508
1.1673469387755102,1.0775510204081633,1.24977343,1.24998501
1.1673469387755102,1.0693877551020408,1.24977394,1.24998321
1.1673469387755102,1.0612244897959184,1.2497725,1.24998607
1.1673469387755102,1.0530612244897959,1.24977563,1.24998579
1.1673469387755102,1.0448979591836736,1.24977262,1.24998495
1.1673469387755102,1.036734693877551,1.24977406,1.24998383
1.1673469387755102,1.0285714285714285,1.2497729,1.24998432
1.1673469387755102,1.0204081632653061,1.2497729,1.24998383
1.1673469387755102,1.0122448979591836,1.24977346,1.24998693
1.1673469387755102,1.0040816326530613,1.24977439,1.24998383
1.1673469387755102,0.9959183673469387,1.24977421,1.24998463
1.1673469387755102,0.9877551020408163,1.2497733,1.24998364
1.1673469387755102,0.9795918367346939,1.24977179,1.24998579
1.1673469387755102,0.9714285714285714,1.24977338,1.24998523
1.1673469387755102,0.963265306122449,1.24977141,1.24998521
1.1673469387755102,0.9551020408163265,1.24977525,1.24998656
1.1673469387755102,0.9469387755102041,1.24977373,1.24998585
1.1673469387755102,0.9387755102040816,1.24977398,1.24998635
1.1673469387755102,0.9306122448979592,1.24977333,1.24998159
1.1673469387755102,0.9224489795918367,1.24977242,1.24998523
1.1673469387755102,0.9142857142857143,1.24977318,1.24998398
1.1673469387755102,0.9061224489795918,1.2497729,1.2499834
1.1673469387755102,0.8979591836734694,1.24977464,1.24998402
1.1673469387755102,0.889795918367347,1.24977573,1.24998669
1.1673469387755102,0.8816326530612244,1.24977222,1.24998439
1.1673469387755102,0.8734693877551021,1.24977187,1.24998383
1.1673469387755102,0.8653061224489795,1.24977212,1.24998516
1.1673469387755102,0.8571428571428572,1.24977303,1.24998553
1.1673469387755102,0.8489795918367347,1.24977437,1.24998312
1.1673469387755102,0.8408163265306122,1.24977255,1.2499842
1.1673469387755102,0.8326530612244898,1.24977262,1.24998357
1.1673469387755102,0.8244897959183674,1.24977401,1.249986
1.1673469387755102,0.8163265306122449,1.24977326,1.2499851
1.1673469387755102,0.8081632653061225,1.2497727,1.24998566
1.1673469387755102,0.8,1.24977548,1.24998538
1.1591836734693877,1.2,1.24977187,1.24998361
1.1591836734693877,1.1918367346938774,1.24977381,1.24998585
1.1591836734693877,1.183673469387755,1.24977369,1.24998538
1.1591836734693877,1.1755102040816325,1.24977634,1.24998749
1.1591836734693877,1.1673469387755102,1.24977172,1.2499851
1.1591836734693877,1.1591836734693877,1.2497756,1.24998607
1.1591836734693877,1.1510204081632653,1.24977464,1.24998424
1.1591836734693877,1.1428571428571428,1.24977406,1.24998454
1.1591836734693877,1.1346938775510205,1.24977401,1.24998529
1.1591836734693877,1.126530612244898,1.24977333,1.24998697
1.1591836734693877,1.1183673469387754,1.24977353,1.24998366
1.1591836734693877,1.110204081632653,1.24977484,1.24998361
1.1591836734693877,1.1020408163265305,1.24977238,1.24998598
1.1591836734693877,1.0938775510204082,1.2497748,1.2499846
1.1591836734693877,1.0857142857142856,1.24977373,1.24998613
1.1591836734693877,1.0775510204081633,1.24977691,1.24998508
1.1591836734693877,1.0693877551020408,1.24977283,1.24998482
1.1591836734693877,1.0612244897959184,1.24977373,1.24998585
1.1591836734693877,1.0530612244897959,1.24977512,1.24998564
1.1591836734693877,1.0448979591836736,1.24977313,1.24998613
1.1591836734693877,1.036734693877551,1.24977525,1.24998525
1.1591836734693877,1.0285714285714285,1.2497756,1.24998633
1.1591836734693877,1.0204081632653061,1.24977293,1.24998626
1.1591836734693877,1.0122448979591836,1.24977159,1.24998704
1.1591836734693877,1.0040816326530613,1.2497756,1.24998529
1.1591836734693877,0.9959183673469387,1.24977351,1.24998669
1.1591836734693877,0.9877551020408163,1.24977361,1.24998809
1.1591836734693877,0.9795918367346939,1.24977378,1.24998684
1.1591836734693877,0.9714285714285714,1.24977404,1.24998644
1.1591836734693877,0.963265306122449,1.24977373,1.24998672
1.1591836734693877,0.9551020408163265,1.24977235,1.24998697
1.1591836734693877,0.9469387755102041,1.2497752,1.24998312
1.1591836734693877,0.9387755102040816,1.24977373,1.24998588
1.1591836734693877,0.9306122448979592,1.24977571,1.24998641
1.1591836734693877,0.9224489795918367,1.24977328,1.2499854
1.1591836734693877,0.9142857142857143,1.24977603,1.24998564
1.1591836734693877,0.9061224489795918,1.24977389,1.24998635
1.1591836734693877,0.8979591836734694,1.24977147,1.24998572
1.1591836734693877,0.889795918367347,1.24977421,1.24998747
1.1591836734693877,0.8816326530612244,1.24977306,1.24998402
1.1591836734693877,0.8734693877551021,1.24977358,1.24998622
1.1591836734693877,0.8653061224489795,1.24977424,1.24998816
1.1591836734693877,0.8571428571428572,1.24977535,1.24998648
1.1591836734693877,0.8489795918367347,1.24977618,1.24998738
1.1591836734693877,0.8408163265306122,1.24977401,1.24998684
1.1591836734693877,0.8326530612244898,1.24977616,1.2499846
1.1591836734693877,0.8244897959183674,1.24977717,1.24998635
1.1591836734693877,0.8163265306122449,1.24977528,1.24998551
1.1591836734693877,0.8081632653061225,1.24977353,1.24998874
1.1591836734693877,0.8,1.24977424,1.24998633
1.1510204081632653,1.2,1.24977548,1.24998439
1.1510204081632653,1.1918367346938774,1.24977406,1.24998439
1.1510204081632653,1.183673469387755,1.24977346,1.24998243
1.1510204081632653,1.1755102040816325,1.24977603,1.24998616
1.1510204081632653,1.1673469387755102,1.24977298,1.2499846
1.1510204081632653,1.1591836734693877,1.24977467,1.24998678
1.1510204081632653,1.1510204081632653,1.24977381,1.24998426
1.1510204081632653,1.1428571428571428,1.24977275,1.24998544
1.1510204081632653,1.1346938775510205,1.2497746,1.24998389
1.1510204081632653,1.126530612244898,1.24977321,1.24998361
1.1510204081632653,1.1183673469387754,1.24977376,1.24998572
1.1510204081632653,1.110204081632653,1.24977517,1.24998405
1.1510204081632653,1.1020408163265305,1.24977371,1.249986
1.1510204081632653,1.0938775510204082,1.24977318,1.24998325
1.1510204081632653,1.0857142857142856,1.249775,1.24998411
1.1510204081632653,1.0775510204081633,1.24977512,1.24998594
1.1510204081632653,1.0693877551020408,1.24977356,1.24998641
1.1510204081632653,1.0612244897959184,1.24977424,1.24998495
1.1510204081632653,1.0530612244897959,1.24977341,1.2499846
1.1510204081632653,1.0448979591836736,1.24977262,1.24998613
1.1510204081632653,1.036734693877551,1.24977472,1.24998594
1.1510204081632653,1.0285714285714285,1.2497756,1.2499857
1.1510204081632653,1.0204081632653061,1.24977623,1.24998551
1.1510204081632653,1.0122448979591836,1.24977484,1.24998361
1.1510204081632653,1.0040816326530613,1.24977484,1.24998232
1.1510204081632653,0.9959183673469387,1.24977434,1.24998398
1.1510204081632653,0.9877551020408163,1.24977457,1.24998551
1.1510204081632653,0.9795918367346939,1.24977457,1.24998557
1.1510204081632653,0.9714285714285714,1.24977464,1.24998704
1.1510204081632653,0.963265306122449,1.24977326,1.24998452
1.1510204081632653,0.9551020408163265,1.24977394,1.24998588
1.1510204081632653,0.9469387755102041,1.24977338,1.24998523
1.1510204081632653,0.9387755102040816,1.24977437,1.24998469
1.1510204081632653,0.9306122448979592,1.2497752,1.2499851
1.1510204081632653,0.9224489795918367,1.24977528,1.24998523
1.1510204081632653,0.9142857142857143,1.24977386,1.24998314
1.1510204081632653,0.9061224489795918,1.24977437,1.24998409
1.1510204081632653,0.8979591836734694,1.24977247,1.24998538
1.1510204081632653,0.889795918367347,1.24977477,1.24998648
1.1510204081632653,0.8816326530612244,1.24977349,1.24998762
1.1510204081632653,0.8734693877551021,1.24977278,1.24998523
1.1510204081632653,0.8653061224489795,1.24977358,1.24998368
1.1510204081632653,0.8571428571428572,1.24977492,1.24998439
1.1510204081632653,0.8489795918367347,1.24977568,1.24998497
1.1510204081632653,0.8408163265306122,1.24977298,1.24998426
1.1510204081632653,0.8326530612244898,1.24977381,1.24998301
1.1510204081632653,0.8244897959183674,1.24977361,1.24998648
1.1510204081632653,0.8163265306122449,1.24977563,1.24998271
1.1510204081632653,0.8081632653061225,1.2497731,1.2499856
1.1510204081632653,0.8,1.24977346,1.24998532
1.1428571428571428,1.2,1.24977404,1.2499837
1.1428571428571428,1.1918367346938774,1.24977432,1.24998501
1.1428571428571428,1.183673469387755,1.24977434,1.24998452
1.1428571428571428,1.1755102040816325,1.24977318,1.24998542
1.1428571428571428,1.1673469387755102,1.24977258,1.24998486
1.1428571428571428,1.1591836734693877,1.24977421,1.24998465
1.1428571428571428,1.1510204081632653,1.24977275,1.24998566
1.1428571428571428,1.1428571428571428,1.24977505,1.24998476
1.1428571428571428,1.1346938775510205,1.24977424,1.24998607
1.1428571428571428,1.126530612244898,1.24977472,1.24998656
1.1428571428571428,1.1183673469387754,1.24977477,1.24998465
1.1428571428571428,1.110204081632653,1.24977196,1.24998181
1.1428571428571428,1.1020408163265305,1.24977275,1.24998359
1.1428571428571428,1.0938775510204082,1.24977338,1.24998476
1.1428571428571428,1.0857142857142856,1.24977199,1.24998564
1.1428571428571428,1.0775510204081633,1.24977247,1.24998572
1.1428571428571428,1.0693877551020408,1.24977227,1.24998572
1.1428571428571428,1.0612244897959184,1.24977353,1.24998902
1.1428571428571428,1.0530612244897959,1.2497729,1.2499848
1.1428571428571428,1.0448979591836736,1.24977464,1.24998305
1.1428571428571428,1.036734693877551,1.24977326,1.2499846
1.1428571428571428,1.0285714285714285,1.24977371,1.24998377
1.1428571428571428,1.0204081632653061,1.24977349,1.24998443
1.1428571428571428,1.0122448979591836,1.24977394,1.24998239
1.1428571428571428,1.0040816326530613,1.24977482,1.24998607
1.1428571428571428,0.9959183673469387,1.24977298,1.24998305
1.1428571428571428,0.9877551020408163,1.2497725,1.2499846
1.1428571428571428,0.9795918367346939,1.24977381,1.24998389
1.1428571428571428,0.9714285714285714,1.24977207,1.24998508
1.1428571428571428,0.963265306122449,1.24977255,1.24998564
1.1428571428571428,0.9551020408163265,1.24977543,1.24998616
1.1428571428571428,0.9469387755102041,1.24977212,1.24998669
1.1428571428571428,0.9387755102040816,1.24977421,1.24998488
1.1428571428571428,0.9306122448979592,1.24977381,1.24998405
1.1428571428571428,0.9224489795918367,1.24977293,1.24998432
1.1428571428571428,0.9142857142857143,1.24977573,1.24998519
1.1428571428571428,0.9061224489795918,1.24977525,1.24998553
1.1428571428571428,0.8979591836734694,1.24977583,1.24998594
1.1428571428571428,0.889795918367347,1.24977315,1.24998424
1.1428571428571428,0.8816326530612244,1.24977424,1.24998377
1.1428571428571428,0.8734693877551021,1.24977366,1.249986
1.1428571428571428,0.8653061224489795,1.24977646,1.24998648
1.1428571428571428,0.8571428571428572,1.24977595,1.24998473
1.1428571428571428,0.8489795918367347,1.2497721,1.24998575
1.1428571428571428,0.8408163265306122,1.24977639,1.24998452
1.1428571428571428,0.8326530612244898,1.24977318,1.24998566
1.1428571428571428,0.8244897959183674,1.24977719,1.24998564
1.1428571428571428,0.8163265306122449,1.24977293,1.24998454
1.1428571428571428,0.8081632653061225,1.24977429,1.24998656
1.1428571428571428,0.8,1.2497727,1.24998564
1.1346938775510205,1.2,1.2497748,1.24998544
1.1346938775510205,1.1918367346938774,1.24977381,1.24998336
1.1346938775510205,1.183673469387755,1.24977321,1.24998544
1.1346938775510205,1.1755102040816325,1.24977376,1.24998443
1.1346938775510205,1.1673469387755102,1.24977265,1.24998312
1.1346938775510205,1.1591836734693877,1.24977315,1.24998424
1.1346938775510205,1.1510204081632653,1.24977487,1.24998519
1.1346938775510205,1.1428571428571428,1.24977528,1.24998607
1.1346938775510205,1.1346938775510205,1.24977338,1.24998437
1.1346938775510205,1.126530612244898,1.24977373,1.2499856
1.1346938775510205,1.1183673469387754,1.24977551,1.24998529
1.1346938775510205,1.110204081632653,1.24977623,1.24998616
1.1346938775510205,1.1020408163265305,1.24977532,1.24998551
1.1346938775510205,1.0938775510204082,1.24977616,1.24998609
1.1346938775510205,1.0857142857142856,1.24977192,1.24998557
1.1346938775510205,1.0775510204081633,1.2497727,1.24998516
1.1346938775510205,1.0693877551020408,1.24977381,1.24998663
1.1346938775510205,1.0612244897959184,1.24977666,1.2499874
1.1346938775510205,1.0530612244897959,1.24977373,1.24998725
1.1346938775510205,1.0448979591836736,1.24977346,1.24998852
1.1346938775510205,1.036734693877551,1.24977455,1.24998407
1.1346938775510205,1.0285714285714285,1.2497752,1.24998374
1.1346938775510205,1.0204081632653061,1.24977507,1.24998508
1.1346938775510205,1.0122448979591836,1.24977338,1.24998585
1.1346938775510205,1.0040816326530613,1.24977674,1.24998377
1.1346938775510205,0.9959183673469387,1.24977351,1.24998407
1.1346938775510205,0.9877551020408163,1.24977295,1.24998476
1.1346938775510205,0.9795918367346939,1.24977462,1.24998297
1.1346938775510205,0.9714285714285714,1.24977381,1.24998641
1.1346938775510205,0.963265306122449,1.24977202,1.24998622
1.1346938775510205,0.9551020408163265,1.24977301,1.24998355
1.1346938775510205,0.9469387755102041,1.24977406,1.24998361
1.1346938775510205,0.9387755102040816,1.24977595,1.24998656
1.1346938775510205,0.9306122448979592,1.24977417,1.2499848
1.1346938775510205,0.9224489795918367,1.24977469,1.24998385
1.1346938775510205,0.9142857142857143,1.24977648,1.24998488
1.1346938775510205,0.9061224489795918,1.24977429,1.24998493
1.1346938775510205,0.8979591836734694,1.24977482,1.24998613
1.1346938775510205,0.889795918367347,1.24977194,1.24998557
1.1346938775510205,0.8816326530612244,1.24977537,1.24998532
1.1346938775510205,0.8734693877551021,1.24977333,1.24998364
1.1346938775510205,0.8653061224489795,1.24977631,1.24998398
1.1346938775510205,0.8571428571428572,1.24977353,1.24998637
1.1346938775510205,0.8489795918367347,1.24977484,1.24998432
1.1346938775510205,0.8408163265306122,1.24977515,1.24998594
1.1346938775510205,0.8326530612244898,1.24977487,1.24998392
1.1346938775510205,0.8244897959183674,1.24977737,1.24998501
1.1346938775510205,0.8163265306122449,1.24977358,1.24998594
1.1346938775510205,0.8081632653061225,1.24977366,1.24998441
1.1346938775510205,0.8,1.24977611,1.24998476
1.126530612244898,1.2,1.2497733,1.24998284
1.126530612244898,1.1918367346938774,1.24977437,1.24998417
1.126530612244898,1.183673469387755,1.24977283,1.24998441
1.126530612244898,1.1755102040816325,1.24977434,1.24998336
1.126530612244898,1.1673469387755102,1.24977444,1.24998355
1.126530612244898,1.1591836734693877,1.24977552,1.24998613
1.126530612244898,1.1510204081632653,1.24977373,1.24998467
1.126530612244898,1.1428571428571428,1.24977552,1.24998381
1.126530612244898,1.1346938775510205,1.24977466,1.24998796
1.126530612244898,1.126530612244898,1.24977449,1.24998499
1.126530612244898,1.1183673469387754,1.24977643,1.249986
1.126530612244898,1.110204081632653,1.24977598,1.24998189
1.126530612244898,1.1020408163265305,1.24977591,1.24998361
1.126530612244898,1.0938775510204082,1.24977414,1.24998687
1.126530612244898,1.0857142857142856,1.24977563,1.2499846
1.126530612244898,1.0775510204081633,1.24977323,1.24998411
1.126530612244898,1.0693877551020408,1.249776,1.24998256
1.126530612244898,1.0612244897959184,1.24977437,1.24998333
1.126530612244898,1.0530612244897959,1.24977464,1.24998452
1.126530612244898,1.0448979591836736,1.24977386,1.24998777
1.126530612244898,1.036734693877551,1.24977555,1.2499856
1.126530612244898,1.0285714285714285,1.24977396,1.24998497
1.126530612244898,1.0204081632653061,1.2497729,1.24998523
1.126530612244898,1.0122448979591836,1.24977404,1.24998667
1.126530612244898,1.0040816326530613,1.24977369,1.24998684
1.126530612244898,0.9959183673469387,1.24977298,1.24998704
1.126530612244898,0.9877551020408163,1.24977563,1.2499837
1.126530612244898,0.9795918367346939,1.24977651,1.24998598
1.126530612244898,0.9714285714285714,1.24977474,1.24998538
1.126530612244898,0.963265306122449,1.24977591,1.24998719
1.126530612244898,0.9551020408163265,1.24977267,1.24998663
1.126530612244898,0.9469387755102041,1.24977507,1.2499834
1.126530612244898,0.9387755102040816,1.24977341,1.24998824
1.126530612244898,0.9306122448979592,1.24977575,1.24998663
1.126530612244898,0.9224489795918367,1.24977338,1.24998544
1.126530612244898,0.9142857142857143,1.24977588,1.24998672
1.126530612244898,0.9061224489795918,1.24977285,1.24998572
1.126530612244898,0.8979591836734694,1.24977702,1.24998613
1.126530612244898,0.889795918367347,1.24977439,1.24998656
1.126530612244898,0.8816326530612244,1.24977235,1.24998454
1.126530612244898,0.8734693877551021,1.24977361,1.24998557
1.126530612244898,0.8653061224489795,1.24977283,1.24998501
1.126530612244898,0.8571428571428572,1.24977437,1.24998473
1.126530612244898,0.8489795918367347,1.24977505,1.24998544
1.126530612244898,0.8408163265306122,1.24977611,1.24998413
1.126530612244898,0.8326530612244898,1.24977517,1.24998656
1.126530612244898,0.8244897959183674,1.24977421,1.24998445
1.126530612244898,0.8163265306122449,1.24977568,1.24998635
1.126530612244898,0.8081632653061225,1.24977492,1.24998482
1.126530612244898,0.8,1.24977333,1.24998488
1.1183673469387754,1.2,1.24977338,1.24998572
1.1183673469387754,1.1918367346938774,1.24977373,1.24998506
1.1183673469387754,1.183673469387755,1.249776,1.24998432
1.1183673469387754,1.1755102040816325,1.24977353,1.24998684
1.1183673469387754,1.1673469387755102,1.24977583,1.24998585
1.1183673469387754,1.1591836734693877,1.24977361,1.24998544
1.1183673469387754,1.1510204081632653,1.24977255,1.24998536
1.1183673469387754,1.1428571428571428,1.24977464,1.24998588
1.1183673469387754,1.1346938775510205,1.24977437,1.24998538
1.1183673469387754,1.126530612244898,1.2497754,1.24998392
1.1183673469387754,1.1183673469387754,1.24977464,1.24998628
1.1183673469387754,1.110204081632653,1.2497731,1.24998508
1.1183673469387754,1.1020408163265305,1.24977424,1.24998411
1.1183673469387754,1.0938775510204082,1.2497719,1.24998648
1.1183673469387754,1.0857142857142856,1.24977515,1.24998542
1.1183673469387754,1.0775510204081633,1.24977417,1.24998594
1.1183673469387754,1.0693877551020408,1.24977318,1.24998521
1.1183673469387754,1.0612244897959184,1.24977417,1.24998486
1.1183673469387754,1.0530612244897959,1.24977219,1.24998613
1.1183673469387754,1.0448979591836736,1.24977119,1.24998775
1.1183673469387754,1.036734693877551,1.24977081,1.24998439
1.1183673469387754,1.0285714285714285,1.24977386,1.24998572
1.1183673469387754,1.0204081632653061,1.2497725,1.24998641
1.1183673469387754,1.0122448979591836,1.24977509,1.24998579
1.1183673469387754,1.0040816326530613,1.24977391,1.24998641
1.1183673469387754,0.9959183673469387,1.24977349,1.24998383
1.1183673469387754,0.9877551020408163,1.24977343,1.24998215
1.1183673469387754,0.9795918367346939,1.24977283,1.24998553
1.1183673469387754,0.9714285714285714,1.24977306,1.24998585
1.1183673469387754,0.963265306122449,1.24977507,1.24998704
1.1183673469387754,0.9551020408163265,1.24977381,1.24998495
1.1183673469387754,0.9469387755102041,1.24977121,1.24998228
1.1183673469387754,0.9387755102040816,1.24977469,1.24998426
1.1183673469387754,0.9306122448979592,1.24977333,1.24998699
1.1183673469387754,0.9224489795918367,1.24977437,1.2499856
1.1183673469387754,0.9142857142857143,1.24977532,1.2499848
1.1183673469387754,0.9061224489795918,1.24977384,1.24998719
1.1183673469387754,0.8979591836734694,1.24977492,1.24998557
1.1183673469387754,0.889795918367347,1.24977376,1.24998616
1.1183673469387754,0.8816326530612244,1.24977149,1.24998613
1.1183673469387754,0.8734693877551021,1.249775,1.24998594
1.1183673469387754,0.8653061224489795,1.24977396,1.24998452
1.1183673469387754,0.8571428571428572,1.24977439,1.24998656
1.1183673469387754,0.8489795918367347,1.24977227,1.24998368
1.1183673469387754,0.8408163265306122,1.24977358,1.24998575
1.1183673469387754,0.8326530612244898,1.24977333,1.2499856
1.1183673469387754,0.8244897959183674,1.24977338,1.24998482
1.1183673469387754,0.8163265306122449,1.2497727,1.24998706
1.1183673469387754,0.8081632653061225,1.24977452,1.24998562
1.1183673469387754,0.8,1.24977341,1.24998312
1.110204081632653,1.2,1.24977507,1.24998396
1.110204081632653,1.1918367346938774,1.24977813,1.24998691
1.110204081632653,1.183673469387755,1.24977555,1.2499871
1.110204081632653,1.1755102040816325,1.24977525,1.24998734
1.110204081632653,1.1673469387755102,1.24977245,1.24998557
1.110204081632653,1.1591836734693877,1.2497758,1.24998349
1.110204081632653,1.1510204081632653,1.24977088,1.24998333
1.110204081632653,1.1428571428571428,1.24977219,1.24998411
1.110204081632653,1.1346938775510205,1.24977494,1.24998482
1.110204081632653,1.126530612244898,1.24977608,1.24998635
1.110204081632653,1.1183673469387754,1.24977396,1.24998486
1.110204081632653,1.110204081632653,1.24977394,1.24998314
1.110204081632653,1.1020408163265305,1.24977278,1.24998672
1.110204081632653,1.0938775510204082,1.24977306,1.24998706
1.110204081632653,1.0857142857142856,1.24977464,1.24998607
1.110204081632653,1.0775510204081633,1.24977414,1.24998594
1.110204081632653,1.0693877551020408,1.24977487,1.24998648
1.110204081632653,1.0612244897959184,1.24977568,1.24998301
1.110204081632653,1.0530612244897959,1.24977492,1.24998353
1.110204081632653,1.0448979591836736,1.24977351,1.24998613
1.110204081632653,1.036734693877551,1.24977568,1.24998676
1.110204081632653,1.0285714285714285,1.24977444,1.24998594
1.110204081632653,1.0204081632653061,1.24977449,1.24998572
1.110204081632653,1.0122448979591836,1.24977631,1.24998691
1.110204081632653,1.0040816326530613,1.24977742,1.24998532
1.110204081632653,0.9959183673469387,1.24977404,1.24998432
1.110204081632653,0.9877551020408163,1.24977353,1.24998725
1.110204081632653,0.9795918367346939,1.249775,1.24998271
1.110204081632653,0.9714285714285714,1.249775,1.24998258
1.110204081632653,0.963265306122449,1.24977532,1.24998536
1.110204081632653,0.9551020408163265,1.24977484,1.24998501
1.110204081632653,0.9469387755102041,1.24977492,1.24998749
1.110204081632653,0.9387755102040816,1.24977199,1.24998357
1.110204081632653,0.9306122448979592,1.24977406,1.24998448
1.110204081632653,0.9224489795918367,1.24977401,1.2499851
1.110204081632653,0.9142857142857143,1.24977618,1.24998663
1.110204081632653,0.9061224489795918,1.24977116,1.24998488
1.110204081632653,0.8979591836734694,1.2497754,1.24998426
1.110204081632653,0.889795918367347,1.24977343,1.24998635
1.110204081632653,0.8816326530612244,1.24977497,1.24998486
1.110204081632653,0.8734693877551021,1.24977194,1.24998648
1.110204081632653,0.8653061224489795,1.24977429,1.24998747
1.110204081632653,0.8571428571428572,1.24977338,1.24998364
1.110204081632653,0.8489795918367347,1.24977563,1.24998314
1.110204081632653,0.8408163265306122,1.24977194,1.24998523
1.110204081632653,0.8326530612244898,1.24977321,1.24998439
1.110204081632653,0.8244897959183674,1.24977515,1.24998523
1.110204081632653,0.8163265306122449,1.24977472,1.24998439
1.110204081632653,0.8081632653061225,1.24977469,1.24998256
1.110204081632653,0.8,1.24977651,1.2499846
1.1020408163265305,1.2,1.24977409,1.24998383
1.1020408163265305,1.1918367346938774,1.2497754,1.24998357
1.1020408163265305,1.183673469387755,1.24977313,1.24998454
1.1020408163265305,1.1755102040816325,1.24977409,1.24998258
1.1020408163265305,1.1673469387755102,1.2497731,1.24998532
1.1020408163265305,1.1591836734693877,1.24977404,1.2499846
1.1020408163265305,1.1510204081632653,1.24977437,1.249986
1.1020408163265305,1.1428571428571428,1.24977454,1.24998349
1.1020408163265305,1.1346938775510205,1.24977563,1.24998426
1.1020408163265305,1.126530612244898,1.24977298,1.24998544
1.1020408163265305,1.1183673469387754,1.24977444,1.24998613
1.1020408163265305,1.110204081632653,1.24977568,1.24998351
1.1020408163265305,1.1020408163265305,1.24977326,1.24998564
1.1020408163265305,1.0938775510204082,1.24977338,1.24998486
1.1020408163265305,1.0857142857142856,1.249775,1.24998579
1.1020408163265305,1.0775510204081633,1.249773,1.24998594
1.1020408163265305,1.0693877551020408,1.2497726,1.24998473
1.1020408163265305,1.0612244897959184,1.24977537,1.24998607
1.1020408163265305,1.0530612244897959,1.24977242,1.24998396
1.1020408163265305,1.0448979591836736,1.24977333,1.24998426
1.1020408163265305,1.036734693877551,1.24977636,1.24998364
1.1020408163265305,1.0285714285714285,1.24977543,1.24998383
1.1020408163265305,1.0204081632653061,1.24977124,1.24998516
1.1020408163265305,1.0122448979591836,1.24977172,1.2499848
1.1020408163265305,1.0040816326530613,1.24977429,1.24998377
1.1020408163265305,0.9959183673469387,1.24977429,1.24998486
1.1020408163265305,0.9877551020408163,1.2497702,1.24998544
1.1020408163265305,0.9795918367346939,1.24977414,1.24998467
1.1020408163265305,0.9714285714285714,1.24977469,1.24998295
1.1020408163265305,0.963265306122449,1.24977421,1.24998439
1.1020408163265305,0.9551020408163265,1.24977295,1.24998383
1.1020408163265305,0.9469387755102041,1.2497752,1.2499834
1.1020408163265305,0.9387755102040816,1.24977454,1.24998467
1.1020408163265305,0.9306122448979592,1.24977477,1.24998575
1.1020408163265305,0.9224489795918367,1.24977404,1.24998473
1.1020408163265305,0.9142857142857143,1.24977409,1.24998473
1.1020408163265305,0.9061224489795918,1.2497756,1.24998544
1.1020408163265305,0.8979591836734694,1.2497755,1.24998409
1.1020408163265305,0.889795918367347,1.24977285,1.24998353
1.1020408163265305,0.8816326530612244,1.24977346,1.24998536
1.1020408163265305,0.8734693877551021,1.24977207,1.24998551
1.1020408163265305,0.8653061224489795,1.24977328,1.24998514
1.1020408163265305,0.8571428571428572,1.24977441,1.24998265
1.1020408163265305,0.8489795918367347,1.24977394,1.2499862
1.1020408163265305,0.8408163265306122,1.24977489,1.24998693
1.1020408163265305,0.8326530612244898,1.24977568,1.2499842
1.1020408163265305,0.8244897959183674,1.24977573,1.24998321
1.1020408163265305,0.8163265306122449,1.24977414,1.24998258
1.1020408163265305,0.8081632653061225,1.24977417,1.24998411
1.1020408163265305,0.8,1.24977333,1.24998755
1.0938775510204082,1.2,1.24977389,1.2499862
1.0938775510204082,1.1918367346938774,1.24977548,1.24998536
1.0938775510204082,1.183673469387755,1.2497752,1.24998435
1.0938775510204082,1.1755102040816325,1.24977346,1.24998568
1.0938775510204082,1.1673469387755102,1.24977462,1.24998555
1.0938775510204082,1.1591836734693877,1.24977449,1.24998532
1.0938775510204082,1.1510204081632653,1.24977421,1.24998476
1.0938775510204082,1.1428571428571428,1.24977295,1.24998389
1.0938775510204082,1.1346938775510205,1.24977222,1.24998508
1.0938775510204082,1.126530612244898,1.24977429,1.24998299
1.0938775510204082,1.1183673469387754,1.24977222,1.24998585
1.0938775510204082,1.110204081632653,1.24977353,1.2499865
1.0938775510204082,1.1020408163265305,1.24977258,1.24998445
1.0938775510204082,1.0938775510204082,1.24977293,1.24998557
1.0938775510204082,1.0857142857142856,1.24977525,1.24998426
1.0938775510204082,1.0775510204081633,1.24977396,1.24998613
1.0938775510204082,1.0693877551020408,1.24977192,1.2499828
1.0938775510204082,1.0612244897959184,1.24977275,1.24998321
1.0938775510204082,1.0530612244897959,1.24977326,1.2499856
1.0938775510204082,1.0448979591836736,1.24977192,1.2499843
1.0938775510204082,1.036734693877551,1.24977437,1.24998566
1.0938775510204082,1.0285714285714285,1.24977333,1.24998697
1.0938775510204082,1.0204081632653061,1.2497748,1.2499834
1.0938775510204082,1.0122448979591836,1.24977523,1.24998357
1.0938775510204082,1.0040816326530613,1.24977409,1.24998585
1.0938775510204082,0.9959183673469387,1.24977608,1.24998516
1.0938775510204082,0.9877551020408163,1.24977306,1.24998516
1.0938775510204082,0.9795918367346939,1.24977346,1.24998392
1.0938775510204082,0.9714285714285714,1.24977182,1.24998616
1.0938775510204082,0.963265306122449,1.24977608,1.24998193
1.0938775510204082,0.9551020408163265,1.24977303,1.24998717
1.0938775510204082,0.9469387755102041,1.24977298,1.24998364
1.0938775510204082,0.9387755102040816,1.24977361,1.24998536
1.0938775510204082,0.9306122448979592,1.24977414,1.24998495
1.0938775510204082,0.9224489795918367,1.24977389,1.24998493
1.0938775510204082,0.9142857142857143,1.24977437,1.24998725
1.0938775510204082,0.9061224489795918,1.24977598,1.24998712
1.0938775510204082,0.8979591836734694,1.24977389,1.24998473
1.0938775510204082,0.889795918367347,1.24977156,1.24998448
1.0938775510204082,0.8816326530612244,1.24977124,1.24998508
1.0938775510204082,0.8734693877551021,1.24977487,1.24998439
1.0938775510204082,0.8653061224489795,1.24977275,1.24998463
1.0938775510204082,0.8571428571428572,1.24977437,1.24998564
1.0938775510204082,0.8489795918367347,1.24977535,1.2499834
1.0938775510204082,0.8408163265306122,1.24977505,1.24998389
1.0938775510204082,0.8326530612244898,1.24977444,1.24998516
1.0938775510204082,0.8244897959183674,1.24977131,1.2499837
1.0938775510204082,0.8163265306122449,1.24977199,1.24998588
1.0938775510204082,0.8081632653061225,1.24977432,1.24998572
1.0938775510204082,0.8,1.2497723,1.24998366
1.0857142857142856,1.2,1.24977464,1.24998544
1.0857142857142856,1.1918367346938774,1.24977338,1.2499851
1.0857142857142856,1.183673469387755,1.24977215,1.24998525
1.0857142857142856,1.1755102040816325,1.24977469,1.24998508
1.0857142857142856,1.1673469387755102,1.24977349,1.24998622
1.0857142857142856,1.1591836734693877,1.24977525,1.24998628
1.0857142857142856,1.1510204081632653,1.2497725,1.24998501
1.0857142857142856,1.1428571428571428,1.24977239,1.24998452
1.0857142857142856,1.1346938775510205,1.24977366,1.24998318
1.0857142857142856,1.126530612244898,1.24977318,1.24998389
1.0857142857142856,1.1183673469387754,1.24977573,1.24998501
1.0857142857142856,1.110204081632653,1.24977568,1.24998635
1.0857142857142856,1.1020408163265305,1.24977194,1.24998277
1.0857142857142856,1.0938775510204082,1.24977449,1.24998607
1.0857142857142856,1.0857142857142856,1.24977444,1.24998641
1.0857142857142856,1.0775510204081633,1.24977258,1.24998398
1.0857142857142856,1.0693877551020408,1.24977472,1.24998609
1.0857142857142856,1.0612244897959184,1.24977242,1.24998532
1.0857142857142856,1.0530612244897959,1.2497727,1.24998405
1.0857142857142856,1.0448979591836736,1.24977505,1.24998377
1.0857142857142856,1.036734693877551,1.24977394,1.24998277
1.0857142857142856,1.0285714285714285,1.24977096,1.24998417
1.0857142857142856,1.0204081632653061,1.24977333,1.2499848
1.0857142857142856,1.0122448979591836,1.24977215,1.24998327
1.0857142857142856,1.0040816326530613,1.24977235,1.24998516
1.0857142857142856,0.9959183673469387,1.24977124,1.2499848
1.0857142857142856,0.9877551020408163,1.24977252,1.24998336
1.0857142857142856,0.9795918367346939,1.24977303,1.24998544
1.0857142857142856,0.9714285714285714,1.24977235,1.24998616
1.0857142857142856,0.963265306122449,1.24977346,1.24998663
1.0857142857142856,0.9551020408163265,1.24976993,1.2499842
1.0857142857142856,0.9469387755102041,1.24977318,1.2499854
1.0857142857142856,0.9387755102040816,1.24977449,1.24998564
1.0857142857142856,0.9306122448979592,1.24977318,1.24998379
1.0857142857142856,0.9224489795918367,1.24977159,1.24998389
1.0857142857142856,0.9142857142857143,1.24977318,1.24998439
1.0857142857142856,0.9061224489795918,1.24977156,1.24998379
1.0857142857142856,0.8979591836734694,1.249775,1.24998644
1.0857142857142856,0.889795918367347,1.24977242,1.24998476
1.0857142857142856,0.8816326530612244,1.24977551,1.24998628
1.0857142857142856,0.8734693877551021,1.24977623,1.24998551
1.0857142857142856,0.8653061224489795,1.24977484,1.24998346
1.0857142857142856,0.8571428571428572,1.24977192,1.24998588
1.0857142857142856,0.8489795918367347,1.2497756,1.24998553
1.0857142857142856,0.8408163265306122,1.24977196,1.24998678
1.0857142857142856,0.8326530612244898,1.24977472,1.24998656
1.0857142857142856,0.8244897959183674,1.24977543,1.24998432
1.0857142857142856,0.8163265306122449,1.24977242,1.24998361
1.0857142857142856,0.8081632653061225,1.24977283,1.24998398
1.0857142857142856,0.8,1.24977507,1.24998665
1.0775510204081633,1.2,1.24977406,1.24998605
1.0775510204081633,1.1918367346938774,1.24977373,1.24998467
1.0775510204081633,1.183673469387755,1.24977303,1.24998572
1.0775510204081633,1.1755102040816325,1.24977449,1.24998383
1.0775510204081633,1.1673469387755102,1.24977321,1.24998277
1.0775510204081633,1.1591836734693877,1.24977414,1.24998333
1.0775510204081633,1.1510204081632653,1.24977179,1.24998644
1.0775510204081633,1.1428571428571428,1.249775,1.24998172
1.0775510204081633,1.1346938775510205,1.24977484,1.24998221
1.0775510204081633,1.126530612244898,1.24977563,1.24998616
1.0775510204081633,1.1183673469387754,1.24977505,1.24998514
1.0775510204081633,1.110204081632653,1.249775,1.24998594
1.0775510204081633,1.1020408163265305,1.24977389,1.24998476
1.0775510204081633,1.0938775510204082,1.24977238,1.24998486
1.0775510204081633,1.0857142857142856,1.24977293,1.24998424
1.0775510204081633,1.0775510204081633,1.2497729,1.24998532
1.0775510204081633,1.0693877551020408,1.2497748,1.24998293
1.0775510204081633,1.0612244897959184,1.24977439,1.24998383
1.0775510204081633,1.0530612244897959,1.2497754,1.24998579
1.0775510204081633,1.0448979591836736,1.24977421,1.24998525
1.0775510204081633,1.036734693877551,1.24977147,1.24998392
1.0775510204081633,1.0285714285714285,1.2497727,1.24998478
1.0775510204081633,1.0204081632653061,1.24977172,1.24998402
1.0775510204081633,1.0122448979591836,1.24977452,1.24998557
1.0775510204081633,1.0040816326530613,1.24977358,1.24998452
1.0775510204081633,0.9959183673469387,1.24977215,1.24998551
1.0775510204081633,0.9877551020408163,1.24977389,1.24998514
1.0775510204081633,0.9795918367346939,1.24977401,1.24998415
1.0775510204081633,0.9714285714285714,1.24977457,1.24998398
1.0775510204081633,0.963265306122449,1.24977444,1.249986
1.0775510204081633,0.9551020408163265,1.24977338,1.24998495
1.0775510204081633,0.9469387755102041,1.24977262,1.24998426
1.0775510204081633,0.9387755102040816,1.24977172,1.2499834
1.0775510204081633,0.9306122448979592,1.24977283,1.24998349
1.0775510204081633,0.9224489795918367,1.24977404,1.24998572
1.0775510204081633,0.9142857142857143,1.24977575,1.24998398
1.0775510204081633,0.9061224489795918,1.24977394,1.24998469
1.0775510204081633,0.8979591836734694,1.24977111,1.24998557
1.0775510204081633,0.889795918367347,1.24977285,1.24998476
1.0775510204081633,0.8816326530612244,1.24977323,1.24998385
1.0775510204081633,0.8734693877551021,1.24977219,1.24998368
1.0775510204081633,0.8653061224489795,1.24977338,1.24998818
1.0775510204081633,0.8571428571428572,1.24977353,1.2499843
1.0775510204081633,0.8489795918367347,1.24977295,1.24998691
1.0775510204081633,0.8408163265306122,1.24977396,1.24998454
1.0775510204081633,0.8326530612244898,1.24977739,1.24998215
1.0775510204081633,0.8244897959183674,1.2497725,1.24998544
1.0775510204081633,0.8163265306122449,1.249775,1.2499851
1.0775510204081633,0.8081632653061225,1.24977414,1.24998592
1.0775510204081633,0.8,1.24977394,1.24998417
1.0693877551020408,1.2,1.24977278,1.24998445
1.0693877551020408,1.1918367346938774,1.24977265,1.24998355
1.0693877551020408,1.183673469387755,1.24977346,1.24998445
1.0693877551020408,1.1755102040816325,1.24977421,1.24998538
1.0693877551020408,1.1673469387755102,1.24977174,1.24998411
1.0693877551020408,1.1591836734693877,1.24977384,1.24998368
1.0693877551020408,1.1510204081632653,1.24977714,1.24998452
1.0693877551020408,1.1428571428571428,1.24977298,1.24998613
1.0693877551020408,1.1346938775510205,1.24977437,1.2499851
1.0693877551020408,1.126530612244898,1.24977548,1.24998237
1.0693877551020408,1.1183673469387754,1.24977699,1.24998405
1.0693877551020408,1.110204081632653,1.24977512,1.24998504
1.0693877551020408,1.1020408163265305,1.24977338,1.24998684
1.0693877551020408,1.0938775510204082,1.24977192,1.24998678
1.0693877551020408,1.0857142857142856,1.24977222,1.24998544
1.0693877551020408,1.0775510204081633,1.2497733,1.24998704
1.0693877551020408,1.0693877551020408,1.24977093,1.24998189
1.0693877551020408,1.0612244897959184,1.24977376,1.24998501
1.0693877551020408,1.0530612244897959,1.24977298,1.24998508
1.0693877551020408,1.0448979591836736,1.2497754,1.24998305
1.0693877551020408,1.036734693877551,1.24977449,1.24998488
1.0693877551020408,1.0285714285714285,1.24977626,1.24998432
1.0693877551020408,1.0204081632653061,1.24977467,1.24998439
1.0693877551020408,1.0122448979591836,1.24977306,1.24998389
1.0693877551020408,1.0040816326530613,1.24977406,1.24998243
1.0693877551020408,0.9959183673469387,1.24977172,1.24998398
1.0693877551020408,0.9877551020408163,1.24976997,1.24998648
1.0693877551020408,0.9795918367346939,1.24977326,1.24998514
1.0693877551020408,0.9714285714285714,1.24977328,1.24998482
1.0693877551020408,0.963265306122449,1.2497725,1.24998635
1.0693877551020408,0.9551020408163265,1.24977401,1.24998592
1.0693877551020408,0.9469387755102041,1.24977457,1.24998648
1.0693877551020408,0.9387755102040816,1.24977464,1.24998368
1.0693877551020408,0.9306122448979592,1.2497748,1.24998232
1.0693877551020408,0.9224489795918367,1.2497754,1.24998364
1.0693877551020408,0.9142857142857143,1.24977358,1.24998469
1.0693877551020408,0.9061224489795918,1.24977333,1.24998398
1.0693877551020408,0.8979591836734694,1.24977358,1.24998544
1.0693877551020408,0.889795918367347,1.24977174,1.24998321
1.0693877551020408,0.8816326530612244,1.24977515,1.24998439
1.0693877551020408,0.8734693877551021,1.24977588,1.24998616
1.0693877551020408,0.8653061224489795,1.2497729,1.24998465
1.0693877551020408,0.8571428571428572,1.24977555,1.24998432
1.0693877551020408,0.8489795918367347,1.24977505,1.24998445
1.0693877551020408,0.8408163265306122,1.24977298,1.24998271
1.0693877551020408,0.8326530612244898,1.2497733,1.24998538
1.0693877551020408,0.8244897959183674,1.24977124,1.24998592
1.0693877551020408,0.8163265306122449,1.24977575,1.24998252
1.0693877551020408,0.8081632653061225,1.24977484,1.24998243
1.0693877551020408,0.8,1.24977172,1.2499851
1.0612244897959184,1.2,1.24977449,1.24998299
1.0612244897959184,1.1918367346938774,1.24977239,1.24998202
1.0612244897959184,1.183673469387755,1.24977128,1.24998327
1.0612244897959184,1.1755102040816325,1.24977361,1.24998417
1.0612244897959184,1.1673469387755102,1.24977358,1.24998256
1.0612244897959184,1.1591836734693877,1.24977381,1.24998594
1.0612244897959184,1.1510204081632653,1.24977278,1.24998549
1.0612244897959184,1.1428571428571428,1.24977419,1.24998368
1.0612244897959184,1.1346938775510205,1.24977343,1.24998454
1.0612244897959184,1.126530612244898,1.24977172,1.2499842
1.0612244897959184,1.1183673469387754,1.24977373,1.24998566
1.0612244897959184,1.110204081632653,1.24977239,1.24998607
1.0612244897959184,1.1020408163265305,1.24977452,1.24998467
1.0612244897959184,1.0938775510204082,1.24977467,1.24998682
1.0612244897959184,1.0857142857142856,1.24977298,1.24998361
1.0612244897959184,1.0775510204081633,1.24977283,1.24998432
1.0612244897959184,1.0693877551020408,1.24977313,1.24998532
1.0612244897959184,1.0612244897959184,1.2497731,1.24998488
1.0612244897959184,1.0530612244897959,1.24977406,1.24998529
1.0612244897959184,1.0448979591836736,1.2497731,1.24998594
1.0612244897959184,1.036734693877551,1.2497731,1.24998439
1.0612244897959184,1.0285714285714285,1.24977543,1.24998579
1.0612244897959184,1.0204081632653061,1.2497702,1.24998377
1.0612244897959184,1.0122448979591836,1.24977255,1.24998439
1.0612244897959184,1.0040816326530613,1.24977452,1.24998519
1.0612244897959184,0.9959183673469387,1.24977464,1.24998452
1.0612244897959184,0.9877551020408163,1.24977338,1.24998329
1.0612244897959184,0.9795918367346939,1.24977469,1.24998727
1.0612244897959184,0.9714285714285714,1.24977366,1.24998441
1.0612244897959184,0.963265306122449,1.24977389,1.24998432
1.0612244897959184,0.9551020408163265,1.24977353,1.2499846
1.0612244897959184,0.9469387755102041,1.24977285,1.24998405
1.0612244897959184,0.9387755102040816,1.24977568,1.24998532
1.0612244897959184,0.9306122448979592,1.24977174,1.24998654
1.0612244897959184,0.9224489795918367,1.24977318,1.24998663
1.0612244897959184,0.9142857142857143,1.24977671,1.2499846
1.0612244897959184,0.9061224489795918,1.24977429,1.24998237
1.0612244897959184,0.8979591836734694,1.24977172,1.24998448
1.0612244897959184,0.889795918367347,1.24977267,1.24998377
1.0612244897959184,0.8816326530612244,1.2497752,1.24998544
1.0612244897959184,0.8734693877551021,1.24977421,1.24998385
1.0612244897959184,0.8653061224489795,1.24977396,1.24998327
1.0612244897959184,0.8571428571428572,1.24977318,1.24998243
1.0612244897959184,0.8489795918367347,1.24977437,1.24998286
1.0612244897959184,0.8408163265306122,1.24977608,1.24998493
1.0612244897959184,0.8326530612244898,1.24977306,1.24998467
1.0612244897959184,0.8244897959183674,1.24977455,1.24998486
1.0612244897959184,0.8163265306122449,1.24977441,1.2499851
1.0612244897959184,0.8081632653061225,1.2497725,1.24998329
1.0612244897959184,0.8,1.24977492,1.2499862
1.0530612244897959,1.2,1.24977358,1.24998275
1.0530612244897959,1.1918367346938774,1.24977318,1.24998669
1.0530612244897959,1.183673469387755,1.24977623,1.2499842
1.0530612244897959,1.1755102040816325,1.24977358,1.2499842
1.0530612244897959,1.1673469387755102,1.2497752,1.24998564
1.0530612244897959,1.1591836734693877,1.24977568,1.24998504
1.0530612244897959,1.1510204081632653,1.24977349,1.24998299
1.0530612244897959,1.1428571428571428,1.24977595,1.24998538
1.0530612244897959,1.1346938775510205,1.24977255,1.24998437
1.0530612244897959,1.126530612244898,1.24977159,1.2499851
1.0530612244897959,1.1183673469387754,1.24977306,1.24998411
1.0530612244897959,1.110204081632653,1.2497727,1.24998501
1.0530612244897959,1.1020408163265305,1.24977515,1.24998396
1.0530612244897959,1.0938775510204082,1.24977381,1.24998323
1.0530612244897959,1.0857142857142856,1.24977694,1.24998751
1.0530612244897959,1.0775510204081633,1.24977376,1.24998572
1.0530612244897959,1.0693877551020408,1.2497727,1.24998678
1.0530612244897959,1.0612244897959184,1.24977679,1.24998342
1.0530612244897959,1.0530612244897959,1.24977603,1.2499865
1.0530612244897959,1.0448979591836736,1.24977409,1.24998538
1.0530612244897959,1.036734693877551,1.24977659,1.24998579
1.0530612244897959,1.0285714285714285,1.24977447,1.24997935
1.0530612244897959,1.0204081632653061,1.24977358,1.24998501
1.0530612244897959,1.0122448979591836,1.24977722,1.24998635
1.0530612244897959,1.0040816326530613,1.24977484,1.24998432
1.0530612244897959,0.9959183673469387,1.24977394,1.24998398
1.0530612244897959,0.9877551020408163,1.24977164,1.24998557
1.0530612244897959,0.9795918367346939,1.24977358,1.24998411
1.0530612244897959,0.9714285714285714,1.2497725,1.24998286
1.0530612244897959,0.963265306122449,1.24977184,1.24998523
1.0530612244897959,0.9551020408163265,1.24977611,1.24998594
1.0530612244897959,0.9469387755102041,1.24977273,1.24998454
1.0530612244897959,0.9387755102040816,1.24977386,1.24998405
1.0530612244897959,0.9306122448979592,1.24977487,1.24998467
1.0530612244897959,0.9224489795918367,1.24977409,1.24998443
1.0530612244897959,0.9142857142857143,1.24977421,1.24998536
1.0530612244897959,0.9061224489795918,1.24977366,1.24998286
1.0530612244897959,0.8979591836734694,1.24977414,1.2499856
1.0530612244897959,0.889795918367347,1.24977401,1.24998445
1.0530612244897959,0.8816326530612244,1.24977369,1.24998426
1.0530612244897959,0.8734693877551021,1.24977573,1.24998458
1.0530612244897959,0.8653061224489795,1.24977429,1.24998577
1.0530612244897959,0.8571428571428572,1.24977591,1.24998635
1.0530612244897959,0.8489795918367347,1.24977444,1.24998467
1.0530612244897959,0.8408163265306122,1.24977651,1.24998174
1.0530612244897959,0.8326530612244898,1.24977315,1.2499857
1.0530612244897959,0.8244897959183674,1.24977376,1.24998389
1.0530612244897959,0.8163265306122449,1.24977341,1.24998488
1.0530612244897959,0.8081632653061225,1.24977396,1.24998454
1.0530612244897959,0.8,1.2497752,1.24998532
1.0448979591836736,1.2,1.24977477,1.24998598
1.0448979591836736,1.1918367346938774,1.2497733,1.24998366
1.0448979591836736,1.183673469387755,1.24977464,1.24998622
1.0448979591836736,1.1755102040816325,1.24977338,1.24998215
1.0448979591836736,1.1673469387755102,1.24977401,1.24998441
1.0448979591836736,1.1591836734693877,1.24977353,1.24998303
1.0448979591836736,1.1510204081632653,1.24977386,1.24998495
1.0448979591836736,1.1428571428571428,1.24977346,1.24998405
1.0448979591836736,1.1346938775510205,1.24977409,1.24998396
1.0448979591836736,1.126530612244898,1.24977262,1.2499865
1.0448979591836736,1.1183673469387754,1.24977366,1.24998609
1.0448979591836736,1.110204081632653,1.2497731,1.24998293
1.0448979591836736,1.1020408163265305,1.24977434,1.24998327
1.0448979591836736,1.0938775510204082,1.24977,1.24998314
1.0448979591836736,1.0857142857142856,1.24977361,1.24998454
1.0448979591836736,1.0775510204081633,1.24977457,1.24998389
1.0448979591836736,1.0693877551020408,1.24977164,1.24998594
1.0448979591836736,1.0612244897959184,1.24977515,1.24998529
1.0448979591836736,1.0530612244897959,1.24977318,1.24998588
1.0448979591836736,1.0448979591836736,1.24977497,1.24998411
1.0448979591836736,1.036734693877551,1.2497756,1.24998665
1.0448979591836736,1.0285714285714285,1.24977283,1.24998327
1.0448979591836736,1.0204081632653061,1.24977361,1.24998426
1.0448979591836736,1.0122448979591836,1.24977548,1.24998544
1.0448979591836736,1.0040816326530613,1.24977555,1.24998514
1.0448979591836736,0.9959183673469387,1.2497729,1.24998516
1.0448979591836736,0.9877551020408163,1.2497748,1.24998398
1.0448979591836736,0.9795918367346939,1.24977517,1.24998344
1.0448979591836736,0.9714285714285714,1.24977306,1.24998336
1.0448979591836736,0.963265306122449,1.24977338,1.24998426
1.0448979591836736,0.9551020408163265,1.24977212,1.24998439
1.0448979591836736,0.9469387755102041,1.2497752,1.24998452
1.0448979591836736,0.9387755102040816,1.24977477,1.24998437
1.0448979591836736,0.9306122448979592,1.24977389,1.24998501
1.0448979591836736,0.9224489795918367,1.2497733,1.24998381
1.0448979591836736,0.9142857142857143,1.24977366,1.24998252
1.0448979591836736,0.9061224489795918,1.24977611,1.24998529
1.0448979591836736,0.8979591836734694,1.24977452,1.24998523
1.0448979591836736,0.889795918367347,1.2497731,1.24998628
1.0448979591836736,0.8816326530612244,1.2497731,1.24998413
1.0448979591836736,0.8734693877551021,1.24977406,1.24998594
1.0448979591836736,0.8653061224489795,1.24977144,1.24998445
1.0448979591836736,0.8571428571428572,1.24977136,1.24998377
1.0448979591836736,0.8489795918367347,1.24977417,1.24998476
1.0448979591836736,0.8408163265306122,1.24977043,1.24998691
1.0448979591836736,0.8326530612244898,1.24977419,1.24998277
1.0448979591836736,0.8244897959183674,1.24977555,1.24998409
1.0448979591836736,0.8163265306122449,1.24977373,1.24998516
1.0448979591836736,0.8081632653061225,1.24977346,1.24998504
1.0448979591836736,0.8,1.24977192,1.24998598
1.036734693877551,1.2,1.24977147,1.24998557
1.036734693877551,1.1918367346938774,1.2497752,1.24998581
1.036734693877551,1.183673469387755,1.24977199,1.24998321
1.036734693877551,1.1755102040816325,1.24977563,1.2499871
1.036734693877551,1.1673469387755102,1.249775,1.2499842
1.036734693877551,1.1591836734693877,1.24977358,1.24998566
1.036734693877551,1.1510204081632653,1.24977762,1.24998398
1.036734693877551,1.1428571428571428,1.24977452,1.24998544
1.036734693877551,1.1346938775510205,1.24977404,1.24998452
1.036734693877551,1.126530612244898,1.24977199,1.24998439
1.036734693877551,1.1183673469387754,1.24977328,1.24998318
1.036734693877551,1.110204081632653,1.24977548,1.24998501
1.036734693877551,1.1020408163265305,1.24977457,1.24998566
1.036734693877551,1.0938775510204082,1.24977568,1.24998361
1.036734693877551,1.0857142857142856,1.24977179,1.24998473
1.036734693877551,1.0775510204081633,1.24977444,1.24998594
1.036734693877551,1.0693877551020408,1.2497752,1.24998432
1.036734693877551,1.0612244897959184,1.24977412,1.24998476
1.036734693877551,1.0530612244897959,1.24977287,1.24998342
1.036734693877551,1.0448979591836736,1.2497733,1.24998256
1.036734693877551,1.036734693877551,1.24977469,1.24998508
1.036734693877551,1.0285714285714285,1.24977262,1.24998405
1.036734693877551,1.0204081632653061,1.24977745,1.24998402
1.036734693877551,1.0122448979591836,1.24977378,1.24998491
1.036734693877551,1.0040816326530613,1.24977646,1.24998656
1.036734693877551,0.9959183673469387,1.24977424,1.24998426
1.036734693877551,0.9877551020408163,1.24977603,1.24998607
1.036734693877551,0.9795918367346939,1.24977575,1.24998383
1.036734693877551,0.9714285714285714,1.24977212,1.2499848
1.036734693877551,0.963265306122449,1.24977492,1.24998411
1.036734693877551,0.9551020408163265,1.24977444,1.24998607
1.036734693877551,0.9469387755102041,1.24977278,1.24998538
1.036734693877551,0.9387755102040816,1.24977404,1.24998691
1.036734693877551,0.9306122448979592,1.24977421,1.24998448
1.036734693877551,0.9224489795918367,1.24977381,1.24998426
1.036734693877551,0.9142857142857143,1.24977551,1.24998551
1.036734693877551,0.9061224489795918,1.24977449,1.24998622
1.036734693877551,0.8979591836734694,1.24977441,1.24998495
1.036734693877551,0.889795918367347,1.24977278,1.24998788
1.036734693877551,0.8816326530612244,1.24977507,1.24998501
1.036734693877551,0.8734693877551021,1.24977611,1.24998258
1.036734693877551,0.8653061224489795,1.24977315,1.24998458
1.036734693877551,0.8571428571428572,1.24977144,1.24998581
1.036734693877551,0.8489795918367347,1.24977328,1.24998501
1.036734693877551,0.8408163265306122,1.24977484,1.24998491
1.036734693877551,0.8326530612244898,1.24977396,1.24998411
1.036734693877551,0.8244897959183674,1.24977235,1.24998144
1.036734693877551,0.8163265306122449,1.24977484,1.24998394
1.036734693877551,0.8081632653061225,1.24977529,1.24998405
1.036734693877551,0.8,1.24977424,1.24998508
1.0285714285714285,1.2,1.24977247,1.24998532
1.0285714285714285,1.1918367346938774,1.24977555,1.2499874
1.0285714285714285,1.183673469387755,1.24977283,1.24998327
1.0285714285714285,1.1755102040816325,1.24977571,1.24998551
1.0285714285714285,1.1673469387755102,1.24977412,1.24998635
1.0285714285714285,1.1591836734693877,1.24977172,1.24998551
1.0285714285714285,1.1510204081632653,1.24977497,1.24998458
1.0285714285714285,1.1428571428571428,1.24977353,1.2499848
1.0285714285714285,1.1346938775510205,1.24977575,1.24998486
1.0285714285714285,1.126530612244898,1.24977156,1.24998594
1.0285714285714285,1.1183673469387754,1.24977409,1.24998426
1.0285714285714285,1.110204081632653,1.24977285,1.24998355
1.0285714285714285,1.1020408163265305,1.2497727,1.24998697
1.0285714285714285,1.0938775510204082,1.24977381,1.24998486
1.0285714285714285,1.0857142857142856,1.24977338,1.24998678
1.0285714285714285,1.0775510204081633,1.2497733,1.24998523
1.0285714285714285,1.0693877551020408,1.24977505,1.24998678
1.0285714285714285,1.0612244897959184,1.24977361,1.24998297
1.0285714285714285,1.0530612244897959,1.24977401,1.24998469
1.0285714285714285,1.0448979591836736,1.24977583,1.24998411
1.0285714285714285,1.036734693877551,1.24977421,1.24998799
1.0285714285714285,1.0285714285714285,1.24977421,1.24998538
1.0285714285714285,1.0204081632653061,1.24977338,1.24998529
1.0285714285714285,1.0122448979591836,1.24977714,1.24998956
1.0285714285714285,1.0040816326530613,1.24977353,1.24998603
1.0285714285714285,0.9959183673469387,1.24977369,1.2499842
1.0285714285714285,0.9877551020408163,1.24977452,1.24998635
1.0285714285714285,0.9795918367346939,1.24977591,1.24998532
1.0285714285714285,0.9714285714285714,1.24977691,1.249986
1.0285714285714285,0.963265306122449,1.24977671,1.24998678
1.0285714285714285,0.9551020408163265,1.24977409,1.24998308
1.0285714285714285,0.9469387755102041,1.24977591,1.24998396
1.0285714285714285,0.9387755102040816,1.24977429,1.24998443
1.0285714285714285,0.9306122448979592,1.24977207,1.24998405
1.0285714285714285,0.9224489795918367,1.24977626,1.24998669
1.0285714285714285,0.9142857142857143,1.24977353,1.24998355
1.0285714285714285,0.9061224489795918,1.24977278,1.24998529
1.0285714285714285,0.8979591836734694,1.24977497,1.24998628
1.0285714285714285,0.889795918367347,1.24977373,1.24998439
1.0285714285714285,0.8816326530612244,1.24977583,1.2499856
1.0285714285714285,0.8734693877551021,1.24977532,1.24998377
1.0285714285714285,0.8653061224489795,1.24977159,1.24998549
1.0285714285714285,0.8571428571428572,1.24977401,1.24998501
1.0285714285714285,0.8489795918367347,1.24977437,1.24998654
1.0285714285714285,0.8408163265306122,1.24977373,1.24998488
1.0285714285714285,0.8326530612244898,1.24977477,1.24998445
1.0285714285714285,0.8244897959183674,1.24977381,1.24998734
1.0285714285714285,0.8163265306122449,1.24977412,1.24998389
1.0285714285714285,0.8081632653061225,1.24977469,1.24998221
1.0285714285714285,0.8,1.24977472,1.24998603
1.0204081632653061,1.2,1.24977401,1.24998588
1.0204081632653061,1.1918367346938774,1.24977636,1.24998577
1.0204081632653061,1.183673469387755,1.24977505,1.24998656
1.0204081632653061,1.1755102040816325,1.24977548,1.24998221
1.0204081632653061,1.1673469387755102,1.24977472,1.24998488
1.0204081632653061,1.1591836734693877,1.24977366,1.24998271
1.0204081632653061,1.1510204081632653,1.24977394,1.24998361
1.0204081632653061,1.1428571428571428,1.24977323,1.24998488
1.0204081632653061,1.1346938775510205,1.24977419,1.24998383
1.0204081632653061,1.126530612244898,1.24977457,1.24998516
1.0204081632653061,1.1183673469387754,1.24977762,1.2499865
1.0204081632653061,1.110204081632653,1.2497754,1.24998245
1.0204081632653061,1.1020408163265305,1.24977358,1.24998469
1.0204081632653061,1.0938775510204082,1.24977389,1.24998411
1.0204081632653061,1.0857142857142856,1.24977757,1.24998374
1.0204081632653061,1.0775510204081633,1.24977288,1.24998458
1.0204081632653061,1.0693877551020408,1.2497748,1.24998349
1.0204081632653061,1.0612244897959184,1.24977444,1.2499848
1.0204081632653061,1.0530612244897959,1.24977464,1.24998385
1.0204081632653061,1.0448979591836736,1.2497746,1.24998426
1.0204081632653061,1.036734693877551,1.24977563,1.2499834
1.0204081632653061,1.0285714285714285,1.24977298,1.24998361
1.0204081632653061,1.0204081632653061,1.24977548,1.24998329
1.0204081632653061,1.0122448979591836,1.24977548,1.24998564
1.0204081632653061,1.0040816326530613,1.24977303,1.24998532
1.0204081632653061,0.9959183673469387,1.24977631,1.24998383
1.0204081632653061,0.9877551020408163,1.24977409,1.24998684
1.0204081632653061,0.9795918367346939,1.24977489,1.24998704
1.0204081632653061,0.9714285714285714,1.24977568,1.24998529
1.0204081632653061,0.963265306122449,1.2497746,1.24998342
1.0204081632653061,0.9551020408163265,1.24977306,1.24998333
1.0204081632653061,0.9469387755102041,1.24977401,1.24998243
1.0204081632653061,0.9387755102040816,1.24977417,1.24998572
1.0204081632653061,0.9306122448979592,1.2497723,1.24998473
1.0204081632653061,0.9224489795918367,1.24977603,1.24998271
1.0204081632653061,0.9142857142857143,1.24977654,1.24998536
1.0204081632653061,0.9061224489795918,1.24977278,1.24998349
1.0204081632653061,0.8979591836734694,1.24977555,1.2499851
1.0204081632653061,0.889795918367347,1.24977341,1.24998467
1.0204081632653061,0.8816326530612244,1.24977573,1.2499865
1.0204081632653061,0.8734693877551021,1.2497754,1.24998495
1.0204081632653061,0.8653061224489795,1.24977595,1.24998493
1.0204081632653061,0.8571428571428572,1.24977573,1.24998452
1.0204081632653061,0.8489795918367347,1.24977121,1.24998493
1.0204081632653061,0.8408163265306122,1.24977586,1.24998585
1.0204081632653061,0.8326530612244898,1.24977656,1.24998476
1.0204081632653061,0.8244897959183674,1.24977452,1.24998398
1.0204081632653061,0.8163265306122449,1.24977711,1.24998564
1.0204081632653061,0.8081632653061225,1.24977389,1.24998392
1.0204081632653061,0.8,1.24977333,1.24998385
1.0122448979591836,1.2,1.24977278,1.24998432
1.0122448979591836,1.1918367346938774,1.24977318,1.24998389
1.0122448979591836,1.183673469387755,1.24977441,1.2499846
1.0122448979591836,1.1755102040816325,1.2497725,1.24998215
1.0122448979591836,1.1673469387755102,1.24977283,1.24998538
1.0122448979591836,1.1591836734693877,1.24977386,1.2499842
1.0122448979591836,1.1510204081632653,1.24977323,1.24998648
1.0122448979591836,1.1428571428571428,1.24977492,1.24998613
1.0122448979591836,1.1346938775510205,1.24977242,1.24998402
1.0122448979591836,1.126530612244898,1.24977369,1.24998467
1.0122448979591836,1.1183673469387754,1.24977699,1.24998361
1.0122448979591836,1.110204081632653,1.24977396,1.24998424
1.0122448979591836,1.1020408163265305,1.24977321,1.24998385
1.0122448979591836,1.0938775510204082,1.24977288,1.24998467
1.0122448979591836,1.0857142857142856,1.24977381,1.24998452
1.0122448979591836,1.0775510204081633,1.24977497,1.24998532
1.0122448979591836,1.0693877551020408,1.24977192,1.24998579
1.0122448979591836,1.0612244897959184,1.24977242,1.24998209
1.0122448979591836,1.0530612244897959,1.24977373,1.24998628
1.0122448979591836,1.0448979591836736,1.24977184,1.24998488
1.0122448979591836,1.036734693877551,1.24977262,1.24998411
1.0122448979591836,1.0285714285714285,1.24977737,1.24998497
1.0122448979591836,1.0204081632653061,1.24977441,1.24998392
1.0122448979591836,1.0122448979591836,1.24977378,1.2499837
1.0122448979591836,1.0040816326530613,1.24977321,1.24998484
1.0122448979591836,0.9959183673469387,1.24977497,1.24998452
1.0122448979591836,0.9877551020408163,1.24977219,1.24998417
1.0122448979591836,0.9795918367346939,1.24977457,1.24998482
1.0122448979591836,0.9714285714285714,1.24977535,1.2499837
1.0122448979591836,0.963265306122449,1.24977523,1.24998516
1.0122448979591836,0.9551020408163265,1.24977656,1.2499846
1.0122448979591836,0.9469387755102041,1.2497756,1.24998321
1.0122448979591836,0.9387755102040816,1.24977535,1.24998355
1.0122448979591836,0.9306122448979592,1.24977608,1.24998656
1.0122448979591836,0.9224489795918367,1.24977326,1.24998342
1.0122448979591836,0.9142857142857143,1.24977298,1.2499846
1.0122448979591836,0.9061224489795918,1.24977437,1.24998628
1.0122448979591836,0.8979591836734694,1.24977414,1.24998411
1.0122448979591836,0.889795918367347,1.24977421,1.24998536
1.0122448979591836,0.8816326530612244,1.24977409,1.24998486
1.0122448979591836,0.8734693877551021,1.24977464,1.24998364
1.0122448979591836,0.8653061224489795,1.24977444,1.24998549
1.0122448979591836,0.8571428571428572,1.24977575,1.24998495
1.0122448979591836,0.8489795918367347,1.24977437,1.24998439
1.0122448979591836,0.8408163265306122,1.24977222,1.24998383
1.0122448979591836,0.8326530612244898,1.24977373,1.24998482
1.0122448979591836,0.8244897959183674,1.24977543,1.24998529
1.0122448979591836,0.8163265306122449,1.2497758,1.24998538
1.0122448979591836,0.8081632653061225,1.24977366,1.24998516
1.0122448979591836,0.8,1.24977133,1.24998622
1.0040816326530613,1.2,1.24977454,1.24998542
1.0040816326530613,1.1918367346938774,1.24977517,1.24998504
1.0040816326530613,1.183673469387755,1.24977568,1.24998439
1.0040816326530613,1.1755102040816325,1.24977426,1.24998542
1.0040816326530613,1.1673469387755102,1.24977457,1.24998753
1.0040816326530613,1.1591836734693877,1.24977484,1.24998346
1.0040816326530613,1.1510204081632653,1.24977373,1.24998374
1.0040816326530613,1.1428571428571428,1.24977119,1.24998293
1.0040816326530613,1.1346938775510205,1.24977505,1.24998564
1.0040816326530613,1.126530612244898,1.24977452,1.24998411
1.0040816326530613,1.1183673469387754,1.24977623,1.24998684
1.0040816326530613,1.110204081632653,1.24977179,1.24998321
1.0040816326530613,1.1020408163265305,1.24977326,1.24998482
1.0040816326530613,1.0938775510204082,1.24977595,1.24998473
1.0040816326530613,1.0857142857142856,1.24977631,1.2499834
1.0040816326530613,1.0775510204081633,1.24977555,1.24998635
1.0040816326530613,1.0693877551020408,1.24977409,1.24998488
1.0040816326530613,1.0612244897959184,1.24977212,1.24998426
1.0040816326530613,1.0530612244897959,1.24977449,1.24998585
1.0040816326530613,1.0448979591836736,1.24977315,1.24998383
1.0040816326530613,1.036734693877551,1.24977369,1.24998706
1.0040816326530613,1.0285714285714285,1.24977386,1.24998445
1.0040816326530613,1.0204081632653061,1.24977484,1.24998575
1.0040816326530613,1.0122448979591836,1.24977366,1.24998497
1.0040816326530613,1.0040816326530613,1.24977509,1.24998458
1.0040816326530613,0.9959183673469387,1.24977144,1.24998445
1.0040816326530613,0.9877551020408163,1.24977487,1.24998555
1.0040816326530613,0.9795918367346939,1.24977366,1.24998405
1.0040816326530613,0.9714285714285714,1.24977179,1.24998411
1.0040816326530613,0.963265306122449,1.24977532,1.24998426
1.0040816326530613,0.9551020408163265,1.24977222,1.2499856
1.0040816326530613,0.9469387755102041,1.24977532,1.24998523
1.0040816326530613,0.9387755102040816,1.24977417,1.24998536
1.0040816326530613,0.9306122448979592,1.2497756,1.24998293
1.0040816326530613,0.9224489795918367,1.24977381,1.24998594
1.0040816326530613,0.9142857142857143,1.24977424,1.24998607
1.0040816326530613,0.9061224489795918,1.24977477,1.24998644
1.0040816326530613,0.8979591836734694,1.2497721,1.24998495
1.0040816326530613,0.889795918367347,1.24977477,1.24998747
1.0040816326530613,0.8816326530612244,1.24977528,1.24998672
1.0040816326530613,0.8734693877551021,1.24977227,1.24998435
1.0040816326530613,0.8653061224489795,1.24977344,1.24998374
1.0040816326530613,0.8571428571428572,1.24977333,1.24998628
1.0040816326530613,0.8489795918367347,1.24977437,1.24998672
1.0040816326530613,0.8408163265306122,1.24977306,1.24998676
1.0040816326530613,0.8326530612244898,1.24977401,1.24998467
1.0040816326530613,0.8244897959183674,1.24977194,1.24998529
1.0040816326530613,0.8163265306122449,1.24977444,1.24998594
1.0040816326530613,0.8081632653061225,1.24977349,1.24998585
1.0040816326530613,0.8,1.24977262,1.24998609
0.9959183673469387,1.2,1.24977467,1.2499834
0.9959183673469387,1.1918367346938774,1.24977487,1.24998622
0.9959183673469387,1.183673469387755,1.24977512,1.24998605
0.9959183673469387,1.1755102040816325,1.24977409,1.24998495
0.9959183673469387,1.1673469387755102,1.24977777,1.24998598
0.9959183673469387,1.1591836734693877,1.24977487,1.2499857
0.9959183673469387,1.1510204081632653,1.24977571,1.24998788
0.9959183673469387,1.1428571428571428,1.24977555,1.24998374
0.9959183673469387,1.1346938775510205,1.24977258,1.24998678
0.9959183673469387,1.126530612244898,1.24977598,1.24998467
0.9959183673469387,1.1183673469387754,1.24977318,1.24998516
0.9959183673469387,1.110204081632653,1.24977426,1.24998417
0.9959183673469387,1.1020408163265305,1.24977515,1.24998706
0.9959183673469387,1.0938775510204082,1.24977287,1.24998598
0.9959183673469387,1.0857142857142856,1.24977366,1.24998514
0.9959183673469387,1.0775510204081633,1.24977328,1.24998299
0.9959183673469387,1.0693877551020408,1.2497748,1.24998585
0.9959183673469387,1.0612244897959184,1.2497758,1.24998538
0.9959183673469387,1.0530612244897959,1.24977417,1.24998572
0.9959183673469387,1.0448979591836736,1.24977262,1.24998588
0.9959183673469387,1.036734693877551,1.24977404,1.2499862
0.9959183673469387,1.0285714285714285,1.24977144,1.24998501
0.9959183673469387,1.0204081632653061,1.24977663,1.24998585
0.9959183673469387,1.0122448979591836,1.2497726,1.249986
0.9959183673469387,1.0040816326530613,1.24977346,1.2499848
0.9959183673469387,0.9959183673469387,1.24977409,1.24998411
0.9959183673469387,0.9877551020408163,1.24977378,1.24998411
0.9959183673469387,0.9795918367346939,1.249775,1.2499842
0.9959183673469387,0.9714285714285714,1.24977492,1.24998336
0.9959183673469387,0.963265306122449,1.24977414,1.24998644
0.9959183673469387,0.9551020408163265,1.24977306,1.2499848
0.9959183673469387,0.9469387755102041,1.24977452,1.2499856
0.9959183673469387,0.9387755102040816,1.24977328,1.249986
0.9959183673469387,0.9306122448979592,1.24977707,1.24998564
0.9959183673469387,0.9224489795918367,1.2497729,1.24998331
0.9959183673469387,0.9142857142857143,1.24977338,1.24998622
0.9959183673469387,0.9061224489795918,1.24977464,1.24998445
0.9959183673469387,0.8979591836734694,1.24977532,1.2499842
0.9959183673469387,0.889795918367347,1.24977389,1.2499831
0.9959183673469387,0.8816326530612244,1.249775,1.24998564
0.9959183673469387,0.8734693877551021,1.24977639,1.24998357
0.9959183673469387,0.8653061224489795,1.24977543,1.24998314
0.9959183673469387,0.8571428571428572,1.24977136,1.24998669
0.9959183673469387,0.8489795918367347,1.24977525,1.2499831
0.9959183673469387,0.8408163265306122,1.24977313,1.24998473
0.9959183673469387,0.8326530612244898,1.24977525,1.24998392
0.9959183673469387,0.8244897959183674,1.24977437,1.24998473
0.9959183673469387,0.8163265306122449,1.24977477,1.24998504
0.9959183673469387,0.8081632653061225,1.24977699,1.2499828
0.9959183673469387,0.8,1.24977414,1.24998417
0.9877551020408163,1.2,1.24977396,1.24998277
0.9877551020408163,1.1918367346938774,1.24977238,1.24998432
0.9877551020408163,1.183673469387755,1.2497748,1.24998557
0.9877551020408163,1.1755102040816325,1.24977303,1.24998501
0.9877551020408163,1.1673469387755102,1.2497748,1.24998415
0.9877551020408163,1.1591836734693877,1.24977353,1.24998663
0.9877551020408163,1.1510204081632653,1.24977164,1.24998476
0.9877551020408163,1.1428571428571428,1.24977528,1.24998585
0.9877551020408163,1.1346938775510205,1.24977509,1.24998411
0.9877551020408163,1.126530612244898,1.24977462,1.24998833
0.9877551020408163,1.1183673469387754,1.24977275,1.24998413
0.9877551020408163,1.110204081632653,1.24977464,1.24998557
0.9877551020408163,1.1020408163265305,1.24977666,1.24998544
0.9877551020408163,1.0938775510204082,1.24977318,1.24998635
0.9877551020408163,1.0857142857142856,1.24977278,1.24998402
0.9877551020408163,1.0775510204081633,1.24977295,1.24998529
0.9877551020408163,1.0693877551020408,1.24977517,1.24998544
0.9877551020408163,1.0612244897959184,1.24977222,1.24998256
0.9877551020408163,1.0530612244897959,1.24977663,1.24998411
0.9877551020408163,1.0448979591836736,1.24977497,1.24998613
0.9877551020408163,1.036734693877551,1.24977505,1.24998725
0.9877551020408163,1.0285714285714285,1.24977434,1.24998532
0.9877551020408163,1.0204081632653061,1.24977353,1.24998544
0.9877551020408163,1.0122448979591836,1.24977401,1.24998626
0.9877551020408163,1.0040816326530613,1.24977409,1.24998579
0.9877551020408163,0.9959183673469387,1.24977389,1.24998706
0.9877551020408163,0.9877551020408163,1.24977507,1.24998424
0.9877551020408163,0.9795918367346939,1.24977386,1.24998467
0.9877551020408163,0.9714285714285714,1.24977318,1.2499846
0.9877551020408163,0.963265306122449,1.24977611,1.2499837
0.9877551020408163,0.9551020408163265,1.24977591,1.24998439
0.9877551020408163,0.9469387755102041,1.24977242,1.2499856
0.9877551020408163,0.9387755102040816,1.24977285,1.24998327
0.9877551020408163,0.9306122448979592,1.24977321,1.24998628
0.9877551020408163,0.9224489795918367,1.24977323,1.24998501
0.9877551020408163,0.9142857142857143,1.24977287,1.24998635
0.9877551020408163,0.9061224489795918,1.24977192,1.24998605
0.9877551020408163,0.8979591836734694,1.24977495,1.24998258
0.9877551020408163,0.889795918367347,1.2497733,1.24998529
0.9877551020408163,0.8816326530612244,1.24977303,1.24998523
0.9877551020408163,0.8734693877551021,1.24977104,1.24998547
0.9877551020408163,0.8653061224489795,1.24977182,1.24998557
0.9877551020408163,0.8571428571428572,1.24977369,1.2499851
0.9877551020408163,0.8489795918367347,1.2497727,1.24998467
0.9877551020408163,0.8408163265306122,1.24977346,1.24998385
0.9877551020408163,0.8326530612244898,1.24977255,1.24998516
0.9877551020408163,0.8244897959183674,1.24977603,1.24998168
0.9877551020408163,0.8163265306122449,1.24977323,1.24998598
0.9877551020408163,0.8081632653061225,1.24977409,1.24998256
0.9877551020408163,0.8,1.2497727,1.24998676
0.9795918367346939,1.2,1.24977194,1.24998286
0.9795918367346939,1.1918367346938774,1.24977449,1.24998308
0.9795918367346939,1.183673469387755,1.24977666,1.24998594
0.9795918367346939,1.1755102040816325,1.2497733,1.24998312
0.9795918367346939,1.1673469387755102,1.24977219,1.24998488
0.9795918367346939,1.1591836734693877,1.24977417,1.2499842
0.9795918367346939,1.1510204081632653,1.24977202,1.24998411
0.9795918367346939,1.1428571428571428,1.24977215,1.24998538
0.9795918367346939,1.1346938775510205,1.24977366,1.2499848
0.9795918367346939,1.126530612244898,1.24977432,1.2499865
0.9795918367346939,1.1183673469387754,1.24977384,1.24998452
0.9795918367346939,1.110204081632653,1.24977318,1.24998325
0.9795918367346939,1.1020408163265305,1.24977361,1.24998122
0.9795918367346939,1.0938775510204082,1.24977472,1.24998314
0.9795918367346939,1.0857142857142856,1.24977575,1.24998454
0.9795918367346939,1.0775510204081633,1.24977346,1.24998678
0.9795918367346939,1.0693877551020408,1.24977571,1.24998501
0.9795918367346939,1.0612244897959184,1.24977389,1.2499871
0.9795918367346939,1.0530612244897959,1.24977373,1.24998312
0.9795918367346939,1.0448979591836736,1.24977262,1.24998426
0.9795918367346939,1.036734693877551,1.24977361,1.24998486
0.9795918367346939,1.0285714285714285,1.24977358,1.24998579
0.9795918367346939,1.0204081632653061,1.24977555,1.24998788
0.9795918367346939,1.0122448979591836,1.24977318,1.2499846
0.9795918367346939,1.0040816326530613,1.24977437,1.24998445
0.9795918367346939,0.9959183673469387,1.24977568,1.24998458
0.9795918367346939,0.9877551020408163,1.24977303,1.24998585
0.9795918367346939,0.9795918367346939,1.24977194,1.24998516
0.9795918367346939,0.9714285714285714,1.24977674,1.24998529
0.9795918367346939,0.963265306122449,1.2497756,1.24998557
0.9795918367346939,0.9551020408163265,1.2497729,1.24998529
0.9795918367346939,0.9469387755102041,1.24977353,1.24998445
0.9795918367346939,0.9387755102040816,1.24977464,1.24998458
0.9795918367346939,0.9306122448979592,1.24977227,1.24998448
0.9795918367346939,0.9224489795918367,1.24977528,1.24998383
0.9795918367346939,0.9142857142857143,1.2497748,1.24998493
0.9795918367346939,0.9061224489795918,1.24977535,1.24998258
0.9795918367346939,0.8979591836734694,1.24977432,1.24998452
0.9795918367346939,0.889795918367347,1.24977227,1.24998333
0.9795918367346939,0.8816326530612244,1.24977429,1.24998516
0.9795918367346939,0.8734693877551021,1.24977512,1.24998493
0.9795918367346939,0.8653061224489795,1.24977515,1.24998768
0.9795918367346939,0.8571428571428572,1.24977275,1.24998405
0.9795918367346939,0.8489795918367347,1.24977265,1.24998439
0.9795918367346939,0.8408163265306122,1.24977555,1.24998564
0.9795918367346939,0.8326530612244898,1.24977401,1.24998579
0.9795918367346939,0.8244897959183674,1.24977414,1.24998389
0.9795918367346939,0.8163265306122449,1.24977283,1.24998454
0.9795918367346939,0.8081632653061225,1.24977441,1.24998551
0.9795918367346939,0.8,1.24977111,1.24998122
0.9714285714285714,1.2,1.24977169,1.24998579
0.9714285714285714,1.1918367346938774,1.24977301,1.24998622
0.9714285714285714,1.183673469387755,1.24977318,1.24998915
0.9714285714285714,1.1755102040816325,1.24977429,1.24998355
0.9714285714285714,1.1673469387755102,1.24977361,1.24998321
0.9714285714285714,1.1591836734693877,1.24977793,1.24998342
0.9714285714285714,1.1510204081632653,1.24977528,1.24998488
0.9714285714285714,1.1428571428571428,1.24977528,1.24998532
0.9714285714285714,1.1346938775510205,1.2497756,1.24998523
0.9714285714285714,1.126530612244898,1.24977684,1.24998495
0.9714285714285714,1.1183673469387754,1.24977366,1.24998458
0.9714285714285714,1.110204081632653,1.24977457,1.2499843
0.9714285714285714,1.1020408163265305,1.24977394,1.24998432
0.9714285714285714,1.0938775510204082,1.24977452,1.2499856
0.9714285714285714,1.0857142857142856,1.2497698,1.24998523
0.9714285714285714,1.0775510204081633,1.24977434,1.24998439
0.9714285714285714,1.0693877551020408,1.24977545,1.24998417
0.9714285714285714,1.0612244897959184,1.24977389,1.249982
0.9714285714285714,1.0530612244897959,1.24977202,1.24998598
0.9714285714285714,1.0448979591836736,1.24977417,1.24998516
0.9714285714285714,1.036734693877551,1.24977449,1.24998605
0.9714285714285714,1.0285714285714285,1.24977409,1.24998359
0.9714285714285714,1.0204081632653061,1.24977235,1.24998579
0.9714285714285714,1.0122448979591836,1.24977127,1.24998331
0.9714285714285714,1.0040816326530613,1.24977308,1.24998383
0.9714285714285714,0.9959183673469387,1.24977631,1.24998493
0.9714285714285714,0.9877551020408163,1.24977196,1.24998598
0.9714285714285714,0.9795918367346939,1.2497754,1.24998532
0.9714285714285714,0.9714285714285714,1.24977278,1.2499837
0.9714285714285714,0.963265306122449,1.24977262,1.24998439
0.9714285714285714,0.9551020408163265,1.24977373,1.24998652
0.9714285714285714,0.9469387755102041,1.24977389,1.2499857
0.9714285714285714,0.9387755102040816,1.24977568,1.24998488
0.9714285714285714,0.9306122448979592,1.24977616,1.24998286
0.9714285714285714,0.9224489795918367,1.24977144,1.24998463
0.9714285714285714,0.9142857142857143,1.24977517,1.24998488
0.9714285714285714,0.9061224489795918,1.2497752,1.24998445
0.9714285714285714,0.8979591836734694,1.24977215,1.24998572
0.9714285714285714,0.889795918367347,1.24977361,1.24998616
0.9714285714285714,0.8816326530612244,1.24977464,1.24998467
0.9714285714285714,0.8734693877551021,1.24977464,1.24998523
0.9714285714285714,0.8653061224489795,1.24977528,1.2499834
0.9714285714285714,0.8571428571428572,1.24977202,1.24998665
0.9714285714285714,0.8489795918367347,1.24977353,1.24998497
0.9714285714285714,0.8408163265306122,1.24977457,1.24998551
0.9714285714285714,0.8326530612244898,1.24977603,1.2499857
0.9714285714285714,0.8244897959183674,1.2497733,1.2499837
0.9714285714285714,0.8163265306122449,1.24977353,1.24998557
0.9714285714285714,0.8081632653061225,1.2497754,1.24998411
0.9714285714285714,0.8,1.24977376,1.24998516
0.963265306122449,1.2,1.24977081,1.24998387
0.963265306122449,1.1918367346938774,1.2497752,1.24998488
0.963265306122449,1.183673469387755,1.24977568,1.24998547
0.963265306122449,1.1755102040816325,1.24977517,1.24998529
0.963265306122449,1.1673469387755102,1.24977548,1.24998663
0.963265306122449,1.1591836734693877,1.24977497,1.24998508
0.963265306122449,1.1510204081632653,1.249776,1.24998626
0.963265306122449,1.1428571428571428,1.2497729,1.24998544
0.963265306122449,1.1346938775510205,1.24977421,1.24998439
0.963265306122449,1.126530612244898,1.24977386,1.24998172
0.963265306122449,1.1183673469387754,1.24977434,1.24998413
0.963265306122449,1.110204081632653,1.24977555,1.24998691
0.963265306122449,1.1020408163265305,1.24977306,1.24998572
0.963265306122449,1.0938775510204082,1.24977441,1.24998536
0.963265306122449,1.0857142857142856,1.24977417,1.24998349
0.963265306122449,1.0775510204081633,1.24977341,1.24998557
0.963265306122449,1.0693877551020408,1.24977409,1.24998536
0.963265306122449,1.0612244897959184,1.249775,1.24998648
0.963265306122449,1.0530612244897959,1.24977346,1.24998445
0.963265306122449,1.0448979591836736,1.24977369,1.24998564
0.963265306122449,1.036734693877551,1.24977439,1.24998482
0.963265306122449,1.0285714285714285,1.24977293,1.24998532
0.963265306122449,1.0204081632653061,1.24977557,1.24998656
0.963265306122449,1.0122448979591836,1.2497758,1.24998613
0.963265306122449,1.0040816326530613,1.24977381,1.24998452
0.963265306122449,0.9959183673469387,1.24977346,1.249984
0.963265306122449,0.9877551020408163,1.2497752,1.2499851
0.963265306122449,0.9795918367346939,1.24977104,1.24998749
0.963265306122449,0.9714285714285714,1.24977525,1.24998641
0.963265306122449,0.963265306122449,1.24977472,1.24998669
0.963265306122449,0.9551020408163265,1.24977429,1.2499865
0.963265306122449,0.9469387755102041,1.24977131,1.2499856
0.963265306122449,0.9387755102040816,1.24977611,1.24998454
0.963265306122449,0.9306122448979592,1.24977437,1.24998663
0.963265306122449,0.9224489795918367,1.24977401,1.24998237
0.963265306122449,0.9142857142857143,1.24977464,1.24998514
0.963265306122449,0.9061224489795918,1.24977242,1.24998398
0.963265306122449,0.8979591836734694,1.24977457,1.24998361
0.963265306122449,0.889795918367347,1.249775,1.24998557
0.963265306122449,0.8816326530612244,1.24977396,1.24998392
0.963265306122449,0.8734693877551021,1.24977497,1.24998501
0.963265306122449,0.8653061224489795,1.24977464,1.2499857
0.963265306122449,0.8571428571428572,1.24977313,1.24998389
0.963265306122449,0.8489795918367347,1.24977472,1.24998396
0.963265306122449,0.8408163265306122,1.24977401,1.24998607
0.963265306122449,0.8326530612244898,1.24977318,1.24998501
0.963265306122449,0.8244897959183674,1.24977401,1.24998538
0.963265306122449,0.8163265306122449,1.24977477,1.24998538
0.963265306122449,0.8081632653061225,1.24977255,1.24998441
0.963265306122449,0.8,1.24977528,1.2499857
0.9551020408163265,1.2,1.24977147,1.24998284
0.9551020408163265,1.1918367346938774,1.24977369,1.24998501
0.9551020408163265,1.183673469387755,1.24977373,1.24998426
0.9551020408163265,1.1755102040816325,1.24977255,1.2499842
0.9551020408163265,1.1673469387755102,1.24977335,1.24998684
0.9551020408163265,1.1591836734693877,1.24977333,1.24998521
0.9551020408163265,1.1510204081632653,1.24977187,1.24998678
0.9551020408163265,1.1428571428571428,1.24977437,1.24998295
0.9551020408163265,1.1346938775510205,1.24977414,1.24998476
0.9551020408163265,1.126530612244898,1.24977227,1.2499828
0.9551020408163265,1.1183673469387754,1.24977563,1.24998226
0.9551020408163265,1.110204081632653,1.24977555,1.24998607
0.9551020408163265,1.1020408163265305,1.24977361,1.24998635
0.9551020408163265,1.0938775510204082,1.2497754,1.2499829
0.9551020408163265,1.0857142857142856,1.2497733,1.24998448
0.9551020408163265,1.0775510204081633,1.24977537,1.24998516
0.9551020408163265,1.0693877551020408,1.2497729,1.24998551
0.9551020408163265,1.0612244897959184,1.249775,1.24998342
0.9551020408163265,1.0530612244897959,1.24977444,1.24998585
0.9551020408163265,1.0448979591836736,1.24977242,1.2499837
0.9551020408163265,1.036734693877551,1.24977194,1.24998368
0.9551020408163265,1.0285714285714285,1.24977323,1.2499851
0.9551020408163265,1.0204081632653061,1.24977101,1.24998592
0.9551020408163265,1.0122448979591836,1.2497729,1.24998609
0.9551020408163265,1.0040816326530613,1.24977441,1.24998368
0.9551020408163265,0.9959183673469387,1.24977545,1.24998411
0.9551020408163265,0.9877551020408163,1.24977373,1.24998725
0.9551020408163265,0.9795918367346939,1.24977414,1.24998361
0.9551020408163265,0.9714285714285714,1.24977255,1.24998417
0.9551020408163265,0.963265306122449,1.24977389,1.24998529
0.9551020408163265,0.9551020408163265,1.24977595,1.24998383
0.9551020408163265,0.9469387755102041,1.24977507,1.24998277
0.9551020408163265,0.9387755102040816,1.24977386,1.24998405
0.9551020408163265,0.9306122448979592,1.24977505,1.24998622
0.9551020408163265,0.9224489795918367,1.2497726,1.2499843
0.9551020408163265,0.9142857142857143,1.24977287,1.24998529
0.9551020408163265,0.9061224489795918,1.24977389,1.24998564
0.9551020408163265,0.8979591836734694,1.24977394,1.24998734
0.9551020408163265,0.889795918367347,1.24977489,1.24998493
0.9551020408163265,0.8816326530612244,1.24977394,1.24998331
0.9551020408163265,0.8734693877551021,1.24977333,1.24998439
0.9551020408163265,0.8653061224489795,1.24977429,1.24998529
0.9551020408163265,0.8571428571428572,1.24977366,1.24998366
0.9551020408163265,0.8489795918367347,1.24977255,1.24998402
0.9551020408163265,0.8408163265306122,1.24977396,1.24998441
0.9551020408163265,0.8326530612244898,1.24977179,1.24998355
0.9551020408163265,0.8244897959183674,1.2497729,1.24998467
0.9551020408163265,0.8163265306122449,1.24977401,1.24998467
0.9551020408163265,0.8081632653061225,1.24977421,1.24998775
0.9551020408163265,0.8,1.24977307,1.24998476
0.9469387755102041,1.2,1.24977515,1.24998557
0.9469387755102041,1.1918367346938774,1.24977353,1.24998424
0.9469387755102041,1.183673469387755,1.24977278,1.24998405
0.9469387755102041,1.1755102040816325,1.24977487,1.24998529
0.9469387755102041,1.1673469387755102,1.24977477,1.2499848
0.9469387755102041,1.1591836734693877,1.24977172,1.24998405
0.9469387755102041,1.1510204081632653,1.24977389,1.24998394
0.9469387755102041,1.1428571428571428,1.24977487,1.24998516
0.9469387755102041,1.1346938775510205,1.24977096,1.24998385
0.9469387755102041,1.126530612244898,1.24977149,1.24998482
0.9469387755102041,1.1183673469387754,1.24977127,1.24998644
0.9469387755102041,1.110204081632653,1.24977306,1.2499837
0.9469387755102041,1.1020408163265305,1.24977437,1.24998217
0.9469387755102041,1.0938775510204082,1.24977441,1.24998349
0.9469387755102041,1.0857142857142856,1.2497725,1.24998383
0.9469387755102041,1.0775510204081633,1.24977341,1.24998196
0.9469387755102041,1.0693877551020408,1.24977349,1.2499829
0.9469387755102041,1.0612244897959184,1.24977401,1.24998312
0.9469387755102041,1.0530612244897959,1.24977283,1.24998501
0.9469387755102041,1.0448979591836736,1.24977318,1.24998417
0.9469387755102041,1.036734693877551,1.24977611,1.24998508
0.9469387755102041,1.0285714285714285,1.24977215,1.24998392
0.9469387755102041,1.0204081632653061,1.24977373,1.24998346
0.9469387755102041,1.0122448979591836,1.2497729,1.24998361
0.9469387755102041,1.0040816326530613,1.24977321,1.24998508
0.9469387755102041,0.9959183673469387,1.24977437,1.24998641
0.9469387755102041,0.9877551020408163,1.24977346,1.2499856
0.9469387755102041,0.9795918367346939,1.24977457,1.24998476
0.9469387755102041,0.9714285714285714,1.24977227,1.24998314
0.9469387755102041,0.963265306122449,1.24977255,1.24998299
0.9469387755102041,0.9551020408163265,1.24977492,1.24998389
0.9469387755102041,0.9469387755102041,1.24977235,1.24998355
0.9469387755102041,0.9387755102040816,1.24977636,1.24998544
0.9469387755102041,0.9306122448979592,1.24977235,1.24998467
0.9469387755102041,0.9224489795918367,1.24977184,1.24998579
0.9469387755102041,0.9142857142857143,1.24977441,1.24998538
0.9469387755102041,0.9061224489795918,1.24977414,1.24998572
0.9469387755102041,0.8979591836734694,1.24977603,1.24998333
0.9469387755102041,0.889795918367347,1.24977386,1.24998389
0.9469387755102041,0.8816326530612244,1.24977603,1.24998327
0.9469387755102041,0.8734693877551021,1.24977353,1.24998206
0.9469387755102041,0.8653061224489795,1.24977378,1.24998613
0.9469387755102041,0.8571428571428572,1.24977242,1.24998613
0.9469387755102041,0.8489795918367347,1.2497727,1.24998361
0.9469387755102041,0.8408163265306122,1.24977429,1.24998544
0.9469387755102041,0.8326530612244898,1.24977063,1.24998501
0.9469387755102041,0.8244897959183674,1.24977447,1.24998521
0.9469387755102041,0.8163265306122449,1.24977278,1.24998355
0.9469387755102041,0.8081632653061225,1.24977306,1.24998377
0.9469387755102041,0.8,1.24977484,1.24998398
0.9387755102040816,1.2,1.24977159,1.24998676
0.9387755102040816,1.1918367346938774,1.24977326,1.2499848
0.9387755102040816,1.183673469387755,1.24977401,1.24998325
0.9387755102040816,1.1755102040816325,1.24977371,1.24998473
0.9387755102040816,1.1673469387755102,1.24977421,1.24998482
0.9387755102040816,1.1591836734693877,1.24977318,1.24998252
0.9387755102040816,1.1510204081632653,1.24977255,1.24998389
0.9387755102040816,1.1428571428571428,1.24977417,1.24998426
0.9387755102040816,1.1346938775510205,1.24977358,1.24998445
0.9387755102040816,1.126530612244898,1.24977262,1.2499837
0.9387755102040816,1.1183673469387754,1.24977492,1.24998249
0.9387755102040816,1.110204081632653,1.24977262,1.2499856
0.9387755102040816,1.1020408163265305,1.24977401,1.24998321
0.9387755102040816,1.0938775510204082,1.24977245,1.2499842
0.9387755102040816,1.0857142857142856,1.24977394,1.24998607
0.9387755102040816,1.0775510204081633,1.24977333,1.24998831
0.9387755102040816,1.0693877551020408,1.24977127,1.24998243
0.9387755102040816,1.0612244897959184,1.2497727,1.24998265
0.9387755102040816,1.0530612244897959,1.24977164,1.24998519
0.9387755102040816,1.0448979591836736,1.24977338,1.24998392
0.9387755102040816,1.036734693877551,1.2497729,1.24998424
0.9387755102040816,1.0285714285714285,1.24977275,1.24998501
0.9387755102040816,1.0204081632653061,1.24977429,1.2499834
0.9387755102040816,1.0122448979591836,1.24977551,1.24998153
0.9387755102040816,1.0040816326530613,1.24977318,1.24998312
0.9387755102040816,0.9959183673469387,1.24977369,1.24998594
0.9387755102040816,0.9877551020408163,1.24977333,1.24998579
0.9387755102040816,0.9795918367346939,1.24977366,1.24998252
0.9387755102040816,0.9714285714285714,1.24977571,1.24998327
0.9387755102040816,0.963265306122449,1.24977242,1.24998321
0.9387755102040816,0.9551020408163265,1.24977588,1.24998579
0.9387755102040816,0.9469387755102041,1.24977409,1.24998402
0.9387755102040816,0.9387755102040816,1.24977381,1.24998488
0.9387755102040816,0.9306122448979592,1.24977306,1.24998286
0.9387755102040816,0.9224489795918367,1.249775,1.24998396
0.9387755102040816,0.9142857142857143,1.24977484,1.24998398
0.9387755102040816,0.9061224489795918,1.24977691,1.24998516
0.9387755102040816,0.8979591836734694,1.24977512,1.24998239
0.9387755102040816,0.889795918367347,1.24977363,1.24998508
0.9387755102040816,0.8816326530612244,1.24977242,1.24998616
0.9387755102040816,0.8734693877551021,1.24977298,1.24998355
0.9387755102040816,0.8653061224489795,1.24977215,1.24998687
0.9387755102040816,0.8571428571428572,1.24977469,1.24998551
0.9387755102040816,0.8489795918367347,1.24977512,1.24998501
0.9387755102040816,0.8408163265306122,1.24977258,1.2499871
0.9387755102040816,0.8326530612244898,1.24977472,1.24998262
0.9387755102040816,0.8244897959183674,1.24977517,1.24998473
0.9387755102040816,0.8163265306122449,1.24977505,1.24998572
0.9387755102040816,0.8081632653061225,1.2497729,1.24998405
0.9387755102040816,0.8,1.24977631,1.24998381
0.9306122448979592,1.2,1.249775,1.2499851
0.9306122448979592,1.1918367346938774,1.24977389,1.24998663
0.9306122448979592,1.183673469387755,1.2497754,1.24998626
0.9306122448979592,1.1755102040816325,1.24977618,1.24998669
0.9306122448979592,1.1673469387755102,1.24977303,1.24998669
0.9306122448979592,1.1591836734693877,1.24977204,1.2499834
0.9306122448979592,1.1510204081632653,1.24977389,1.24998588
0.9306122448979592,1.1428571428571428,1.24977179,1.24998209
0.9306122448979592,1.1346938775510205,1.24977475,1.24998564
0.9306122448979592,1.126530612244898,1.24977323,1.2499829
0.9306122448979592,1.1183673469387754,1.24977472,1.24998221
0.9306122448979592,1.110204081632653,1.24977608,1.2499823
0.9306122448979592,1.1020408163265305,1.24977575,1.24998747
0.9306122448979592,1.0938775510204082,1.24977318,1.24998616
0.9306122448979592,1.0857142857142856,1.24977373,1.249986
0.9306122448979592,1.0775510204081633,1.24977437,1.24998364
0.9306122448979592,1.0693877551020408,1.24977366,1.24998544
0.9306122448979592,1.0612244897959184,1.24977262,1.24998803
0.9306122448979592,1.0530612244897959,1.24977192,1.24998592
0.9306122448979592,1.0448979591836736,1.24977267,1.24998516
0.9306122448979592,1.036734693877551,1.24977303,1.24998663
0.9306122448979592,1.0285714285714285,1.24977235,1.24998318
0.9306122448979592,1.0204081632653061,1.24977674,1.24998691
0.9306122448979592,1.0122448979591836,1.24977434,1.24998432
0.9306122448979592,1.0040816326530613,1.2497752,1.24998497
0.9306122448979592,0.9959183673469387,1.24977421,1.24998516
0.9306122448979592,0.9877551020408163,1.24977104,1.24998508
0.9306122448979592,0.9795918367346939,1.24977373,1.24998501
0.9306122448979592,0.9714285714285714,1.24977424,1.24998486
0.9306122448979592,0.963265306122449,1.24977426,1.24998635
0.9306122448979592,0.9551020408163265,1.24977361,1.24998368
0.9306122448979592,0.9469387755102041,1.24977346,1.2499865
0.9306122448979592,0.9387755102040816,1.24977684,1.24998822
0.9306122448979592,0.9306122448979592,1.24977278,1.24998704
0.9306122448979592,0.9224489795918367,1.2497752,1.24998525
0.9306122448979592,0.9142857142857143,1.24977333,1.24998439
0.9306122448979592,0.9061224489795918,1.24977487,1.24998697
0.9306122448979592,0.8979591836734694,1.24977555,1.24998566
0.9306122448979592,0.889795918367347,1.2497725,1.2499843
0.9306122448979592,0.8816326530612244,1.24977235,1.24998445
0.9306122448979592,0.8734693877551021,1.24977552,1.24998783
0.9306122448979592,0.8653061224489795,1.24977492,1.24998476
0.9306122448979592,0.8571428571428572,1.24977149,1.24998579
0.9306122448979592,0.8489795918367347,1.24977396,1.24998803
0.9306122448979592,0.8408163265306122,1.24977686,1.24998579
0.9306122448979592,0.8326530612244898,1.24977199,1.24998501
0.9306122448979592,0.8244897959183674,1.24977306,1.2499851
0.9306122448979592,0.8163265306122449,1.24977176,1.24998405
0.9306122448979592,0.8081632653061225,1.249776,1.24998523
0.9306122448979592,0.8,1.24977239,1.24998424
0.9224489795918367,1.2,1.24977346,1.24998398
0.9224489795918367,1.1918367346938774,1.24977401,1.24998523
0.9224489795918367,1.183673469387755,1.24977409,1.24998542
0.9224489795918367,1.1755102040816325,1.2497727,1.24998551
0.9224489795918367,1.1673469387755102,1.24977429,1.24998336
0.9224489795918367,1.1591836734693877,1.24977262,1.24998712
0.9224489795918367,1.1510204081632653,1.2497731,1.24998329
0.9224489795918367,1.1428571428571428,1.24977149,1.24998252
0.9224489795918367,1.1346938775510205,1.24977247,1.24998467
0.9224489795918367,1.126530612244898,1.24977477,1.24998644
0.9224489795918367,1.1183673469387754,1.24977381,1.2499837
0.9224489795918367,1.110204081632653,1.24977386,1.24998549
0.9224489795918367,1.1020408163265305,1.24977503,1.24998678
0.9224489795918367,1.0938775510204082,1.2497731,1.24998411
0.9224489795918367,1.0857142857142856,1.24977099,1.24998488
0.9224489795918367,1.0775510204081633,1.24977484,1.24998516
0.9224489795918367,1.0693877551020408,1.24977187,1.24998691
0.9224489795918367,1.0612244897959184,1.24977446,1.24998452
0.9224489795918367,1.0530612244897959,1.24977164,1.24998641
0.9224489795918367,1.0448979591836736,1.24977389,1.24998529
0.9224489795918367,1.036734693877551,1.24977484,1.24998622
0.9224489795918367,1.0285714285714285,1.24977222,1.24998581
0.9224489795918367,1.0204081632653061,1.24977353,1.24998523
0.9224489795918367,1.0122448979591836,1.24977401,1.24998392
0.9224489795918367,1.0040816326530613,1.24977406,1.24998473
0.9224489795918367,0.9959183673469387,1.24977088,1.24998628
0.9224489795918367,0.9877551020408163,1.24977194,1.24998572
0.9224489795918367,0.9795918367346939,1.24977512,1.24998243
0.9224489795918367,0.9714285714285714,1.24977381,1.24998611
0.9224489795918367,0.963265306122449,1.24977262,1.24998607
0.9224489795918367,0.9551020408163265,1.24977262,1.24998398
0.9224489795918367,0.9469387755102041,1.24977076,1.24998656
0.9224489795918367,0.9387755102040816,1.24977492,1.24998585
0.9224489795918367,0.9306122448979592,1.24977472,1.24998628
0.9224489795918367,0.9224489795918367,1.24977328,1.24998605
0.9224489795918367,0.9142857142857143,1.24977417,1.2499823
0.9224489795918367,0.9061224489795918,1.24977326,1.2499848
0.9224489795918367,0.8979591836734694,1.24977131,1.24998417
0.9224489795918367,0.889795918367347,1.24977487,1.24998648
0.9224489795918367,0.8816326530612244,1.24977353,1.24998596
0.9224489795918367,0.8734693877551021,1.2497725,1.24998314
0.9224489795918367,0.8653061224489795,1.24977235,1.24998755
0.9224489795918367,0.8571428571428572,1.24977401,1.24998665
0.9224489795918367,0.8489795918367347,1.24977492,1.2499846
0.9224489795918367,0.8408163265306122,1.24977275,1.24998697
0.9224489795918367,0.8326530612244898,1.24977441,1.2499837
0.9224489795918367,0.8244897959183674,1.24977628,1.24998557
0.9224489795918367,0.8163265306122449,1.24977495,1.2499851
0.9224489795918367,0.8081632653061225,1.24977285,1.24998349
0.9224489795918367,0.8,1.24977548,1.2499846
0.9142857142857143,1.2,1.24977452,1.24998402
0.9142857142857143,1.1918367346938774,1.24977381,1.24998469
0.9142857142857143,1.183673469387755,1.24977457,1.24998252
0.9142857142857143,1.1755102040816325,1.24977457,1.24998488
0.9142857142857143,1.1673469387755102,1.24977414,1.24998488
0.9142857142857143,1.1591836734693877,1.24977636,1.2499848
0.9142857142857143,1.1510204081632653,1.2497752,1.24998712
0.9142857142857143,1.1428571428571428,1.24977591,1.24998594
0.9142857142857143,1.1346938775510205,1.24977262,1.2499862
0.9142857142857143,1.126530612244898,1.24977528,1.24998398
0.9142857142857143,1.1183673469387754,1.24977318,1.24998488
0.9142857142857143,1.110204081632653,1.24977358,1.24998594
0.9142857142857143,1.1020408163265305,1.24977591,1.24998476
0.9142857142857143,1.0938775510204082,1.24977293,1.24998452
0.9142857142857143,1.0857142857142856,1.24977532,1.24998439
0.9142857142857143,1.0775510204081633,1.24977414,1.24998336
0.9142857142857143,1.0693877551020408,1.24977507,1.24998258
0.9142857142857143,1.0612244897959184,1.24977258,1.24998368
0.9142857142857143,1.0530612244897959,1.2497721,1.24998439
0.9142857142857143,1.0448979591836736,1.24977369,1.24998361
0.9142857142857143,1.036734693877551,1.2497748,1.24998572
0.9142857142857143,1.0285714285714285,1.24977227,1.24998501
0.9142857142857143,1.0204081632653061,1.24977313,1.24998544
0.9142857142857143,1.0122448979591836,1.24977283,1.24998579
0.9142857142857143,1.0040816326530613,1.2497726,1.24998553
0.9142857142857143,0.9959183673469387,1.24977338,1.2499843
0.9142857142857143,0.9877551020408163,1.24977258,1.24998467
0.9142857142857143,0.9795918367346939,1.24977373,1.24998482
0.9142857142857143,0.9714285714285714,1.24977341,1.24998536
0.9142857142857143,0.963265306122449,1.24976997,1.24998265
0.9142857142857143,0.9551020408163265,1.24977421,1.2499823
0.9142857142857143,0.9469387755102041,1.24977429,1.24998607
0.9142857142857143,0.9387755102040816,1.24977361,1.24998185
0.9142857142857143,0.9306122448979592,1.24977623,1.24998305
0.9142857142857143,0.9224489795918367,1.24977472,1.24998542
0.9142857142857143,0.9142857142857143,1.24977351,1.2499856
0.9142857142857143,0.9061224489795918,1.24977401,1.2499856
0.9142857142857143,0.8979591836734694,1.24977179,1.24998637
0.9142857142857143,0.889795918367347,1.24977563,1.24998611
0.9142857142857143,0.8816326530612244,1.24977313,1.24998355
0.9142857142857143,0.8734693877551021,1.24977262,1.24998396
0.9142857142857143,0.8653061224489795,1.24977267,1.24998372
0.9142857142857143,0.8571428571428572,1.24977361,1.24998377
0.9142857142857143,0.8489795918367347,1.24977437,1.24998405
0.9142857142857143,0.8408163265306122,1.24977358,1.24998557
0.9142857142857143,0.8326530612244898,1.2497746,1.24998424
0.9142857142857143,0.8244897959183674,1.24977323,1.24998346
0.9142857142857143,0.8163265306122449,1.24977512,1.24998131
0.9142857142857143,0.8081632653061225,1.24977421,1.24998684
0.9142857142857143,0.8,1.24977318,1.24998532
0.9061224489795918,1.2,1.24977409,1.24998374
0.9061224489795918,1.1918367346938774,1.24977614,1.24998361
0.9061224489795918,1.183673469387755,1.24977686,1.24998553
0.9061224489795918,1.1755102040816325,1.24977194,1.24998579
0.9061224489795918,1.1673469387755102,1.24977588,1.24998473
0.9061224489795918,1.1591836734693877,1.24977586,1.24998467
0.9061224489795918,1.1510204081632653,1.249775,1.2499865
0.9061224489795918,1.1428571428571428,1.24977646,1.24998439
0.9061224489795918,1.1346938775510205,1.24977323,1.24998572
0.9061224489795918,1.126530612244898,1.24977434,1.24998706
0.9061224489795918,1.1183673469387754,1.24977646,1.24998768
0.9061224489795918,1.110204081632653,1.24977528,1.24998284
0.9061224489795918,1.1020408163265305,1.24977361,1.24998529
0.9061224489795918,1.0938775510204082,1.24977351,1.24998439
0.9061224489795918,1.0857142857142856,1.24977369,1.24998318
0.9061224489795918,1.0775510204081633,1.24977353,1.24998519
0.9061224489795918,1.0693877551020408,1.24977575,1.24998551
0.9061224489795918,1.0612244897959184,1.24977371,1.2499871
0.9061224489795918,1.0530612244897959,1.24977532,1.24998514
0.9061224489795918,1.0448979591836736,1.24977449,1.24998644
0.9061224489795918,1.036734693877551,1.24977258,1.2499851
0.9061224489795918,1.0285714285714285,1.24977429,1.24998346
0.9061224489795918,1.0204081632653061,1.24977306,1.24998508
0.9061224489795918,1.0122448979591836,1.24977462,1.24998325
0.9061224489795918,1.0040816326530613,1.24977484,1.24998239
0.9061224489795918,0.9959183673469387,1.24977398,1.24998564
0.9061224489795918,0.9877551020408163,1.24977421,1.24998648
0.9061224489795918,0.9795918367346939,1.24977333,1.24998465
0.9061224489795918,0.9714285714285714,1.24977199,1.24998398
0.9061224489795918,0.963265306122449,1.24977406,1.24998355
0.9061224489795918,0.9551020408163265,1.24977623,1.24998405
0.9061224489795918,0.9469387755102041,1.24977414,1.24998577
0.9061224489795918,0.9387755102040816,1.24977338,1.24998353
0.9061224489795918,0.9306122448979592,1.24977063,1.24998426
0.9061224489795918,0.9224489795918367,1.24977424,1.24998501
0.9061224489795918,0.9142857142857143,1.24977424,1.24998725
0.9061224489795918,0.9061224489795918,1.24977159,1.24998516
0.9061224489795918,0.8979591836734694,1.24977258,1.2499865
0.9061224489795918,0.889795918367347,1.24977421,1.24998398
0.9061224489795918,0.8816326530612244,1.24977378,1.24998581
0.9061224489795918,0.8734693877551021,1.24977255,1.24998314
0.9061224489795918,0.8653061224489795,1.24977441,1.24998514
0.9061224489795918,0.8571428571428572,1.24977174,1.24998488
0.9061224489795918,0.8489795918367347,1.2497758,1.24998293
0.9061224489795918,0.8408163265306122,1.24977285,1.24998516
0.9061224489795918,0.8326530612244898,1.24977417,1.24998781
0.9061224489795918,0.8244897959183674,1.24977376,1.24998454
0.9061224489795918,0.8163265306122449,1.24977507,1.24998361
0.9061224489795918,0.8081632653061225,1.24977247,1.24998495
0.9061224489795918,0.8,1.24977275,1.24998607
0.8979591836734694,1.2,1.24977346,1.24998516
0.8979591836734694,1.1918367346938774,1.2497753,1.24998405
0.8979591836734694,1.183673469387755,1.24977333,1.24998549
0.8979591836734694,1.1755102040816325,1.24977437,1.24998355
0.8979591836734694,1.1673469387755102,1.24977258,1.24998622
0.8979591836734694,1.1591836734693877,1.24977164,1.24998609
0.8979591836734694,1.1510204081632653,1.2497704,1.24998626
0.8979591836734694,1.1428571428571428,1.24976982,1.24998133
0.8979591836734694,1.1346938775510205,1.24977321,1.24998482
0.8979591836734694,1.126530612244898,1.2497729,1.2499857
0.8979591836734694,1.1183673469387754,1.24977346,1.24998482
0.8979591836734694,1.110204081632653,1.24977275,1.24998727
0.8979591836734694,1.1020408163265305,1.24977417,1.24998355
0.8979591836734694,1.0938775510204082,1.24977389,1.24998544
0.8979591836734694,1.0857142857142856,1.24977398,1.24998564
0.8979591836734694,1.0775510204081633,1.24977215,1.24998538
0.8979591836734694,1.0693877551020408,1.24977373,1.24998445
0.8979591836734694,1.0612244897959184,1.24977283,1.24998409
0.8979591836734694,1.0530612244897959,1.24977237,1.24998351
0.8979591836734694,1.0448979591836736,1.24977467,1.24998277
0.8979591836734694,1.036734693877551,1.24977409,1.24998557
0.8979591836734694,1.0285714285714285,1.24977353,1.24998327
0.8979591836734694,1.0204081632653061,1.24977111,1.24998146
0.8979591836734694,1.0122448979591836,1.24977452,1.24998346
0.8979591836734694,1.0040816326530613,1.24977437,1.24998383
0.8979591836734694,0.9959183673469387,1.24977414,1.24998346
0.8979591836734694,0.9877551020408163,1.24977351,1.24998635
0.8979591836734694,0.9795918367346939,1.24977353,1.24998579
0.8979591836734694,0.9714285714285714,1.2497775,1.24998437
0.8979591836734694,0.963265306122449,1.24977333,1.24998405
0.8979591836734694,0.9551020408163265,1.24977381,1.24998594
0.8979591836734694,0.9469387755102041,1.24977326,1.24998508
0.8979591836734694,0.9387755102040816,1.24977535,1.24998493
0.8979591836734694,0.9306122448979592,1.24977333,1.249986
0.8979591836734694,0.9224489795918367,1.24977242,1.24998613
0.8979591836734694,0.9142857142857143,1.24977505,1.24998542
0.8979591836734694,0.9061224489795918,1.24977369,1.24998389
0.8979591836734694,0.8979591836734694,1.24977401,1.24998534
0.8979591836734694,0.889795918367347,1.24977563,1.24998454
0.8979591836734694,0.8816326530612244,1.24977381,1.24998732
0.8979591836734694,0.8734693877551021,1.24977111,1.24998501
0.8979591836734694,0.8653061224489795,1.24977464,1.24998491
0.8979591836734694,0.8571428571428572,1.24977315,1.24998454
0.8979591836734694,0.8489795918367347,1.24977353,1.24998585
0.8979591836734694,0.8408163265306122,1.24977583,1.24998405
0.8979591836734694,0.8326530612244898,1.24977507,1.24998432
0.8979591836734694,0.8244897959183674,1.24977464,1.24998389
0.8979591836734694,0.8163265306122449,1.2497752,1.24998514
0.8979591836734694,0.8081632653061225,1.24977307,1.24998564
0.8979591836734694,0.8,1.24977484,1.24998428
0.889795918367347,1.2,1.24977469,1.24998417
0.889795918367347,1.1918367346938774,1.24977689,1.24998616
0.889795918367347,1.183673469387755,1.24977245,1.24998501
0.889795918367347,1.1755102040816325,1.24977389,1.24998426
0.889795918367347,1.1673469387755102,1.24977182,1.24998519
0.889795918367347,1.1591836734693877,1.24977341,1.24998637
0.889795918367347,1.1510204081632653,1.24977636,1.24998486
0.889795918367347,1.1428571428571428,1.24977192,1.24998557
0.889795918367347,1.1346938775510205,1.24977484,1.24998508
0.889795918367347,1.126530612244898,1.24977366,1.24998501
0.889795918367347,1.1183673469387754,1.24977595,1.24998486
0.889795918367347,1.110204081632653,1.24977608,1.24998349
0.889795918367347,1.1020408163265305,1.24977505,1.24998536
0.889795918367347,1.0938775510204082,1.24977631,1.24998353
0.889795918367347,1.0857142857142856,1.2497731,1.24998523
0.889795918367347,1.0775510204081633,1.24977326,1.24998663
0.889795918367347,1.0693877551020408,1.24977757,1.24998314
0.889795918367347,1.0612244897959184,1.24977444,1.24998504
0.889795918367347,1.0530612244897959,1.24977444,1.2499876
0.889795918367347,1.0448979591836736,1.24977492,1.24998495
0.889795918367347,1.036734693877551,1.24977381,1.24998663
0.889795918367347,1.0285714285714285,1.24977464,1.24998185
0.889795918367347,1.0204081632653061,1.24977318,1.24998411
0.889795918367347,1.0122448979591836,1.24977283,1.24998553
0.889795918367347,1.0040816326530613,1.24977238,1.24998557
0.889795918367347,0.9959183673469387,1.24977406,1.24998312
0.889795918367347,0.9877551020408163,1.2497729,1.24998581
0.889795918367347,0.9795918367346939,1.24977285,1.24998329
0.889795918367347,0.9714285714285714,1.24977525,1.24998445
0.889795918367347,0.963265306122449,1.24977457,1.24998484
0.889795918367347,0.9551020408163265,1.24977283,1.24998385
0.889795918367347,0.9469387755102041,1.24977164,1.24998501
0.889795918367347,0.9387755102040816,1.24977421,1.2499851
0.889795918367347,0.9306122448979592,1.24977525,1.24998398
0.889795918367347,0.9224489795918367,1.2497725,1.24998349
0.889795918367347,0.9142857142857143,1.24977159,1.24998745
0.889795918367347,0.9061224489795918,1.24977227,1.24998538
0.889795918367347,0.8979591836734694,1.24977224,1.24998516
0.889795918367347,0.889795918367347,1.24977232,1.24998454
0.889795918367347,0.8816326530612244,1.24977437,1.2499842
0.889795918367347,0.8734693877551021,1.24977255,1.24998411
0.889795918367347,0.8653061224489795,1.24977441,1.2499851
0.889795918367347,0.8571428571428572,1.24977262,1.24998501
0.889795918367347,0.8489795918367347,1.24977401,1.24998727
0.889795918367347,0.8408163265306122,1.24977255,1.24998488
0.889795918367347,0.8326530612244898,1.24977318,1.24998336
0.889795918367347,0.8244897959183674,1.24977409,1.2499837
0.889795918367347,0.8163265306122449,1.24977285,1.24998572
0.889795918367347,0.8081632653061225,1.24977616,1.249984
0.889795918367347,0.8,1.24977341,1.24998445
0.8816326530612244,1.2,1.24977361,1.24998568
0.8816326530612244,1.1918367346938774,1.24977369,1.24998493
0.8816326530612244,1.183673469387755,1.24977315,1.24998501
0.8816326530612244,1.1755102040816325,1.24977588,1.24998607
0.8816326530612244,1.1673469387755102,1.24977346,1.24998523
0.8816326530612244,1.1591836734693877,1.24977371,1.24998265
0.8816326530612244,1.1510204081632653,1.24977338,1.24998566
0.8816326530612244,1.1428571428571428,1.24977278,1.24998103
0.8816326530612244,1.1346938775510205,1.24977464,1.2499837
0.8816326530612244,1.126530612244898,1.24977306,1.24998488
0.8816326530612244,1.1183673469387754,1.24977242,1.24998544
0.8816326530612244,1.110204081632653,1.24977239,1.24998529
0.8816326530612244,1.1020408163265305,1.24977258,1.24998486
0.8816326530612244,1.0938775510204082,1.24977101,1.24998435
0.8816326530612244,1.0857142857142856,1.24977293,1.2499846
0.8816326530612244,1.0775510204081633,1.24977321,1.24998293
0.8816326530612244,1.0693877551020408,1.24977401,1.24998609
0.8816326530612244,1.0612244897959184,1.24977349,1.24998467
0.8816326530612244,1.0530612244897959,1.24977156,1.249986
0.8816326530612244,1.0448979591836736,1.24977351,1.24998519
0.8816326530612244,1.036734693877551,1.24977472,1.24998476
0.8816326530612244,1.0285714285714285,1.24977349,1.24998277
0.8816326530612244,1.0204081632653061,1.24977303,1.24998224
0.8816326530612244,1.0122448979591836,1.24977503,1.24998383
0.8816326530612244,1.0040816326530613,1.24977484,1.24998865
0.8816326530612244,0.9959183673469387,1.24977283,1.24998497
0.8816326530612244,0.9877551020408163,1.24977283,1.24998308
0.8816326530612244,0.9795918367346939,1.24977477,1.24998486
0.8816326530612244,0.9714285714285714,1.24977121,1.24998441
0.8816326530612244,0.963265306122449,1.24977124,1.24998633
0.8816326530612244,0.9551020408163265,1.24977242,1.24998534
0.8816326530612244,0.9469387755102041,1.24977414,1.24998504
0.8816326530612244,0.9387755102040816,1.24977187,1.24998523
0.8816326530612244,0.9306122448979592,1.24977432,1.24998749
0.8816326530612244,0.9224489795918367,1.24977172,1.24998491
0.8816326530612244,0.9142857142857143,1.24977212,1.24998603
0.8816326530612244,0.9061224489795918,1.24977239,1.24998557
0.8816326530612244,0.8979591836734694,1.24977409,1.24998572
0.8816326530612244,0.889795918367347,1.24977343,1.24998523
0.8816326530612244,0.8816326530612244,1.24977512,1.24998564
0.8816326530612244,0.8734693877551021,1.24977358,1.24998512
0.8816326530612244,0.8653061224489795,1.24977338,1.24998542
0.8816326530612244,0.8571428571428572,1.24977303,1.24998579
0.8816326530612244,0.8489795918367347,1.24977202,1.24998232
0.8816326530612244,0.8408163265306122,1.24977406,1.24998585
0.8816326530612244,0.8326530612244898,1.24977492,1.24998501
0.8816326530612244,0.8244897959183674,1.24977341,1.249986
0.8816326530612244,0.8163265306122449,1.24977179,1.24998405
0.8816326530612244,0.8081632653061225,1.24977247,1.24998818
0.8816326530612244,0.8,1.24977396,1.2499842
0.8734693877551021,1.2,1.24977417,1.24998467
0.8734693877551021,1.1918367346938774,1.24977076,1.24998336
0.8734693877551021,1.183673469387755,1.24977227,1.24998549
0.8734693877551021,1.1755102040816325,1.24977441,1.24998383
0.8734693877551021,1.1673469387755102,1.24977417,1.24998678
0.8734693877551021,1.1591836734693877,1.2497731,1.24998501
0.8734693877551021,1.1510204081632653,1.24977199,1.24998323
0.8734693877551021,1.1428571428571428,1.24977346,1.249986
0.8734693877551021,1.1346938775510205,1.24977255,1.24998482
0.8734693877551021,1.126530612244898,1.24977406,1.24998572
0.8734693877551021,1.1183673469387754,1.24977424,1.24998286
0.8734693877551021,1.110204081632653,1.24977313,1.24998333
0.8734693877551021,1.1020408163265305,1.24977306,1.24998249
0.8734693877551021,1.0938775510204082,1.2497725,1.24998628
0.8734693877551021,1.0857142857142856,1.24977358,1.24998377
0.8734693877551021,1.0775510204081633,1.24977394,1.24998697
0.8734693877551021,1.0693877551020408,1.249775,1.24998544
0.8734693877551021,1.0612244897959184,1.24977242,1.24998684
0.8734693877551021,1.0530612244897959,1.24977217,1.24998392
0.8734693877551021,1.0448979591836736,1.24977545,1.24998467
0.8734693877551021,1.036734693877551,1.24977361,1.24998476
0.8734693877551021,1.0285714285714285,1.24977255,1.24998488
0.8734693877551021,1.0204081632653061,1.24977449,1.24998549
0.8734693877551021,1.0122448979591836,1.2497727,1.24998501
0.8734693877551021,1.0040816326530613,1.24977398,1.24998592
0.8734693877551021,0.9959183673469387,1.24977484,1.24998495
0.8734693877551021,0.9877551020408163,1.24977172,1.24998293
0.8734693877551021,0.9795918367346939,1.24977437,1.24998467
0.8734693877551021,0.9714285714285714,1.24977318,1.24998411
0.8734693877551021,0.963265306122449,1.24976957,1.24998495
0.8734693877551021,0.9551020408163265,1.24977406,1.24998669
0.8734693877551021,0.9469387755102041,1.24977207,1.24998747
0.8734693877551021,0.9387755102040816,1.24977262,1.24998572
0.8734693877551021,0.9306122448979592,1.24977373,1.24998544
0.8734693877551021,0.9224489795918367,1.24977449,1.24998333
0.8734693877551021,0.9142857142857143,1.24977406,1.24998467
0.8734693877551021,0.9061224489795918,1.24977065,1.24998271
0.8734693877551021,0.8979591836734694,1.24977417,1.24998553
0.8734693877551021,0.889795918367347,1.24977247,1.24998405
0.8734693877551021,0.8816326530612244,1.24977238,1.24998473
0.8734693877551021,0.8734693877551021,1.24977548,1.24998579
0.8734693877551021,0.8653061224489795,1.24977136,1.24998514
0.8734693877551021,0.8571428571428572,1.24977409,1.24998538
0.8734693877551021,0.8489795918367347,1.24977401,1.24998454
0.8734693877551021,0.8408163265306122,1.24977172,1.24998613
0.8734693877551021,0.8326530612244898,1.24977287,1.24998452
0.8734693877551021,0.8244897959183674,1.2497731,1.2499828
0.8734693877551021,0.8163265306122449,1.24977085,1.24998536
0.8734693877551021,0.8081632653061225,1.24977101,1.24998284
0.8734693877551021,0.8,1.24977432,1.24998486
0.8653061224489795,1.2,1.24977053,1.24998411
0.8653061224489795,1.1918367346938774,1.24977283,1.2499837
0.8653061224489795,1.183673469387755,1.24977868,1.24998377
0.8653061224489795,1.1755102040816325,1.24977417,1.24998265
0.8653061224489795,1.1673469387755102,1.24977346,1.24998383
0.8653061224489795,1.1591836734693877,1.24977366,1.24998314
0.8653061224489795,1.1510204081632653,1.24977386,1.24998585
0.8653061224489795,1.1428571428571428,1.24977232,1.24998445
0.8653061224489795,1.1346938775510205,1.24977381,1.24998575
0.8653061224489795,1.126530612244898,1.24977441,1.24998644
0.8653061224489795,1.1183673469387754,1.2497729,1.24998439
0.8653061224489795,1.110204081632653,1.24977414,1.24998458
0.8653061224489795,1.1020408163265305,1.24977353,1.24998413
0.8653061224489795,1.0938775510204082,1.24977349,1.24998458
0.8653061224489795,1.0857142857142856,1.24977333,1.24998405
0.8653061224489795,1.0775510204081633,1.2497727,1.24998402
0.8653061224489795,1.0693877551020408,1.24977449,1.24998654
0.8653061224489795,1.0612244897959184,1.24977275,1.24998417
0.8653061224489795,1.0530612244897959,1.2497727,1.24998874
0.8653061224489795,1.0448979591836736,1.24977409,1.24998411
0.8653061224489795,1.036734693877551,1.24977548,1.24998633
0.8653061224489795,1.0285714285714285,1.24977515,1.24998482
0.8653061224489795,1.0204081632653061,1.24977426,1.2499834
0.8653061224489795,1.0122448979591836,1.2497725,1.24998398
0.8653061224489795,1.0040816326530613,1.24977083,1.24998314
0.8653061224489795,0.9959183673469387,1.24977366,1.24998467
0.8653061224489795,0.9877551020408163,1.24977073,1.24998508
0.8653061224489795,0.9795918367346939,1.24977417,1.24998344
0.8653061224489795,0.9714285714285714,1.24977373,1.24998413
0.8653061224489795,0.963265306122449,1.24977341,1.24998551
0.8653061224489795,0.9551020408163265,1.24977215,1.24998467
0.8653061224489795,0.9469387755102041,1.24977434,1.24998486
0.8653061224489795,0.9387755102040816,1.24977338,1.2499828
0.8653061224489795,0.9306122448979592,1.24977247,1.24998432
0.8653061224489795,0.9224489795918367,1.2497725,1.24998635
0.8653061224489795,0.9142857142857143,1.24977338,1.24998424
0.8653061224489795,0.9061224489795918,1.2497723,1.24998353
0.8653061224489795,0.8979591836734694,1.24977293,1.24998501
0.8653061224489795,0.889795918367347,1.24977307,1.24998187
0.8653061224489795,0.8816326530612244,1.24977338,1.2499823
0.8653061224489795,0.8734693877551021,1.24977346,1.24998237
0.8653061224489795,0.8653061224489795,1.2497733,1.24998361
0.8653061224489795,0.8571428571428572,1.24977571,1.24998437
0.8653061224489795,0.8489795918367347,1.24977167,1.2499856
0.8653061224489795,0.8408163265306122,1.24977404,1.24998637
0.8653061224489795,0.8326530612244898,1.24977502,1.24998598
0.8653061224489795,0.8244897959183674,1.24977537,1.24998669
0.8653061224489795,0.8163265306122449,1.24977341,1.24998383
0.8653061224489795,0.8081632653061225,1.24977093,1.24998321
0.8653061224489795,0.8,1.2497729,1.24998342
0.8571428571428572,1.2,1.24977219,1.24998364
0.8571428571428572,1.1918367346938774,1.24977343,1.24998598
0.8571428571428572,1.183673469387755,1.24977563,1.24998557
0.8571428571428572,1.1755102040816325,1.24977505,1.24998473
0.8571428571428572,1.1673469387755102,1.24977222,1.24998585
0.8571428571428572,1.1591836734693877,1.24977306,1.24998628
0.8571428571428572,1.1510204081632653,1.24977421,1.24998405
0.8571428571428572,1.1428571428571428,1.2497733,1.24998766
0.8571428571428572,1.1346938775510205,1.24977341,1.24998654
0.8571428571428572,1.126530612244898,1.24977353,1.24998333
0.8571428571428572,1.1183673469387754,1.24977124,1.24998383
0.8571428571428572,1.110204081632653,1.24977326,1.24998678
0.8571428571428572,1.1020408163265305,1.24977409,1.24998712
0.8571428571428572,1.0938775510204082,1.24977156,1.24998579
0.8571428571428572,1.0857142857142856,1.24977381,1.24998799
0.8571428571428572,1.0775510204081633,1.24977452,1.24998635
0.8571428571428572,1.0693877551020408,1.2497731,1.24998551
0.8571428571428572,1.0612244897959184,1.24977333,1.24998628
0.8571428571428572,1.0530612244897959,1.24977369,1.24998684
0.8571428571428572,1.0448979591836736,1.24977351,1.24998501
0.8571428571428572,1.036734693877551,1.24977381,1.24998669
0.8571428571428572,1.0285714285714285,1.24977275,1.24998544
0.8571428571428572,1.0204081632653061,1.24977323,1.2499828
0.8571428571428572,1.0122448979591836,1.24977437,1.24998516
0.8571428571428572,1.0040816326530613,1.24977111,1.24998521
0.8571428571428572,0.9959183673469387,1.24977219,1.24998452
0.8571428571428572,0.9877551020408163,1.24977295,1.24998374
0.8571428571428572,0.9795918367346939,1.24977441,1.24998516
0.8571428571428572,0.9714285714285714,1.24977349,1.24998684
0.8571428571428572,0.963265306122449,1.24977381,1.24998482
0.8571428571428572,0.9551020408163265,1.24977338,1.2499865
0.8571428571428572,0.9469387755102041,1.24977452,1.2499848
0.8571428571428572,0.9387755102040816,1.24977373,1.2499837
0.8571428571428572,0.9306122448979592,1.24977432,1.24998458
0.8571428571428572,0.9224489795918367,1.24977184,1.24998467
0.8571428571428572,0.9142857142857143,1.24977119,1.2499842
0.8571428571428572,0.9061224489795918,1.24977192,1.24998829
0.8571428571428572,0.8979591836734694,1.24977298,1.24998411
0.8571428571428572,0.889795918367347,1.24977404,1.24998628
0.8571428571428572,0.8816326530612244,1.24977303,1.24998377
0.8571428571428572,0.8734693877551021,1.24977591,1.24998536
0.8571428571428572,0.8653061224489795,1.24977298,1.24998321
0.8571428571428572,0.8571428571428572,1.24977396,1.24998422
0.8571428571428572,0.8489795918367347,1.24977482,1.24998641
0.8571428571428572,0.8408163265306122,1.24977394,1.24998514
0.8571428571428572,0.8326530612244898,1.24977552,1.24998538
0.8571428571428572,0.8244897959183674,1.24977278,1.24998379
0.8571428571428572,0.8163265306122449,1.24977333,1.24998672
0.8571428571428572,0.8081632653061225,1.24977424,1.24998499
0.8571428571428572,0.8,1.24977295,1.24998463
0.8489795918367347,1.2,1.24977515,1.24998717
0.8489795918367347,1.1918367346938774,1.24977091,1.24998594
0.8489795918367347,1.183673469387755,1.24977308,1.24998598
0.8489795918367347,1.1755102040816325,1.2497729,1.2499851
0.8489795918367347,1.1673469387755102,1.24977227,1.24998566
0.8489795918367347,1.1591836734693877,1.24977156,1.24998482
0.8489795918367347,1.1510204081632653,1.24977575,1.24998691
0.8489795918367347,1.1428571428571428,1.24977611,1.24998473
0.8489795918367347,1.1346938775510205,1.2497746,1.24998607
0.8489795918367347,1.126530612244898,1.24977452,1.24998648
0.8489795918367347,1.1183673469387754,1.24977275,1.2499848
0.8489795918367347,1.110204081632653,1.2497729,1.24998176
0.8489795918367347,1.1020408163265305,1.24977346,1.24998631
0.8489795918367347,1.0938775510204082,1.24977239,1.24998497
0.8489795918367347,1.0857142857142856,1.24977313,1.24998441
0.8489795918367347,1.0775510204081633,1.24977187,1.24998398
0.8489795918367347,1.0693877551020408,1.24977424,1.24998538
0.8489795918367347,1.0612244897959184,1.24977381,1.24998553
0.8489795918367347,1.0530612244897959,1.24977722,1.24998549
0.8489795918367347,1.0448979591836736,1.24977434,1.24998648
0.8489795918367347,1.036734693877551,1.24977366,1.24998598
0.8489795918367347,1.0285714285714285,1.24977267,1.24998383
0.8489795918367347,1.0204081632653061,1.24977283,1.24998691
0.8489795918367347,1.0122448979591836,1.24977394,1.24998529
0.8489795918367347,1.0040816326530613,1.2497721,1.24998585
0.8489795918367347,0.9959183673469387,1.24977381,1.24998439
0.8489795918367347,0.9877551020408163,1.24977361,1.24998405
0.8489795918367347,0.9795918367346939,1.24977373,1.24998564
0.8489795918367347,0.9714285714285714,1.24977484,1.24998516
0.8489795918367347,0.963265306122449,1.24977346,1.24998538
0.8489795918367347,0.9551020408163265,1.2497725,1.24998467
0.8489795918367347,0.9469387755102041,1.2497731,1.24998529
0.8489795918367347,0.9387755102040816,1.24977575,1.24998538
0.8489795918367347,0.9306122448979592,1.24977371,1.24998523
0.8489795918367347,0.9224489795918367,1.24977361,1.24998669
0.8489795918367347,0.9142857142857143,1.24977156,1.24998439
0.8489795918367347,0.9061224489795918,1.2497727,1.2499871
0.8489795918367347,0.8979591836734694,1.24977484,1.24998603
0.8489795918367347,0.889795918367347,1.24977477,1.24998321
0.8489795918367347,0.8816326530612244,1.24977298,1.24998411
0.8489795918367347,0.8734693877551021,1.24977278,1.24998607
0.8489795918367347,0.8653061224489795,1.24977356,1.2499846
0.8489795918367347,0.8571428571428572,1.24977429,1.24998566
0.8489795918367347,0.8489795918367347,1.24977298,1.24998439
0.8489795918367347,0.8408163265306122,1.24977441,1.2499865
0.8489795918367347,0.8326530612244898,1.24977469,1.2499846
0.8489795918367347,0.8244897959183674,1.24977298,1.24998607
0.8489795918367347,0.8163265306122449,1.24977512,1.24998665
0.8489795918367347,0.8081632653061225,1.24977318,1.24998581
0.8489795918367347,0.8,1.24977389,1.24998628
0.8408163265306122,1.2,1.24977358,1.24998544
0.8408163265306122,1.1918367346938774,1.24977417,1.24998312
0.8408163265306122,1.183673469387755,1.24977343,1.24998564
0.8408163265306122,1.1755102040816325,1.24977326,1.24998557
0.8408163265306122,1.1673469387755102,1.24977487,1.2499874
0.8408163265306122,1.1591836734693877,1.24977429,1.24998676
0.8408163265306122,1.1510204081632653,1.24977545,1.24998467
0.8408163265306122,1.1428571428571428,1.24977406,1.24998237
0.8408163265306122,1.1346938775510205,1.24977187,1.24998299
0.8408163265306122,1.126530612244898,1.24977358,1.2499865
0.8408163265306122,1.1183673469387754,1.24977212,1.24998504
0.8408163265306122,1.110204081632653,1.24977414,1.24998501
0.8408163265306122,1.1020408163265305,1.24977219,1.24998284
0.8408163265306122,1.0938775510204082,1.24977156,1.24998368
0.8408163265306122,1.0857142857142856,1.24977108,1.24998553
0.8408163265306122,1.0775510204081633,1.2497733,1.24998417
0.8408163265306122,1.0693877551020408,1.24977159,1.24998594
0.8408163265306122,1.0612244897959184,1.24977389,1.24998454
0.8408163265306122,1.0530612244897959,1.2497748,1.24998721
0.8408163265306122,1.0448979591836736,1.24977313,1.24998579
0.8408163265306122,1.036734693877551,1.24977472,1.24998572
0.8408163265306122,1.0285714285714285,1.24977326,1.24998544
0.8408163265306122,1.0204081632653061,1.24977417,1.24998516
0.8408163265306122,1.0122448979591836,1.24977194,1.24998712
0.8408163265306122,1.0040816326530613,1.24977441,1.24998353
0.8408163265306122,0.9959183673469387,1.24977373,1.24998488
0.8408163265306122,0.9877551020408163,1.2497727,1.24998439
0.8408163265306122,0.9795918367346939,1.24977404,1.24998516
0.8408163265306122,0.9714285714285714,1.2497748,1.24998611
0.8408163265306122,0.963265306122449,1.24977452,1.24998495
0.8408163265306122,0.9551020408163265,1.24977235,1.24998452
0.8408163265306122,0.9469387755102041,1.24977396,1.24998303
0.8408163265306122,0.9387755102040816,1.24977404,1.24998277
0.8408163265306122,0.9306122448979592,1.24977275,1.24998383
0.8408163265306122,0.9224489795918367,1.24977192,1.24998193
0.8408163265306122,0.9142857142857143,1.24977318,1.24998607
0.8408163265306122,0.9061224489795918,1.24977366,1.24998495
0.8408163265306122,0.8979591836734694,1.2497731,1.24998454
0.8408163265306122,0.889795918367347,1.24977273,1.24998467
0.8408163265306122,0.8816326530612244,1.24977626,1.24998482
0.8408163265306122,0.8734693877551021,1.24977373,1.24998422
0.8408163265306122,0.8653061224489795,1.24977255,1.24998572
0.8408163265306122,0.8571428571428572,1.24977588,1.2499857
0.8408163265306122,0.8489795918367347,1.24977598,1.24998622
0.8408163265306122,0.8408163265306122,1.24977477,1.24998544
0.8408163265306122,0.8326530612244898,1.24977381,1.24998454
0.8408163265306122,0.8244897959183674,1.24977583,1.24998538
0.8408163265306122,0.8163265306122449,1.24977509,1.24998572
0.8408163265306122,0.8081632653061225,1.24977429,1.24998592
0.8408163265306122,0.8,1.24977457,1.2499848
0.8326530612244898,1.2,1.24977361,1.24998405
0.8326530612244898,1.1918367346938774,1.24977293,1.24998482
0.8326530612244898,1.183673469387755,1.24977611,1.24998181
0.8326530612244898,1.1755102040816325,1.24977306,1.24998405
0.8326530612244898,1.1673469387755102,1.24977575,1.24998516
0.8326530612244898,1.1591836734693877,1.24977548,1.24998273
0.8326530612244898,1.1510204081632653,1.24977512,1.24998493
0.8326530612244898,1.1428571428571428,1.24977313,1.2499857
0.8326530612244898,1.1346938775510205,1.249775,1.24998616
0.8326530612244898,1.126530612244898,1.24977505,1.24998385
0.8326530612244898,1.1183673469387754,1.24977651,1.24998413
0.8326530612244898,1.110204081632653,1.24977373,1.24998237
0.8326530612244898,1.1020408163265305,1.24977287,1.24998689
0.8326530612244898,1.0938775510204082,1.24977484,1.2499856
0.8326530612244898,1.0857142857142856,1.24977598,1.2499874
0.8326530612244898,1.0775510204081633,1.24977722,1.24998405
0.8326530612244898,1.0693877551020408,1.24977104,1.24998588
0.8326530612244898,1.0612244897959184,1.24977454,1.24998635
0.8326530612244898,1.0530612244897959,1.24977215,1.24998579
0.8326530612244898,1.0448979591836736,1.24977262,1.24998544
0.8326530612244898,1.036734693877551,1.24977283,1.24998704
0.8326530612244898,1.0285714285714285,1.24977341,1.24998258
0.8326530612244898,1.0204081632653061,1.24977308,1.24998719
0.8326530612244898,1.0122448979591836,1.24977278,1.24998557
0.8326530612244898,1.0040816326530613,1.24977409,1.24998439
0.8326530612244898,0.9959183673469387,1.24977321,1.24998523
0.8326530612244898,0.9877551020408163,1.24977283,1.24998445
0.8326530612244898,0.9795918367346939,1.24977444,1.24998465
0.8326530612244898,0.9714285714285714,1.24977515,1.24998432
0.8326530612244898,0.963265306122449,1.24977437,1.24998579
0.8326530612244898,0.9551020408163265,1.2497752,1.24998594
0.8326530612244898,0.9469387755102041,1.24977512,1.24998349
0.8326530612244898,0.9387755102040816,1.24977061,1.24998224
0.8326530612244898,0.9306122448979592,1.24977255,1.2499842
0.8326530612244898,0.9224489795918367,1.24977414,1.24998491
0.8326530612244898,0.9142857142857143,1.24977227,1.2499842
0.8326530612244898,0.9061224489795918,1.24977386,1.24998527
0.8326530612244898,0.8979591836734694,1.24977507,1.24998484
0.8326530612244898,0.889795918367347,1.24977525,1.24998405
0.8326530612244898,0.8816326530612244,1.2497731,1.24998816
0.8326530612244898,0.8734693877551021,1.24977369,1.24998476
0.8326530612244898,0.8653061224489795,1.2497731,1.24998327
0.8326530612244898,0.8571428571428572,1.24977595,1.24998305
0.8326530612244898,0.8489795918367347,1.24977389,1.24998544
0.8326530612244898,0.8408163265306122,1.24977548,1.24998493
0.8326530612244898,0.8326530612244898,1.24977754,1.2499851
0.8326530612244898,0.8244897959183674,1.24977469,1.24998508
0.8326530612244898,0.8163265306122449,1.24977492,1.24998493
0.8326530612244898,0.8081632653061225,1.24977472,1.24998411
0.8326530612244898,0.8,1.24977398,1.24998641
0.8244897959183674,1.2,1.24977389,1.24998355
0.8244897959183674,1.1918367346938774,1.24977222,1.2499846
0.8244897959183674,1.183673469387755,1.24977326,1.24998439
0.8244897959183674,1.1755102040816325,1.2497727,1.24998717
0.8244897959183674,1.1673469387755102,1.24977583,1.24998523
0.8244897959183674,1.1591836734693877,1.2497754,1.24998536
0.8244897959183674,1.1510204081632653,1.24977598,1.24998762
0.8244897959183674,1.1428571428571428,1.24977346,1.24998538
0.8244897959183674,1.1346938775510205,1.24977371,1.24998663
0.8244897959183674,1.126530612244898,1.24977464,1.24998482
0.8244897959183674,1.1183673469387754,1.24977462,1.24998557
0.8244897959183674,1.110204081632653,1.24977505,1.24998594
0.8244897959183674,1.1020408163265305,1.24977563,1.24998605
0.8244897959183674,1.0938775510204082,1.24977575,1.24998488
0.8244897959183674,1.0857142857142856,1.24977464,1.24998516
0.8244897959183674,1.0775510204081633,1.24977563,1.24998377
0.8244897959183674,1.0693877551020408,1.24977452,1.24998684
0.8244897959183674,1.0612244897959184,1.24977449,1.24998682
0.8244897959183674,1.0530612244897959,1.24977714,1.24998321
0.8244897959183674,1.0448979591836736,1.24977472,1.2499842
0.8244897959183674,1.036734693877551,1.24977528,1.24998641
0.8244897959183674,1.0285714285714285,1.24977419,1.24998536
0.8244897959183674,1.0204081632653061,1.24977502,1.2499857
0.8244897959183674,1.0122448979591836,1.24977376,1.24998706
0.8244897959183674,1.0040816326530613,1.2497748,1.24998504
0.8244897959183674,0.9959183673469387,1.24977421,1.2499862
0.8244897959183674,0.9877551020408163,1.24977401,1.24998469
0.8244897959183674,0.9795918367346939,1.24977085,1.2499846
0.8244897959183674,0.9714285714285714,1.24977341,1.24998588
0.8244897959183674,0.963265306122449,1.24977136,1.24998265
0.8244897959183674,0.9551020408163265,1.24977287,1.24998243
0.8244897959183674,0.9469387755102041,1.2497756,1.24998411
0.8244897959183674,0.9387755102040816,1.24977497,1.24998327
0.8244897959183674,0.9306122448979592,1.24977386,1.24998473
0.8244897959183674,0.9224489795918367,1.24977338,1.2499851
0.8244897959183674,0.9142857142857143,1.24977341,1.24998581
0.8244897959183674,0.9061224489795918,1.24977398,1.24998445
0.8244897959183674,0.8979591836734694,1.24977437,1.24998473
0.8244897959183674,0.889795918367347,1.24977227,1.24998441
0.8244897959183674,0.8816326530612244,1.24977318,1.24998336
0.8244897959183674,0.8734693877551021,1.249776,1.24998273
0.8244897959183674,0.8653061224489795,1.24977371,1.2499848
0.8244897959183674,0.8571428571428572,1.24977555,1.24998209
0.8244897959183674,0.8489795918367347,1.24977358,1.24998467
0.8244897959183674,0.8408163265306122,1.24977349,1.24998417
0.8244897959183674,0.8326530612244898,1.24977239,1.24998411
0.8244897959183674,0.8244897959183674,1.2497754,1.24998497
0.8244897959183674,0.8163265306122449,1.24977389,1.24998488
0.8244897959183674,0.8081632653061225,1.24977313,1.24998579
0.8244897959183674,0.8,1.24977381,1.24998301
0.8163265306122449,1.2,1.2497752,1.2499834
0.8163265306122449,1.1918367346938774,1.24977512,1.24998476
0.8163265306122449,1.183673469387755,1.24977273,1.24998544
0.8163265306122449,1.1755102040816325,1.2497754,1.24998672
0.8163265306122449,1.1673469387755102,1.24977507,1.24998557
0.8163265306122449,1.1591836734693877,1.24977509,1.24998493
0.8163265306122449,1.1510204081632653,1.24977419,1.24998594
0.8163265306122449,1.1428571428571428,1.24977287,1.24998458
0.8163265306122449,1.1346938775510205,1.24977618,1.2499848
0.8163265306122449,1.126530612244898,1.2497727,1.24998644
0.8163265306122449,1.1183673469387754,1.24977409,1.24998637
0.8163265306122449,1.110204081632653,1.24977394,1.24998454
0.8163265306122449,1.1020408163265305,1.24977313,1.24998284
0.8163265306122449,1.0938775510204082,1.24977444,1.24998775
0.8163265306122449,1.0857142857142856,1.24977414,1.24998564
0.8163265306122449,1.0775510204081633,1.24977303,1.24998727
0.8163265306122449,1.0693877551020408,1.24977192,1.24998564
0.8163265306122449,1.0612244897959184,1.24977464,1.24998678
0.8163265306122449,1.0530612244897959,1.24977164,1.24998672
0.8163265306122449,1.0448979591836736,1.24977495,1.24998529
0.8163265306122449,1.036734693877551,1.24977333,1.24998661
0.8163265306122449,1.0285714285714285,1.24977151,1.24998734
0.8163265306122449,1.0204081632653061,1.24977179,1.24998286
0.8163265306122449,1.0122448979591836,1.24977124,1.24998622
0.8163265306122449,1.0040816326530613,1.24977598,1.249986
0.8163265306122449,0.9959183673469387,1.24977242,1.24998544
0.8163265306122449,0.9877551020408163,1.24977401,1.2499834
0.8163265306122449,0.9795918367346939,1.24977517,1.24998383
0.8163265306122449,0.9714285714285714,1.24977283,1.24998508
0.8163265306122449,0.963265306122449,1.24977298,1.24998349
0.8163265306122449,0.9551020408163265,1.24977396,1.24998349
0.8163265306122449,0.9469387755102041,1.24977281,1.2499851
0.8163265306122449,0.9387755102040816,1.24977694,1.24998439
0.8163265306122449,0.9306122448979592,1.24977091,1.24998691
0.8163265306122449,0.9224489795918367,1.24977225,1.24998426
0.8163265306122449,0.9142857142857143,1.24977437,1.24998277
0.8163265306122449,0.9061224489795918,1.2497726,1.24998532
0.8163265306122449,0.8979591836734694,1.24977583,1.24998398
0.8163265306122449,0.889795918367347,1.2497729,1.2499848
0.8163265306122449,0.8816326530612244,1.24977104,1.2499846
0.8163265306122449,0.8734693877551021,1.24977366,1.24998432
0.8163265306122449,0.8653061224489795,1.24977558,1.2499874
0.8163265306122449,0.8571428571428572,1.2497726,1.24998616
0.8163265306122449,0.8489795918367347,1.24977389,1.24998476
0.8163265306122449,0.8408163265306122,1.24977424,1.24998293
0.8163265306122449,0.8326530612244898,1.24977338,1.24998265
0.8163265306122449,0.8244897959183674,1.24977535,1.24998663
0.8163265306122449,0.8163265306122449,1.24977267,1.24998389
0.8163265306122449,0.8081632653061225,1.24977295,1.24998441
0.8163265306122449,0.8,1.24977555,1.24998398
0.8081632653061225,1.2,1.24977116,1.24998594
0.8081632653061225,1.1918367346938774,1.24977568,1.24998697
0.8081632653061225,1.183673469387755,1.24977409,1.24998454
0.8081632653061225,1.1755102040816325,1.24977353,1.24998467
0.8081632653061225,1.1673469387755102,1.24977489,1.24998663
0.8081632653061225,1.1591836734693877,1.24977477,1.24998648
0.8081632653061225,1.1510204081632653,1.24977373,1.24998383
0.8081632653061225,1.1428571428571428,1.2497727,1.24998633
0.8081632653061225,1.1346938775510205,1.24977421,1.24998351
0.8081632653061225,1.126530612244898,1.24977412,1.24998368
0.8081632653061225,1.1183673469387754,1.24977369,1.24998488
0.8081632653061225,1.110204081632653,1.24977424,1.24998389
0.8081632653061225,1.1020408163265305,1.24977338,1.24998585
0.8081632653061225,1.0938775510204082,1.24977162,1.24998377
0.8081632653061225,1.0857142857142856,1.24977583,1.24998579
0.8081632653061225,1.0775510204081633,1.24977323,1.24998553
0.8081632653061225,1.0693877551020408,1.24977182,1.24998482
0.8081632653061225,1.0612244897959184,1.24977563,1.24998467
0.8081632653061225,1.0530612244897959,1.24977389,1.24998432
0.8081632653061225,1.0448979591836736,1.24977424,1.24998575
0.8081632653061225,1.036734693877551,1.24977389,1.24998374
0.8081632653061225,1.0285714285714285,1.24977239,1.2499846
0.8081632653061225,1.0204081632653061,1.2497727,1.24998594
0.8081632653061225,1.0122448979591836,1.24976993,1.24998523
0.8081632653061225,1.0040816326530613,1.24977215,1.24998392
0.8081632653061225,0.9959183673469387,1.24977401,1.24998355
0.8081632653061225,0.9877551020408163,1.24977361,1.24998221
0.8081632653061225,0.9795918367346939,1.24977255,1.24998581
0.8081632653061225,0.9714285714285714,1.24977618,1.24998616
0.8081632653061225,0.963265306122449,1.24977406,1.24998377
0.8081632653061225,0.9551020408163265,1.24977267,1.24998566
0.8081632653061225,0.9469387755102041,1.24977318,1.24998523
0.8081632653061225,0.9387755102040816,1.24977464,1.24998398
0.8081632653061225,0.9306122448979592,1.2497704,1.24998327
0.8081632653061225,0.9224489795918367,1.24977631,1.24998566
0.8081632653061225,0.9142857142857143,1.24977472,1.24998463
0.8081632653061225,0.9061224489795918,1.24977199,1.24998327
0.8081632653061225,0.8979591836734694,1.24977563,1.24998252
0.8081632653061225,0.889795918367347,1.24977507,1.24998538
0.8081632653061225,0.8816326530612244,1.2497723,1.24998432
0.8081632653061225,0.8734693877551021,1.24977449,1.24998277
0.8081632653061225,0.8653061224489795,1.24977353,1.24998684
0.8081632653061225,0.8571428571428572,1.24977489,1.24998359
0.8081632653061225,0.8489795918367347,1.24977742,1.24998286
0.8081632653061225,0.8408163265306122,1.24977429,1.24998628
0.8081632653061225,0.8326530612244898,1.24977164,1.24998215
0.8081632653061225,0.8244897959183674,1.24977353,1.24998265
0.8081632653061225,0.8163265306122449,1.24977333,1.24998243
0.8081632653061225,0.8081632653061225,1.24977295,1.24998349
0.8081632653061225,0.8,1.24977409,1.24998482
0.8,1.2,1.24977108,1.24998422
0.8,1.1918367346938774,1.24977487,1.24998402
0.8,1.183673469387755,1.24977548,1.24998454
0.8,1.1755102040816325,1.24977373,1.24998467
0.8,1.1673469387755102,1.24977255,1.24998445
0.8,1.1591836734693877,1.24977595,1.24998607
0.8,1.1510204081632653,1.24977111,1.24998316
0.8,1.1428571428571428,1.24977371,1.24998364
0.8,1.1346938775510205,1.24977419,1.24998165
0.8,1.126530612244898,1.24977371,1.24998458
0.8,1.1183673469387754,1.24977252,1.24998588
0.8,1.110204081632653,1.24977207,1.2499848
0.8,1.1020408163265305,1.24977159,1.24998265
0.8,1.0938775510204082,1.24977204,1.24998411
0.8,1.0857142857142856,1.24977528,1.2499857
0.8,1.0775510204081633,1.24977666,1.24998609
0.8,1.0693877551020408,1.24977489,1.24998299
0.8,1.0612244897959184,1.24977505,1.24998566
0.8,1.0530612244897959,1.24977639,1.24998553
0.8,1.0448979591836736,1.24977571,1.24998392
0.8,1.036734693877551,1.24977346,1.24998346
0.8,1.0285714285714285,1.24977333,1.24998364
0.8,1.0204081632653061,1.24977215,1.24998452
0.8,1.0122448979591836,1.24977389,1.24998613
0.8,1.0040816326530613,1.24977386,1.24998221
0.8,0.9959183673469387,1.24977548,1.24998622
0.8,0.9877551020408163,1.24977606,1.24998237
0.8,0.9795918367346939,1.24977487,1.249982
0.8,0.9714285714285714,1.2497733,1.24998495
0.8,0.963265306122449,1.24977548,1.24998467
0.8,0.9551020408163265,1.24977227,1.24998346
0.8,0.9469387755102041,1.24977646,1.24998103
0.8,0.9387755102040816,1.24977591,1.2499829
0.8,0.9306122448979592,1.24977227,1.24998544
0.8,0.9224489795918367,1.24977366,1.24998592
0.8,0.9142857142857143,1.24977502,1.24998448
0.8,0.9061224489795918,1.24977361,1.24998592
0.8,0.8979591836734694,1.24977313,1.24998454
0.8,0.889795918367347,1.24977222,1.24998349
0.8,0.8816326530612244,1.24977389,1.24998321
0.8,0.8734693877551021,1.24977532,1.24998355
0.8,0.8653061224489795,1.24977242,1.24998463
0.8,0.8571428571428572,1.24977366,1.24998286
0.8,0.8489795918367347,1.24977608,1.2499846
0.8,0.8408163265306122,1.24977242,1.24998364
0.8,0.8326530612244898,1.24977417,1.24998364
0.8,0.8244897959183674,1.24977631,1.24998473
0.8,0.8163265306122449,1.24977151,1.24998439
0.8,0.8081632653061225,1.24977285,1.24998609
0.8,0.8,1.2497752,1.24998377
